Sr. No,Site Code,Site Name,Cells,New MBU,DG Rating,OMO Host Name,Host ID,January TDT,January NAR,February TDT,February NAR,March TDT,March NAR,April TDT,April NAR,May TDT,May NAR,June TDT,June NAR,July TDT,July NAR,August TDT,August NAR,September TDT,September NAR,October TDT,October NAR,Nov TDT,Nov NAR,Dec TDT,Dec NAR,Jan 2026 TDT,Jan NAR,Feb 2026 TDT,Feb NAR,Mar 2026 TDT,Mar NAR,April 2026 TDT,April NAR,May 2026 TDT,May NAR,June 2026 TDT,June NAR 2026,Jul 2026 TDT,Jul NAR 2026
1,RUR0805,RUR0805_Cheelian_WallNEW,3,C4-MBD-08,,UFONE,3662,12466.149999999998,0.9038105709876544,11027.283333333335,0.9149129372427984,12745.199999999997,0.9016574074074074,13815.333333333334,0.8934002057613167,25365.366666666665,0.8042795781893004,15215.383333333333,0.8825973508230454,22647.416666666668,0.8252514146090535,14928.183333321844,0.8885290969734032,19121.433333333338,0.8524580761316872,7980.283333333332,0.9384237397119342,11818.250000000002,0.8986775548696845,7365.450000000001,0.9450011200716846,1273.5,0.9904905913978495,41.00000000000001,0.9996610449735449,370.81666666666666,0.9972310583432895,4154.133333333333,0.9679465020576131,13104.016666666668,0.9021504131819992,979.7500000000001,0.9924402006172839,797.6666666666666,0.9940437076861808
2,RUR5148,RUR5148__S_Lapaywali Warid_MR2B3708,3,C4-NRW-05,,GLO,,0,1,0,1,6.416666666666667,0.9999504886831275,901.5,0.9930439814814815,1393.0333333333333,0.9892512860082304,0,1,198.49999999999997,0.9984683641975309,3562.116666666667,0.9734011598964556,0,1,6179.2333333333345,0.9523207304526748,0,1,0,1,0,1,0,1,476.7500000000001,0.9964400388291517,1256.983333333333,0.990301054526749,0,1,0,1,8822.349999999999,0.9341222371565113
3,RUR1769,RUR1769__Sohawa,3,C4-GUJ-01,,Telenor,LSA001,11478.033333333335,0.9114349279835391,5088.183333333333,0.9607393261316872,4859.083333333333,0.9625070730452674,3240.116666666667,0.9749990997942386,12293.683333333334,0.9051413323045268,2039.7,0.984261574074074,5974.7,0.9538989197530864,3578.5,0.9732788231780166,9182.033333333335,0.9291509773662551,4707.4,0.9636774691358024,3176.05,0.9727704903978052,3506.5,0.9738164575866189,6941.6,0.9481660692951016,2003.0166666666667,0.9834406690917108,5202.916666666667,0.9611490690959776,6745.450000000001,0.947951774691358,13582.833333333332,0.8985750199123855,19831.83333333333,0.8469765946502058,37278.9,0.721633064516129
4,RUR9503,RUR9503__S_Village Khana Bhattian_1M3552,3,C4-HFZ-06,,,,11225.016666666661,0.9133872170781894,14733.700000000003,0.8863140432098766,13456.966666666667,0.8961653806584363,12683.399999999996,0.9021342592592593,22042.18333333333,0.8299214248971194,12367.766666666666,0.9045697016460906,25886.43333333333,0.8002590020576131,25526.14999996313,0.8093925477900005,14166.649999999998,0.8906894290123456,6036.833333333332,0.9534194958847736,11261.183333333332,0.9034535036579789,15374.56666666667,0.8851958880923934,17429.483333333334,0.8698515282755875,0,1,1697.0333333333335,0.987328006770211,690.3333333333333,0.994673353909465,1366.8000000000002,0.9897939068100358,370.1666666666667,0.9971437757201645,3660.8833333302287,0.9726636549183825
5,DNG5811,DNG5811 LTE_DNG5811_H_Lalamusa Dinga Road Dhndhala Gujrat,3,C4-MBD-08,,Enfrashare,EC1-GUT-06151,787.3999999999997,0.9939243827160494,0,1,0,1,0,1,1090,0.9915895061728395,63.500000000000014,0.9995100308641974,7.250000000000001,0.9999440586419753,64.25000000000001,0.9995202359617682,901.7833333333333,0.9930417952674897,1240.1999999999998,0.9904305555555556,3178.0999999999995,0.972752914951989,0,1,953.6833333333337,0.9928787086818001,7.416666666666667,0.9999386849647266,0,1,656.5000000000001,0.9949344135802469,4498.933333333335,0.966405814416567,1001.4500000000002,0.992272762345679,1104.4499999999998,0.99175291218638
6,RUR0712,RUR0712__WadalaSandhuan_NEW,3,C4-NRW-05,,UFONE,3532,997.3333333333334,0.9923045267489712,3673.9500000000007,0.9716516203703703,0,1,427.2500000000001,0.9967033179012346,8250.766666666665,0.9363366769547325,596.6666666666667,0.9953960905349795,6042.616666666668,0.953374871399177,0,1,1981.75,0.9847087191358025,0,1,747.7499999999999,0.9935892489711934,129.16666666666666,0.9990354938271605,11247.833333333334,0.9160108024691358,143.83333333333334,0.998810901675485,0,1,247.08333333333334,0.9980934927983539,49.15000000000001,0.9996329898446834,625.9166666666667,0.9951703960905349,2525.5,0.9811417264038232
7,RUR2262,RUR2262__S_MianwaliPind_TPLKMR02,3,C4-HFZ-06,,Telenor,LKMR02,320.4666666666667,0.9975272633744856,5058.833333333334,0.9609657921810699,447.4166666666668,0.9965477109053498,149.91666666666666,0.9988432355967077,2031.3666666666668,0.9843258744855967,522.5833333333335,0.9959677211934157,491.25000000000006,0.9962094907407407,14072.883333333333,0.8949157457188371,1276.75,0.9901485339506173,327.75,0.9974710648148148,1935.0833333333333,0.9834097793781436,341.5,0.9974499701314217,6570.683333333334,0.9509357576662684,0,1,234.08333333333337,0.998252065909996,3966.8166666666666,0.969391846707819,3214.716666666667,0.9759952459179609,4771.6,0.963182098765432,2920.7,0.9781907108721625
8,HWY5602,HWY5602_H_Village Chechian PO Dittewal Teh and Chechian Gujrat,3,C4-GRT-04,,Telenor,LCQ001_TP,0,1,11.75,0.999909336419753,517.5833333333335,0.9960063014403292,1448.2333333333333,0.9888253600823045,5117.9833333333345,0.9605093878600823,1638.25,0.9873591820987655,0,1,1456.7500000016298,0.9891222371564992,3481.8333333333344,0.9731340020576131,120.75,0.9990682870370371,1092.4,0.9906344307270233,0,1,670.4166666666667,0.9949939018319395,168.75,0.9986049107142857,0,1,1355.4166666666665,0.9895415380658436,2361.55,0.9823659647550776,25.5,0.9998032407407408,18.083333333333332,0.9998649691358026
9,HWY1485,HWY1485__S_MungawalaWarid_25413,3,C4-HFZ-06,,CMPak,6728,2141.916666666667,0.9834728652263374,1490.4833333333331,0.9884993569958848,12314.333333333338,0.9049819958847736,56263.64999999998,0.5658668981481483,119670.46666666663,0.07661676954732542,91833.79999999997,0.29140586419753106,89175.61666666664,0.31191653806584385,93624.26666664502,0.3008940661092814,93283.36666666664,0.2802209362139919,32729.61666666666,0.7474566615226338,17669.366666666672,0.8485136602652034,7916.883333333335,0.9408834876543211,27280.550000000003,0.7962921893667861,4887.066666666667,0.9595976631393297,17435.36666666667,0.8698075965750697,32465.433333333334,0.7494951131687243,19750.33333333333,0.8525214058144166,20785.700000000004,0.8396165123456789,28654.416666698413,0.786033328355
10,BGA6986,BGA6986__MajhiMalakwal,3,C4-MBD-08,,GLO,,0,1,3201.7000000000003,0.975295524691358,2162.7833333333333,0.9833118569958847,0,1,4067.783333333333,0.9686127829218107,680.2333333333333,0.9947512860082304,2259.8,0.9825632716049383,2446.0333333507956,0.9817351154917056,702.25,0.9945814043209876,1102.9666666666667,0.9914894547325104,301.54999999999995,0.99741469478738,0,1,808.6666666666666,0.9939615690959777,0,1,11.25,0.9999159946236559,2744.983333333333,0.9788195730452675,4381.916666666667,0.967279594782955,2028.7166666666667,0.984346322016461,2659.7333333333336,0.9801393866985265
11,DNG6475,DNG6475__S_Bhalesranwala,3,C4-MBD-08,,E.co,e.coPK019002PU,3705.7833333333333,0.9714059927983538,3299.5333333333338,0.9745406378600824,1467.5833333333335,0.9886760545267489,4118.433333333333,0.9682219650205761,8633.45,0.9333838734567901,2306.5833333333335,0.9822022890946502,1021.5000000000001,0.9921180555555555,4214.616666666667,0.9685288480684986,4621.5666666666675,0.9643397633744856,1314.4499999999998,0.9898576388888888,5345.883333333333,0.9541676668952904,3557.633333333334,0.9734346375945839,12144.016666666668,0.9093188719633613,1640.8666666666663,0.9864346340388007,2210.0833333333335,0.9834969882516925,12763.300000000001,0.9015177469135803,11296.550000000001,0.9156470280764636,3954.7333333333336,0.9694850823045268,8306.233333333332,0.9379761549183593
12,SKT6059,SKT6059__S_AjmalGardenNursery,3,C4-SKT-03,,E.co,e.coPK015662PU,2569.883333333333,0.9801706532921811,194.08333333333331,0.9985024434156378,1581.4999999999998,0.9877970679012346,637.6666666666666,0.995079732510288,2562.333333333333,0.9802289094650206,3734.5333333333338,0.9711841563786008,159.08333333333331,0.9987725051440328,7716.183333333333,0.9423821435682994,22010.16666666666,0.8301684670781893,1083.0166666666664,0.9916433899176955,1203.1499999999999,0.989684927983539,93,0.9993055555555556,2476.3,0.981509109916368,287.6666666666667,0.99762180335097,1132,0.991547192353644,4404.05,0.9660181327160494,4756.5666666666675,0.9644820290720828,991.7500000000001,0.9923476080246914,5053.966666666668,0.9622613002787733
13,HMP9711,HMP9711__Hameedpur_Khurd,3,C4-GUJ-01,27,,,3213.333333333333,0.9752057613168725,1037,0.9919984567901234,737.7499999999999,0.9943074845679013,5669.166666666667,0.9562564300411523,5832.9,0.9549930555555555,1544.1666666666665,0.988085133744856,5179.799999999999,0.9600324074074074,1408.9166666658127,0.9894794155714918,1372.783333333333,0.9894075360082304,1768.9833333333333,0.9863504372427984,1132.1666666666667,0.9902934956561499,1708.3,0.9872438769414577,6049.883333333333,0.9548246465551573,2948.0666666666666,0.9756277557319224,1958.8833333333337,0.985372734966149,4465.933333333333,0.9655406378600823,3161.5833333333335,0.9763920001991238,7163.083333333333,0.9447292952674897,12971.63333333985,0.9031389386698039
14,NRW1234,NRW1234__Mangwal,3,C4-NRW-05,,UFONE,CI-1308,74.75000000000001,0.999423225308642,2375.5333333333338,0.981670267489712,27,0.9997916666666667,136.5,0.9989467592592592,7509.866666666666,0.9420534979423869,4035.9166666666665,0.9688586676954732,108.83333333333334,0.9991602366255143,2743.7,0.979512395459976,3980.1666666666665,0.9692888374485596,694.0833333333333,0.9946444187242798,199,0.9982938957475994,0,1,304.83333333333326,0.9977237654320987,0,1,1004.3,0.9925007467144564,5076.083333333334,0.960832690329218,10635.7,0.9205816905615292,2810.2166666666667,0.9783162294238683,61.08333333333334,0.999543881919554
15,RUR5507,RUR5507__S_AdalGarh,3,C4-GUJ-02,,E.Co,e.coPK001038PU,1478.3833333333334,0.9885927211934157,776.3833333333333,0.9940093878600823,806.7333333333333,0.9937752057613168,0,1,1989.2833333333333,0.984650591563786,127.66666666666667,0.9990149176954732,3129.666666666667,0.9758513374485597,968.6999999999999,0.9927665770609319,0,1,524.3333333333333,0.9959542181069959,0,1,0,1,14.5,0.9998917264038232,0,1,1512.1999999999998,0.9887081839904421,9.75,0.9999247685185185,1886.4166666666667,0.9859138540422143,306.66666666666663,0.9976337448559671,12590.516666666665,0.9059847919155715
16,RUR0363,RUR0363__MansoorWaliPI_NEW,3,C4-WZD-07,,GLO,,1561.6000000000004,0.9879506172839505,2417.9666666666667,0.9813428497942387,527.5,0.9959297839506174,3457.483333333333,0.9733218878600823,2933.133333333333,0.9773677983539095,2398.8833333333337,0.9814900977366255,8381.433333333332,0.9353284465020576,2854.4333333333334,0.9786855336519316,4340.966666666666,0.9665048868312758,629.3333333333334,0.9951440329218108,250.41666666666669,0.9978530807041609,104.83333333333331,0.9992171943448825,3830.9833333333318,0.9713934936280367,1860.2500000000014,0.984620949074074,149.25,0.9988855286738351,3310.55,0.9744556327160494,396.1666666666667,0.9970417662285942,7264.983333333333,0.9439430298353909,2364.2000000000003,0.9823461768219833
17,GUJ5479,GUJ5479__S_AllahRakhaTown_CMPak_5624,3,C4-GUJ-01,,CMPak,5624,5446.166666666667,0.9579771090534979,2236.1666666666665,0.9827456275720166,1.833333333333333,0.999985853909465,293.0833333333333,0.997738554526749,4468.733333333334,0.9655190329218106,585.25,0.9954841820987654,0,1,6979.783333333334,0.9478809488251693,864.6833333333334,0.9933280606995885,22140.849999999995,0.8291601080246914,7458.2,0.9360579561042525,947.1666666666665,0.992927369573875,24821.083333333332,0.8146573825169255,3774.733333333333,0.968793540564374,1674.75,0.987494399641577,329.25,0.9974594907407408,1431.8000000000002,0.9893085424133811,2338.8499999999995,0.9819533179012346,3444.7666666666664,0.9742774293110315
18,RUR3204,RUR3204__Giddin,3,C4-NRW-05,,Telenor,LBDR02,7830.366666666665,0.9395805041152263,5914.033333333333,0.9543670267489712,873.5166666666667,0.9932599022633746,2632.75,0.9796855709876543,10526.066666666668,0.9187803497942387,4566.616666666667,0.9647637602880659,19543.683333333334,0.8491999742798353,9635.0499999986,0.9280536887694251,14176.166666666668,0.8906159979423869,9436.5,0.9271875,6926.799999999999,0.9406138545953361,8772.550000000001,0.9344941009557945,19874.199999999997,0.8515964755077658,6590.3,0.9455166997354497,8280.15,0.9381709229390681,16961.88333333333,0.8691212705761316,6474.9,0.9516509856630825,12167.799999999997,0.9061126543209876,20141.533333332634,0.8496002588610168
19,AKD2954,AKD2954__Amrakhurd,3,C4-MBD-08,,,,0,1,14.5,0.9998881172839507,0,1,0,1,607.25,0.9953144290123457,225.49999999999997,0.9982600308641975,2664.6833333333334,0.9794391718106996,138.6666666797052,0.9989645559537059,1490.3333333333333,0.9885005144032922,0,1,1309.1666666666667,0.9887760059442158,0,1,413.25,0.9969142025089606,0,1,0,1,852.5,0.9934220679012346,153.25,0.9988556600955795,273.83333333333337,0.9978870884773663,9.25,0.9999309289127838
20,SKG0252,SKG0252_ShrkGrh_Bypass,3,C4-NRW-05,,Ufone,3485,162.68333333333334,0.9987447273662552,110.33333333333334,0.9991486625514403,173.08333333333331,0.9986644804526749,239.08333333333337,0.9981552211934157,1181.8333333333335,0.9908809156378601,820.0833333333333,0.9936721965020575,1370.2499999999998,0.9894270833333333,7028.066666667055,0.9475204101951386,420.68333333333334,0.9967539866255144,829.8333333333334,0.9935969650205762,821.25,0.9929591049382717,1279.5,0.990445788530466,1803.9666666666672,0.9865295201115093,780.9166666666666,0.9935440090388008,2391.8999999999996,0.9821393369175627,1140.1499999999999,0.9912025462962962,3921.016666666667,0.9707212017124651,3083.883333333333,0.9762046039094651,1101.85,0.991772326762246
21,RUR0370,RUR0370__HeadKhanki_NEW,4,C4-WZD-07,,GLO,,707.5999999999999,0.9959050925925926,0,1,0,1,0,1,9069.633333333333,0.9475136959876543,1547.583333333333,0.9910440779320987,68.5,0.9996035879629629,6412.083333321226,0.9640900350956473,3248.7000000000003,0.9811996527777778,0,1,36,0.9997685185185184,0,1,604.4999999999999,0.9966145833333333,17.750000000000004,0.9998899429563493,0,1,4620.45,0.9732612847222222,552.3333333333331,0.9969067353643966,6087.25,0.9647728587962964,5047.883333333333,0.9717300440561529
22,SKT9388,SKT9388__S_KaakeWali_CMPak42996,3,C4-SKT-03,,CM-PAK,42996,0,1,0,1,0,1,0,1,1053.0333333333333,0.9918747427983539,0,1,1685,0.9869984567901234,4703.750000005822,0.9648764187574237,4545.699999999999,0.9649251543209877,12708.549999999997,0.901940200617284,22.833333333333332,0.9998042409693645,580.8333333333333,0.9956628335324572,2596.15,0.9806141726403823,15892.149999999998,0.8686164847883597,12601.766666666666,0.9059007865392275,0,1,9766.449999999999,0.9270725059737157,16289.583333333338,0.8743087705761318,4664.75,0.96516763739546
23,RUR6466,RUR6466__SakhiTelenorLHFR16,3,C4-HFZ-06,,Telenor,LHFR16,1489.25,0.9885088734567902,5827.716666666666,0.9550330504115226,3772.2166666666667,0.9708933899176955,5403.300000000001,0.9583078703703705,19618.06666666667,0.8486260288065843,6146.616666666666,0.9525724022633745,21589.7,0.8334128086419753,7920.216666666665,0.9408585971724414,1860.9166666666667,0.9856410751028807,1573.3333333333335,0.9878600823045268,3872.5333333333333,0.9667992684042066,4092.0500000000006,0.9694440710872162,9706.016666666665,0.9275237704101952,4943.200000000001,0.9591335978835979,7421.483333333334,0.9445827110712863,15285.65,0.8820551697530864,20652.90000000001,0.8457818100358422,14627.516666666668,0.887133359053498,20424.08333332874,0.8474904171645106
24,GUJ0316,GUJ0316_Thana wala Bazar,1,C4-GUJ-01,,,,182.8166666666667,0.9957681327160494,0,1,0,1,0,1,78.41666666666667,0.9981847993827161,228.8333333333334,0.9947029320987655,111.75,0.9974131944444444,267.5,0.9940076164874552,515.8333333333334,0.988059413580247,1009.2666666666667,0.9766373456790123,89.91666666666666,0.997687328532236,1264.9,0.9716644265232975,1653.5000000000005,0.962959229390681,56.333333333333336,0.9986028439153439,92.01666666666667,0.9979386947431302,438.6,0.9898472222222222,749.6833333333333,0.9832060185185185,2271.6166666666663,0.9474162808641975,4691.316666666665,0.8949077807646355
25,GUJ0318,GUJ0318__LinkKasabanMarket,1,C4-GUJ-02,,,,0,1,0,1,1668.4166666666665,0.9613792438271606,0,1,78.58333333333333,0.9981809413580247,122.5,0.9971643518518519,112.16666666666667,0.997403549382716,48.66666666666667,0.9989097968936679,134.08333333333331,0.9968962191358025,1008.7666666666667,0.9766489197530865,82.41666666666667,0.9978802297668038,34.666666666666664,0.9992234169653524,1654.4166666666665,0.9629386947431303,55.833333333333336,0.9986152447089947,0,1,62.16666666666666,0.9985609567901235,0,1,6.916666666666667,0.9998398919753086,4383.216666666665,0.9018096624850658
26,RUR1091,RUR1091__S_KotNaka_Ufone_3849,3,C4-HFZ-06,,UFONE,3849,0,1,25.75,0.999801311728395,1795.1999999999998,0.9861481481481482,1962.0333333333333,0.984860853909465,1169.916666666667,0.9909728652263374,528.8166666666666,0.9959196244855967,457.0833333333334,0.9964731224279835,726.5999999999999,0.9945743727598567,4959.9333333333325,0.9617289094650207,194.25000000000003,0.9985011574074075,120.75,0.9989647633744856,441.1500000000001,0.9967058691756273,112.41666666666667,0.9991605684986061,44.49999999999999,0.9996321097883597,1987.8999999999996,0.9851560633213858,507.0500000000001,0.9960875771604938,3344.3999999999996,0.9750268817204301,986.75,0.992386188271605,1406.7333333333333,0.9894957188371167
27,KTN9624,KTN9624__WalipurBuraNarrowal,3,C4-NRW-05,20,,,30.66666666666667,0.9997633744855967,456,0.9964814814814815,673.0833333333333,0.9948064557613169,1631.75,0.987409336419753,2979.083333333333,0.9770132458847737,773.3833333333334,0.9940325360082305,310.1666666666666,0.9976067386831275,5430.399999999999,0.9594504181600957,1417.7333333333333,0.9890606995884774,763.2500000000001,0.9941107253086421,314.9166666666667,0.9973000971650663,2043.8000000000002,0.9847386499402628,576.0833333333333,0.9956983024691358,87,0.9992807539682539,711.8333333333333,0.9946846375945839,1338.3333333333335,0.989673353909465,1165.166666666667,0.9912995320589407,735.6333333333334,0.994323816872428,678.5500000000001,0.9949331690561529
28,DSK5985,DSK5985__S_Circular RD Warid_DK5757,3,C4-WZD-07,27,,,1542.5,0.9880979938271605,917.9166666666667,0.992917309670782,99.78333333333332,0.999230066872428,670.6666666666667,0.9948251028806584,3765.9500000000007,0.9709417438271605,1796.45,0.9861385030864197,1909.5833333333333,0.9852655606995885,696.4166666499029,0.9947997560734028,2254.6333333333328,0.9826031378600822,845,0.993479938271605,1917.8,0.9835579561042525,1296.0833333333335,0.9903219583831142,1941.6666666666667,0.9855012943050577,973.3166666666666,0.9919534005731923,864.75,0.9935427867383513,1585.3666666666668,0.9877672325102881,690.9666666666667,0.9948404520111509,548.6666666666667,0.9957664609053498,1117.25,0.9916573327359618
29,RUR0372,RUR0372_KotlyLouian_New,3,C4-SKT-03,20,,,400,0.9969135802469136,161.25,0.998755787037037,266.41666666666663,0.9979443158436214,0,1,2428.333333333333,0.9812628600823046,224.41666666666663,0.9982683899176955,738.4999999999998,0.9943016975308642,2106.0999999999995,0.9842734468339307,1240.75,0.990426311728395,816.7500000000001,0.9936979166666667,537.5833333333334,0.9953910893918609,1665.0833333333335,0.9875665820390283,2291.466666666667,0.982889287136599,2218.9666666666667,0.9816553681657848,4858.316666666666,0.963722247112704,2232.416666666666,0.9827745627572017,4002.733333333333,0.9701110115491837,1267.0833333333333,0.9902231224279835,2729.616666666667,0.979617557745918
30,RUR8864,RUR8864__KotQadarBakshDistrictCourtHafizabad,3,C4-HFZ-06,9,,,869.9166666666667,0.9932876800411523,455.33333333333337,0.9964866255144033,624.5833333333334,0.9951806841563786,285.6666666666667,0.9977957818930041,1443.7000000000003,0.9888603395061729,440.66666666666663,0.9965997942386831,533.8333333333335,0.9958809156378601,730.0333333333333,0.9945487355635205,0,1,1555.416666666667,0.9879983281893004,1849.9666666666667,0.9841395176040239,3173.466666666667,0.9763032656312227,855.6833333333333,0.9936104888490641,942.75,0.9922061011904763,59,0.9995594384707287,392.8166666666667,0.996969007201646,1314.7499999999998,0.9901825716845879,723.4166666666666,0.9944180812757202,1274.6,0.9904823775388292
31,RUR0801,RUR0801__Shahzada,3,C4-NRW-05,,Enfrashare,EC1-PSR-08608,1424.4499999999998,0.9890088734567901,736.3333333333333,0.99431841563786,6165.366666666667,0.9524277263374487,608.8166666666667,0.9953023405349795,7450.633333333334,0.9425105452674898,1471.5833333333335,0.988645190329218,2008.75,0.9845003858024691,11616.916666666666,0.9132548038630028,2808.9500000000007,0.9783260030864197,1630.916666666667,0.9874157664609053,592.9166666666667,0.9949166952446273,6991.816666666666,0.9477910941855835,6795.016666666666,0.9492606282357626,619.6499999999999,0.9948772321428571,1834.750000000002,0.9862996565113501,4034.1833333333334,0.96887204218107,1741.7499999999995,0.9869941009557945,3983.733333333333,0.969261316872428,1313.95,0.9901885454002389
32,DSK5986,DSK5986__S_Moh Rajputan Warid_DK5527,3,C4-WZD-07,9,,,893.5,0.9931057098765431,2172.8999999999996,0.9832337962962963,72.58333333333333,0.9994399434156378,1522.0833333333337,0.988255529835391,2881.6166666666672,0.9777653034979424,400.28333333333336,0.9969113940329218,506.6666666666666,0.9960905349794238,105.66666666666666,0.9992109717244126,1484.5333333333335,0.9885452674897119,6.5,0.9999498456790125,1696.9,0.985451817558299,862.1333333333334,0.9935623257666267,5061.3,0.962206541218638,1532.9666666666667,0.9873266644620812,1962.75,0.9853438620071685,2392.7,0.9815378086419753,1451.1333333333332,0.9891641776184786,1136.7500000000002,0.9912287808641974,1812.9833333333333,0.9864621913580247
33,QMZ1528,QMZ1528_S_Qila MirZamanWarid_113519,3,C4-HFZ-06,9,,,14272.266666666666,0.8898744855967078,3753.933333333334,0.9710344650205761,3143.7666666666673,0.9757425411522633,2759.3666666666663,0.9787085905349794,6652.4333333333325,0.9486694958847737,2298.7000000000003,0.9822631172839507,4935.7,0.9619158950617285,3939.883333358557,0.9705803215848375,6175.9,0.952346450617284,2140.5,0.9834837962962963,1871.9666666666665,0.9839509030635574,1963.0166666666669,0.9853418707686181,3765.233333333333,0.9718844583831142,1086.8666666666666,0.9910146604938272,614.3333333333334,0.9954126841895659,277.83333333333337,0.9978562242798354,3589.8999999999996,0.9731936977299881,0,1,650.75,0.9951407556750298
34,RUR1068,RUR1068__S_Darman_UFONE,3,C4-NRW-05,,UFONE,CI-1047,675.75,0.9947858796296296,1246.5,0.9903819444444444,0,1,1084.1666666666665,0.9916345164609054,10768.066666666666,0.9169130658436214,4248.016666666667,0.9672220936213992,2734.0333333333333,0.9789040637860082,1217.3333333333335,0.9909099960175228,1690.5166666666664,0.9869558899176956,561.25,0.9956693672839506,553.5000000000001,0.9952546296296296,5803.4,0.9566651732377539,7617.5,0.943119026284349,964.4833333333333,0.9920264274691358,6855.716666666667,0.9488073725607328,2339.5333333333333,0.9819480452674897,1670.6499999999999,0.9875250149342891,2971.1999999999994,0.977074074074074,5783.5166666666655,0.9568136449621665
35,MBN6234,MBN6234__S_Mandibhauddin_Bazar_1_OEMB0247,2,C4-MBD-08,,,,802.8500000000001,0.9907077546296296,3172.5333333333338,0.9632808641975309,2174.5166666666664,0.9748319830246913,903.7666666666667,0.9895397376543209,4349.999999999999,0.9496527777777779,3765.9666666666662,0.9564124228395062,4199.4,0.9513958333333333,9787.616666666047,0.890371677120676,3236.3999999999996,0.9625416666666666,6499.033333333333,0.9247797067901234,6728.15,0.9134754372427983,4633.566666666667,0.9481007317801672,1683.8833333333332,0.9811392995818399,4272.316666666666,0.9470198826058202,3233.8166666666666,0.9637789351851852,3313.366666666667,0.961650848765432,3077.5,0.96552979390681,2771.583333333333,0.9679214891975308,1885.7499999976717,0.9788782482079114
36,RUR5934,RUR5934__P_Bagga Sharif Warid_HF5099,3,C4-HFZ-06,,Enfrashare,EC1-HFZ-08581,731.1833333333334,0.994358153292181,2981.2000000000007,0.976996913580247,1259.9666666666649,0.9902780349794239,689.1500000000001,0.9946824845679012,4870.2,0.9624212962962964,1285.4166666666665,0.9900816615226337,3944.8166666666666,0.9695615997942387,2355.100000023982,0.9824141278373358,1722.3833333333337,0.9867100051440328,6943.116666666668,0.9464265689300412,2913.266666666667,0.9750234339277548,3630.400000000001,0.9728912783751494,2558.2666666666664,0.9808970529669455,2384.1833333333334,0.980289489638448,2417.5833333333335,0.9819475557546794,286.75,0.9977874228395062,3500.3666666666663,0.9738622560732776,4488.316666666667,0.9653679269547325,4409.933333333333,0.9670703902827559
37,RUR3263,RUR3263__S_MehtaSuja,3,C4-NRW-05,,Telenor,LMS001,5458.416666666666,0.9578825874485597,3159.5,0.9756211419753086,0,1,2139.583333333333,0.9834908693415637,10245.116666666667,0.9209481738683128,3286.583333333333,0.9746405606995885,8589.7,0.9337214506172838,6438.566666639985,0.9519222919157707,32154.66666666666,0.7518930041152264,32109.08333333334,0.7522447273662551,5235.049999999999,0.9551178840877915,2401.6333333333328,0.9820666567104739,6124.366666666667,0.9542684687375548,5036.35,0.9583635085978836,19294.78333333333,0.8559230635205098,16161.733333333337,0.875295267489712,25459.200000000004,0.8098924731182795,19591.4,0.8488317901234568,5394.066666645417,0.9597217244127433
38,RUR6573,RUR6573__S_Daowala,3,C4-NRW-05,,Enfrashare,EC1-NRW-04942,7862.5999999999985,0.9393317901234568,1850.5000000000005,0.9857214506172839,648.4166666666666,0.9949967849794238,5682.583333333334,0.9561529063786008,20498.26666666666,0.8418343621399177,3451.95,0.9733645833333334,1530.0000000000002,0.9881944444444444,11547.816666666668,0.9137707835523696,2617.233333333333,0.9798052983539095,7949.866666666665,0.9386584362139918,7401.533333333333,0.9365437814357567,1181.5,0.99117756869773,7247.816666666667,0.9458795051772202,1086.5666666666666,0.9910171406525573,72.99999999999999,0.9994548984468339,5201.75,0.9598630401234568,7274.6833333333325,0.9456788878932696,5119.483333333334,0.9604978137860083,8757.933333333334,0.9346032457188371
39,RUR5769,RUR5769__S_Sadgal,3,C4-NRW-05,,Enfrashare,EC1-SKG-02491,1863.75,0.985619212962963,1551.5,0.9880285493827161,43.33333333333334,0.9996656378600823,2130.333333333333,0.9835622427983539,6849.266666666665,0.9471507201646091,8056.783333333334,0.9378334619341564,3040.6666666666665,0.9765380658436215,6287.499999993247,0.9530503285544113,15917.583333333334,0.8771791409465021,699.5,0.9946026234567902,1197.8,0.9897307956104252,4508.900000000001,0.9663313918757467,5562.583333333333,0.958463386101155,2262.416666666667,0.9812961585097001,1184.1666666666667,0.9911576563122262,2129.2999999999997,0.9835702160493827,5136.083333333334,0.9616481232576664,4843.6833333333325,0.9626259002057612,4675.483333333333,0.9650874900438073
40,GFG1000,GFG1000__Pejowla,3,C4-NRW-05,,Telenor,LBDR07,25788.133333333335,0.8010174897119342,2254.5333333333333,0.9826039094650205,3007.3333333333335,0.976795267489712,17564.83333333333,0.8644688786008231,10777.449999999997,0.916840663580247,499.4999999999999,0.9961458333333333,2880.166666666667,0.9777764917695474,10706.949999999999,0.9200496565113501,7157.749999999999,0.9447704475308641,3478.383333333333,0.9731606224279835,7849.450000000001,0.9327036179698217,7537.450000000001,0.9437167712066906,9095.733333333334,0.9320808442851454,2692.95,0.9777368551587301,3530.916666666666,0.9736341348068498,3656.866666666667,0.9717834362139918,8896.783333333333,0.933566432696137,14628.833333333332,0.8871231995884774,11187.683333339852,0.9164599512146069
41,RUR0516,RUR0516__S_BariMinhassanDarmamRD,3,C4-NRW-05,,CMPak,C-RUR-4830,6045.883333333332,0.9533496656378602,8562.933333333334,0.9339279835390947,28532.483333333334,0.7798419495884774,10283.333333333334,0.92065329218107,31283.016666666666,0.7586186985596709,15619.100000000002,0.8794822530864198,27503.48333333333,0.7877817644032922,36775.28333329836,0.7253936429711891,32196.933333333334,0.7515668724279836,14667.199999999999,0.8868271604938271,7100.45,0.9391250857338821,15924.93333333333,0.8810862206292315,9306.183333333332,0.9305093837116687,2483.6166666666663,0.9794674548059965,5089.449999999999,0.9619963410991638,4049.633333333333,0.9687528292181069,8245.4,0.9384304062126643,9833.699999999999,0.9241226851851851,4989.55,0.9627423088410991
42,RUR5620,RUR25620__S_ChakSanatta,3,C4-WZD-07,,Enfrashare,EC1-WZD-02092,593.1,0.9954236111111111,1064.5,0.9917862654320987,116.25,0.9991030092592592,4410.650000000001,0.9659672067901235,5553.0999999999985,0.9571520061728396,4544.616666666666,0.9649335133744856,3656.8000000000006,0.971783950617284,6362.783333359177,0.9524881770209142,3146.4,0.9757222222222223,1085.1499999999999,0.9916269290123456,482.05,0.9958671982167353,505.30000000000007,0.9962268518518519,2595.95,0.9806156660692952,997.4833333333333,0.9917536100088183,262.15,0.9980424880525688,4859,0.9625077160493827,4705.25,0.9648652180406212,2446.1666666666665,0.9811252572016461,4599.666666666666,0.9656536240541617
43,RUR6503,RUR6503__S_Ranjhai_Ufone3702,3,C4-WZD-07,,Ufone,3702,2665.9500000000003,0.9794293981481482,0,1,1916.8333333333333,0.9852096193415637,301.58333333333326,0.9976729681069959,6407.149999999999,0.9505621141975308,0,1,16928.066666666666,0.8693822016460905,924.2666666666665,0.9930983671843887,22.916666666666664,0.9998231738683127,664.2333333333332,0.994874742798354,410.79999999999995,0.9964780521262003,3458.6,0.9741741338112305,3512.416666666667,0.9737722769812823,6625.133333333333,0.9452287257495591,205.75,0.9984636350059738,8798.250000000002,0.9321122685185185,2831.583333333334,0.978856157905217,123.25000000000003,0.9990489969135803,8425.349999991571,0.93708669354845
44,HWY1510,HWY1510__S_Aswan BhattianWarid_25342,4,C4-HFZ-06,20,,,17847.2,0.8967175925925926,14743.483333333332,0.9146789158950617,6233.700000000003,0.9639253472222222,6027.266666666667,0.9651199845679013,12990.883333333333,0.9248212770061728,7545.200000000001,0.9563356481481482,12536.233333333334,0.9274523533950617,7577.366666626309,0.9575640307648616,8836.250000000002,0.9488642939814815,7042.083333333332,0.9592472029320988,3389.416666666667,0.978205911351166,2404.9666666666667,0.9865313246714456,1998.0499999999997,0.9888102038530466,4987.55,0.969075210813492,917.0833333333334,0.9948640046296297,7980.116666666664,0.9538187692901235,3545.7000000000003,0.9801428091397849,3968.666666666666,0.9770331790123457,1909.1166666666666,0.9893082623954599
45,RUR4663,RUR4663__GUJAddaQaziKot,3,C4-HFZ-06,,GLO,,1046.6666666666667,0.9919238683127573,2431.25,0.9812403549382717,984.0000000000001,0.9924074074074075,1783.8166666666668,0.9862359825102881,9595.283333333333,0.9259623199588478,1950.1666666666665,0.9849524176954731,4113.033333333333,0.9682636316872428,8123.233333333335,0.9393426423735564,8698.033333333331,0.9328855452674897,989.5000000000001,0.9923649691358025,3397.849999999999,0.9708689128943759,2510.666666666667,0.9812524890481881,5005.099999999999,0.9626261947431303,374.5,0.9969039351851852,1353.3833333333332,0.9898940909996017,3456.4999999999995,0.973329475308642,2427.5833333333335,0.9818728843090402,1638.5833333333335,0.9873566100823045,9879.316666666668,0.9262297142572681
46,RUR5976,RUR5976__S_Othian Warid_625367,3,C4-WZD-07,,GLO,,131.33333333333334,0.9989866255144032,170.50000000000003,0.998684413580247,452.6166666666666,0.9965075874485596,2788.9166666666674,0.9784805812757201,12236.233333333332,0.9055846193415639,192.16666666666669,0.998517232510288,0,1,188.91666666666669,0.9985893319394664,6430.699999999999,0.9503804012345679,286.65,0.9977881944444446,33.24999999999999,0.9997149348422496,1280.5500000000002,0.9904379480286738,1168.5833333333333,0.9912740193150139,0,1,0,1,54.75,0.9995775462962964,1369.883333333334,0.9897708831142971,3304.8500000000004,0.9744996141975308,592.2166666666667,0.995577832536838
47,RUR5434,RUR5434__S_Sultanpur,3,C4-NRW-05,,Enfrashare,EC1-NRW-01247,689.6666666666666,0.9946784979423868,784,0.9939506172839506,0,1,3097.8666666666663,0.97609670781893,4788.366666666667,0.9630527263374485,2438.5,0.981184413580247,4493.666666666667,0.965326646090535,8863.116666666665,0.9338178265631223,10337.216666666669,0.9202375257201646,3599.1,0.9722291666666666,540.3333333333334,0.9953675125743027,378.48333333333335,0.9971738102349661,604.7333333333333,0.9954843687773796,22,0.9998181216931217,42.99999999999999,0.9996789127837515,0,1,655.7499999999999,0.9951034199522103,2243.0500000000006,0.9826925154320988,737.0333333333333,0.994496465551573
48,PND1363,PND1363__P_Purani KeeWarid_295247,3,C4-HFZ-06,,GLO,,116.5,0.9991010802469136,1152.3166666666666,0.9911086676954732,919.0666666666668,0.9929084362139917,341.8,0.9973626543209876,6347.4833333333345,0.951022505144033,830.1999999999999,0.9935941358024691,12915.633333333333,0.9003423353909465,791.3499999999999,0.9940908751493428,5309.583333333335,0.9590309927983539,2954.6166666666663,0.977202031893004,1227.716666666667,0.9894743084133516,10652.816666666668,0.9204538779370769,12939.083333333332,0.9033819942254082,3525.0833333333335,0.9708574459876543,6078.266666666666,0.9546127041019514,3216.516666666667,0.9751811985596707,2071.6666666666665,0.9845305655117482,5808.300000000001,0.9551828703703704,4822.5833332928205,0.9639890730787574
49,RUR6299,RUR6299__S_PiruChak,3,C4-GUJ-01,,E.co,e.coPK018442PU,337.75,0.9973939043209876,805.7499999999999,0.9937827932098766,1850.9500000000003,0.9857179783950617,3660.3166666666675,0.9717568158436214,17289.45,0.8665937499999999,1221.283333333333,0.990576517489712,750.4999999999999,0.9942091049382716,13.916666666666668,0.9998960822381521,0,1,0,1,0,1,0,1,0,1,15.333333333333336,0.9998732363315697,0,1,322.75,0.9975096450617283,106.50000000000001,0.9992047491039426,204.13333333333335,0.9984248971193415,4862.866666666666,0.9636882716049382
50,HWY1244,HWY1244__Pindori,3,C4-HFZ-06,,Telenor,LAPR02,4041.7499999999995,0.9688136574074074,9961.9,0.9231334876543209,11701.033333333333,0.9097142489711934,3306.583333333333,0.9744862397119342,6255.549999999998,0.9517318672839506,6319.216666666667,0.9512406121399176,6838.783333333333,0.9472316100823045,6688.233333335196,0.9500579948227659,2492.9,0.9807646604938272,6542.366666666668,0.9495187757201645,5810.183333333333,0.9501870427526292,6924.383333333334,0.9482946286340104,590.8333333333333,0.995588162086818,1.916666666666667,0.9999841545414462,0,1,0,1,321.4166666666667,0.9975999352847471,10,0.9999228395061728,14769.666666666666,0.8897127638391079
51,RUR6268,RUR6268__S_ChakMandhar,3,C4-SKT-03,,E.Co,e.coPK018359PU,1025.5666666666668,0.9920866769547325,267.71666666666664,0.9979342849794238,252.66666666666666,0.9980504115226337,4269.3,0.9670578703703704,10320.133333333333,0.920369341563786,4519.783333333334,0.9651251286008231,8383.166666666666,0.9353150720164609,19398.433333335426,0.8551490939864439,7340.1833333333325,0.9433627829218107,2089.2,0.9838796296296296,1744.5833333333333,0.9850430098308185,3648.9166666666665,0.9727530117483074,8675.299999999997,0.9352202807646356,1411.7499999999998,0.9883287863756614,1347.8166666666666,0.9899356581043409,17897.083333333336,0.8619052211934156,1435.4499999999998,0.9892812873357228,2943.7666666666664,0.9772857510288065,12320.533333334577,0.9080007964954109
52,RUR6520,RUR6520__S_NearRehmatAbad,3,C4-NRW-05,,E.co,e.coPK019236PU,2365.25,0.9817496141975309,3553.2833333333333,0.9725826903292182,442.83333333333337,0.9965830761316873,726.5,0.9943942901234568,5016.65,0.9612912808641976,961.6999999999997,0.992579475308642,7959.166666666667,0.9385866769547324,4032.9166666666665,0.9698856282357626,4456.366666666667,0.9656144547325103,8158.716666666667,0.9370469393004115,3509.3499999999995,0.9699129801097394,12728.383333333333,0.9049553215850259,3469,0.9740964755077658,1964.7333333333336,0.9837571649029982,2332,0.9825866188769414,3815.5999999999995,0.9705586419753086,8145.083333333333,0.9391794852648347,5185.883333333333,0.9599854681069959,3431.6333333333337,0.9743754978096376
53,RUR9398,RUR9398__S_Peelu village Warid_315321,3,C4-HFZ-06,,Telenor,LHFR01,9386.083333333334,0.927576517489712,9136.383333333333,0.9295032150205762,8100.350000000001,0.937497299382716,8347.333333333332,0.9355915637860082,18855.2,0.8545123456790124,9078.983333333334,0.9299461162551441,19530.116666666665,0.8493046553497942,10350.150000019557,0.9227139336916101,8301.599999999999,0.9359444444444445,12325.066666666666,0.9048991769547325,7101.466666666665,0.9391163694558756,5007.583333333332,0.9626076513341298,24577.75,0.8164743876941458,4871.150000000001,0.9597292493386242,6262.883333333333,0.9532341447630427,14090.21666666667,0.8912791923868312,7013.45,0.947629554958184,12107.349999999997,0.9065790895061728,11551.233333309352,0.9137452708086219
54,RUR5763,RUR5763__S_MehmandChak,3,C4-MBD-08,,ATL,ATKHR1,5239.166666666668,0.9595743312757201,5134.283333333334,0.960383616255144,1481.4166666666665,0.9885693158436214,2657.9500000000003,0.9794911265432098,864.5,0.993329475308642,393.99999999999994,0.9969598765432098,381.1666666666667,0.9970588991769547,2565.4166666666665,0.9808436628833134,6783.366666666667,0.94765920781893,1434.083333333333,0.9889345421810699,1155.45,0.990093878600823,1137.5499999999997,0.9915057497013141,1869.15,0.9860427867383512,1366.6333333333334,0.988701774691358,464.3000000000001,0.9965330047789724,3482.766666666667,0.9731268004115227,6031.500000000001,0.954961917562724,6490.616666666666,0.9499180812757202,3960.3500000000004,0.9704274940262843
55,GUJ5816,GUJ5816_H_Rakh Kikran Gujranwala,3,C4-GUJ-01,,Enfrashare,EC1-GUJ-07836,32.5,0.9997492283950618,1271.4166666666667,0.9901896862139918,189.66666666666666,0.9985365226337448,204.5,0.9984220679012346,55,0.9995756172839506,145.41666666666666,0.9988779578189301,86.50000000000001,0.999332561728395,8.250000011175871,0.9999383960572642,132.23333333333335,0.9989796810699589,823.8333333333333,0.9936432613168725,40,0.9996570644718793,840.6666666666669,0.9937226204699323,1128.1666666666667,0.9915758164078057,140.08333333333331,0.998841903659612,1443.0833333333333,0.9892242881322183,713.4999999999999,0.9944945987654321,295.5833333333333,0.997792836519315,329.5833333333333,0.9974569187242799,1409.0833333333335,0.9894781710473914
56,GJR1058,GJR1058__ModelTownGJR(Zong5218),3,C4-GRT-04,,CMPak,C-GJT-5218,179.16666666666666,0.9986175411522633,642.75,0.9950405092592592,5150.533333333333,0.9602582304526749,3902.9333333333334,0.9698847736625514,10622.566666666666,0.9180357510288065,4673.299999999998,0.9639405864197531,23502.36666666667,0.8186545781893004,32425.69999999095,0.757872610513807,27218.250000000004,0.7899826388888889,9256.800000000003,0.9285740740740741,4805.366666666665,0.9588017261088249,8856.65,0.9338661140979689,997.6333333333332,0.9925505276782158,30.05,0.9997515707671958,0,1,0,1,0,1,497.7000000000001,0.9961597222222223,1626.5499999999997,0.9878543160095579
57,SMB1258,SMB1258__AddaBegowala,3,C4-WZD-07,,CMPak,BGW5719,2151,0.9834027777777777,3005.833333333333,0.976806841563786,461,0.9964429012345678,1118.1666666666663,0.991372170781893,22236.399999999994,0.8284228395061729,397,0.9969367283950618,3334.2000000000003,0.9742731481481482,6269.516666666665,0.9531846127041019,6896.8833333333305,0.9467833076131688,10308.199999999999,0.9204614197530865,1798.1333333333332,0.9845839048925469,2713.083333333335,0.9797410145360413,8979.850000000002,0.9329461618876941,0,1,2570.9000000000005,0.9808027180406212,13,0.9998996913580247,1542.5000000000002,0.9884819295101553,757.3333333333335,0.994156378600823,4731.116666666666,0.9646720679012346
58,RUR5004,RUR5004__S_Hutcher stop Warid_MR483560,4,C4-NRW-05,30,,,2143.3499999999995,0.9875963541666667,1374.6000000000001,0.9920451388888888,15,0.9999131944444444,438.8333333333333,0.9974604552469135,4891.833333333334,0.9716907793209876,175.73333333333335,0.998983024691358,1245.0833333333335,0.9927946566358026,5887.533333333333,0.9670277031063321,1580.4333333333334,0.9908539737654322,896.8666666666668,0.9948097993827161,5034.8166666666675,0.9676259216392319,4494.350000000001,0.9748300291218638,3462.166666666667,0.9806106257467144,1151.5,0.9928602430555555,231.5833333333333,0.9987030503285544,1658.3333333333335,0.9904031635802469,5902.9000000000015,0.966941644265233,859,0.9950289351851852,5851.633333333333,0.9672287559737157
59,QSG3418,QSG3418__ChowkQila,3,C4-NRW-05,,GLO,,748.4166666666667,0.9942251800411523,711.25,0.9945119598765432,0,1,0,1,2212.2000000000003,0.9829305555555555,0,1,0,1,336.2499999999999,0.9974891726403823,926.5833333333331,0.9928504372427983,412.9166666666667,0.9968139146090534,0,1,1367.45,0.9897890531660692,3172.083333333334,0.9763135951812028,298.08333333333326,0.9975356867283951,857.9666666666666,0.9935934388689764,371.4500000000001,0.99713387345679,78,0.9994175627240144,1749.2333333333331,0.986502829218107,2580.6,0.9807302867383513
60,MDW8986,MDW8986__SohWaliChicharSKT,3,C4-SKT-03,,GLO,,1821.25,0.9859471450617283,644.9166666666666,0.9950237911522634,0,1,1584.5,0.9877739197530865,7151.883333333332,0.9448157150205762,525.5833333333333,0.9959445730452675,621.6666666666667,0.9952031893004115,5435.349999977928,0.959413455794669,754.4666666666666,0.9941784979423868,864.7166666666667,0.9933278034979424,743.5000000000002,0.9936256858710563,2974.816666666667,0.977786613898845,3411.25,0.9745277031063321,2740.416666666667,0.9773444389329806,2814.383333333333,0.9789845927917165,1496.0666666666668,0.9884562757201646,1261.6166666666668,0.9905793259657507,5052.983333333334,0.9610109310699589,4515.3,0.9662836021505377
61,GUJ4658,GUJ4658__Peoplesclnychowk,3,C4-GUJ-01,9,,,804.4166666666665,0.9937930812757202,997.9166666666667,0.9923000257201646,305.25000000000006,0.997644675925926,1617.25,0.9875212191358025,3315.4333333333334,0.9744179526748971,1385.4166666666665,0.9893100565843622,2086.75,0.9838985339506173,902.8666666632519,0.9932581640780821,803.8166666666668,0.9937977109053497,815.3,0.9937091049382716,1952.6166666666668,0.983259459304984,390.00000000000006,0.9970878136200717,1068.3999999999999,0.9920221027479091,978.8333333333334,0.9919077932098765,1651.7166666666667,0.987666392871366,6609.683333333333,0.9489993569958848,3084.9666666666667,0.9769641079251294,5520.500000000001,0.9574035493827161,4310.1000000190925,0.9678158602149112
62,RUR2315,RUR2315__S_RupoChak,3,C4-NRW-05,,UFONE,3461,1770.4166666666667,0.9863393775720165,5358.599999999999,0.9586527777777778,831.75,0.9935821759259259,428.8333333333333,0.9966911008230452,8669.95,0.933102237654321,1785.1666666666667,0.9862255658436214,3055.3333333333335,0.9764248971193417,2826.633333333333,0.9788931202708084,17991.850000000002,0.8611739969135802,257.06666666666666,0.9980164609053497,922.4166666666665,0.992091763831733,5745.333333333334,0.9570987654320987,4290.500000000001,0.9679622162485066,2764,0.9771494708994709,2011.7333333333333,0.9849780963759458,6736.9333333333325,0.9480174897119342,8535.133333333335,0.9362669255276782,4608.016666666666,0.9644443158436213,14939.133333333333,0.8884473317403425
63,RUR5786,RUR5786__S_NearZafar,3,C4-NRW-05,,Enfrashare,EC1-NRW-02489,2208.75,0.9829571759259259,7306.950000000001,0.943619212962963,2613.083333333333,0.9798373199588477,2492.533333333333,0.9807674897119341,4922.366666666667,0.9620187757201646,282.66666666666663,0.9978189300411523,823.2499999999999,0.993647762345679,797.6833333333333,0.9940435832337714,1361.1166666666666,0.9894975565843622,521.9166666666667,0.9959728652263375,501.4666666666667,0.9957007315957934,1775.9666666666667,0.986738600159299,1925.0500000000002,0.9856253733572282,331.33333333333337,0.9972608024691358,1185.2500000000002,0.9911495669056153,230.66666666666663,0.9982201646090535,2915.766666666667,0.9782275487853446,383.08333333333337,0.9970441100823045,0,1
64,RUR0905,RUR0905__Totey_Wali,3,C4-NRW-05,,GLO,,398.08333333333337,0.9969283693415637,85.66666666666669,0.9993389917695474,206.25,0.9984085648148148,467,0.9963966049382716,6527.6500000000015,0.9496323302469136,8871.783333333331,0.9315448816872428,6799.749999999998,0.9475327932098766,3815.0166666666664,0.9715127190362405,3209.35,0.9752364969135803,508.75,0.9960744598765432,250.00000000000003,0.9978566529492455,135.25,0.99899006869773,10697.533333333333,0.9201199721226603,504.65,0.9958279596560847,1179.6666666666667,0.9911912584627639,3738.533333333333,0.9711532921810699,3527,0.9736633811230585,6412.283333333333,0.950522505144033,4133.55,0.9691341845878136
65,RUR8072,RUR8072__KharotaSyedan,3,C4-SKT-03,,GLO,,302.58333333333337,0.9976652520576131,5451.833333333332,0.9579333847736626,887.75,0.9931500771604937,983.3,0.9924128086419753,10324.466666666665,0.9203359053497943,0,1,44.75000000000001,0.9996547067901234,10967.55,0.9181037186379928,33846.03333333333,0.7388423353909466,3230.549999999999,0.9750729166666667,0,1,3746.666666666666,0.9720230983671844,137.91666666666666,0.9989701563122262,6.75,0.9999441964285714,0,1,115.83333333333333,0.9991062242798354,856.1666666666667,0.9936068797291915,481.7499999999999,0.9962827932098766,540.35,0.9959651284348865
66,RUR0507,RUR0507__ChanaufoneShrng_NEW,3,C4-MBD-08,,UFONE,3678,3974.750000000001,0.9693306327160494,5514.916666666667,0.9574466306584363,3006.7999999999997,0.9767993827160494,4535.683333333334,0.9650024434156379,13382.949999999999,0.8967364969135803,5722.066666666668,0.9558482510288066,4442.716666666666,0.9657197788065843,8799.866666659249,0.9342901234568456,17127.8,0.8678410493827161,4425.45,0.9658530092592592,4464.016666666666,0.9617282521719249,6956.7666666666655,0.9480528176025489,5812.516666666666,0.9565970977698128,297.75,0.9975384424603174,335.66666666666663,0.9974935284747113,626.9999999999999,0.9951620370370371,1153,0.9913903823178016,0,1,2145.0000000000005,0.9839829749103943
67,WZB5520,WZB5520_H_Rasul Nagar Rd Ali Nagar Gujranwala,3,C4-WZD-07,,ATL,ATGJW21,291.25000000000006,0.9977527006172839,669.5833333333334,0.9948334619341564,278.5,0.9978510802469135,127.5,0.9990162037037037,7640.083333333333,0.9410487397119341,2159.333333333333,0.9833384773662551,642.5,0.995042438271605,3892.4333333084205,0.97093463759477,4218.683333333333,0.9674484310699589,1559.7333333333338,0.9879650205761317,1335.583333333333,0.9885495256058527,116.5,0.9991300776583034,2576,0.9807646356033453,145.5,0.9987971230158731,764.55,0.9942909946236559,1282.6499999999996,0.9901030092592593,2305.5666666666666,0.9827840003982478,1165.5666666666668,0.9910064300411523,2035,0.9848043608124253
68,KNB9979,KNB9979__Machrala,3,C4-GUJ-01,,,,291.5,0.9977507716049382,9243.433333333332,0.9286772119341563,7789.050000000004,0.9398993055555556,3387.833333333333,0.9738593106995884,6365.95,0.9508800154320987,2605.2500000000005,0.9798977623456789,278.5,0.9978510802469135,1626.4666666748935,0.9878549382715436,2764.2833333333338,0.9786706532921811,1206.6,0.9906898148148149,1518.3833333333332,0.9869823102423411,2994.7500000000005,0.9776377688172043,4182.75,0.9687668010752688,2756.2999999999993,0.9772131283068783,2372.766666666666,0.9822822082835523,4304.283333333333,0.9667879372427984,4572.583333333334,0.9658558592194345,7701.549999999999,0.9405744598765432,3845.25,0.9712869623655913
69,RUR2274,RUR2274__S_Bureyala,3,C4-HFZ-06,,CMPak,7733,994.9999999999998,0.9923225308641976,1587.3333333333335,0.9877520576131686,234.25,0.9981925154320987,569.7833333333333,0.9956035236625514,2805.7999999999997,0.9783503086419754,1789.2999999999997,0.9861936728395062,2964.7333333333336,0.9771239711934157,486.90000000000003,0.996364247311828,2472.2833333333333,0.9809237397119341,10095.650000000001,0.9221014660493827,5159.916666666666,0.9557620313214449,6610.933333333334,0.9506352050975707,24403.683333333334,0.8177741686579051,4488.7666666666655,0.962890487213404,0,1,3000.5666666666666,0.9768474794238684,4261.75,0.9681768966547192,4098.450000000001,0.9683761574074075,87.75,0.9993447580645162
70,HWY3412,HWY3412_DskRoadSkt,3,C4-SKT-03,27,,,428.49999999999994,0.9966936728395062,3757.033333333333,0.9710105452674896,2140.05,0.9834872685185185,121.75000000000003,0.9990605709876543,447.6666666666667,0.9965457818930041,0,1,1100.9166666666667,0.9915052726337449,437.41666666666663,0.9967337465153325,538,0.9958487654320988,423.49999999999994,0.9967322530864198,0,1,285.05,0.9978714904420549,2250.45,0.983195564516129,112.99999999999997,0.9990658068783068,534.55,0.9960084378733572,259.25,0.9979996141975309,248.58333333333331,0.9981437923138192,40.25000000000001,0.9996894290123457,0,1
71,KRW8774,KRW8774__TandaKarianWalaRd,3,C4-GRT-04,9,,,0,1,0,1,6.999999999999999,0.999945987654321,220.03333333333333,0.9983022119341564,1055.0833333333333,0.9918589248971194,0,1,40.75000000000001,0.9996855709876543,217.25,0.9983777628434887,3986.7833333333333,0.9692377829218107,53.5,0.9995871913580247,0,1,0,1,1294.4499999999998,0.9903341547192354,16,0.9998677248677248,0,1,0,1,17.416666666666664,0.9998699472321785,0,1,1213.25,0.9909404868578255
72,RUR6448,RUR6448__S_Nonar,3,C4-NRW-05,,Enfrashare,EC1-NRW-04624,1904.6333333333334,0.9853037551440329,4578.283333333333,0.9646737397119342,1382.3333333333333,0.9893338477366256,2826.7,0.9781890432098765,8535.933333333332,0.9341363168724279,6207.366666666665,0.9521036522633745,553.6666666666667,0.9957278806584362,568.7166666666666,0.99575331043409,4628.616666666667,0.9642853652263375,4625.333333333334,0.9643106995884773,7429.25,0.9363061556927298,7457.333333333332,0.9443150139386698,11635.900000000001,0.9131130525686977,1564.5000000000002,0.9870659722222223,2282.3500000000004,0.98295736260454,2301.7166666666667,0.9822398405349795,11532.483333333335,0.9138852797690162,4560.116666666666,0.9648139146090535,4604.549999999999,0.9656171594982079
73,RUR6587,RUR6587__S_NearShahGharib,3,C4-NRW-05,,Enfrashare,EC1-SKG-06492,598.1666666666665,0.9953845164609053,545.5833333333333,0.9957902520576131,44.75,0.9996547067901234,1966.0000000000002,0.9848302469135802,5977.233333333333,0.9538793724279836,8010.733333333333,0.9381887860082304,1682.0833333333333,0.9870209619341564,7088.633333333331,0.9470681501393866,2808.8500000000004,0.978326774691358,798.6333333333333,0.9938377057613168,124.5,0.9989326131687243,149.74999999999997,0.9988817951015531,1440.0666666666666,0.9892468140183194,0,1,16.75,0.9998749253285544,448.7499999999999,0.9965374228395062,436.9166666666668,0.9967374800876145,32.5,0.9997492283950618,1742.9166666666665,0.9869853892871366
74,SKT4622,SKT4622__uhallahKhuwala,3,C4-SKT-03,20,,,404.25,0.9968807870370371,1306.6999999999998,0.9899174382716049,307.5,0.9976273148148148,497.3666666666666,0.9961622942386832,2899.366666666667,0.9776283436213992,332.91666666666663,0.9974311985596708,3485,0.9731095679012346,6776.083333326114,0.9494020061728934,1421.583333333333,0.9890309927983538,351.5,0.9972878086419753,80.08333333333333,0.9993134144947416,432.4166666666667,0.9967710822381521,2669.6,0.9800657108721624,637.4166666666667,0.9947303516313933,1199.8333333333333,0.9910406710473915,2819.083333333333,0.9782478137860082,279.45,0.9979133064516129,459.9666666666667,0.9964508744855967,1957.7499999819167,0.9853811977301231
75,HWY9504,HWY9504__S_Jandiala_Dhabwala_Near_Gakhar_15251,4,C4-WZD-07,20,,,748.8999999999999,0.995666087962963,258.1666666666667,0.9985059799382716,224.66666666666663,0.9986998456790124,83.33333333333333,0.9995177469135803,4738.299999999999,0.9725792824074074,796.75,0.9953891782407408,3927.7,0.9772702546296296,2217.266666647885,0.9875825119475365,4830.2,0.9720474537037037,2891.5666666666666,0.9832663966049382,755.4000000000001,0.9951427469135803,1158.1666666666667,0.9935138515531661,4679.633333333334,0.9737923760454003,465.41666666666663,0.9971142319775131,280.6666666666667,0.9984281660692951,3357.2499999999995,0.9805714699074075,1762.2333333333336,0.9901308617084826,3529.566666666667,0.9795742669753086,8138.6,0.9544209229390681
76,AMG8795,AMG8795__Ludhaywala,4,C4-HFZ-06,27,,,3058.2333333333336,0.9823018904320988,2851.75,0.9834968171296297,7145.45,0.9586490162037038,2979.2,0.9827592592592593,5744.7,0.9667552083333334,8774.599999999999,0.9492210648148148,8009.299999999999,0.9536498842592593,5199.916666694994,0.9708786028970934,3783.7666666666664,0.9781032021604937,4409.016666666666,0.9744848572530864,3249.2166666666667,0.9791074031207132,3868.8499999999995,0.9783330533154122,3715.9333333333343,0.9791894414575866,297.6666666666667,0.9981543485449735,8870.800000000001,0.950320340501792,285,0.9983506944444445,36.666666666666664,0.9997946535244923,122.33333333333331,0.9992920524691358,2439.4833333333336,0.9863380189665472
77,RUR5622,RUR5622__S_MameyWal,3,C4-NRW-05,,Enfrashare,EC1-SKG-02361,2155.6166666666663,0.9833671553497942,5429.283333333333,0.9581073816872429,588.2499999999999,0.9954610339506174,3724.0000000000005,0.9712654320987655,6738.533333333331,0.9480051440329218,5901.316666666667,0.9544651491769548,3685.333333333333,0.9715637860082305,6032.25,0.9549563172043011,3968.9666666666667,0.9693752572016462,514.3166666666666,0.996031507201646,0,1,26.5,0.9998021206690563,951.3333333333335,0.9928962564715254,0,1,33.50000000000001,0.9997498506571086,344.95000000000005,0.9973383487654321,596.55,0.9955454749103942,928.5833333333335,0.9928350051440329,3308.816666666666,0.9752925876144962
78,SKG5655,SKG15655__S_MohallaFaisalTown,3,C4-NRW-05,,Enfrashare,EC1-SKG-02534,1882.4166666666665,0.9854751800411523,717.8333333333335,0.9944611625514403,100.25,0.9992264660493827,2804.0833333333335,0.978363554526749,3916.5333333333338,0.9697798353909465,1181.0833333333335,0.9908867026748972,2339.166666666666,0.9819508744855967,4947.683333333333,0.9630549332935086,1889.8999999999996,0.9854174382716049,3332.666666666666,0.9742849794238683,7526.683333333333,0.935470821902149,2555.75,0.9809158452807647,3161.4666666666667,0.9763928713659896,1217.2666666666667,0.9899366181657848,1765.9833333333331,0.9868131471525288,240.3333333333333,0.9981455761316873,601.0833333333335,0.9955116238550379,797.5000000000001,0.9938464506172839,1044.4166666666665,0.9922011897650339
79,RUR5979,RUR5979__S_Ghalotian Kalan Warid_GJ3993,3,C4-WZD-07,,Ufone,7712,482.7,0.996275462962963,0,1,0,1,0,1,692.3333333333333,0.9946579218106996,0,1,0,1,68.25,0.9994903673835125,0,1,13742.916666666662,0.8939589763374485,33.24999999999999,0.9997149348422496,71.41666666666666,0.9994667214257268,0,1,0,1,0,1,1056.2,0.9918503086419753,137.50000000000003,0.9989732676224612,11.5,0.9999112654320987,538.9666666666667,0.9959754579848666
80,SKT3404,SKT3404__ModeltownSKT,3,C4-SKT-03,20,,,953.9499999999999,0.992639274691358,1197.5833333333333,0.9907593878600823,438.5,0.9966165123456789,1343.9166666666665,0.9896302726337448,2694.95,0.9792056327160493,1331.0833333333333,0.9897292952674897,3121.333333333333,0.9759156378600824,10767.683333333334,0.9195961519315015,3937.8500000000004,0.9696153549382716,1654.416666666667,0.9872344393004115,93.41666666666666,0.9991991026520347,384.25,0.9971307497013142,1593.8333333333333,0.9880986160892076,202.33333333333334,0.998327270723104,856.4166666666667,0.9936050129430505,1402.4833333333336,0.9891783693415639,171.05,0.9987227449223417,1095.8333333333335,0.9915444958847737,708.4333333333333,0.9947100258861012
81,QMS9703,QMS9703__Dharo_KI,3,C4-HFZ-06,9,,,1738.9166666666665,0.9865824331275721,1577.1666666666667,0.9878305041152263,1117.95,0.9913738425925926,696.4833333333333,0.9946259002057612,3448.2,0.9733935185185186,1425.0833333333335,0.9890039866255144,3077.2000000000003,0.9762561728395062,937.1833333333334,0.9930019165671047,3789.2,0.9707623456790124,4239.933333333334,0.9672844650205761,4110.133333333333,0.9647622313671697,3724.1499999999996,0.972191233572282,789.6666666666666,0.9941034448426922,387.5,0.9967964616402116,846.8333333333334,0.9936765730784548,882.3333333333333,0.9931918724279835,1553.75,0.9883979241338112,729.7333333333335,0.994369341563786,1657.533333333333,0.9876229589804859
82,RUR8811,RUR8811__Pindiman,3,C4-NRW-05,,GLO,,2521.25,0.9805459104938272,336.66666666666663,0.9974022633744856,913.9166666666667,0.9929481738683127,3148.8666666666672,0.9757031893004116,7379.866666666666,0.9430565843621399,3629.7833333333333,0.9719924125514403,768.75,0.9940682870370371,4079.9,0.9695347968936678,7287.833333333332,0.9437667181069959,1055.3333333333333,0.9918569958847736,1815.6833333333334,0.9844334419295839,1466.55,0.9890490591397849,894.4166666666665,0.9933212614496216,168.25,0.9986090443121693,1091.7833333333333,0.9918474960175229,2554.8,0.980287037037037,2093.4666666666667,0.9843677817602549,3131.166666666667,0.9758397633744856,1717.2999999999997,0.9871766726403822
83,SKT6056,SKT6056__S_MalkayKalanRd,3,C4-SKT-03,,E.co,e.coPK015661PU,1017.25,0.9921508487654321,8462.666666666666,0.934701646090535,1971.25,0.984789737654321,3038.4999999999995,0.9765547839506173,8105.6833333333325,0.9374561471193416,634.6666666666667,0.9951028806584362,4592.666666666667,0.9645627572016461,17042.58333331052,0.872740566507538,13858.183333333332,0.8930695730452675,4031.9333333333334,0.968889403292181,1603.3166666666668,0.9862541438042982,1394.15,0.9895896804062128,2409.383333333333,0.9820087863401035,1552.7000000000003,0.9871635251322752,2005.65,0.9850235215053763,4935,0.9619212962962963,1866.5499999999997,0.9860622013142175,759.8333333333333,0.9941370884773663,6640.716666666666,0.9504128086419753
84,RUR5628,RUR5628__S_Khaner,3,C4-NRW-05,,Enfrashare,EC1-NRW-01979,2696.583333333333,0.979193029835391,1578.8333333333333,0.9878176440329218,737.25,0.9943113425925926,986.3000000000001,0.9923896604938272,6196.983333333333,0.9521837705761317,1891.9500000000003,0.9854016203703704,2257.95,0.9825775462962963,2417.0666666666666,0.9819514137793708,23785.35,0.8164710648148149,2692.2,0.9792268518518519,4125.083333333333,0.9646340592135345,8523.6,0.9363530465949821,5378.333333333333,0.959839207487057,3232.533333333333,0.9732760141093475,1656.8833333333334,0.9876278126244524,3645.666666666666,0.9718698559670781,5417.083333333333,0.9595498556352051,3916.3166666666666,0.969781507201646,9253.083333333332,0.9309058890880128
85,RUR9670,RUR9670_Ratto_chak_NEW,3,C4-NRW-05,,GLO,,0,1,235.25,0.9981847993827161,73.74999999999999,0.9994309413580247,2416.25,0.9813560956790124,1134.1666666666667,0.9912487139917695,265.75,0.9979494598765432,20.583333333333332,0.9998411779835391,3476.6833333333334,0.9740391029470331,341.23333333333335,0.9973670267489712,761.4166666666665,0.994124871399177,291.0833333333333,0.997504429583905,0,1,207.25,0.9984524342891278,0,1,1256.5833333333335,0.9906169105933891,26.300000000000004,0.9997970679012346,986.4166666666669,0.9926342841497412,1594.4833333333333,0.9876968878600824,0,1
86,RUR0528,RUR0528__Gunja,3,C4-GRT-04,,UFONE,7929,0,1,0,1,1170.5333333333333,0.9909681069958848,2458.3166666666666,0.9810315072016461,1852.1000000000001,0.9857091049382716,252,0.9980555555555556,1315.2999999999997,0.9898510802469136,5006.9000000000015,0.9626127538829152,601.4833333333332,0.9953589248971194,767.2666666666668,0.994079732510288,443.58333333333337,0.9961969878829448,205.75,0.9984636350059738,1467.3666666666668,0.9890429609717245,585.4166666666666,0.9951602458112875,812.5,0.993932945041816,1291.85,0.9900320216049383,327,0.9975582437275986,0,1,111.33333333333331,0.999168657905217
87,SKT5471,SKT5471__S_GhalibRdSKTCantt_Ufone3419,3,C4-SKT-03,,UFone,3419,87,0.9993287037037036,184.00000000000003,0.9985802469135803,0,1,3030.45,0.9766168981481482,5647.5,0.9564236111111112,2435.866666666667,0.9812047325102882,0,1,1099.8333333333333,0.9917873855037834,207.99999999999994,0.9983950617283951,0,1,70.16666666666667,0.9993984339277548,464.5833333333333,0.9965308890880128,167,0.9987529868578255,282.58333333333337,0.9976638282627865,175.58333333333331,0.9986888938669852,0,1,0,1,165.00000000000003,0.998726851851852,4169.266666666667,0.9688674830744723
88,RUR4041,RUR4041__Sankhatra,4,C4-NRW-05,31,,,1041.6666666666667,0.9939718364197531,46,0.9997337962962963,844.3333333333331,0.9951138117283951,1104.4999999999998,0.9936082175925925,6601.966666666667,0.961794174382716,4008.766666666667,0.9768011188271605,552.0833333333333,0.9968050733024691,4600.616666666667,0.9742348977001194,24310.166666666664,0.8593161651234569,1270.4166666666667,0.9926480516975309,4446.583333333333,0.9714082861796982,1029.7499999999998,0.9942330309139785,3896.6499999999996,0.9781773633512545,4054.1500000000005,0.9748626612103175,400,0.9977598566308243,2220.8166666666666,0.987148051697531,282.25,0.9984192988351255,646.4166666666667,0.996259162808642,1972.1666666666663,0.9889551597968936
89,TPL9977,TPL9977__DogalVillage,3,C4-GUJ-01,9,,,7573.166666666666,0.9415650720164609,1443.15,0.9888645833333334,13.666666666666664,0.9998945473251029,439.58333333333377,0.9966081532921811,808.2833333333331,0.9937632458847736,997.4499999999998,0.9923036265432098,5857.199999999999,0.9548055555555556,4271.866666666667,0.9681013540422143,9248.433333333334,0.9286386316872428,1120.8333333333335,0.9913515946502058,2043.166666666667,0.9824831390032007,3558.8999999999996,0.9734251792114695,4259.966666666667,0.968190213062525,799.9,0.9933870701058202,1720.4833333333336,0.9871529022301871,3003.2166666666662,0.9768270318930041,2804.333333333333,0.9790596375945839,5535.049999999999,0.9572912808641975,9279.716666666667,0.9307070141377938
90,RUR6398,RUR6398__S_NawanPind,3,C4-NRW-05,,ATL,ATSLK12,0,1,0,1,0,1,0,1,2997.9500000000003,0.9768676697530865,389,0.9969984567901234,56.666666666666664,0.9995627572016461,144.63333333333333,0.9989200019912385,19.833333333333332,0.9998469650205761,249.4166666666667,0.9980754886831275,1386.3333333333333,0.9881144261545497,779.9166666666667,0.9941762495021904,2871.2833333333338,0.9785597122660294,0,1,0,1,89.25,0.9993113425925926,49.666666666666664,0.999629131819992,5966.950000000001,0.9539587191358025,501.83333333333326,0.9962527379530067
91,RUR5425,RUR5425__S_SaidaShareef_CMPak5920,3,C4-MBD-08,,CMPak,5920,8320.983333333335,0.9357948816872428,8005.333333333333,0.9382304526748971,6331.833333333334,0.9511432613168725,9296.933333333334,0.928264403292181,23837.43333333333,0.8160691872427983,6072.866666666665,0.9531414609053498,8938.116666666667,0.9310330504115227,10144.083333256174,0.9242526632821373,4161.333333333334,0.9678909465020575,7027.566666666666,0.9457749485596707,5121.5,0.9560913923182441,4462.15,0.96668048088411,1696.15,0.9873346027479092,134.25000000000003,0.9988901289682539,445.08333333333326,0.9966764984070092,0,1,842.1666666666667,0.9937114197530864,193.64999999999998,0.9985057870370371,372,0.9972222222222222
92,RUR5973,RUR5973__S_Dharamkot Warid_1N3553,4,C4-NRW-05,9,,,0,1,2015.6666666666667,0.988335262345679,0,1,0,1,440.3333333333332,0.9974517746913579,3281.7499999999995,0.9810083912037036,1389.1666666666667,0.9919608410493826,705.1333333333338,0.9960510005973715,553.1666666666666,0.9967988040123457,1050.6666666666665,0.9939197530864198,1986.333333333333,0.9872277949245541,1632.4166666666667,0.9908578815710872,8134.633333333334,0.9544431376941458,2088.133333333333,0.9870527447089947,4419.433333333334,0.975249589307049,13419.666666666666,0.9223398919753086,801.3833333333333,0.9955119660991637,2644.9999999999995,0.9846932870370371,7790.73333333372,0.9563691009557924
93,SKT9477,SKT9477__S_Model town_MDSK4205,3,C4-SKT-03,27,,,10.200000000000001,0.9999212962962963,1763.5833333333335,0.986392103909465,2576.416666666666,0.9801202417695474,129.74999999999997,0.9989988425925925,2956.7333333333336,0.9771856995884773,429.7500000000001,0.9966840277777778,635.4999999999999,0.9950964506172839,6384.1,0.9523290023894863,601.75,0.9953568672839507,11017.449999999997,0.9149888117283951,9371.099999999999,0.9196579218106996,603.7500000000001,0.995491711469534,4366.4,0.9673954599761052,2893.5333333333333,0.9760785934744268,8.833333333333334,0.9999340402230188,7944.149999999999,0.9387025462962962,381.91666666666663,0.99714817303863,168.66666666666663,0.9986985596707819,333.08333333333337,0.997512818598168
94,SKT5149,SKT5149__S_Nazimabad Warid_MDSK4276,3,C4-SKT-03,,GLO,,2877.3999999999996,0.9777978395061728,517.25,0.9960088734567901,1452.3333333333333,0.9887937242798354,1899.7166666666667,0.9853416923868313,4688.150000000001,0.9638260030864196,4166.183333333333,0.9678535236625514,6089.816666666667,0.9530106738683127,2122.3500000212653,0.9841521057346082,5120.95,0.9604864969135802,1249.4833333333336,0.9903589248971194,740.2666666666669,0.9936534064929127,2611.416666666667,0.9805001742333731,3007.8,0.9775403225806452,2467.5666666666666,0.97960014329806,5106.033333333334,0.9618725109518119,2639.2,0.9796358024691358,392.8833333333333,0.9970662833532457,276.25,0.9978684413580247,3822.4166666666674,0.9714574621664676
95,RUR5595,RUR5595__S_ThathaManak,3,C4-HFZ-06,,Enfrashare,EC1-NSV-02000,0,1,3440.9833333333336,0.9734492026748971,0,1,648.5,0.9949961419753086,4203.45,0.9675659722222223,54.16666666666666,0.9995820473251028,9.416666666666668,0.9999273405349794,25.83333333333333,0.9998070987654322,424,0.9967283950617284,0,1,930.05,0.9920263203017832,0,1,2989.05,0.9776803315412187,111.16666666666669,0.9990809634038801,495.2499999999999,0.9963018966547191,2858.4333333333334,0.9779441872427984,1017.5,0.9924021804062128,274.8333333333333,0.9978793724279835,3709.2833333333338,0.9723022451214655
96,GUJ1456,GUJ1456__ShalimarTownGUJ,4,C4-GUJ-02,,Ufone,CI-1320,7471.099999999999,0.9567644675925926,6404.516666666667,0.962936824845679,920,0.9946759259259259,6275.383333333332,0.9636841242283951,13240.799999999996,0.9233750000000001,11251.116666666663,0.9348893711419755,11335.43333333333,0.9344014274691358,1557.7833333333333,0.9912758549880526,9991.150000000001,0.9421808449074074,13748.599999999999,0.9204363425925927,33648.01666666666,0.7836418681412894,12245.216666666667,0.9314223977001194,12004.733333333334,0.9327691905615293,8092.333333333331,0.949824322089947,29983.116666666647,0.8320838000298687,12067.916666666668,0.9301625192901234,6000.9333333333325,0.9663926224611709,10470.783333333333,0.9394051890432098,16215.399999996353,0.9091879480286943
97,TMK5823,TMK5823_H_Talwandi Mus Gujranwala,3,C4-GUJ-01,,Enfrashare,EC1-GUJ-07832,1505.5,0.988383487654321,1099,0.991520061728395,15.166666666666666,0.9998829732510288,1215.5,0.9906211419753086,3859.9500000000003,0.9702164351851852,0,1,1012.2499999999999,0.9921894290123457,256.5833333333333,0.9980840551573078,64.25000000000001,0.9995042438271605,0,1,227.66666666666669,0.9980481252857796,1230.4166666666667,0.990812300876145,1701.05,0.987298013739546,507.75,0.9958023313492064,0,1,1919.966666666667,0.9851854423868314,35.75000000000001,0.9997330495818398,231.91666666666663,0.9982105195473251,6671.200000000001,0.9501851851851852
98,RUR4468,RUR4468__MaanVillage,3,C4-HFZ-06,,UFONE,3892,8569.9,0.9338742283950617,784.2500000000001,0.993948688271605,3007.233333333333,0.9767960390946502,15837.216666666664,0.8777992541152264,11014.4,0.9150123456790124,947.1999999999999,0.9926913580246913,1270.9166666666667,0.9901935442386831,3276.4333333333334,0.9755343986459577,2819.983333333334,0.9782408693415638,1039.25,0.9919810956790124,395.6666666666667,0.9966077960676727,301.75,0.9977467891278375,556.4666666666667,0.9958447829549981,1154.0833333333333,0.9904589671516755,2062.1333333333337,0.9846017522899243,4924.633333333333,0.9620012860082305,914.6999999999998,0.9931698028673835,727.3333333333335,0.9943878600823045,7461.799999999999,0.944281660692951
99,GJR5415,GJR5415__S_Muslimabad_CMPak4330,3,C4-GRT-04,,CMPak,CMPak4330,0,1,332.4,0.9974351851851851,0,1,0,1,772.5166666666667,0.9940392232510288,0,1,174,0.9986574074074075,758.7833333333334,0.9943340551573079,0,1,8307.133333333333,0.9359017489711934,26.75,0.9997706618655693,0,1,214.25,0.9984001642771804,11.75,0.9999028604497354,0,1,0,1,1303,0.9902703106332139,18.666666666666664,0.9998559670781892,960.2499999999998,0.992829674432497
100,RUR5553,RUR5553__S_MusaKamala,3,C4-GRT-04,,E.Co,e.coPK014384PU,4445.283333333333,0.9656999742798353,1287.8833333333332,0.9900626286008231,323.5333333333333,0.9975036008230452,645.3333333333335,0.9950205761316873,11016.816666666668,0.9149936985596707,1281.6166666666668,0.9901109825102882,25.583333333333336,0.9998025977366255,6818.033333326581,0.9490887594584335,2085,0.9839120370370371,1835.55,0.9858368055555556,2292.9166666666665,0.9803419352994971,1379.8333333333335,0.9896965850258862,7440.483333333334,0.9444408353245719,951.1666666666665,0.9921365189594356,332.56666666666666,0.9975166766228594,2206.65,0.9829733796296296,5502.933333333333,0.9589088012743926,4251.7,0.9671936728395062,20755.283333333336,0.8450172988849064
101,RUR5645,RUR5645__S_QilaSuraSingh_CMPAK41244,3,C4-GRT-04,,CMPak,41244,765.8333333333335,0.99409079218107,1256.0833333333335,0.9903079989711934,7.250000000000001,0.9999440586419753,1818.75,0.9859664351851852,6359.050000000001,0.9509332561728395,1813.7833333333338,0.9860047582304527,11057.15,0.9146824845679012,4812.666666676679,0.9640631222619723,5580.266666666666,0.9569423868312756,7590.449999999999,0.941431712962963,5491.533333333333,0.9529189529035209,746.7166666666667,0.9944241587017124,0,1,16,0.9998677248677248,0,1,0,1,1921.25,0.9856537485065711,0,1,2184.85,0.9836854091995221
102,GUJ9516,GUJ9516_S_Rail Bazar Warid_GJ0333,2,C4-GUJ-02,,,,0,1,475.16666666666663,0.9945003858024691,0,1,0,1,0,1,153.58333333333331,0.9982224151234569,1908.8333333333333,0.9779070216049383,4333.749999999999,0.9514588933691757,247.58333333333331,0.9971344521604938,636.9166666666667,0.9926282793209876,14.5,0.9998135288065844,3570.6,0.9600067204301075,4100.116666666667,0.954075754181601,6665.033333333334,0.9173482969576718,0,1,219.41666666666666,0.9974604552469135,0,1,77.83333333333333,0.9990991512345678,5912.966666666666,0.9337705346475508
103,GUJ8152,GUJ8152__BankSquare,2,C4-GUJ-02,,,,0,1,1966.3,0.9772418981481482,631.8333333333334,0.9926871141975309,4929.9,0.9429409722222222,0,1,316.58333333333326,0.9963358410493827,0,1,1848.4833333333333,0.9792956615890084,0,1,3970.6833333333334,0.9540430169753087,1938.1666666666667,0.9750750171467765,1943.7333333333331,0.9782287933094385,1919.3833333333334,0.9785015307646355,0,1,0,1,0,1,4270.199999999999,0.9521706989247312,3785.7333333333327,0.9561836419753087,18659.1,0.7910047043010752
104,RUR0506,RUR0506__Sivia,3,C4-MBD-08,,GLO,,755.4999999999999,0.9941705246913579,0,1,0,1,69.91666666666666,0.9994605195473251,2337.45,0.9819641203703704,13.25,0.999897762345679,2146.333333333333,0.9834387860082304,1381.5833333333335,0.9896835175228992,1519.3333333333328,0.9882767489711933,0,1,2527.05,0.9783346193415637,3905.6,0.970836320191159,4893.550000000001,0.9634591547192354,995.3333333333333,0.9917713844797178,133.25,0.9990050029868578,2144.283333333333,0.983454603909465,589.1333333333332,0.9956008562325767,1133.0833333333335,0.9912570730452674,2647.6499999999996,0.9802296146953405
105,RUR1294,RUR1294__Mazaffar,3,C4-NRW-05,,GLO,,1212.2499999999998,0.9906462191358025,2941.0666666666675,0.9773065843621399,4738.116666666667,0.9634404578189301,596.5000000000001,0.9953973765432099,5169.616666666667,0.9601109825102881,821.4999999999999,0.9936612654320988,1084.5,0.9916319444444445,4943.883333333332,0.9630833084428515,3657.4500000000003,0.9717789351851852,4233.333333333333,0.9673353909465021,591.0000000000001,0.9949331275720165,0,1,112.41666666666666,0.9991605684986061,0,1,88.75000000000003,0.9993372909199522,0,1,5000.233333333334,0.9626625348466746,4763.200000000001,0.9632469135802469,262.3333333333333,0.9980411190760653
106,RUR8997,RUR8997__MaddoKhalwal,3,C4-NRW-05,20,,,659.4166666666666,0.9949119084362139,2954.7333333333336,0.9772011316872429,622.8333333333334,0.9951941872427983,2163.1,0.9833094135802469,9516.316666666668,0.9265716306584362,3297.416666666667,0.9745569701646091,2805.0333333333333,0.9783562242798354,9484.583333333332,0.9291772451214655,506.53333333333336,0.9960915637860083,1126.4666666666667,0.9913081275720166,2417.6666666666665,0.9792724051211705,10021.466666666665,0.9251682596575069,1553.9833333333338,0.9883961818000796,155.33333333333331,0.9987158289241623,958.25,0.9928446087216248,3783.166666666667,0.9708088991769547,1628.75,0.9878378882915173,7222,0.9442746913580247,2252.5833333333335,0.9831796346077261
107,HRW9981,HRW9981__Dinga,3,C4-HFZ-06,09Kva,,,4130.8,0.9681265432098766,6171.999999999999,0.9523765432098766,6339.783333333334,0.9510819187242798,3496.6666666666665,0.9730195473251029,5679.533333333333,0.9561764403292181,4760.500000000001,0.9632677469135803,7824.800000000001,0.9396234567901235,5145.56666664548,0.9615773098368767,3234.7999999999997,0.9750401234567901,3246.2500000000005,0.974951774691358,2315.483333333333,0.9801484625057156,5445.783333333333,0.9593355485862206,123.63333333333334,0.9990768120270809,462.58333333333337,0.9961757330246914,0,1,11.25,0.9999131944444444,222.08333333333331,0.998341671644763,1595.3499999999997,0.987690200617284,1673.383333333333,0.9875046047391477
108,RUR0414,RUR0414__S_Main_Bazar_Peero_Chak_MDSK4112,3,C4-SKT-03,,GLO,,1271.7500000000002,0.9901871141975309,2395.9833333333336,0.9815124742798353,473.75,0.9963445216049382,591.9999999999999,0.9954320987654321,9183.199999999999,0.929141975308642,387.16666666666663,0.9970126028806584,2613.5333333333338,0.9798338477366255,3133.483333333333,0.97660182696137,2475.0666666666666,0.9809022633744856,2140.083333333333,0.9834870113168726,2192.4333333333334,0.9812034179240969,3091.65,0.9769142025089605,1357.2166666666667,0.9898654669454401,576.8,0.9952314814814816,2996.816666666667,0.9776223367184389,815.8999999999997,0.9937044753086419,104.95000000000002,0.9992163231780167,1456.3833333333334,0.9887624742798354,1384.6666666666665,0.9896604938271605
109,KNJ4254,KNJ4254__CircularRdKunjah,3,C4-GRT-04,9,,,788.9499999999999,0.9939124228395062,1617.5,0.9875192901234568,800.3833333333334,0.993824202674897,1461.1666666666663,0.9887255658436215,2363.6,0.9817623456790123,1585.2333333333333,0.9877682613168725,1197.4166666666667,0.9907606738683127,1730.116666698099,0.98708096873732,1259.2666666666667,0.9902834362139917,1399.9999999999998,0.9891975308641976,667.1666666666667,0.9942801211705533,1832.2166666666667,0.9863185732775787,3319.1500000000005,0.975215427120669,354.9166666666667,0.997065834435626,889.9000000000001,0.9933549880525687,3778.083333333334,0.9708481224279835,1666.4499999999996,0.9875563769414576,2965.4833333333327,0.9771181841563786,3613.5833332631732,0.9730168508567565
110,RUR8069,RUR8069_Hundal,3,C4-SKT-03,,GLO,,82.5,0.999363425925926,573.9999999999999,0.9955709876543211,253.66666666666663,0.9980426954732511,0,1,1674.5,0.987079475308642,57.999999999999986,0.9995524691358025,976.3333333333333,0.9924665637860082,1486.6166666635625,0.9888992184388922,2389.666666666667,0.9815612139917695,0,1,259.16666666666663,0.9977780635573845,742.3333333333334,0.9944568896853844,2337.7166666666667,0.9825439317005177,0,1,73.16666666666667,0.99945365392274,0,1,0,1,88.5,0.9993171296296296,3446.633333333334,0.9742634906411789
111,RUR1053,RUR1053__Bagriawala,3,C4-MBD-08,30,,,72.24999999999999,0.9994425154320987,129.91666666666666,0.9989975565843622,940,0.9927469135802469,116.91666666666666,0.9990978652263375,343.16666666666674,0.9973521090534979,152.66666666666663,0.9988220164609054,1102.6333333333332,0.9914920267489713,334.7166666666667,0.997500622262047,1122.2666666666667,0.9913405349794239,1176.1999999999998,0.9909243827160493,428.5,0.9963263031550069,350.0833333333333,0.9973858771405815,104.49999999999999,0.9992196833930704,682.75,0.9943555720899471,757.75,0.9943417712066906,1094.95,0.9915513117283951,571.7499999999999,0.9957306600955795,848.5000000000001,0.9934529320987654,3798.216666666667,0.9716381670649143
112,SKT3094,SKT3094__GohadPurChowkSialk,3,C4-SKT-03,30,,,216.25,0.9983314043209875,603.15,0.9953460648148148,23352.650000000005,0.819809799382716,696.6666666666667,0.9946244855967078,15987.966666666665,0.8766360596707818,5410.7,0.9582507716049383,1279.9166666666665,0.9901240997942387,13109.600000000002,0.9021087216248506,6187.899999999999,0.9522538580246913,1720.033333333333,0.9867281378600823,1269.25,0.9891182270233196,927.0833333333333,0.9930773347272003,466.75,0.9965147102747909,91.58333333333333,0.999242862654321,0,1,1990.166666666667,0.9846437757201646,1244.6499999999999,0.9907060185185185,0,1,3366.6000000000004,0.9748611111111112
113,TPL9976,TPL9976__ThapNalaVillage,3,C4-GUJ-01,20,,,4703.166666666667,0.963710133744856,773.6666666666667,0.9940303497942387,583.55,0.9954972993827161,1275.6666666666665,0.9901568930041152,3487.816666666666,0.9730878343621399,1252.3333333333335,0.9903369341563786,2655.5833333333326,0.9795093878600823,2074.6166666436934,0.9845085374354564,1204.3333333333333,0.9907073045267489,1546.6333333333334,0.9880661008230454,943,0.9919152949245542,1868.3833333333334,0.9860485115491836,4505.683333333333,0.9663554111907606,499.41666666666663,0.9958712246472663,1272.3333333333333,0.9904993030665074,3163,0.9755941358024691,2712.883333333333,0.9797425079649542,2845.8333333333335,0.9780414094650206,127.25,0.9990498058542413
114,RUR6300,RUR6300__S_Abdal,3,C4-GUJ-01,,E.co,e.coPK018445PU,377.33333333333337,0.9970884773662552,1115.3333333333333,0.9913940329218107,24.25,0.9998128858024691,343.8333333333333,0.9973469650205762,4010.9999999999995,0.9690509259259259,0,1,12.249999999999996,0.9999054783950618,429.58333333333326,0.99679223914775,137.2166666666667,0.9989412294238683,0,1,0,1,365.74999999999983,0.9972688918757467,22.75,0.9998301224611709,96.58333333333334,0.9992015266754851,32.49999999999999,0.9997573178016727,2781.3000000000006,0.9785393518518518,190.99999999999997,0.9985737753882915,0,1,385.74999999999994,0.9971195489844683
115,RUR6518,RUR6518__S_AkbarChowk,3,C4-SKT-03,,E.co,e.coPK019220PU,3193.5,0.9753587962962963,705.5833333333335,0.9945556841563785,18.25,0.9998591820987655,1261.5833333333335,0.9902655606995885,13125.966666666667,0.8987193930041153,4143.066666666667,0.9680318930041152,1638.7499999999995,0.987355324074074,5714.2166666771445,0.9573311180803679,2840.2166666666667,0.9780847479423868,5019.116666666667,0.9612722479423869,4890.95,0.95806798696845,3645.55,0.972778151135006,16758.9,0.874858870967742,5431.783333333333,0.9550943838183421,979.5833333333335,0.9926853096375946,1984.3666666666668,0.9846885288065843,3765.1499999999996,0.9718850806451613,2714.366666666667,0.9790558127572017,972.5833333333335,0.992737579649542
116,RUR0907,RUR0907__Sathiyala,3,C4-NRW-05,,Enfrashare,EC1-NRW-08629,195.58333333333337,0.9984908693415637,45.91666666666667,0.9996457047325102,36.166666666666664,0.9997209362139918,1372.75,0.9894077932098766,4037.066666666667,0.9688497942386831,2615.2833333333333,0.9798203446502057,2030.4666666666667,0.9843328189300412,2933.4666666666662,0.9780953803265631,15362.550000000001,0.8814618055555556,3093.3666666666672,0.9761314300411523,3916.6833333333334,0.9664207533150434,3915.8999999999996,0.9707594086021506,7692.933333333335,0.9425557546794106,1340.8833333333332,0.9889146549823633,1323.2,0.9901194743130227,4441.066666666667,0.9657325102880658,2437.6666666666665,0.9817975906013541,1715.8166666666666,0.9867606738683128,2927.83333333085,0.9781374452409584
117,CML9907,CML9907__DhokKasib,3,C4-MBD-08,20,,,24.083333333333336,0.9998141718106995,0,1,0,1,297,0.9977083333333333,54,0.9995833333333333,0,1,518.25,0.9960011574074075,1228.2500000195578,0.9908284796892208,0,1,0,1,814.3333333333334,0.9930184042066759,814.5,0.9939180107526882,701.5833333333333,0.994761175826364,143.25,0.9988157242063492,791.3833333333333,0.994090626244524,257,0.9980169753086421,1294.9666666666665,0.9903302966945441,145.75000000000003,0.9988753858024692,390.58333333333326,0.9970834577857427
118,RUR6212,RUR6212__S_School_SohawaRD_MDMB4307,3,C4-MBD-08,,GLO,,143.74999999999997,0.9988908179012346,1899.6500000000003,0.9853422067901235,0,1,0,1,0,1,0,1,162.5,0.9987461419753086,131.5,0.9990180704898447,615.8333333333333,0.9952481995884774,889.2333333333333,0.9931386316872428,160.08333333333331,0.9986275434385002,0,1,0,1,0,1,0,1,1531.15,0.9881855709876544,8,0.9999402628434886,54.33333333333332,0.9995807613168725,505.1666666666667,0.996227847471127
119,RUR1295,RUR1295__Rachhara,3,C4-NRW-05,,GLO,,2316.333333333333,0.9821270576131687,22.916666666666668,0.9998231738683127,36.24999999999999,0.9997202932098765,0,1,3690.9166666666665,0.9715207047325103,818.5166666666667,0.9936842849794238,1898.0833333333335,0.9853542952674897,1381.45,0.9896845131421744,2654.8166666666666,0.9795153034979424,3108.2999999999997,0.9760162037037037,4707.216666666667,0.9596432041609511,2312.0833333333335,0.9827353395061728,6499.700000000001,0.9514658004778973,2886.116666666667,0.9761399085097001,6186.6,0.9538037634408602,4153.133333333333,0.9679542181069959,403.25,0.9969888739545998,1642.2999999999997,0.9873279320987655,1819.5833333333337,0.9864129082039028
120,DSK5295,DSK5295_S_islampura,4,C4-WZD-07,27,,,517.25,0.9970066550925926,470.33333333333326,0.997278163580247,1679.75,0.9902792245370371,843.3333333333333,0.9951195987654322,5456.433333333332,0.9684234182098765,739.0500000000001,0.9957230902777777,897.5833333333334,0.9948056520061728,1794.1,0.989952396953405,2173.2333333333336,0.9874234182098764,4747.95,0.9725234374999999,7621.333333333333,0.95099451303155,8873.566666666666,0.9503048461768219,6520.316666666667,0.9634838896356034,3146.4499999999994,0.9804907614087301,4882.483333333334,0.9726563433393071,2452.466666666667,0.9858074845679012,4451.283333333333,0.9750712178912784,4345.6833333333325,0.9748513695987654,2818.0999999999995,0.9842176299283154
121,RUR5648,RUR35648__S_Dogranwala,3,C4-WZD-07,,Enfrashare,EC1-SMB-02350,1194.25,0.9907851080246914,190.91666666666666,0.9985268775720165,351.66666666666674,0.9972865226337448,3809.6666666666665,0.9706044238683127,5199.583333333334,0.9598797582304526,3198.5833333333326,0.9753195730452675,1531.3666666666668,0.9881838991769547,11268.616666677146,0.9158556103145375,4131.4,0.9681219135802469,2516.083333333333,0.9805857767489712,4135.650000000001,0.9645434670781893,2072.9166666666665,0.9845212315810434,2648.7333333333327,0.9802215252887296,1725.3166666666666,0.985736469356261,480.6499999999999,0.9964109169653524,5981.916666666668,0.9538432355967078,4778.216666666666,0.964320365392274,3303.8999999999996,0.9745069444444445,3165.2833333333333,0.9763643717642374
122,RUR1084,RUR1084__Marajkae,3,C4-SKT-03,30,,,236.25,0.9981770833333333,246.91666666666663,0.9980947788065844,1263.7666666666667,0.9902487139917696,915.1666666666667,0.9929385288065844,5641.583333333333,0.9564692644032923,1662.3333333333333,0.987173353909465,2706.866666666666,0.9791136831275721,2083.216666666667,0.984444319992035,2398.833333333334,0.9814904835390946,365.9166666666667,0.9971765689300411,1591.2166666666662,0.9863578818015546,1879.9000000000003,0.9859625149342891,6040.799999999999,0.9548924731182795,196.75,0.9983734292328041,2460.166666666667,0.9816295798486658,1240.7833333333335,0.9904260545267489,872.4499999999999,0.9934852897252091,3829.5999999999995,0.9704506172839507,272.0833333333333,0.9979683144165671
123,QMS9704,QMS9704__KotNanakQilaMolSingh,3,C4-HFZ-06,30,,,1630.95,0.9874155092592592,829.4166666666666,0.9936001800411524,282.8833333333333,0.9978172582304526,241.83333333333334,0.9981340020576132,1464.7,0.9886983024691358,1496.7666666666667,0.9884508744855967,1452.8833333333332,0.9887894804526749,418.55,0.9968746266427718,985.7166666666667,0.9923941615226337,729.1666666666669,0.9943737139917695,1713.2166666666667,0.9853119284407864,1051.25,0.9921501642771804,1379.8666666666668,0.9896963361210673,164.2,0.9986425264550265,215.08333333333331,0.9983939416567105,1171.25,0.9909625771604937,815.4833333333335,0.9939106680605336,12.583333333333332,0.9999029063786008,1980.2833333333333,0.9852129380724811
124,RUR3562,RUR3562__GujranwalaNarowalRd,3,C4-GUJ-01,9,,,2070.7833333333333,0.9840217335390946,2348.8333333333335,0.9818762860082305,2224.6333333333337,0.9828346193415638,5470.416666666667,0.9577899948559672,6998.85,0.9459965277777778,5833.283333333333,0.9549900977366255,4542.166666666667,0.9649524176954732,5179.233333328131,0.961325915969772,4255.6,0.9671635802469136,7643.049999999997,0.941025848765432,4421.799999999999,0.9620901920438958,3691.683333333334,0.9724336668657905,1539.8333333333335,0.988501841895659,0,1,9.666666666666666,0.9999278176025489,1896.4166666666667,0.9853671553497942,222.16666666666666,0.9983410493827161,2079.7833333333333,0.9839522890946502,5477.916666666666,0.9590956043409
125,RUR0885,RUR0885__Dhakran_Wali,3,C4-MBD-08,33,,,1386.8666666666668,0.9892988683127573,2493.8333333333335,0.9807574588477367,2614.7833333333338,0.9798242026748971,4652.900000000001,0.9640979938271604,7493.499999999999,0.9421797839506173,2947.3,0.977258487654321,7121.05,0.9450536265432099,4068.0999999822275,0.9696229091996549,941.4166666666669,0.992735982510288,632.9666666666667,0.9951159979423868,420.08333333333326,0.9963984625057156,547.5,0.9959117383512545,57.83333333333334,0.9995681501393867,291.75,0.9975880456349207,0,1,786.1666666666667,0.9939338991769547,701.75,0.9947599313022699,156.75,0.9987905092592593,1757.0000000000002,0.9868802270011947
126,RUR6516,RUR6516__S_Mokhal,3,C4-GUJ-01,,E.Co,e.coPK019212PU,1305.5833333333335,0.989926054526749,402,0.9968981481481481,0,1,522.75,0.9959664351851852,2037.5833333333333,0.9842779063786008,568.35,0.9956145833333333,1152.75,0.991105324074074,6247.083333330696,0.9533521256471722,731.0999999999999,0.9943587962962962,338.6666666666667,0.9973868312757201,1079.6499999999999,0.9907437414266118,961,0.992824074074074,5005.933333333333,0.9626199721226603,1481.9166666666665,0.9877487048059964,2963.016666666667,0.9778747262046993,8700.399999999996,0.9328672839506172,4276.983333333333,0.9680631471525288,875.6666666666667,0.9932433127572017,10499.133333333337,0.9216014536041418
127,RUR5642,RUR5642__S_DhummaMalka,3,C4-GRT-04,,Enfrashare,EC1-GUT-02246,176.5,0.9986381172839507,2790.3333333333335,0.9784696502057614,0,1,0,1,4352.033333333334,0.9664194958847736,40.25000000000001,0.9996894290123457,100.08333333333334,0.9992277520576132,3960.6166666801705,0.9704255027876332,2357.1333333333337,0.9818122427983539,2289.3666666666663,0.9823351337448559,785.9666666666667,0.9932616026520347,1222.25,0.9908732825567503,1361.0500000000002,0.9898368428912784,15.75,0.9998697916666667,3662.133333333333,0.9726543209876543,203.38333333333333,0.9984306841563786,624.7499999999999,0.9953349014336917,2726.55,0.9789618055555556,847.4833333333331,0.9936717194344883
128,HRW9396,HRW9396__S_Kot Hassan Khan Warid_HF5127,3,C4-HFZ-06,20,,,207.91666666666666,0.9983957047325103,348.3166666666666,0.997312371399177,7890.583333333334,0.9391158693415638,10022.466666666664,0.9226661522633745,3863.7000000000016,0.9701875,212,0.9983641975308641,1317.9999999999995,0.9898302469135802,260.4833333333334,0.9980549332935085,470.65000000000003,0.9963684413580246,752.8166666666666,0.9941912294238684,2835.6333333333337,0.9756890146319158,474.16666666666663,0.9964593289526086,1678.1666666666667,0.9874688868976503,407.1666666666667,0.9966338734567901,577.3166666666668,0.9956890929908403,947.2333333333333,0.9926911008230452,1101.5500000000002,0.9917745669056153,1261.0333333333338,0.990269804526749,2158.133333333333,0.9838849064117882
129,SOH6444,SOH6444__S_Sohdra,3,C4-WZD-07,,E.co,e.coPK018663PU,382,0.9970524691358026,145.24999999999997,0.9988792438271605,0,1,108.70000000000002,0.9991612654320987,938.5833333333335,0.9927578446502058,0,1,279.75,0.9978414351851852,12576.966666671553,0.9060859717243761,10893.599999999999,0.9159444444444444,1124.2500000000002,0.9913252314814816,950.4166666666666,0.9918517089620486,14.5,0.9998917264038232,1755,0.9868951612903225,1277.6333333333332,0.9894375551146385,554.1500000000001,0.9958620818399043,26.166666666666664,0.9997980967078189,192.33333333333334,0.9985638191955397,3199.4833333333336,0.9753126286008231,4453.583333333334,0.9667444494225408
130,RUR8153,RUR8153_LadhewalaGoraya,3,C4-GUJ-01,,Enfrashare,EC1-GUJ-08589,1433.1166666666668,0.9889420010288066,724.8333333333334,0.9944071502057613,0,1,3705.6666666666665,0.9714068930041152,4818.616666666667,0.9628193158436215,1045.25,0.9919347993827161,0,1,2328.3166666666666,0.9826141228594186,1200.4,0.9907376543209877,606.9166666666666,0.9953170010288066,1070,0.990826474622771,1270.4833333333336,0.9905131172839506,2469.333333333333,0.9815611310234966,421.5,0.996515376984127,0,1,999,0.9922916666666667,0,1,1221.1666666666665,0.9905774176954733,381.2499999999999,0.9971531511350059
131,SKT3020,SKT3020__SehroshPublicSchool,3,C4-SKT-03,,GLO,,1436.4166666666665,0.9889165380658436,5852.916666666667,0.9548386059670781,1686,0.9869907407407408,1263.5333333333333,0.9902505144032923,4699.1,0.9637415123456791,1116.5,0.9913850308641975,2270.333333333334,0.9824819958847736,19465.833333326584,0.8546458084429018,8663.116666666667,0.9331549639917696,755,0.9941743827160494,1957.5833333333335,0.9832168781435757,963.7499999999999,0.9928035394265232,2165.666666666667,0.98382865392274,180.75,0.9985057043650793,344.33333333333337,0.997428813221824,9162.383333333333,0.9293025977366256,963.0500000000002,0.992808766427718,1670.8833333333332,0.9871073816872428,614,0.995415173237754
132,SKT8139,SKT8139__SoniAquare,2,C4-SKT-03,,,,447.75000000000017,0.9948177083333333,2075.5,0.9759780092592593,15401.316666666662,0.8217440200617284,2485.25,0.9712355324074075,4236.283333333334,0.9509689429012346,3751.5833333333335,0.9565788966049382,10307.966666666665,0.8806948302469136,8395.93333334094,0.9059595280763785,5009.85,0.9420156249999999,2293.3833333333337,0.9734562114197531,4386.449999999999,0.9435898919753086,352.75,0.9960489471326164,17.166666666666668,0.9998077210274791,0,1,0,1,32,0.9996296296296296,0,1,299.8666666666667,0.9965293209876543,350.5833333333334,0.9960732153524492
133,HWY9653,HWY9653__MozaKhattrani,3,C4-HFZ-06,9,,,2830.9166666666665,0.9781565072016462,993.4166666666665,0.9923347479423869,2900.933333333333,0.9776162551440329,3982.583333333333,0.969270190329218,1927.8166666666666,0.9851248713991769,1029.5333333333333,0.9920560699588478,5289.716666666666,0.9591842849794239,1618.2166666666667,0.9879165422142573,1369.6666666666665,0.98943158436214,508.83333333333337,0.9960738168724279,41.5,0.9996442043895748,308.6333333333333,0.9976953902827559,4705.283333333333,0.9648649691358026,608.9499999999998,0.994965691137566,1625.5,0.9878621565113501,3035.883333333333,0.9765749742798354,2094.2,0.9843623058542412,1030.6333333333334,0.9920475823045267,677.75,0.9949391427718041
134,GUJ9461,GUJ9461__S_Gulzar Colony Warid_MDGJ4235,3,C4-GUJ-01,,CMPak,5594,5784.966666666667,0.9553629115226338,25402.8,0.8039907407407408,5363.6833333333325,0.958613554526749,4045.2333333333336,0.968786779835391,13710.083333333334,0.8942123199588476,630.0000000000001,0.9951388888888889,1598.833333333333,0.9876633230452676,8328.616666666667,0.9378090153325368,86506.3333333333,0.3325128600823048,7302.633333333333,0.9436525205761316,3903.9166666666674,0.9665302069044353,3800.033333333333,0.9716246017522898,6462.583333333333,0.9517429559936281,2052.083333333333,0.9830350253527337,190.58333333333334,0.9985768866985265,235.36666666666667,0.9981838991769547,0,1,2627.2333333333336,0.9797281378600823,19249.43333333333,0.8562616985264835
135,GJR1059,GJR1059__Moen ud Din Pur(Telenor_LWR-001),3,C4-GRT-04,,Telenor,LWR-001,1627.8,0.9874398148148148,2335.9333333333334,0.9819758230452674,796.65,0.9938530092592593,292,0.9977469135802469,2439.266666666667,0.9811784979423868,2385.6166666666672,0.9815924639917695,15234.2,0.8824521604938272,11074.283333325418,0.9173067254082631,5216.116666666667,0.9597521862139918,71.5,0.9994483024691359,2213.4333333333334,0.9810233767718336,1009.0333333333334,0.9924654022301871,6661.966666666666,0.950254131819992,1807.416666666667,0.9850577325837743,0,1,5588.333333333335,0.9568801440329219,1248.916666666667,0.9906741587017125,342.58333333333337,0.9973566100823045,3097.5166666666673,0.9768703952608523
136,HWY1262,HWY1262__S_Adda_Salloki_2J3778,4,C4-HFZ-06,20,,,3178.916666666667,0.9816034915123457,1440.9999999999998,0.9916608796296296,2202.466666666667,0.9872542438271604,2010,0.9883680555555556,3068.0166666666664,0.9822452739197531,1582.2000000000003,0.9908437499999999,1163.9999999999998,0.9932638888888888,1220.850000018161,0.9931628024192531,3487.316666666667,0.9798187692901235,1021.3333333333334,0.9940895061728395,1370.5833333333335,0.9911870927640604,1603.5333333333333,0.9910196385902031,2350.9999999999995,0.9868335573476702,0,1,892.8999999999999,0.9949994399641576,1494.75,0.9913498263888889,2330.5,0.9869483646953405,1785.1166666666668,0.9896694637345679,5402.016666666667,0.969746770459976
137,RUR3076,RUR3076__Ottawa,3,C4-GUJ-01,9,,,6343.166666666664,0.9510558127572017,4523.233333333333,0.9650985082304527,3417.566666666667,0.9736298868312757,4594.583333333333,0.964547968106996,3591.583333333333,0.9722871656378601,4122.949999999999,0.9681871141975309,229.83333333333331,0.9982265946502058,2573.833333333333,0.9807808144165671,286.4166666666667,0.9977899948559671,941.4666666666668,0.992735596707819,0,1,228.66666666666669,0.9982925129430505,277,0.9979316009557945,154.33333333333334,0.9987240961199295,0,1,675.4500000000002,0.9947881944444444,5898.650000000001,0.9559539277180406,149.58333333333337,0.9988458076131687,794.3,0.9940688470728793
138,HFZ5785,HFZ5785 LTE_RUR5785__S_Muridwala,3,C4-HFZ-06,,Enfrashare,EC1-HFZ-00436,1104,0.9914814814814815,739.6499999999999,0.9942928240740742,713.6666666666667,0.9944933127572017,119.50000000000003,0.9990779320987655,608.8000000000002,0.9953024691358024,0,1,1860.3000000000002,0.9856458333333333,1598.9166666666665,0.988060658104341,11.083333333333334,0.999914480452675,1689,0.9869675925925925,4225.683333333333,0.9637715763603109,6130.566666666667,0.9542221724412585,2071.2166666666667,0.984533925726802,3425.2666666666664,0.9716826499118166,112.00000000000003,0.999163679808841,1917.05,0.9852079475308642,2087.7000000000003,0.9844108422939069,1369.7833333333333,0.9894306841563786,3328.416666666667,0.9751462315810434
139,RUR6930,RUR6930__SabzPriMor_NEW,3,C4-NRW-05,30,,,48.25,0.9996277006172839,2202.3333333333335,0.9830066872427983,499.83333333333326,0.9961432613168725,1502.3333333333333,0.9884079218106996,1251.4499999999998,0.99034375,144.33333333333331,0.9988863168724279,3511.6166666666672,0.9729041923868312,447.74999999999994,0.9966565860215054,909.7833333333333,0.992980066872428,123.33333333333334,0.999048353909465,58,0.999502743484225,1042.9999999999998,0.9922117682198328,2229.85,0.9833493876941458,0,1,871.0000000000002,0.9934961170848267,606.2500000000001,0.9953221450617283,0,1,1434.55,0.9889309413580247,360.2166666666666,0.9973102100756671
140,PND1358,PND1358__P_Fatehke_Burj_WalaWarid_43635,3,C4-HFZ-06,,,,6896.466666666664,0.9467865226337449,10373.266666666665,0.9199593621399177,22066.900000000005,0.8297307098765433,10191.616666666667,0.9213609825102881,12247.683333333332,0.9054962705761317,8154.149999999998,0.9370821759259259,15815.050000000001,0.8779702932098766,5608.950000010089,0.9581171594981325,5207.55,0.959818287037037,19249.13333333334,0.8514727366255144,9451.683333333334,0.9189670496113398,6772.6,0.9494280167264039,2949.1,0.9779786439665472,489.25,0.9959552744708995,2130.666666666667,0.9840900039824771,4943.483333333334,0.9618558384773662,5886.15,0.9560472670250896,2423.516666666666,0.9813000257201646,8818.6,0.934150238948626
141,RUR0362,RUR0362_Lala Pindi_NEW,3,C4-MBD-08,,Enfrashare,EC1-MBD-08599,221.00000000000006,0.9982947530864198,588.6999999999998,0.9954575617283951,7.083333333333334,0.9999453446502058,886.3,0.9931612654320987,724.05,0.9944131944444444,671.7,0.9948171296296295,9235.633333333328,0.9287373971193417,5035.200000000001,0.9624014336917562,1995.6499999999999,0.9846014660493827,11791.400000000001,0.909016975308642,1748.0500000000002,0.9850132887517147,3022.783333333333,0.9774284398645957,5071.983333333333,0.9621267672242135,158.49999999999997,0.9986896494708994,1412.8333333333335,0.9894501692552768,387.19999999999993,0.9970123456790124,9113,0.9319519115890084,1575.7000000000003,0.9878418209876543,2685.2,0.9799492234169653
142,RUR6178,RUR6178__S_Ghunian_Village_Samma_Road_MR2C3723,3,C4-MBD-08,9,,,0,1,0,1,67.16666666666667,0.9994817386831275,982.05,0.9924224537037037,1218.9499999999998,0.9905945216049383,19.333333333333332,0.9998508230452675,393.91666666666663,0.9969605195473251,1770.5,0.9867794205495818,1005.7166666666665,0.9922398405349795,1950.0499999999997,0.9849533179012346,332.13333333333327,0.9971524919981709,86.25,0.999355958781362,0,1,884.2333333333333,0.9926898699294533,222.05,0.9983419205495818,729.4166666666666,0.9943717849794238,0,1,178.5,0.9986226851851852,601.75,0.9955066457586619
143,MLL3347,MLL3347__Railway_Gate,4,C4-MBD-08,20,,,1011.0166666666669,0.9941492091049383,926.5833333333333,0.9946378279320988,483.9166666666667,0.9971995563271605,391.7500000000001,0.9977329282407408,4154.933333333333,0.9759552469135803,562.6666666666666,0.9967438271604938,3030.816666666667,0.9824605516975309,1447.416666666667,0.9918939478793309,222.41666666666666,0.9987128665123457,0,1,2351.316666666667,0.9848809370713306,2556.1833333333334,0.9856844571385902,251,0.9985943100358423,917.1166666666668,0.9943135127314815,1118,0.9937387992831542,1927.0833333333333,0.9888478973765431,761.3333333333333,0.9957362604540023,190.49999999999997,0.9988975694444444,1670.35,0.9906454413082437
144,RUR5977,RUR5977__S_Bhalowali Warid_2I3759,4,C4-WZD-07,20,,,2408.4333333333334,0.9860623070987654,2889.416666666667,0.9832788387345679,1334.6666666666667,0.9922762345679013,2778.5833333333335,0.9839202353395062,4575.75,0.9735199652777777,10840.700000000003,0.9372644675925926,12547.833333333338,0.927385223765432,3558.7333332870776,0.9800698178019317,179.83333333333331,0.9989592978395062,919.3333333333333,0.9946797839506174,766.6666666666667,0.9950703017832647,284.7333333333333,0.9984053912783751,3029.016666666667,0.9830364209976105,0,1,20,0.9998879928315412,2349.7666666666664,0.9864018132716049,1981.3,0.9889040098566307,569.6,0.9967037037037036,1786.7500000000002,0.9899935595878137
145,RUR3419,RUR3419__SKTRohaila,3,C4-WZD-07,,GLO,,0,1,614.5000000000002,0.995258487654321,0,1,3735.166666666667,0.9711792695473251,3553.0333333333333,0.9725846193415637,310.5,0.9976041666666667,319.0000000000001,0.9975385802469136,2109,0.9842517921146954,2300.7666666666664,0.982247170781893,106.83333333333334,0.9991756687242799,0,1,262.75,0.9980380077658303,949.2333333333333,0.9929119374751094,0,1,0,1,57.500000000000014,0.9995563271604938,1380.5,0.9896916069295102,219,0.9983101851851852,842.6500000000001,0.9937078106332139
146,RUR6962,RUR6962__PostOffice_AC,3,C4-NRW-05,20,,,2479.9999999999995,0.9808641975308642,788.1666666666666,0.9939184670781893,5709.483333333334,0.9559453446502058,2995.4500000000003,0.9768869598765433,10133.566666666668,0.9218088991769546,2301.9166666666665,0.9822382973251028,6265.766666666666,0.9516530349794239,7033.466666666666,0.9474800876144962,2406.866666666667,0.9814284979423868,2011.4666666666667,0.9844794238683128,2093.7999999999997,0.9820490397805213,862.9833333333333,0.9935559786937475,3949.3166666666666,0.9705098815213062,91.41666666666667,0.9992442405202822,1112.8333333333335,0.9916903126244524,1136.0833333333333,0.9912339248971194,510.9999999999999,0.9961842891278375,708.1500000000001,0.9945358796296295,1752.299999981886,0.9869153225807804
147,RUR1581,RUR1581__PindiAwan,4,C4-GRT-04,,GLO,,18.666666666666668,0.999891975308642,2082.0333333333333,0.9879511959876544,24,0.9998611111111111,2252.3333333333335,0.986965663580247,4261.966666666667,0.9753358410493828,430.6666666666668,0.9975077160493826,527.5833333333333,0.9969468557098766,253.24999999999997,0.9985817092293907,274.7166666666667,0.9984102044753087,19.666666666666668,0.9998861882716049,195.4333333333333,0.9987433556241426,0,1,1125.6666666666665,0.9936958632019116,29,0.9998201884920636,0,1,443.49999999999994,0.997433449074074,1335.3333333333333,0.9925216547192354,470.0833333333333,0.9972796103395062,644.25,0.9963919690860215
148,RUR9455,RUR9455__S_Mandiala Warid_MR2I3761,3,C4-GUJ-01,9,,,1054,0.9918672839506173,1961.166666666667,0.9848675411522634,2554.6666666666665,0.9802880658436215,795.5833333333334,0.9938612397119342,1938,0.9850462962962964,3298.2000000000003,0.974550925925926,1879.8500000000004,0.9854949845679012,2648.066666628218,0.9802265033853926,2184.766666666667,0.9831422325102881,5408.6500000000015,0.9582665895061728,1682.8333333333333,0.9855724165523548,608.5833333333334,0.9954556202708085,876.2499999999999,0.9934569145758663,164.75,0.9986379794973546,1081.1333333333337,0.9919270211071286,2149.416666666667,0.9834149948559672,3640.133333333334,0.9728185981680605,5793.333333333333,0.955298353909465,7016.566666672178,0.9476062823575853
149,RUR9397,RUR9397__S_Thatta Jahid Hasanwala Warid_HF5189,4,C4-HFZ-06,,PTCL,GTRP2014,463.3333333333332,0.9973186728395063,990,0.9942708333333333,962.15,0.9944320023148149,612.4999999999999,0.9964554398148148,10074.466666666665,0.941698688271605,3109.4833333333336,0.9820053047839506,11974.533333333336,0.9307029320987654,3757.133333313077,0.9789587066906749,3540.366666666667,0.9795117669753087,558.0333333333334,0.9967706404320988,42.66666666666668,0.9997256515775034,1050.6666666666665,0.9941158900836321,11806.566666666668,0.9338789949223417,0,1,1100.8166666666666,0.9938350321087216,8836.1,0.9488651620370371,5052.433333333333,0.9717045624253285,8912.116666666667,0.9484252507716049,11598.283333333333,0.9350454562425328
150,LLM9854,LLM9854__GtRoadLalamusa,3,C4-GRT-04,20,,,447.75,0.9965451388888888,380.83333333333326,0.9970614711934157,6.999999999999999,0.999945987654321,0,1,0,1,0,1,486.5000000000001,0.9962461419753086,0,1,8.5,0.9999344135802469,33.666666666666664,0.9997402263374485,24.75,0.9997878086419754,0,1,0,1,428.41666666666674,0.9964581955467372,0,1,328.33333333333337,0.9974665637860082,0,1,3.166666666666666,0.9999755658436215,161.41666666666669,0.9987946784149742
151,RUR3267,RUR3267__ChakRandhawa,3,C4-NRW-05,,Telenor,LRA001,2702.5833333333335,0.9791467335390946,2518.416666666667,0.9805677726337448,2738.8333333333335,0.9788670267489712,4828.166666666667,0.9627456275720165,2962.75,0.977139274691358,5303.566666666667,0.9590774176954733,5616.950000000001,0.956659336419753,4450.733333333334,0.966765730784548,29959.66666666667,0.768829732510288,13099.133333333335,0.8989264403292181,12246.899999999998,0.8950025720164609,5870.533333333333,0.9561638789326962,14188.966666666665,0.8940489346873756,6491.033333333334,0.94633735670194,7193.916666666667,0.9462819842692154,6434.033333333334,0.9503546810699588,3063.6000000000004,0.9771236559139785,12113.8,0.9065293209876544,3983.0833333505634,0.9702577409397359
152,NRW3203,NRW3203__S_Dulam,3,C4-NRW-05,,Telenor,LBDR05,5325.399999999999,0.958908950617284,2544.6666666666665,0.9803652263374485,653.0833333333334,0.9949607767489712,3567.333333333333,0.9724742798353909,27318.766666666663,0.7892070473251028,2388.866666666667,0.9815673868312758,1357.5,0.989525462962963,1563.2499999999995,0.988326986260454,1828.583333333333,0.9858905606995885,2979.9833333333327,0.9770063014403293,5978.25,0.9487461419753086,2130,0.984094982078853,4392.166666666666,0.9672030565511749,2900.616666666667,0.9760200341710759,1718.9166666666665,0.9871646007566706,527.9166666666667,0.9959265689300412,6324.85,0.9527714307048984,15047.283333333333,0.8838944187242798,8759.11666666876,0.9345944095977542
153,AMG8797,AMG8797__KaluCheema,4,C4-HFZ-06,,GLO,,735.6666666666666,0.9957426697530865,1543.6499999999996,0.9910668402777777,5637.516666666666,0.9673754822530864,59.5,0.9996556712962963,2795.3333333333335,0.9838233024691359,5850.733333333334,0.9661415895061728,8017.816666666667,0.9536005979938271,276.28333333333336,0.998452714307049,169.45,0.9990193865740742,243.33333333333337,0.9985918209876543,31.666666666666668,0.9997963820301783,1866.6666666666665,0.9895459976105137,475,0.9973398297491038,0,1,1091.1833333333334,0.9938889822281959,6032.35,0.9650905671296296,2156.9333333333334,0.9879204002389486,3626.95,0.9790107060185186,3058.2,0.9828729838709677
154,RUR0423,RUR0423__S_HabibpurWarid_MDSK5041,3,C4-WZD-07,,Ufone,7830,397,0.9969367283950618,3061.166666666666,0.9763798868312757,1326.5,0.9897646604938273,3217.45,0.9751739969135802,12331.816666666666,0.9048470936213993,5510.666666666667,0.9574794238683126,7965.833333333332,0.9385352366255144,24878.51666667543,0.8142285195140724,16106.866666666663,0.875718621399177,3812.4666666666676,0.9705828189300412,1770.0000000000002,0.9848251028806584,1226.8,0.9908393070489845,0,1,72.99999999999999,0.9993964947089947,347.25,0.9974070340501793,6771.45,0.9477511574074075,1728.916666666667,0.9870899293110313,1596.05,0.9876847993827161,3465.316666675747,0.9741239794901752
155,GUJ4715,GUJ4715__S_GUJDairyAndMilkShop,3,C4-GUJ-01,,Enfrashare,EC1-GUJ-00386,950.9166666666666,0.9926626800411523,580.75,0.9955189043209876,0,1,0,1,2041.0333333333338,0.9842512860082304,3703.833333333332,0.9714210390946502,3440.7499999999995,0.9734510030864197,1346.0833333729145,0.9899486011546227,1574.8499999999997,0.9878483796296297,1476,0.9886111111111111,428.75,0.9963241598079562,226.75,0.9983068249701315,2694.55,0.9798794056152927,52.750000000000014,0.9995639054232803,0,1,877.6166666666666,0.9932282664609053,742.5,0.9944556451612904,399.7,0.9969158950617285,54,0.9995967741935483
156,WZB4219,WZB4219__Janubi_Phatak,4,C4-WZD-07,20,,,2199.6666666666665,0.9872704475308641,4907.949999999999,0.9715975115740741,0,1,388,0.9977546296296296,11229.016666666665,0.9350172646604937,6598.9666666666635,0.9618115354938271,831.0833333333333,0.9951904899691358,28493.250000051925,0.8404275873653007,6109.516666666666,0.964644000771605,3716.916666666667,0.9784900655864197,2490.6666666666665,0.9839849108367626,4595.250000000001,0.9742649529569892,3182.483333333334,0.9821769526583034,83.91666666666667,0.9994796833664021,629.8333333333334,0.9964727075866189,6234.333333333333,0.9639216820987655,2623.2666666666673,0.985308766427718,1295.2833333333335,0.9925041473765432,1974.3000000000004,0.9889432123655914
157,DSK9027,DSK9027__S_HameedColony,3,C4-WZD-07,,Tawal,TWPSKT0006,705.9999999999999,0.9945524691358025,0,1,0,1,2663.2833333333333,0.9794499742798354,289.5,0.9977662037037036,233.5,0.9981983024691359,0,1,0,1,0,1,868.2,0.9933009259259259,56.83333333333333,0.9995127457704618,590.8333333333336,0.995588162086818,501.5333333333333,0.996254978096376,0,1,173.74999999999997,0.9987025836320191,16,0.9998765432098766,0,1,82,0.9993672839506174,185.99999999999997,0.9986111111111111
158,RUR9019,RUR9019__S_NewCrescentPublicHighSchool_CMPak4382,3,C4-GUJ-01,,CMPak,4382,0,1,0,1,14572.933333333332,0.8875545267489712,4946.366666666666,0.9618335905349794,18716.766666666663,0.8555805041152262,30.583333333333336,0.999764017489712,13686.266666666668,0.8943960905349795,73135.53333333312,0.4538863998407025,10947.533333333331,0.9155282921810699,4760.4,0.9632685185185186,0,1,12611.883333333331,0.9058252439267224,126.83333333333334,0.9990529171644763,0,1,0,1,202.83333333333337,0.9984349279835391,0,1,2597.6166666666672,0.9799566615226337,202.23333333333335,0.9984898944643568
159,GJR6488,GJR6488__S_TibbiMarlan,3,C4-GRT-04,,ATL,ATGRT9,630.5833333333333,0.9951343878600823,1302.3333333333333,0.9899511316872427,2774.883333333333,0.9785888631687243,1868.6666666666665,0.9855812757201646,9664.933333333334,0.9254248971193415,4607.183333333333,0.9644507458847736,2150.3,0.9834081790123457,1881.966666666666,0.9859470828355237,4976.4833333333345,0.9616012088477366,409.2500000000001,0.9968422067901234,175.24999999999997,0.9984975137174211,276.55,0.9979349611708482,1842.25,0.9862436529271207,131.25000000000003,0.9989149305555556,0,1,404.41666666666663,0.9968795010288066,51.500000000000014,0.9996154420549581,295.5,0.9977199074074075,561.9166666666667,0.9958040870171248
160,RUR0509,RUR0509__SarokiGjrat_new,3,C4-GRT-04,,UFONE,7934,7632.516666666666,0.9411071244855966,9122.766666666665,0.9296082818930042,2168.1333333333337,0.9832705761316872,5976.633333333333,0.9538840020576131,11585.066666666668,0.9106090534979424,7724.2333333333345,0.9403994341563786,4525.966666666667,0.9650774176954733,9829.049999957593,0.926605062724331,5861.55,0.9547719907407408,4810.983333333334,0.9628782150205761,8858.65,0.9240513545953362,6358.666666666665,0.9525189167662286,2031.8833333333337,0.9848276334129829,152.83333333333331,0.9987364969135802,798.9999999999999,0.9940337514934289,11146.849999999999,0.9139903549382715,2137.6499999999996,0.9840378584229391,0,1,1388.8999999999996,0.9896288829151733
161,RUR0182,RUR0182__Cheelian_WalNEW,3,C4-MBD-08,20Kva,,,0,1,0,1,28.249999999999996,0.9997820216049382,794.3000000000002,0.9938711419753087,1917.3666666666663,0.9852055041152263,226.34999999999997,0.9982534722222222,217.91666666666669,0.998318544238683,1234.8333333333335,0.9907793209876543,1251.25,0.9903452932098766,2111.4833333333336,0.9837076903292181,2884.1500000000005,0.9752730624142661,137.5,0.9989732676224612,362.25,0.9972950268817204,0,1,197.5,0.998525238948626,461.0666666666667,0.9964423868312757,151.33333333333334,0.9988699721226603,491.1666666666667,0.996210133744856,2482.116666666667,0.9814656760254878
162,RUR4503,RUR4503__RajaThanaNarrowal,4,C4-NRW-05,30,,,6024.4833333333345,0.9651360918209876,3150.5666666666666,0.9817675540123457,1297.5,0.9924913194444445,3680.683333333334,0.9786997492283951,10898.216666666669,0.9369316165123456,5422.083333333334,0.9686222029320988,8136.283333333332,0.9529150270061728,3400.8666666055096,0.9809539277183831,9610.716666666667,0.9443824266975308,2836.4666666666667,0.983585262345679,2361.1,0.984818029835391,1298.7500000000002,0.9927265344982079,1992.9166666666663,0.9888389523596177,379.9166666666666,0.9976443659060847,1154.25,0.9935357862903226,4702.066666666667,0.9727889660493827,2610.116666666667,0.9853824111409797,7171.8499999999985,0.9584962384259259,2535.0333333333338,0.9858029047192354
163,RUR0794,RUR0794_Rasool_NEW,4,C4-MBD-08,9,,,1516.833333333333,0.9912220293209876,0,1,50.666666666666664,0.9997067901234569,279.3333333333333,0.9983834876543211,6774.25,0.9607971643518519,4260.400000000001,0.9753449074074073,6232.8,0.9639305555555555,2234.4166665431108,0.9874864658011698,872.6666666666666,0.9949498456790125,1169.25,0.9932335069444445,621.8333333333333,0.9960015860768174,428.25000000000006,0.9976016465053763,86.41666666666666,0.999516035692951,500.8499999999999,0.99689453125,0,1,712.25,0.9958781828703703,1954.7833333333333,0.9890525126941457,260.6666666666667,0.998491512345679,1324.9499999999998,0.9925798051075269
164,GUJ3541,GUJ3541__AritilleryMosque,3,C4-GUJ-02,9,,,338.3333333333333,0.9973894032921811,476.9166666666667,0.9963200874485597,0,1,351.9999999999999,0.9972839506172839,28,0.9997839506172839,484.99999999999983,0.9962577160493826,149.74999999999997,0.9988445216049382,381.75,0.9971494175627239,7.333333333333333,0.99994341563786,155.25000000000006,0.9988020833333333,1843.9666666666662,0.9841909579332419,819.3,0.9938821684587813,739.25,0.9944799133811231,158.91666666666669,0.9986862048059965,504.58333333333326,0.9962322033054559,500.91666666666674,0.9961349022633744,292.8,0.9978136200716845,1044,0.9919444444444444,0,1
165,RUR0813,RUR0813__BhirriShahRehman,4,C4-HFZ-06,,UFONE,3782,1658.5666666666666,0.9904018132716049,948.5833333333334,0.9945105131172839,305.75000000000006,0.998230613425926,0,1,11077.966666666665,0.9358913966049383,2648.0833333333335,0.9846754436728395,1062.25,0.9938527199074074,62.583333333333336,0.999649510902031,856.4833333333333,0.9950434992283951,3808.8333333333335,0.9779581404320987,3823.983333333333,0.9754116298010974,5914.2,0.9668783602150538,2912.3999999999996,0.9836895161290323,1969.166666666667,0.9877903852513228,3009.366666666667,0.9831464680406212,10448.5,0.9395341435185185,5631.299999999999,0.9684627016129032,2984.866666666667,0.9827264660493827,5987.866666666667,0.9664658004778972
166,RUR0266,RUR0266__GojrNEW,3,C4-WZD-07,9,,,1235.25,0.99046875,2178.7499999999995,0.9831886574074075,1185.5000000000005,0.9908526234567901,3068.166666666667,0.9763258744855967,14175.066666666668,0.8906244855967078,4995.133333333332,0.9614573045267489,2912.5833333333335,0.9775263631687242,3284.166666620753,0.9754766527283397,104.41666666666666,0.9991943158436214,13.583333333333332,0.999895190329218,1426.466666666667,0.9877703475080019,0,1,1814.4833333333331,0.9864509906411789,23.75,0.9998036541005291,236,0.9982377538829152,2669.666666666667,0.979400720164609,1796.3666666666668,0.9865862704101951,41.75000000000001,0.9996778549382717,1216.3666666666668,0.990917214257268
167,DHW6096,DHW6096__S_DhallewalWarid_MDSK1968,4,C4-SKT-03,,Ufone,7877,304.3333333333333,0.998238811728395,5264.816666666667,0.9695323109567902,0,1,705.2499999999999,0.9959186921296296,5859.8,0.9660891203703704,88.66666666666666,0.9994868827160494,115.83333333333333,0.9993296682098766,6740.05,0.9622533042114695,0,1,6292.200000000001,0.9635868055555555,2047.666666666667,0.9868334190672153,12515.733333333332,0.9299074074074075,12309.683333333334,0.931061361260454,5968.5,0.962992931547619,6472.399999999999,0.9637522401433692,974.5,0.9943605324074075,5725.516666666666,0.9679350545101554,439.9999999999999,0.9974537037037037,4503.783333336128,0.9747771990740585
168,RUR0717,RUR0717_Mandrian Wala,3,C4-HFZ-06,9,,,277.5,0.9978587962962964,1084.5,0.9916319444444445,2379.666666666667,0.9816383744855968,694.4,0.994641975308642,3079.15,0.9762411265432098,1375.3833333333337,0.9893874742798354,963.3333333333333,0.9925668724279835,793.9499999999998,0.9940714605734767,171.98333333333332,0.9986729681069959,577.3833333333332,0.9955448816872428,254.33333333333331,0.9978195016003659,486.3833333333333,0.9963681053365192,1366.6333333333337,0.9897951513341299,688.9999999999999,0.9943039021164022,116.25,0.9991319444444444,1576.2166666666665,0.9878378343621399,1020.3166666666668,0.9923811479490243,858.5833333333334,0.993375128600823,632.9166666666665,0.9952739197530864
169,RUR5933,RUR5933__P_ Olakh Bhai k Warid_HF7562,3,C4-HFZ-06,20,,,247.50000000000006,0.9980902777777777,1162.4333333333334,0.9910306069958849,152.99999999999997,0.9988194444444445,836.9999999999999,0.9935416666666668,705.9999999999999,0.9945524691358025,929.7333333333338,0.9928261316872429,548.4166666666666,0.9957683899176955,317.41666666666663,0.9976298038630028,218.25,0.9983159722222222,220.24999999999997,0.9983005401234568,460.08333333333326,0.9960555269775949,1423.7499999999998,0.9893686529271207,123.33333333333333,0.99907905217045,139.73333333333332,0.9988447971781305,668.8333333333335,0.9950057248108324,1274.3500000000001,0.9901670524691357,681.5666666666666,0.9949106431700518,2080.3166666666666,0.9839481738683128,4173.249999999999,0.968837738948626
170,MBN9844,MBN9844__MohallahBoharwala,4,C4-MBD-08,,,,282.6666666666667,0.9983641975308641,3548.6666666666665,0.9794637345679013,0,1,0,1,443.9166666666667,0.9974310378086421,780.0000000000003,0.9954861111111112,5622.066666666666,0.9674648919753086,1024.65,0.9942615927419355,739.6666666666666,0.9957195216049383,138.91666666666669,0.9991960841049382,0,1,274.91666666666663,0.9984603681302271,1586.4,0.9911155913978494,1611.9833333333331,0.9900050636574075,730.4166666666666,0.9959094048685784,24.500000000000004,0.9998582175925925,579.75,0.9967531922043011,195.41666666666666,0.9988691165123457,412.34999999999997,0.9976906922043011
171,RUR4668,RUR4668__GUJMandialaTega,3,C4-GUJ-01,,GLO,,897.2500000000002,0.993076774691358,388,0.9970061728395062,0,1,126.9166666666667,0.9990207047325103,9112.666666666664,0.9296862139917695,1294.7499999999998,0.9900096450617284,402.25,0.9968962191358025,708.3333333333333,0.9947107726005575,0,1,912.6333333333333,0.9929580761316872,840.4833333333333,0.9927942101051669,1535.8833333333332,0.9885313371166866,2015.1666666666665,0.9849524591796097,610.6666666666667,0.9949514991181658,1813,0.9864620669056152,0,1,3054.7833333333338,0.9771894912385504,632.6166666666667,0.9951186985596707,1602.45,0.9880342741935483
172,RUR5847,RUR5847_H_University Kharian Link Rd Gujrat,3,C4-GRT-04,,Enfrashare,EC1-GUT-07486,1345.1666666666665,0.9896206275720165,550.5,0.9957523148148149,300.6333333333333,0.9976802983539095,520.7,0.9959822530864197,1244.2999999999997,0.9903989197530865,2283.333333333333,0.9823816872427983,442.3333333333333,0.9965869341563786,2161.2166666666667,0.9838618827160494,2993.2166666666662,0.9769041923868313,1204.3333333333335,0.9907073045267489,210.25000000000003,0.9981974451303155,2111.483333333333,0.9842332487056948,873.5833333333335,0.99347682696137,113.41666666666666,0.9990623622134039,0,1,0,1,578.0000000000001,0.9956839904420549,0,1,27.16666666666667,0.9997971425726802
173,RUR0800,RUR0800__NoorJmalDingNEW,3,C4-MBD-08,,GLO,,452.4999999999999,0.996508487654321,41.58333333333333,0.9996791409465021,0,1,15.75,0.9998784722222223,501.3166666666668,0.9961318158436214,143.66666666666666,0.9988914609053497,1142.9166666666665,0.9911811985596708,122,0.9990890083632018,578.1666666666667,0.9955388374485596,0,1,0,1,0,1,146.66666666666669,0.998904818797292,0,1,0,1,1219.9166666666665,0.9905870627572017,25.75,0.9998077210274791,0,1,59.49999999999999,0.9995557048984469
174,HFQ8541,HFQ8541__1ChakThabhal,3,C4-MBD-08,9,,,4609.516666666667,0.9644327417695473,7708.166666666666,0.9405234053497942,1394.2499999999998,0.9892418981481481,708.1,0.9945362654320988,5505.0999999999985,0.9575223765432099,4800.750000000001,0.962957175925926,828.6,0.9936064814814815,402.9166666666666,0.9969913630027877,363.3333333333333,0.9971965020576131,484.83333333333326,0.9962590020576131,496.41666666666663,0.9957440272062186,520.0833333333333,0.9961164625647153,1746.4166666666665,0.9869592542811628,115.16666666666666,0.9990478946208112,2391.4333333333325,0.9821428215850259,3603.6833333333325,0.9721938014403293,3891.5333333333333,0.9709413580246914,6217.883333333334,0.9520225051440329,3914.650000022895,0.9707687425326844
175,GUJ6306,GUJ6306__S_MiranJeTown,3,C4-GUJ-01,,E.Co,e.coPK018455PU,5065.5,0.9609143518518519,8402.133333333333,0.9351687242798354,5205,0.9598379629629629,1227.083333333333,0.9905317644032923,3396.483333333333,0.973792566872428,148.99999999999997,0.9988503086419753,0,1,1508.0666666666666,0.9887390481879729,3382.4000000000005,0.9739012345679012,63.999999999999986,0.9995061728395062,0,1,35.25,0.9997367831541218,770.8999999999999,0.994243578255675,3896.1666666666665,0.967789627425044,0,1,0,1,949.3666666666668,0.9929109418558343,6266.783333333334,0.9516451903292181,6645.866666675438,0.9503743528474057
176,SKT6408,SKT6408__S_MeharStGohadpur,3,C4-SKT-03,,E.co,e.coPK019031PU,0,1,1305.0833333333335,0.9899299125514404,1539.5833333333333,0.9881204989711934,251.25,0.9980613425925925,1006.2000000000002,0.9922361111111111,1071,0.9917361111111112,194.00000000000006,0.998503086419753,2509.1499999999996,0.9812638142174432,130.36666666666667,0.9989940843621399,1571.2333333333333,0.9878762860082304,962.1499999999997,0.9917511145404664,0,1,0,1,0,1,374.2,0.9972057945041816,3122.2499999999995,0.9759085648148148,244.75,0.9981724163679808,0,1,3869.65,0.9711047640382319
177,SPB9661,SPB9661_ShahPurBhango_BC,4,C4-NRW-05,20,,,3607.9166666666665,0.9791208526234568,3859.833333333333,0.9776630015432098,726.3333333333335,0.9957966820987655,1265.75,0.9926750578703704,345.5,0.9980005787037036,1802.0833333333328,0.9895712770061728,1998.2500000000005,0.9884360532407408,3809.8666666666663,0.9786633811230585,2144.1833333333334,0.9875915316358025,603.75,0.9965060763888889,982.6999999999999,0.9936811985596709,667.6666666666666,0.9962608273596177,0,1,213.66666666666663,0.9986751818783068,1248.8333333333335,0.9930060857228196,91.66666666666669,0.9994695216049382,1206.9166666666665,0.9932408340800478,784.9166666666665,0.9954576581790124,614.0000000000001,0.9965613799283155
178,RUR5641,RUR5641__S_KotlaSarangKhan_CMPak7488,3,C4-GRT-04,,CMPak,7488,855,0.9934027777777777,1954.0500000000002,0.9849224537037037,1699.2500000000002,0.9868885030864197,987.9999999999999,0.9923765432098766,3699.0333333333333,0.9714580761316873,1911.5333333333333,0.9852505144032923,5104.733333333334,0.9606116255144034,10774.60000001071,0.9195445041815211,4586.683333333333,0.9646089248971194,6058.983333333333,0.9532485853909465,4302.35,0.9631142832647462,2257.333333333333,0.9831441656710475,13108.466666666665,0.9021171843886898,3388.8833333333337,0.9719834380511463,11762.533333333335,0.9121674631620869,24402.31666666667,0.8117105195473251,12313.233333333334,0.9080553066507367,6093.816666666666,0.9529798096707819,17447.550000000545,0.8697166218637952
179,HWY8852,HWY8852__S_Bagh9PindiBhatian,3,C4-HFZ-06,31,,,1991.816666666667,0.9846310442386832,2319.166666666667,0.982105195473251,1753.2333333333331,0.9864719650205761,1899.5500000000006,0.9853429783950617,5882.816666666666,0.9546078960905349,4092.8333333333326,0.9684194958847736,4404.016666666666,0.9660183899176955,7576.333333333332,0.9434264237355636,2366.366666666667,0.9817409979423869,1893.6666666666663,0.9853883744855968,1168.75,0.9899798525377228,1748.8500000000001,0.9869410842293906,9660.25,0.9278655167264038,2130.45,0.9823871527777777,1536.8166666666666,0.9885243677817602,1454.1166666666668,0.9887799639917695,769.75,0.9942521654719235,617.0833333333335,0.9952385545267489,947.3666666666667,0.9929258761449621
180,RUR4621,RUR4621__Solary_town_Zafarwai,3,C4-NRW-05,20,,,3532.5833333333367,0.9727424125514403,1151.15,0.9911176697530863,5443.66666666667,0.9579963991769547,1514.2499999999998,0.9883159722222223,4626.5666666666675,0.9643011831275721,1992.1666666666665,0.9846283436213992,1225.4166666666665,0.9905446244855968,3042.1833333333334,0.9772835772600557,5282.050000000001,0.9592434413580248,419.66666666666663,0.9967618312757202,562.1666666666666,0.9951803269318701,1077.3333333333333,0.9919553962564716,837.3333333333334,0.9937475109518119,552.8333333333333,0.9954296186067019,921.1666666666666,0.9931215153325368,4684.566666666667,0.9638536522633746,4308.65,0.9678266875746715,5008.599999999999,0.9613533950617285,1084.55,0.9919015083632019
181,GUJ5483,GUJ5483__S_ShulamMuhammadTown_CMPak5607,3,C4-GUJ-02,,CMPak,5607,943.5,0.9927199074074075,1648.2499999999998,0.9872820216049383,606.75,0.9953182870370371,950.5166666666667,0.9926657664609054,1884.0000000000002,0.9854629629629629,1359.7666666666667,0.9895079732510288,1964.3333333333333,0.9848431069958847,1627.3500000102445,0.9878483422938303,4486.916666666667,0.9653787294238683,6083.166666666667,0.9530619855967077,8694.349999999999,0.9254599622770919,5148.883333333333,0.9615525438072481,242.58333333333337,0.9981885951812027,209.49999999999997,0.9982680224867725,1043.75,0.9922061678614098,607.4166666666667,0.9953131430041152,565.25,0.9957791965352449,904.5833333333333,0.9930201903292181,4804.366666666666,0.9641250995619275
182,HWY0234,HWY0234__MuhallahAbbasNagar,3,C4-GUJ-01,30,,,3356.666666666667,0.9740997942386831,5173.450000000001,0.9600814043209877,2695.333333333333,0.9792026748971193,6054.816666666667,0.9532807355967079,6016.033333333335,0.9535799897119341,3158.833333333333,0.9756262860082304,8389.983333333334,0.9352624742798353,1492.983333399147,0.9888516776179873,854.2166666666667,0.993408822016461,492.2833333333333,0.996201517489712,929.7499999999999,0.9920288923182441,18,0.9998655913978495,677.3333333333333,0.9949422540820391,0,1,20,0.9998506571087217,1919.033333333333,0.9851926440329218,745.1333333333336,0.9944359816806053,17.083333333333336,0.9998681841563786,3776.6833333482346,0.9717989595777462
183,RUR0271,RUR0271__S_TalwandiBhindran_Warid_MDNR1589,3,C4-NRW-05,30,,,864.6666666666666,0.9933281893004116,974.5,0.9924807098765431,0,1,516.9166666666666,0.996011445473251,1015.1666666666667,0.9921669238683127,247.75,0.9980883487654322,81.5,0.9993711419753086,1224.749999987505,0.9908546146954338,6691.049999999999,0.9483715277777778,5681.716666666668,0.9561595936213991,1721.6499999999999,0.9852396262002743,1155.3,0.9913732078853046,2777.816666666667,0.979257641377937,0,1,856.2499999999999,0.9936062574671446,400,0.9969135802469136,1795.4999999999998,0.9865927419354839,1192.083333333333,0.9908018261316873,995.0833333333334,0.9925695688968539
184,NKW6994,NKW6994__Chak44MandiBahuddin,4,C4-MBD-08,31,,,1308.8833333333334,0.9924254436728396,1474.5000000000002,0.9914670138888888,960.9999999999998,0.9944386574074074,1147.5333333333333,0.9933591820987654,8854.416666666666,0.948759162808642,456,0.9973611111111111,7382.3166666666675,0.9572782600308642,1151.3999999999996,0.993551747311828,1076.1333333333334,0.9937723765432099,3128.883333333333,0.9818930362654321,605.6666666666666,0.9961055384087791,456.83333333333337,0.9974415695937873,898.2666666666667,0.9949693847072879,89,0.9994481646825396,707.9999999999999,0.9960349462365592,413.6666666666667,0.9976060956790124,1138.2833333333333,0.9936252053464755,2792.4333333333334,0.9838400848765433,3401.3333333539777,0.9809513142173276
185,ASH1251,ASH1251__S_AshrafAbad_Ufone_7743,3,C4-GUJ-01,,Ufone,7743,406.41666666666674,0.9968640689300412,794.75,0.9938676697530865,47.25,0.9996354166666667,0,1,1814.4166666666667,0.985999871399177,1714.5833333333333,0.9867701903292181,5386.183333333334,0.9584399434156379,2173.8666666666663,0.9837674233373158,108.91666666666669,0.9991595936213992,954.3333333333333,0.9926363168724279,805.7499999999999,0.9930919924554183,19168.949999999997,0.8568626792114695,30884.73333333333,0.7693792313819197,10309.266666666666,0.9147712742504409,86.5,0.999354091995221,3120.3333333333326,0.975923353909465,7909.150000000001,0.940941233572282,8572.566666666666,0.9338536522633746,3568.7166666666667,0.9733518767423337
186,RUR8091,RUR8091__Pipnakha,4,C4-HFZ-06,9,,,0,1,106.66666666666669,0.9993827160493827,973.0666666666666,0.9943688271604938,0,1,1906.0166666666669,0.9889698109567902,0,1,1485.0666666666666,0.991405864197531,1.916666666666667,0.9999892659796893,208.2666666666667,0.9987947530864197,745,0.9956886574074075,488.25,0.9968605324074075,2423.766666666668,0.9864260379330944,441.0166666666667,0.9975301485961768,803.7499999999999,0.9950164310515873,1037.7666666666667,0.994188134707288,845.8333333333336,0.9951051311728395,930.0333333333331,0.9947914799880526,2057.266666666667,0.9880945216049384,10643.816666666666,0.9403908116786142
187,KTN4126,KTN4126__DalahNanqal_PT,3,C4-NRW-05,20,,,1390.6166666666666,0.989269933127572,3000.5499999999993,0.9768476080246914,1557.5,0.9879822530864197,702.5,0.994579475308642,0,1,902.5833333333334,0.9930356224279835,1189,0.9908256172839507,4194.983333333334,0.9686754530067703,1585.15,0.9877689043209876,1362.3333333333335,0.9894881687242798,14,0.9998799725651577,256.5,0.9980846774193549,2806.8,0.9790412186379929,0,1,1693.0333333333338,0.9873578753484668,1743.25,0.9865489969135802,2348.366666666667,0.9824644066109119,3667.0666666666666,0.9717047325102881,1097.3,0.9918063022700119
188,MBN6443,MBN6443__S_GulbargTown,3,C4-MBD-08,,E.co,e.coPK018662PU,1696.0333333333335,0.9869133230452676,6496.966666666665,0.9498690843621399,1211.1666666666665,0.9906545781893005,1974.75,0.9847627314814815,3282.35,0.974673225308642,1879.75,0.9854957561728395,2209.2333333333336,0.9829534465020576,6285.566666677594,0.9530647650337695,1882.7166666666667,0.9854728652263374,6320.233333333334,0.951232767489712,2952,0.9746913580246914,4281.9,0.9680264336917562,10551.51666666667,0.9212102996814018,6841.516666666667,0.9434398423721341,5028.4,0.9624522102747909,15641.983333333335,0.8793056841563787,6472.516666666666,0.9516687823576264,2673.0666666666666,0.9793744855967078,3975.133333333334,0.9703171047391477
189,GUJ9449,GUJ9449__S_Saddar Thana Warid_MDGJ4156,3,C4-GUJ-01,27,,,2456.4999999999995,0.981045524691358,2684.083333333333,0.9792894804526749,1577.3333333333335,0.9878292181069959,930.3333333333334,0.9928215020576131,1052.3666666666666,0.9918798868312757,3294.8333333333335,0.974576903292181,504.0833333333332,0.9961104681069959,237.83333333814517,0.9982240641178454,333.5000000000001,0.9974266975308642,167.13333333333333,0.998710390946502,342.08333333333337,0.997067186785551,502.74999999999994,0.9962458930704898,1018.8499999999999,0.9923920997610515,44.5,0.9996321097883597,199.75,0.9985084378733572,3327.2666666666664,0.974326646090535,2246.45,0.9832254330943847,3146.116666666667,0.9757244084362139,3833.9166667046184,0.9713715900036991
190,HFZ5858,HFZ5858_H_Qila Ram Kou Hafizabad,3,C4-HFZ-06,,Enfrashare,EC1-HFZ-08178,0,1,4504.733333333334,0.9652412551440329,3261.5333333333333,0.9748338477366255,3070.3166666666666,0.9763092849794239,7788.433333333333,0.9399040637860082,1567.5,0.9879050925925925,10127.266666666666,0.9218575102880657,1608.8666666666663,0.98798636001593,3891.183333333333,0.9699754372427983,0,1,3987.966666666667,0.9658096136259716,329.5,0.9975395758661888,1194.2000000000003,0.9910827359617681,11.333333333333332,0.9999063051146385,4109.466666666668,0.9693140183193947,20499.433333333334,0.8418253600823046,8220.7,0.9386148446833932,10054.4,0.9224197530864197,9795.366666666669,0.9268565810434091
191,RUR5422,RUR5422__S_SheikhPur,3,C4-GRT-04,,E.Co,e.coPK016380PU,1341.5500000000002,0.9896485339506172,229.5,0.9982291666666667,520.5833333333333,0.9959831532921811,333.25,0.9974286265432099,12311.166666666666,0.9050064300411523,4020.3166666666666,0.9689790380658436,4231.733333333333,0.9673477366255144,3746.7666666768337,0.972022351652652,7662.566666666666,0.9408752572016461,8302.916666666666,0.9359342849794239,11832.2,0.8985579561042525,1095.5666666666666,0.9918192453205894,4377,0.9673163082437276,1098.2,0.9909209656084655,616.1666666666667,0.9953989944245321,9134.933333333336,0.929514403292181,1533.9666666666667,0.9885456491437674,1640.9166666666667,0.9873386059670781,2077.75,0.9844851403823178
192,RUR6405,RUR6405__S_AdamDaraz_CMPak42960,3,C4-WZD-07,,CMPak,CMPak_42960,901.3333333333334,0.993045267489712,20314.733333333326,0.8432505144032922,2439.7500000000005,0.9811747685185185,0,1,27439.666666666668,0.7882741769547325,3397.45,0.9737851080246913,6651.833333333333,0.9486741255144032,2883.433333335972,0.9784689864595582,7068.850000000001,0.9454564043209877,3912.7999999999997,0.9698086419753086,0,1,34.00000000000001,0.9997461170848267,115.50000000000003,0.9991375448028674,589.5833333333334,0.9951257991622575,5912.966666666667,0.9558470230983671,1888.5333333333333,0.9854279835390947,512,0.9961768219832736,53.25,0.9995891203703704,170.5,0.998726851851852
193,RUR9496,Naiabadi_Jhang_Road_HF4123,4,C4-HFZ-06,20,,,1779.45,0.9897022569444445,1182.3833333333332,0.9931575038580247,1122.65,0.9935031828703704,1533.3166666666668,0.9911266396604939,3212.3333333333335,0.9814101080246914,1983.6000000000001,0.9885208333333334,2515.416666666667,0.9854431905864197,2632.0000000055875,0.9852598566307931,1797.5,0.989597800925926,3008.15,0.982591724537037,2108.016666666667,0.9864453660836763,1557.2166666666667,0.9912790285244922,275.33333333333337,0.9984580346475508,277.83333333333337,0.9982773230820107,765.3166666666666,0.9957139523596177,2936.1333333333328,0.9830084876543209,406.5,0.9977234543010752,523.3333333333334,0.9969714506172839,1972.5833333403182,0.9889528263141782
194,GUJ4144,GUJ4144__BBlockSatteliteTown,3,C4-GUJ-01,9,,,0,1,381.74999999999994,0.9970543981481481,421,0.9967515432098766,0,1,256.25,0.998022762345679,0,1,11300.466666666667,0.9128050411522634,176.83333333333331,0.9986795599362803,0,1,872.25,0.993269675925926,461,0.9960476680384087,290,0.9978345280764636,0,1,488.79999999999995,0.9959589947089946,1773.8833333333337,0.9867541567104738,819.4166666666667,0.9936773405349794,108.05000000000001,0.9991931750298686,408,0.9968518518518519,106.25000000000001,0.9992066158900836
195,RUR6085,RUR6085__S_KAPORWALI_ADAWarid_MDSK1890,3,C4-SKT-03,20,,,473.0833333333334,0.9963496656378601,1739.25,0.9865798611111112,11038.833333333336,0.914823816872428,2225.883333333333,0.9828249742798354,1964.8666666666663,0.9848389917695474,380.66666666666663,0.9970627572016462,20069.966666666664,0.845139146090535,8119.383333333334,0.9393713908801274,2391.4333333333334,0.9815475823045268,1846.166666666667,0.9857548868312758,1048.0833333333333,0.9910143747142205,1211,0.9909572879330943,923.6666666666665,0.993102847471127,388.49999999999994,0.9967881944444444,159.91666666666663,0.99880587913182,1401.5333333333333,0.9891856995884774,2963.566666666667,0.9778706192751891,1676.7000000000003,0.9870625,1612.3666666666668,0.9879602250099562
196,SKT3763,SKT3763__SahuWala,4,C4-SKT-03,27,,,1167.1666666666667,0.993245563271605,513.9166666666665,0.9970259452160494,266.41666666666663,0.9984582368827161,1935,0.9888020833333333,3240.916666666667,0.9812446952160494,4306.5166666666655,0.9750780285493827,1547.2500000000002,0.9910460069444444,13559.15000001785,0.9240639000895058,5599.383333333332,0.967596161265432,2856.2333333333336,0.9834708719135803,5145.300000000001,0.9669155092592593,0,1,3116.1666666666665,0.9825483497610514,1017.2499999999998,0.993692646329365,546.75,0.9969380040322581,3699.4666666666662,0.978591049382716,2417.233333333333,0.9864626269414576,3661.766666666667,0.9788092206790124,2739.649999999999,0.984656978046595
197,RUR5756,RUR5756__S_Aroop Warid,3,C4-GUJ-01,,UFONE,3912,1176.8166666666666,0.9909196244855967,1248.8999999999999,0.9903634259259259,50.75000000000001,0.9996084104938272,1215.4166666666667,0.9906217849794239,2283.683333333333,0.9823789866255145,1052.9166666666667,0.9918756430041152,1218.166666666667,0.9906005658436214,3481.9833333370584,0.9739995270808164,102.06666666666669,0.9992124485596707,0,1,1688.6833333333336,0.9855222622313672,1349.6,0.9899223416965353,855.9166666666665,0.9936087465153325,558.3333333333333,0.9953841490299824,533.25,0.9960181451612904,6052.8,0.9532962962962963,7639.2,0.9429569892473119,5818.999999999999,0.9551003086419754,9286.050000000003,0.9306597222222222
198,HWY5981,HWY5981__S_Rajoki Warid_625368,4,C4-WZD-07,20,,,553.4166666666667,0.9967973572530865,652.1666666666669,0.996225887345679,0,1,213.75,0.9987630208333332,213.41666666666669,0.998764949845679,2102.1,0.9878350694444444,2497,0.9855497685185185,651,0.9963541666666668,422.91666666666674,0.9975525655864197,534,0.9969097222222223,221.08333333333334,0.9985784250685872,429.3333333333333,0.9975955794504182,2713.9000000000005,0.9848011872759856,64.16666666666666,0.9996021412037037,921.5833333333334,0.9948388030167264,1330.0000000000002,0.9923032407407407,888.5000000000001,0.9950240815412187,1251.5833333333335,0.9927570408950618,9902.783333333331,0.944540863948626
199,HWY5982,HWY5982__S_Kot Bhukran Warid_365324,4,C4-WZD-07,27,,,4228.183333333333,0.9755313464506173,3878.8333333333335,0.9775530478395063,592.5333333333334,0.996570987654321,566.25,0.9967230902777777,5721.216666666665,0.9668911072530864,13054.35,0.9244539930555555,8403.85,0.9513666087962963,2570.5666666666666,0.9856039053166069,570.8333333333334,0.9966965663580247,535.4166666666667,0.9969015239197531,591.3333333333333,0.9961977023319616,197,0.9988967293906811,2442.433333333333,0.9863214979091995,1095.416666666667,0.9932079819775131,1100.0000000000005,0.993839605734767,3367.116666666667,0.9805143711419753,991.7166666666667,0.9944460312126643,3109.5999999999995,0.9820046296296296,5127.383333333333,0.9712848155615293
200,KHJ6978,KHJ6978__ChakGillanGujrat,3,C4-MBD-08,,GLO,,0,1,480.8666666666667,0.996289609053498,1281.8166666666666,0.9901094393004115,572.2500000000001,0.9955844907407407,1331,0.9897299382716049,785.6666666666666,0.9939377572016461,41,0.9996836419753086,15.75,0.9998823924731183,510.75000000000017,0.9960590277777777,293.16666666666663,0.9977379115226337,125.50000000000003,0.9989240397805212,242,0.9981929510155316,804.8833333333334,0.9939898197929112,418.25,0.9965422453703704,15.333333333333334,0.9998855037833532,148.75000000000003,0.998852237654321,294.5833333333333,0.997800303663879,871.5,0.9932754629629629,915.5833333333333,0.9931632068896854
201,RUR4223,RUR4223__MohallahTahirabad,3,C4-MBD-08,20,,,0,1,1511.0833333333333,0.9883404063786009,0,1,0,1,1611.1000000000001,0.9875686728395061,427.7499999999999,0.9966994598765432,25.25,0.9998051697530864,182.5,0.9986372461170848,950.4666666666667,0.9926661522633745,0,1,49.833333333333336,0.9995727594878829,0,1,455.6333333333333,0.9965977200318598,289.75,0.997604580026455,311.4166666666667,0.9976746067303863,251.25,0.9980613425925925,1076.6999999999996,0.9919601254480287,0,1,1448.2166666666662,0.9891859567901234
202,SKT5510,SKT5510__S_ZeeshanColony,3,C4-SKT-03,,E.Co,e.coPK015635PU,1421.8166666666666,0.9890291923868313,640.8333333333333,0.9950552983539095,32.25,0.9997511574074075,4596.500000000001,0.9645331790123457,1233.9166666666667,0.9904790380658436,335.25,0.9974131944444444,0,1,2126.7166666710127,0.9841194992034721,159.49999999999997,0.9987692901234568,1445.8166666666666,0.9888440072016461,66.91666666666667,0.9994262974394147,419.9166666666667,0.996864421545201,1131.9666666666667,0.9915474412584628,624.6500000000002,0.9948358961640211,38.25,0.99971438172043,1256.5666666666666,0.9903042695473251,1856.1499999999999,0.9861398596176822,118.25,0.9990875771604938,172.75000000000003,0.9987100507765831
203,Hwy8854,Hwy8854__Miangeehotel,4,C4-GRT-04,20,,,2690.583333333334,0.9844294945987655,2040.3999999999996,0.9881921296296297,845.4999999999999,0.9951070601851852,823.3333333333333,0.9952353395061728,1669.9333333333332,0.9903360339506173,1704.5333333333338,0.9901358024691358,678.25,0.9960749421296297,704.1166666666668,0.9960566942951016,57.75,0.9996657986111112,48,0.9997222222222223,0,1,47,0.9997367831541218,1584.1499999999999,0.9911281922043012,23,0.9998573908730158,22.666666666666664,0.9998730585424134,1383.7666666666669,0.9919920910493828,1292.3333333333335,0.9927624701314217,11.333333333333332,0.9999344135802469,355.83333333333337,0.9980072057945041
204,JPJ5673,JPJ5673__S_MangowalSharqi_CMPak40679,3,C4-GRT-04,,CMPak,40679,2469.0833333333335,0.9809484310699588,2791.4999999999995,0.9784606481481481,1000.8666666666664,0.9922772633744856,2983.2000000000003,0.9769814814814815,4253.583333333333,0.9671791409465021,2457.616666666667,0.9810369084362139,1712.9,0.9867831790123457,2485.849999999767,0.9814377986857843,556.3,0.9957075617283951,4894.366666666667,0.9622348251028806,2400.183333333334,0.9794222965249201,4103.366666666667,0.9693595679012346,10875.6,0.9187903225806451,1519.9,0.9874346891534391,1943.2666666666664,0.9854893468737554,15794.049999999997,0.8781323302469136,2380.083333333333,0.9822275736758264,5396.533333333335,0.9583600823045267,5588.233333326503,0.9582718538431414
205,SKG3770,SKG3770__MuslimTown_Shakr,3,C4-NRW-05,30,,,165.75,0.9987210648148148,205.41666666666669,0.9984149948559672,182,0.9985956790123457,350,0.9972993827160493,352.91666666666663,0.9972768775720166,732.3333333333333,0.994349279835391,235,0.9981867283950617,1687.2166666568876,0.9874013092394199,274.7,0.997880401234568,260.16666666666663,0.9979925411522633,0,1,451.25,0.9966304510155317,304.6666666666667,0.9977250099561928,76.83333333333334,0.9993648037918871,337.99999999999994,0.9974761051373955,480.83333333333337,0.996289866255144,481.9166666666667,0.9964014585822382,1930.5000000000002,0.9851041666666667,2005,0.9850283751493428
206,PND5667,PND5667_H_Near Jamia Masjid,3,C4-HFZ-06,,Enfrashare,EC2-PNB-06475,91.33333333333331,0.999295267489712,1465.4833333333333,0.9886922582304527,68.75000000000001,0.9994695216049382,2368.65,0.9817233796296295,6543.883333333333,0.9495070730452675,427.99999999999983,0.9966975308641974,1077.15,0.9916886574074074,141,0.9989471326164875,53.750000000000014,0.999585262345679,4259.216666666666,0.9671356738683127,763.75,0.9934520747599451,13,0.9999029271206691,2707.9166666666665,0.9797795947829551,1032.8333333333333,0.991461364638448,294.99999999999994,0.997797192353644,0,1,360,0.9973118279569892,849.8000000000002,0.9934429012345679,187.08333333333334,0.9986030217045002
207,TMK8993,TMK8993__BhattiBhango,3,C4-GUJ-01,27,,,582.1666666666666,0.9955079732510288,221.75000000000006,0.9982889660493827,26.75,0.9997935956790124,632.7499999999998,0.9951176697530865,0,1,169.00000000000003,0.998695987654321,1551,0.9880324074074075,586.0500000000001,0.9956238799283155,568.8333333333333,0.995610853909465,0,1,1395.2500000000002,0.9880379801097393,2385.4500000000003,0.9821875,2394.55,0.9821195489844683,416.3000000000001,0.9965583664021165,0,1,2022.6000000000006,0.9843935185185185,3460.600000000001,0.9741591995221027,5068.449999999999,0.9608915895061729,3606.066666584943,0.9730729788934817
208,JPJ6312,JPJ6312__S_Ittefaq_Colony_MDJJ1561,3,C4-GRT-04,20,,,13.5,0.9998958333333333,209.24999999999994,0.9983854166666667,6.999999999999999,0.999945987654321,0,1,232.5,0.9982060185185184,0,1,0,1,3592.5499999999997,0.9731739097968937,0,1,108.16666666666666,0.9991653806584363,0,1,463.2500000000001,0.9965408452807647,397.79999999999995,0.9970295698924732,279.40000000000003,0.9976901455026455,0,1,607.2833333333333,0.9953141718106996,70.58333333333331,0.9994729440461967,0,1,156.75,0.9988295250896058
209,HWY8851,HWY8851__NauthaSukheki,3,C4-HFZ-06,9,,,3186.7999999999997,0.9754104938271605,1552.416666666667,0.9880214763374485,2869.333333333333,0.9778600823045268,2425.4500000000007,0.9812851080246914,5565.633333333334,0.9570552983539095,3440.266666666667,0.973454732510288,17452.283333333333,0.8653373199588478,5663.766666665969,0.9577078355237009,5677.183333333333,0.9561945730452674,5680.2666666666655,0.9561707818930042,3047.8833333333328,0.9738693129858254,11905.999999999998,0.9110961768219833,3576.5499999999997,0.9732933841099164,1335.2333333333338,0.988961364638448,1699,0.987313321385902,4402.466666666667,0.9660303497942386,1021.5,0.9923723118279569,1585.233333333334,0.9877682613168725,1272.1833333333334,0.9905004231381919
210,GUJ9439,GUJ9439__S_Sec Y-People Cnly Warid_MDGJ4223,5,C4-GUJ-01,30,,,1760.7499999999998,0.9918483796296296,2792.25,0.9870729166666666,1511.6666666666665,0.9930015432098765,2635.5833333333335,0.9877982253086419,14637.483333333337,0.9322338734567901,12004.083333333334,0.9444255401234568,11080.5,0.9487013888888889,8441.71666663174,0.9621786887695711,6791.333333333333,0.9685586419753086,3868.2166666666662,0.9820915895061728,5507.999999999999,0.9716666666666667,7416.999999999999,0.9667697132616487,7098.400000000001,0.9681971326164874,2764.5833333333335,0.9862867890211641,1502.0833333333335,0.9932702359617681,5396.333333333334,0.975016975308642,2597.3333333333335,0.988363201911589,7723.800000000001,0.9642416666666667,15644.833333401939,0.9299066606926436
211,RUR4914,RUR4914__PHADohballa,3,C4-MBD-08,20,,,177.83333333333331,0.998627829218107,1131.0666666666664,0.991272633744856,175.55,0.9986454475308641,1328.0833333333333,0.9897524434156378,1581.5333333333335,0.9877968106995886,108.81666666666666,0.9991603652263374,1471.5,0.9886458333333333,2193.4333333333334,0.9836213162086819,788.3166666666666,0.9939173096707818,911.1666666666666,0.9929693930041152,3398.433333333333,0.9708639117512574,883.4833333333332,0.9934029022301871,225.75,0.9983142921146954,134.74999999999997,0.9988859953703704,8.75,0.9999346624850657,80.75000000000001,0.9993769290123456,28.58333333333333,0.9997865641178814,0,1,1110.3000000000002,0.9917092293906811
212,SOH4009,SOH4009__AddaSodra,4,C4-WZD-07,27,,,425.33333333333337,0.9975385802469136,0,1,0,1,140.09999999999997,0.9991892361111111,1276.0666666666666,0.9926153549382716,6.083333333333333,0.9999647955246914,390.5833333333333,0.9977396797839506,2611.7500000201007,0.9853732638887763,419.78333333333336,0.9975706983024692,436.74999999999994,0.997472511574074,75.33333333333331,0.9995156035665295,44.56666666666666,0.999750410692951,1148.1000000000001,0.9935702284946237,0,1,0,1,0,1,256.1666666666667,0.9985653748506571,911.5833333333333,0.9947246334876543,3023.333333333333,0.9830682497013141
213,RUR9739,RUR9739__MaralaMore,3,C4-NRW-05,20,,,391.7166666666667,0.996977494855967,723.3166666666668,0.9944188528806585,597.5,0.9953896604938273,853.3833333333334,0.9934152520576132,1967.0666666666675,0.9848220164609053,732.1666666666665,0.9943505658436215,0,1,799.3,0.9940315113500597,848.8166666666668,0.9934504886831276,5.166666666666667,0.999960133744856,147.83333333333331,0.9987325674439872,680.3333333333333,0.9949198526483473,661.5,0.9950604838709677,165.6666666666667,0.9986304012345678,0,1,897.3333333333334,0.9930761316872427,277.5833333333333,0.9979272451214655,916.5833333333331,0.9929275977366255,967.9166666666667,0.9927724263241737
214,KHJ6977,KHJ6977__GaduKalanPhalia,3,C4-MBD-08,,GLO,,0,1,0,1,0,1,556.9166666666667,0.9957028034979425,473.7499999999999,0.9963445216049382,74.75000000000001,0.999423225308642,0,1,10.75,0.9999197281959379,46.416666666666664,0.9996418467078189,0,1,0,1,29.75,0.9997778524492235,235.75,0.9982396206690562,134.74999999999997,0.9988859953703704,0,1,0,1,0,1,376.08333333333337,0.9970981224279835,495.4,0.9963007765830346
215,RUR6098,RUR6098__S_GondalWarid_MDSK3985,3,C4-SKT-03,,Ufone,3472,2539.333333333333,0.980406378600823,5102.5,0.9606288580246914,1526.35,0.9882226080246913,1074.6666666666665,0.9917078189300412,10141.566666666666,0.921747170781893,3217.75,0.9751716820987655,4962.216666666667,0.9617112911522634,8318.916666691812,0.937881446634619,2513.9666666666662,0.9806021090534979,3304.166666666667,0.9745048868312758,3618,0.9689814814814816,1518.6166666666668,0.9886602698128236,7384.566666666666,0.9448583731581043,1012.8499999999999,0.9916265707671958,307.35,0.9977049731182795,5043.166666666666,0.9610866769547326,0,1,2853.9,0.9779791666666666,455.0666666666667,0.9966019514137794
216,RUR6446,RUR6446_S_ChakMuslim,3,C4-GUJ-01,,Enfrashare,EC1-GUJ-04623,0,1,219.8333333333333,0.9983037551440329,1482,0.9885648148148148,213.33333333333331,0.9983539094650206,6923.233333333334,0.9465799897119342,50.25,0.9996122685185185,729.5,0.9943711419753086,209.38333333333335,0.9984365043807248,183.49999999999997,0.9985841049382717,692.8499999999999,0.9946539351851853,867.1666666666667,0.9925654435299497,1060.35,0.9920822132616487,2499.4999999999995,0.981335872162485,27.25,0.999774718915344,423.28333333333336,0.9968392821585026,1905.6499999999999,0.9852959104938271,4431.666666666666,0.9669081043409001,1391.75,0.9892611882716049,515.9999999999999,0.996146953405018
217,PMD9665,PMD9665__Pindi_Mandla,3,C4-SKT-03,27,,,1843.9166666666665,0.9857722479423869,4097.8,0.9683811728395062,1300.0166666666669,0.989969007201646,3933.2333333333336,0.969650977366255,5331.15,0.9588645833333334,1764.6666666666667,0.9863837448559671,417.16666666666663,0.996781121399177,8291.266666646254,0.9380879131821516,2561.583333333333,0.9802346965020575,651.5833333333333,0.9949723508230452,689.6666666666666,0.9940872199359854,261.6,0.9980465949820788,404.11666666666673,0.996982402429311,624.8333333333335,0.9948343805114638,1156.7333333333333,0.9913625049780964,1277.4,0.9901435185185186,535.7,0.9959998506571087,995.3333333333333,0.9923199588477367,309.3333333333333,0.9976901632815611
218,RUR3107,RUR3107__ThakarkayWarraich,3,C4-HFZ-06,,GLO,,0,1,1676.8333333333333,0.9870614711934157,0,1,1112.8333333333333,0.9914133230452675,3830.033333333333,0.9704472736625515,0,1,1216.4999999999998,0.9906134259259259,873.4166666666666,0.993478071485464,424.41666666666674,0.9967251800411523,1227.3833333333332,0.9905294495884773,324.5000000000001,0.9972179355281208,0,1,1210.8000000000002,0.9909587813620071,0,1,399.24999999999994,0.9970187425328554,891.8000000000002,0.9931188271604938,866.2833333333333,0.9935313371166866,1555.3333333333335,0.9879989711934156,0,1
219,NRW5820,NRW5820_H_Ransinwal road Narowal,3,C4-NRW-05,,Enfrashare,EC1-NRW-07811,1874.25,0.9855381944444445,1937.5,0.9850501543209876,258.75,0.9980034722222223,0,1,3320.7000000000003,0.9743773148148148,176.83333333333334,0.9986355452674897,119,0.9990817901234569,4661.199999999999,0.9651941457586619,256.75,0.9980189043209876,2211.7833333333338,0.9829337705761317,1292.083333333333,0.988922467992684,1239.8833333333332,0.9907416119076065,2082.4,0.9844504181600956,804.9999999999999,0.9933449074074074,950.4999999999999,0.9929024790919952,390.3333333333333,0.9969881687242799,882.1666666666667,0.9934127339705298,4799.816666666667,0.9629643775720165,2653.1666666666665,0.9801884209478295
220,RUR5583,RUR5583__S_ChakPindi_Ufone1362,3,C4-GRT-04,,UFone,CI-1362,12.25,0.9999054783950618,0,1,0,1,0,1,13112.216666666665,0.8988254886831275,1283.0833333333335,0.9900996656378601,26.25,0.9997974537037037,1461.149999991385,0.9890893817204944,43.91666666666667,0.9996611368312758,130.5,0.9989930555555556,27.083333333333336,0.9997678040695015,0,1,5.000000000000001,0.9999626642771804,830.0833333333333,0.993137538580247,1601.833333333333,0.9880388789326962,7.250000000000001,0.9999440586419753,3924.0333333333333,0.970698675826364,3170.9000000000005,0.9755331790123456,39.25,0.9997069145758662
221,RUR5551,RUR5551__S_SouthKarnana,3,C4-GRT-04,,E.Co,e.coPK000978PU,2425.75,0.9812827932098765,2219.3333333333335,0.9828755144032922,160.5,0.9987615740740741,3639.6166666666663,0.9719165380658435,8545.5,0.9340625,3117.6166666666672,0.9759443158436214,1179.4,0.9908996913580246,3655.6333333331004,0.9727028574273215,1414.5,0.9890856481481481,6496.916666666667,0.949869470164609,3062.1666666666665,0.9737468564243256,977.0000000000001,0.9927045997610514,1915.5,0.9856966845878137,1650.4833333333336,0.9863551311728395,6659.5,0.9502725507765831,9056.166666666666,0.930122170781893,6244.583333333333,0.9533707935085622,5013.95,0.9613121141975308,8829.149999994645,0.9340714605735166
222,KHR1399,KHR1399__NeaAra,4,C4-MBD-08,,,,2126.5,0.9876938657407408,2436.083333333333,0.9859022955246914,903.6666666666666,0.9947704475308642,905.2500000000002,0.9947612847222222,289.9166666666667,0.9983222415123457,0,1,2005.6666666666688,0.9883931327160493,105.66666666666669,0.9994082287933094,1268.5333333333333,0.992658950617284,0,1,277.83333333333326,0.9982135202331962,367.2499999999999,0.9979432683691756,425.5833333333334,0.9976165807945041,939.2833333333333,0.9941760706018519,0,1,2004.1666666666665,0.9884018132716049,0,1,20.583333333333336,0.9998808834876542,86.6666666691502,0.9995146356033314
223,RUR8090,RUR8090_University_of_Gujrat,3,C4-GRT-04,,GLO,7864,1152.5,0.9911072530864198,2167.75,0.9832735339506173,771.6666666666665,0.9940457818930041,2,0.9999845679012346,1073.9333333333334,0.9917134773662553,0,1,499.80000000000007,0.9961435185185185,965.7999999819634,0.992788231780302,1496.1166666666666,0.9884558899176955,77.13333333333334,0.9994048353909464,162.91666666666669,0.9986032521719249,2756.333333333333,0.979418060533652,384.41666666666674,0.9971295051772202,1402.1,0.9884085648148148,2032.85,0.9848204151732378,7177.9,0.9446149691358025,3839.883333333333,0.9713270360414178,4830.116666666667,0.9627305812757201,2719.616666672487,0.9796922291915137
224,RUR4037,RUR4037__JarpalExchange4_A,3,C4-NRW-05,20,,,27.249999999999996,0.999789737654321,851.7500000000001,0.9934278549382717,760.333333333333,0.9941332304526749,128.50000000000003,0.999008487654321,6607.0666666666675,0.9490195473251029,502.9166666666667,0.996119470164609,828.4666666666667,0.9936075102880659,1292.1333333333332,0.9903514536041418,2739.9666666666667,0.9788582818930042,0,1,176.91666666666663,0.9984832247370828,2691.066666666666,0.9799054161688571,3970.5166666666664,0.9703515780565511,46.66666666666666,0.9996141975308642,256.5,0.9980846774193549,1049.7666666666664,0.9918999485596707,1776.7500000000002,0.9867327508960574,2157.316666666666,0.9833540380658436,7096.25,0.9470112753882916
225,RUR8109,RUR8109__P_Machonica_PindWarid_315347,3,C4-HFZ-06,20,,,94.25,0.999272762345679,38.25,0.9997048611111111,418.75,0.9967689043209876,0,1,0,1,495.4666666666666,0.9961769547325103,762,0.9941203703703704,282.9666666666667,0.9978870469932297,181.91666666666666,0.998596322016461,3680.733333333333,0.971599279835391,63.000000000000014,0.9994598765432099,250.04999999999998,0.9981328405017921,167.33333333333334,0.9987504978096376,259.25,0.9978567294973546,0,1,1058.9166666666665,0.9918293467078189,424.83333333333326,0.9968277080844286,728.95,0.9943753858024691,677.1333333333333,0.9949437475109518
226,RUR6322,RUR6322__S_Sohawra_RL_RUR5697,3,C4-NRW-05,,E.Co,e.coPK018377PU,0,1,760.6666666666665,0.994130658436214,0,1,1604.3333333333335,0.9876208847736625,14587.883333333335,0.8874391718106996,19499.433333333334,0.8495414094650205,17018.95,0.8686809413580246,15663.7,0.8830368876941458,4416.883333333334,0.9659191100823046,8204.433333333334,0.9366941872427984,10888.233333333334,0.9066509487882946,22660.56666666667,0.8307902727996813,10186.35,0.9239370519713261,2210.75,0.9817232969576719,3350.2833333333333,0.9749829500199124,2771.1500000000005,0.9786176697530864,4722.866666666667,0.9647336718438869,5465.233333333334,0.9578299897119342,3680.7666666628947,0.9725151831939748
227,JPS8766,JPS8766__SiyamCollege,3,C4-GRT-04,20,,,1329.4166666666667,0.9897421553497943,273.20000000000005,0.997891975308642,0,1,0,1,512.9166666666666,0.996042309670782,776.9166666666667,0.9940052726337448,449.25,0.9965335648148148,637.4999999821497,0.995239695340635,2254.5499999999997,0.9826037808641975,1810.8166666666666,0.9860276491769546,206.48333333333332,0.9982297382258802,2.083333333333333,0.9999844434488252,15,0.9998879928315412,97.66666666666666,0.9991925705467373,8.25,0.9999383960573476,77,0.9994058641975309,618.2500000000001,0.9953834378733571,71.5,0.9994483024691359,1605.6333333333332,0.9880105037833532
228,NVK6925,NVK6925__MattoBaikayRd,3,C4-HFZ-06,9,,,871.3333333333333,0.9932767489711933,72.08333333333334,0.9994438014403292,97.5,0.9992476851851851,299.66666666666663,0.9976877572016462,709.9999999999999,0.9945216049382717,211,0.998371913580247,1303.3833333333332,0.989943029835391,163,0.9987828554360813,169.08333333333334,0.9986953446502058,426.96666666666664,0.9967055041152264,401.5,0.9965577846364883,138.49999999999997,0.9989658004778973,0,1,272,0.9977513227513228,670.7499999999999,0.9949914127837515,321.5,0.9975192901234569,294.6333333333333,0.9977999303066507,27.75,0.9997858796296296,0,1
229,SKT3425,SKT3425__CanttPlazaSlkttCantt,3,C4-SKT-03,31,,,1505.9166666666665,0.9883802726337448,1394.9166666666665,0.9892367541152264,445,0.9965663580246914,601.75,0.9953568672839507,8197.500000000002,0.9367476851851851,5324.15,0.9589185956790124,6527.233333333334,0.9496355452674896,10162.849999910517,0.9241125298692464,7976.166666666668,0.9384555041152264,0,1,0,1,1324.8333333333335,0.9901072779769017,2423.3500000000004,0.9819044952210275,0,1,0,1,0,1,0,1,2349.5,0.9818711419753086,0,1
230,WZB4220,WZB4220__WazirabadBypas,3,C4-WZD-07,,GLO,,0,1,0,1,13.25,0.999897762345679,2424.183333333333,0.9812948816872428,4359.566666666667,0.9663613683127572,160,0.9987654320987654,0,1,431,0.996781660692951,704.0833333333333,0.9945672582304526,157.25,0.9987866512345679,782.3333333333333,0.9932927526291724,0,1,1490.3166666666664,0.9888715900039824,0,1,260.16666666666663,0.9980572978892872,3943.5000000000005,0.9695717592592592,5195.599999999999,0.9612037037037037,4757.9,0.9632878086419753,5536.566666666666,0.9586576563122261
231,GJR5765,GJR5765__S_KalraKalan,3,C4-GRT-04,,Enfrashare,EC1-GUT-02327,1455.9166666666667,0.9887660751028807,852.7499999999998,0.9934201388888888,86.75000000000001,0.9993306327160494,167.2,0.9987098765432099,447.5000000000001,0.9965470679012346,92.49999999999999,0.9992862654320988,1099.9,0.9915131172839505,1199.2,0.9910454002389486,3074.3500000000004,0.9762781635802469,2579.0833333333335,0.9800996656378601,1482.0500000000002,0.9872938100137173,548.4666666666667,0.9959045201115093,3754.1333333333337,0.9719673436877738,315.4166666666667,0.9973923886684304,1047.5,0.992178166069295,675.3333333333334,0.9947890946502058,221.75,0.9983441606929511,1129.1500000000003,0.9912874228395061,1945.4333333333336,0.9854731680605336
232,GUJ5505,GUJ5505__S_ShadmanColony_Ufone3910,3,C4-GUJ-01,,Ufone,3910,528.4166666666667,0.9959227109053498,622.2833333333333,0.9951984310699588,0,1,14975.866666666669,0.8844454732510287,7314.4000000000015,0.9435617283950617,4105.7,0.9683202160493828,3892.7833333333333,0.969963091563786,3460.166666666667,0.9741624352847471,49.250000000000014,0.9996199845679012,1332.15,0.9897210648148147,2407.3333333333335,0.9793609967992684,2390.85,0.9821471774193549,2895.4166666666674,0.9783795051772202,1334.9499999999998,0.988963707010582,0,1,2596.7000000000003,0.9799637345679012,6729.25,0.9497517174432497,7800.066666666667,0.9398143004115227,13119.366666666667,0.902035792512943
233,RUR6532,RUR6532__S_Chella,3,C4-SKT-03,,ATL,ATSLK18,1561.1666666666667,0.9879539609053498,162.99999999999997,0.9987422839506174,0,1,1121.75,0.9913445216049382,5777.9833333333345,0.9554167952674897,15.5,0.9998804012345679,621,0.9952083333333333,7343.666666666665,0.9451637793707687,1293.15,0.9900219907407407,5.916666666666667,0.9999543467078189,874.0499999999998,0.9925064300411524,19.5,0.9998543906810036,1873.9,0.9860073178016726,596.05,0.9950723379629629,971.7999999999998,0.9927434289127838,377.9,0.9970841049382716,0,1,603.5999999999999,0.9953425925925926,0,1
234,RUR3737,RUR3737__GUJThakarkay,3,C4-HFZ-06,9,,,228.91666666666666,0.9982336676954732,389.8333333333332,0.9969920267489712,1149.7666666666669,0.9911283436213992,2092.383333333333,0.983855066872428,1842.5666666666668,0.9857826646090535,0,1,46.75,0.9996392746913579,182.74999999999997,0.9986353793309438,991.1666666666665,0.9923521090534979,0,1,1909.5,0.9836291152263376,144.50000000000003,0.9989209976105137,0,1,0,1,45.50000000000001,0.9996602449223417,497.5833333333333,0.9961606224279835,223.13333333333335,0.9983338311429709,2228.3,0.9828063271604939,2772.7166666666667,0.9792957238152131
235,SKT3154,SKT3154__Opp_Masjid_Molvi,3,C4-SKT-03,31,,,281.83333333333337,0.9978253600823045,2471.833333333333,0.9809272119341564,1045.7500000000002,0.9919309413580247,306.2500000000001,0.9976369598765431,4628.366666666666,0.9642872942386832,1422.1666666666665,0.9890264917695474,775.8333333333333,0.9940136316872428,4160.766666625223,0.9689309538035751,2158.8333333333335,0.9833423353909465,795.3333333333334,0.9938631687242798,561.3166666666666,0.9951876143118428,485.16666666666674,0.9963771903624054,3971.0499999999993,0.9703475955794504,1332.4499999999998,0.988984375,2056.316666666667,0.9846451861808044,897.1666666666666,0.9930774176954732,1328.3166666666666,0.9900812674233372,1499.8333333333333,0.9884272119341564,539.4666666666667,0.9959717244125846
236,PMD6133,PMD6133__S_PindPanjoranWarid_MDSK7574,3,C4-SKT-03,,CMPak,5896,0,1,641.4833333333333,0.9950502829218106,0,1,40787.26666666666,0.6852834362139917,3851.5666666666666,0.970281121399177,1045.9,0.9919297839506173,43.5,0.9996643518518519,9835.30000000433,0.9265583930704575,0,1,3017.0333333333333,0.9767204218106995,0,1,32.00000000000001,0.9997610513739547,2937.2,0.9780675029868579,0,1,0,1,0,1,895.9166666666667,0.9933100607327758,2827.2333333333336,0.9781849279835392,0,1
237,SKT1608,SKT1608__S_Pasroor Road_MDSK4183,3,C4-SKT-03,30,,,12152.866666666665,0.9062278806584362,5028.45,0.9612002314814815,4205.95,0.9675466820987654,2502.9166666666665,0.980687371399177,8449.233333333332,0.9348052983539096,879.6666666666666,0.9932124485596708,3757.75,0.9710050154320987,7702.76666665945,0.9424823277579193,1287.5,0.9900655864197531,296.49999999999994,0.9977121913580247,92.25,0.9992091049382716,442,0.9966995221027478,698.9166666666667,0.9947810882118678,281.4166666666667,0.997673473324515,802.8833333333333,0.994004754082039,1128.6666666666667,0.9912911522633745,3906.383333333334,0.9708304709279172,16902.983333333334,0.8695757458847737,4833.58333332107,0.9639069344883433
238,RUR0887,RUR0887__Fateh_pur,3,C4-NRW-05,,GLO,,5.25,0.9999594907407408,118.58333333333334,0.9990850051440329,62.75000000000001,0.9995158179012346,596.4166666666666,0.9953980195473251,2535.2,0.9804382716049383,1651.0833333333335,0.9872601594650205,677.5000000000001,0.9947723765432098,2538.45,0.9810450268817205,0,1,378.8,0.9970771604938271,2394.45,0.9794714506172839,355.91666666666663,0.997342318797292,1780.0333333333333,0.9867082337714058,186.74999999999994,0.9984561011904762,505.0833333333333,0.996228469733174,1350.7666666666669,0.9895774176954732,3247.7333333333336,0.9757487056949422,1591.1666666666667,0.9877224794238683,3979.7833333333333,0.9702823825169256
239,RUR0434,RUR0434__ ChowkySukhakey,3,C4-HFZ-06,9,,,561.8333333333334,0.995664866255144,119.58333333333334,0.9990772890946502,1293,0.9900231481481481,1801,0.9861033950617284,1247.3833333333334,0.990375128600823,434.7,0.9966458333333335,1276.9833333333336,0.9901467335390945,954.8333333143966,0.992870121465693,1011.4000000000002,0.9921959876543209,2747.2166666666667,0.9788023405349794,1196.3000000000002,0.9897436556927297,1259,0.9905988649940263,1543.65,0.9884733422939068,0,1,549.1666666666667,0.9958992931103146,3874.366666666667,0.970105195473251,1365.3666666666668,0.9898046097172442,374.85,0.9971076388888889,0,1
240,RUR8158,RUR8158_IkhlasPur,3,C4-NRW-05,,UFONE,CI-1052,865.1666666666666,0.9933243312757202,315.41666666666663,0.9975662294238683,75,0.9994212962962963,2499.6500000000005,0.9807125771604939,6485.866666666667,0.9499547325102882,1601.4499999999998,0.9876431327160493,1480.9166666666667,0.9885731738683127,17158.833333339153,0.8718725109517687,8270.916666666668,0.9361811985596709,2755.833333333334,0.978735853909465,1871.7500000000002,0.9839527606310015,1584.75,0.9881664426523298,1500.2833333333335,0.988797167463162,696.4166666666667,0.9942425870811288,1390.0833333333333,0.989620046794106,2076.1666666666665,0.9839801954732511,2154.1,0.9839150238948626,13986.266666666666,0.8920812757201646,512.5,0.9961730884109916
241,SKT5596,SKT5596_H_Gondewali Road Tibbi Sialkot,3,C4-SKT-03,,CMPak,40736,0,1,1008.4166666666667,0.9922190072016461,142.24999999999997,0.9989023919753086,23,0.9998225308641975,153.16666666666669,0.9988181584362139,246,0.9981018518518519,7043.633333333333,0.9456509773662551,4718.333333333333,0.9647675228992434,8795.583333333334,0.9321328446502057,2679.0333333333338,0.9793284465020576,5468.233333333333,0.953118712848651,42.24999999999999,0.9996845131421744,30.83333333333333,0.9997697630426126,0,1,0,1,453.9166666666665,0.9964975565843622,0,1,0,1,27.83333333333333,0.9997921644763043
242,RUR6445,RUR6445__S_AdaRaiGujranwala,3,C4-GUJ-01,,E.co,e.coPK018664PU,114.83333333333334,0.9991139403292181,1297.3333333333335,0.9899897119341564,0,1,0,1,3117.25,0.9759471450617283,4226.533333333334,0.9673878600823045,1502.2666666666669,0.9884084362139918,0,1,0,1,0,1,0,1,847.8333333333333,0.9936691059338909,84.50000000000001,0.999369026284349,373.8333333333333,0.99690944664903,0,1,3139.816666666666,0.9757730195473251,6537.700000000001,0.9511820489844683,4482.650000000001,0.965411651234568,13231.766666666668,0.9011964854639587
243,SKT5523,SKT5523__S_GreenWoodStLatefabad,3,C4-SKT-03,,Enfrashare,EC1-SKT-02081,7.083333333333334,0.9999453446502058,100.33333333333334,0.9992258230452675,4869.4333333333325,0.9624272119341564,0,1,0,1,1450.95,0.9888043981481482,1676.1999999999998,0.9870663580246913,11533.033333344976,0.9138811728394193,1174.4666666666667,0.9909377572016461,7.5,0.9999421296296296,447.2499999999999,0.9961655521262003,94.83333333333331,0.9992918657905218,154.58333333333334,0.9988457039028276,0,1,0,1,837.1666666666666,0.9935403806584362,374.0833333333333,0.9972066656710474,449.75,0.9965297067901234,1114.3833333538223,0.9916787385502254
244,RUR9502,RUR9502__S_Bhoman Batth_QD5087,4,C4-HFZ-06,,Ufone,3357,115,0.9993344907407408,294,0.9982986111111112,0,1,0,1,5288.933333333333,0.9693927469135802,1764.5,0.9897887731481481,3596.083333333333,0.9791893325617284,0,1,0,1,452.3333333333333,0.9973823302469136,1095.0666666666666,0.9929586762688615,2086.4333333333334,0.9883152255077658,828.9166666666666,0.9953577695639187,1548.6666666666672,0.9903976521164022,5755.133333333333,0.9677691905615293,20956.200000000004,0.8787256944444444,7611.883333333333,0.9573707250597372,6585.950000000001,0.9618868634259259,4946.266666666666,0.9722991338112306
245,RUR6517,RUR6517__S_Gangohar,3,C4-NRW-05,,E.co,e.coPK019218PU,4200.866666666667,0.9675859053497942,3949.75,0.9695235339506173,3296.55,0.9745636574074074,10206.900000000001,0.9212430555555555,18777.850000000002,0.8551091820987654,3676.5833333333335,0.9716313014403292,10461.500000000002,0.919278549382716,17137.000000002485,0.8720355436081058,6339.750000000001,0.9510821759259259,8646.716666666665,0.9332815072016462,7195.333333333334,0.9383116140832191,9276.466666666667,0.9307312823576264,17443.600000000002,0.8697461170848267,4170.3,0.9655233134920636,13945.299999999997,0.8958684289127838,21648.900000000005,0.8329560185185184,9780.733333333332,0.9269658502588611,11763.400000000001,0.909233024691358,6431.616666666668,0.9519741885702908
246,RUR0373,RUR0373__Bharoki_New,3,C4-WZD-07,,GLO,,284.75000000000006,0.9978028549382717,640.9999999999998,0.995054012345679,273.3999999999999,0.9978904320987654,123.24999999999999,0.9990489969135803,3071.616666666667,0.9762992541152263,305.3333333333333,0.9976440329218107,653,0.9949614197530865,2556.23333338097,0.9809122361605364,3701.016666666666,0.9714427726337449,1612.5833333333333,0.9875572273662552,0,1,98.50000000000003,0.9992644862604539,1825.4166666666667,0.9863693498606133,143.75,0.9988115906084656,0,1,114.33333333333334,0.9991177983539095,321.41666666666674,0.9975999352847471,1792.333333333333,0.986170267489712,729.6333333333331,0.994551722421346
247,GUJ6119,GUJ6119__S_KashmirRdFaridTown_CMPak4266,3,C4-GUJ-01,,CMPak,CMPak4266,3715.833333333333,0.9713284465020575,6049.45,0.9533221450617284,794.5000000000001,0.9938695987654321,1667.2500000000002,0.9871354166666667,5428.733333333333,0.9581116255144033,2681.1166666666663,0.9793123713991769,8506.95,0.9343599537037036,10309.683333350004,0.9230161041416517,3695.8999999999996,0.9714822530864197,3732.733333333333,0.9711980452674897,4810.866666666667,0.9587545724737083,5744.283333333333,0.957106605933891,8448.550000000001,0.9369134557945041,650.7499999999998,0.9946201223544974,7.416666666666667,0.9999446186778177,127.00000000000003,0.9990200617283951,0,1,188.41666666666669,0.9985461676954732,4729.000000000001,0.9646878733572283
248,RUR5664,RUR5664_H_USF_USLK017_Langah Narowal,4,C4-NRW-05,,Enfrashare,EC1-SKT-06958,2161.833333333333,0.9874893904320987,3059.0833333333335,0.9822969714506173,2515.75,0.9854412615740741,922.5833333333334,0.994660976080247,0,1,2616.4333333333334,0.9848586033950617,1580.0833333333335,0.9908559992283951,5744.1,0.9678309811827956,4570.099999999999,0.973552662037037,4269.833333333334,0.9752903163580247,262.16666666666663,0.9983142575445817,509.58333333333326,0.9971461506869772,5765.583333333334,0.9677106668160096,0,1,2312.666666666667,0.987048237753883,2363.483333333333,0.9863224344135803,5694.616666666668,0.9681081055854242,5164.666666666666,0.9701118827160493,2071.9333333333334,0.9883964307048985
249,RUR1087,RUR1087_Majra,3,C4-WZD-07,,GLO,,393.7500000000001,0.9969618055555556,0,1,4.749999999999999,0.9999633487654321,0,1,3321.4833333333336,0.9743712705761317,1984.0833333333333,0.9846907150205761,1196.75,0.9907658179012345,7918.4,0.9408721624850657,4209.883333333333,0.9675163323045267,510.91666666666663,0.9960577417695474,0,1,622.8,0.9953494623655914,2494.6499999999996,0.9813720878136201,104.55000000000001,0.9991356646825396,194.25,0.9985495071684588,736.2499999999998,0.9943190586419753,2420.2,0.9819280167264038,544.2333333333333,0.9958006687242797,1546.0833333333333,0.9884551722421346
250,DDL9708,DDL9708__Hurr_Kalan_Dhadgal,4,C4-NRW-05,31,,,0,1,360.6666666666667,0.9979128086419753,0,1,3607.916666666666,0.9791208526234568,4686.966666666666,0.972876350308642,4431.1833333333325,0.9743565779320987,6241.433333333333,0.9638805941358025,3643.533333333333,0.9795949074074075,4364.966666666666,0.9747397762345679,3843.25,0.9777589699074075,2598.2500000000005,0.9832931455761318,2262,0.9873319892473118,2848.9,0.9840451388888889,73.08333333333333,0.9995468543320106,1875.0833333333333,0.9894988612604539,1952.483333333333,0.9887009066358025,1927,0.9892081093189964,4277.583333333334,0.9752454668209876,2951.2500000000005,0.9834719422043011
251,DDL4094,DDL4094__GhogalPur,3,C4-NRW-05,20,,,1161.5833333333333,0.99103716563786,509.66666666666663,0.9960673868312757,257.49999999999994,0.9980131172839506,2277.166666666667,0.9824292695473251,3292.016666666667,0.9745986368312757,2349.3333333333335,0.981872427983539,5586.433333333333,0.956894804526749,6118.449999987271,0.9543126493429864,2272.5666666666666,0.9824647633744855,1664.25,0.9871585648148148,905.8166666666666,0.9922340820759031,142.74999999999997,0.9989340651135007,2199.7999999999993,0.9835737753882916,191.25000000000006,0.9984188988095238,2078.5499999999997,0.9844791666666667,985.4999999999999,0.9923958333333333,1240.5833333333335,0.9907363849064117,3097.583333333333,0.9760988940329218,2038.116666666667,0.9847810882118678
252,SKT9472,SKT9472__S_Muslim Town SKT_MDSK4175,3,C4-SKT-03,27,,,127.58333333333334,0.9990155606995884,276.6666666666667,0.9978652263374486,0,1,436.20000000000005,0.9966342592592592,2566.666666666666,0.9801954732510287,2798.583333333333,0.9784059927983538,2849.2500000000005,0.9780150462962963,16019.616666668993,0.8803792064914202,2573.816666666667,0.9801403034979423,2466.9333333333334,0.9809650205761317,2018.8166666666668,0.9826919010059442,74.58333333333333,0.9994430754679411,0,1,302.5833333333333,0.9974984843474427,0,1,989.25,0.992366898148148,116.41666666666664,0.9991306999203505,188.25,0.9985474537037037,559.5,0.9958221326164874
253,KTL4948,KTL4948__KotliLoharanEast,4,C4-SKT-03,27,,,3026.183333333333,0.9824873649691358,3936.183333333334,0.9772211612654321,575.5666666666666,0.9966691743827161,380.08333333333337,0.9978004436728395,40661.71666666665,0.764689139660494,379.75,0.9978023726851852,52744.36666666666,0.6947663966049383,8427.71666666083,0.952801765979722,192.41666666666666,0.9988864776234568,3975.6333333333328,0.976992862654321,6273.333333333333,0.9596622085048011,3227.0333333333338,0.9819274566905615,2152.9166666666665,0.9879428950119474,285.16666666666663,0.998231853505291,353.83333333333337,0.9980184065113501,2015.3500000000001,0.9883370949074074,1189.2500000000002,0.9933397737455197,1256.25,0.9927300347222223,600.1666666666666,0.9966388515531661
254,SKT0831,SKT0831_IqbalParkPasroorRd,3,C4-SKT-03,27,,,1410.1666666666667,0.9891190843621399,1184.85,0.9908576388888889,325.6,0.9974876543209876,497.76666666666665,0.9961592078189301,3371.533333333333,0.9739850823045267,529.5,0.995914351851852,2029.5833333333335,0.9843396347736625,2833.9666666714784,0.978838361210637,1217.5333333333333,0.9906054526748972,802.3666666666668,0.9938088991769547,840.4166666666665,0.9927947816643804,359.25,0.9973174283154123,3657.366666666666,0.9726899143767423,579.1666666666667,0.9952119157848324,984.75,0.9926467293906811,2400.3166666666666,0.9814790380658437,1280.6166666666663,0.9904374502190362,490.5,0.9962152777777777,569.0833333333333,0.9957505724810832
255,SKT4626,SKT4626__SanjeetGoharRd,3,C4-SKT-03,30,,,626.0000000000001,0.9951697530864198,0,1,0,1,167.75,0.9987056327160494,1497.25,0.9884471450617284,217.58333333333331,0.998321116255144,1203.083333333333,0.9907169495884774,4736.566666692822,0.964631371963166,4293.516666666666,0.9668710133744856,1042.8500000000001,0.9919533179012346,279.8833333333334,0.9976004515317787,30.66666666666667,0.9997710075667066,25.5,0.9998095878136201,0,1,13.5,0.9998991935483871,773.35,0.9940327932098765,2947.4833333333336,0.9779907158502589,0,1,599.5333333333334,0.9955231979291119
256,KQD4251,KQD4251__S_Sabzimandikkd,4,C4-HFZ-06,27,,,0,1,71.41666666666666,0.9995867091049382,456.33333333333337,0.9973591820987654,244.49999999999997,0.9985850694444445,248.5,0.9985619212962963,610.4166666666665,0.9964674961419753,441.91666666666663,0.9974426118827161,862.4166666666667,0.9951701575567503,2932.8500000000004,0.9830274884259259,1978.5833333333333,0.9885498649691358,377.9166666666667,0.9975699802812072,1121.3666666666663,0.9937199447431303,2836.4166666666665,0.9841150500298685,483.83333333333337,0.9970000413359789,742.45,0.9958420138888888,2527.516666666667,0.9853731674382716,1423.4666666666665,0.9920280764635604,1658.1833333333336,0.9904040316358025,1057.6166666840513,0.9940769675924952
257,RUR5651,RUR5651__S_Goindke,3,C4-WZD-07,,Enfrashare,EC1-DSK-02507,395,0.9969521604938272,717.0833333333333,0.9944669495884775,0,1,0,1,2013.8333333333335,0.9844611625514403,66.80000000000001,0.9994845679012346,336.50000000000006,0.997403549382716,845.8666666293672,0.9936837913184785,418.48333333333335,0.9967709619341564,402.66666666666663,0.9968930041152264,717.5500000000002,0.9938481652949246,937.2333333333332,0.9930015432098765,1312.533333333333,0.9901991238550378,318.75,0.9973648313492063,294.25,0.997802792712067,287.5,0.9977816358024691,1169.5833333333335,0.99126655217045,246.36666666666667,0.9980990226337448,237.33333333333331,0.9982277976901632
258,RUR2061,RUR2061__S_5KMOppBlochWala_Ufone_5592,3,C4-HFZ-06,,UFONE,5592,93,0.9992824074074075,423.83333333333337,0.9967296810699589,0,1,0,1,2602.083333333333,0.9799221965020576,182.05,0.9985952932098765,170.08333333333331,0.9986876286008229,14787.533333333333,0.8895793508562326,2972.2166666666662,0.9770662294238683,649.8333333333331,0.994985853909465,1650.316666666666,0.9858511945587562,4330.400000000001,0.9676642771804062,775.25,0.994211096176822,0,1,551.5666666666666,0.9958813719633612,2147,0.9834336419753086,1525.3833333333332,0.9886097421346078,3033.583333333333,0.9765927211934157,678.2500000000002,0.9949354091995221
259,RUR6227,RUR6227__S_SADLANWALA_MR4W4344,3,C4-MBD-08,20,,,1570.9833333333333,0.9878782150205762,622.5666666666666,0.995196244855967,0,1,7.5,0.9999421296296296,1075.7833333333333,0.9916992026748972,429.83333333333337,0.9966833847736625,1207.2,0.9906851851851851,1889.9666666872954,0.9858873456788584,73,0.9994367283950618,69.58333333333333,0.999463091563786,565.9166666666666,0.9951481767261089,365.5,0.9972707586618877,863.3333333333335,0.9935533651931502,134.74999999999997,0.9988859953703704,0,1,872.6666666666667,0.9932664609053498,31.250000000000007,0.9997666517323774,196,0.9984876543209876,3319.3999999999996,0.975213560334528
260,GUJ9452,GUJ9452__S_Janat Town Warid_MDGJ4161,3,C4-GUJ-02,27,,,116.99999999999999,0.9990972222222223,676.4166666666666,0.9947807355967078,0,1,789.7500000000001,0.99390625,1689.3166666666666,0.9869651491769547,428.4999999999999,0.9966936728395062,47.25,0.9996354166666667,518.4166666666667,0.9961289078056551,338.16666666666674,0.9973906893004115,21.583333333333336,0.9998334619341565,639.8,0.9945147462277092,298.16666666666663,0.9977735463958582,1166.1333333333334,0.9912923138191956,750.0833333333331,0.9937989142416225,150.66666666666666,0.9988749502190362,1563.6166666666666,0.9879350565843622,528.1666666666666,0.9960561031461569,228.16666666666669,0.9982394547325103,1647.9833333333331,0.9876942702110714
261,RUR8325,RUR8325__S_Kotli_MughlanWarid_MR625370,3,C4-WZD-07,27,,,90,0.9993055555555556,256.4166666666667,0.9980214763374485,4.749999999999999,0.9999633487654321,181.5,0.9985995370370371,4741.099999999999,0.963417438271605,250.16666666666666,0.9980697016460905,1180.1666666666667,0.9908937757201646,2678.6833333333334,0.9799978843090402,1921.9833333333338,0.9851698816872428,57.91666666666666,0.9995531121399176,28.166666666666664,0.9997585162322816,0,1,34.58333333333333,0.9997417612504979,0,1,13.5,0.9998991935483871,489.41666666666663,0.9962236368312758,0,1,14.749999999999996,0.9998861882716049,0,1
262,RUR8835,RUR8835__VillageJattanWali,3,C4-HFZ-06,13,,,58.499999999999986,0.9995486111111112,0,1,675.9166666666667,0.9947845936213991,462.4166666666668,0.996431970164609,1393.3999999999996,0.9892484567901235,0,1,1280.9166666666665,0.990116383744856,14,0.9998954599761052,33.58333333333333,0.9997408693415637,305.5,0.9976427469135802,1141.5833333333335,0.9902127629172383,651.65,0.9951340352449223,183.25,0.9986316457586619,0,1,6.500000000000001,0.9999514635603346,657.7,0.9949251543209877,483.89999999999986,0.9963866487455197,0,1,69.99999999999999,0.9994772998805257
263,RUR9469,RUR9469__S_Gulbahar Nikki_MDSK4860,3,C4-SKT-03,20,,,903.6666666666666,0.9930272633744857,0,1,505.1666666666667,0.9961021090534978,365.0833333333334,0.9971829989711933,5656.900000000001,0.9563510802469136,674.2500000000001,0.9947974537037036,639.9999999999998,0.9950617283950618,5439.066666646411,0.9593857029073596,716.7500000000001,0.9944695216049382,938.8333333333333,0.99275591563786,465.55000000000007,0.996008659122085,1426.8,0.9893458781362007,1340.083333333333,0.9899934040223018,1145.25,0.9905319940476189,773.3333333333336,0.9942254082039028,1576.8333333333335,0.9878330761316874,5827.666666666666,0.9564839705296694,2578.5333333333333,0.9801039094650206,3739.8666666519525,0.9720738749503289
264,RUR0739,RUR0739__Udo-DoneeUddok,3,C4-HFZ-06,9,,,0,1,0,1,0,1,392.3333333333334,0.9969727366255143,2583.2166666666667,0.9800677726337449,267.5,0.9979359567901234,4505.150000000001,0.9652380401234568,101.55000000000001,0.999241711469534,0,1,7.250000000000001,0.9999440586419753,381.1,0.9967326817558299,1285.5833333333333,0.9904003634010354,2223.3833333333337,0.9833976752289924,77.25,0.9993613591269842,1689.9666666666667,0.9873807745917961,892.5000000000001,0.993113425925926,856.7499999999999,0.9936025238948626,1740.3833333333332,0.986571116255144,38.00000000000001,0.999716248506571
265,PMD9689,PMD9689__KobayChak_PT,4,C4-SKT-03,27,,,362.53333333333336,0.9979020061728394,1161.0166666666667,0.9932811535493827,1321.7000000000003,0.9923512731481482,985.6666666666667,0.9942959104938273,2131.166666666667,0.9876668595679012,488.4333333333334,0.9971734182098766,54.33333333333332,0.9996855709876543,7819.433333333332,0.9562083706690562,90,0.9994791666666667,1187.5,0.9931278935185185,258,0.9983410493827161,0,1,544.0666666666666,0.9969530316606929,280.83333333333337,0.9982587218915344,2972.0000000000005,0.9833557347670251,3924.7,0.9772876157407407,3558.433333333333,0.9800714979091996,1308.9,0.9924253472222222,2029.1666666666665,0.9886359393667861
266,RUR0647,RUR0647__Gorali,3,C4-GRT-04,30,,,213.49999999999997,0.9983526234567901,198.08333333333334,0.998471579218107,98.16666666666667,0.9992425411522633,102.33333333333333,0.9992103909465021,2579.8666666666677,0.980093621399177,291.33333333333337,0.9977520576131687,255.83333333333334,0.9980259773662552,1990.7499999757856,0.9851347819595595,3416.2833333333347,0.9736397890946502,55.49999999999999,0.9995717592592592,318.0833333333333,0.9972729481024234,16.5,0.9998767921146954,593.4833333333333,0.9955683741537236,7.166666666666667,0.9999407517636685,11.75,0.999912261051374,152.83333333333331,0.9988207304526749,12,0.999910394265233,153.58333333333337,0.9988149434156378,910.3666666666667,0.9932021604938273
267,RUR5301,RUR5301_H_USF_USFJH12_Dara Pur Jhelum,2,C4-MBD-08,,Enfrashare,EUN-JLM-4468,1623.1166666666666,0.9812139274691358,297.8333333333334,0.9965528549382716,3704.399999999999,0.957125,165.41666666666663,0.9980854552469135,916.7166666666666,0.9893898533950618,237.08333333333334,0.9972559799382716,914.3333333333333,0.9894174382716049,2021,0.9773633512544803,25.499999999999993,0.9997048611111111,1885.3333333333335,0.9781790123456789,3319.0166666666664,0.9715447816643804,126.58333333333334,0.9990547839506173,380.00000000000006,0.9971624850657109,0,1,283.2,0.9978853046594982,46.66666666666667,0.9996399176954732,295.0999999999999,0.9977964456391875,349.08333333333337,0.9973064557613169,2183.5,0.9836954898446834
268,SKT8132,SKT8132__T_PansarianBazar,2,C4-SKT-03,,,,362.91666666666663,0.9957995756172839,6053.833333333333,0.9299324845679012,7800.800000000003,0.9097129629629629,2020.2500000000002,0.9766174768518519,4047.266666666667,0.9531566358024692,2017.1333333333332,0.9766535493827161,1357.2500000000002,0.9842910879629629,4854.166666658441,0.9456298536440587,3769.7833333333333,0.9563682484567901,2315.816666666667,0.9731965663580248,1759.75,0.9773694701646091,449.4833333333334,0.9949654644563918,3445.1166666666672,0.961412223715651,3935.3166666666666,0.9511989500661376,4168.0666666666675,0.9533146654719235,410.8333333333334,0.9952449845679012,869.0999999999999,0.9902654569892474,1243.9666666666667,0.985602237654321,326.66666666666663,0.9963410991636797
269,RUR9197,RUR9197_AdamKay,4,C4-WZD-07,,UFONE,3350,1895.5833333333333,0.9890301890432098,0,1,0,1,16688.149999999998,0.9034250578703704,9349.016666666665,0.9458968942901236,3293.533333333333,0.980940200617284,12001.433333333334,0.9305472608024691,2569.016666650601,0.9856125858722524,8306.116666666672,0.9519321952160493,0,1,302,0.9980581275720165,0,1,3084.4333333333343,0.9827260678016727,4880.733333333334,0.9697375165343916,6072.749999999999,0.9659904233870968,10451.216666666665,0.9395184220679011,348.95000000000005,0.9980457549283155,11758.116666666667,0.9319553433641975,29477.200000015135,0.8349171146952556
270,RUR0350,RUR0350__Pindi_Bhori_NEW,3,C4-NRW-05,27,,,444.83333333333326,0.9965676440329219,444.74999999999994,0.9965682870370371,412.83333333333337,0.9968145576131687,539.15,0.9958398919753086,2767.466666666667,0.9786460905349794,2187.5,0.9831211419753086,692.3333333333333,0.9946579218106996,6051.933333280945,0.9548093389091925,8916.883333333333,0.9311968878600823,1671.0833333333333,0.9871058384773663,1693.25,0.9854831104252401,3518.7166666666662,0.9737252339705297,1718.1666666666667,0.9871702011150936,625.3333333333333,0.9948302469135802,172.25,0.9987137843488649,1088.75,0.9915991512345679,1632.3666666666663,0.9878108821186778,1932.8333333333335,0.9850861625514403,4028.883333333333,0.9699157457188372
271,RUR5242,RUR5242__S_SaydanwalaHFZ_TPLHFR28,3,C4-HFZ-06,,Telenor,LHFR28,3844.3,0.9703371913580248,6006.516666666666,0.953653420781893,2101.9166666666665,0.9837815072016461,2395.35,0.9815173611111111,6554.683333333333,0.9494237397119342,1853.3333333333333,0.9856995884773663,1117.05,0.991380787037037,4272.050000000001,0.9680999850657109,2520.4333333333334,0.9805522119341563,489,0.9962268518518519,743.3000000000002,0.9936274005486969,382.66666666666663,0.997142572680207,1970.1666666666665,0.9852884806849861,236.66666666666669,0.9980434303350969,7307.583333333333,0.9454332188371167,2670.4333333333334,0.979394804526749,8193.483333333332,0.938818075467941,8170.116666666667,0.9369589763374486,8338.4,0.9377359617682198
272,BGL2206,BGL2206__DhalKakka,3,C4-GRT-04,20,,,2096.2499999999995,0.9838252314814815,5195.783333333333,0.959909079218107,4552.949999999999,0.964869212962963,3831.866666666667,0.9704331275720165,4595.833333333332,0.9645383230452675,7272.899999999998,0.9438819444444445,3801.5833333333326,0.9706667952674897,2520.7833333333333,0.981176946435683,489.1666666666667,0.9962255658436214,0,1,161.25,0.9986175411522633,0,1,2021.5500000000002,0.9849047939068101,367.5000000000001,0.9969618055555556,755.4999999999999,0.9943585722819595,564.0833333333334,0.9956475051440329,906.8666666666669,0.9932282954998009,350.20000000000005,0.9972978395061729,126.24999999999997,0.9990572729988052
273,GUJ9417,GUJ9417__S_Chaman Shah Rd Warid_GJ4154,3,C4-GUJ-01,27,,,995.5000000000001,0.9923186728395063,1001.5833333333334,0.9922717335390946,1643.366666666666,0.9873197016460905,892.6666666666667,0.9931121399176955,2092.6666666666665,0.9838528806584362,1833.5,0.9858526234567901,4886.716666666667,0.9622938528806584,3190.4499999892123,0.976176448626126,779.1333333333333,0.9939881687242799,770.6333333333332,0.9940537551440329,1681.4,0.9855847050754458,1846.2666666666669,0.9862136598964555,197.25,0.998527105734767,0,1,253.25000000000003,0.9981089456391875,1705.0333333333335,0.9868438786008231,20.25,0.9998487903225807,2440.7666666666664,0.9811669238683127,2490.75,0.9814012096774194
274,SKT6377,SKT6377__S_Shahabpura,3,C4-SKT-03,,E.co,e.coPK018507PU,1977.25,0.9847434413580247,3551.583333333333,0.9725958076131687,3704.8666666666672,0.9714130658436214,2869,0.9778626543209876,6001.616666666667,0.9536912294238684,4109.583333333334,0.9682902520576131,3298.5333333333338,0.974548353909465,2991.3666666708573,0.977663032656281,4972.75,0.9616300154320987,3653.25,0.9718113425925925,0,1,36.5,0.9997274492234169,1124.0833333333335,0.9916063072481083,1707.1666666666667,0.9858865189594356,607.4666666666667,0.9954639585822381,5823.733333333334,0.9550637860082304,0,1,706.6833333333332,0.9945471965020576,1203.3333333333335,0.9910145360414178
275,SKT1621,SKT1621__S_Ratra Sports_Wazirabad Road_MDSK4280,3,C4-SKT-03,30,,,4346.900000000001,0.9664591049382716,899.3333333333333,0.9930606995884774,438.75,0.9966145833333333,4119.666666666667,0.9682124485596708,5035.083333333333,0.9611490483539095,9254.033333333331,0.9285954218106995,3651.8166666666657,0.9718224022633746,11461.433333353123,0.9144158203901349,5479.333333333333,0.9577211934156378,6044.733333333334,0.9533585390946502,1804.9500000000003,0.984525462962963,541.5833333333334,0.995955918956591,2384.383333333333,0.9821954649542015,22.75,0.9998119212962964,5467.666666666668,0.9591721425726801,2455.149999999999,0.9810559413580248,2198.45,0.9835838560334529,1719.7333333333331,0.9867304526748971,3849.7,0.971253733572282
276,GUJ1644,GUJ1644__SarfarazColony_WP,3,C4-GUJ-01,,GLO,,1491.8333333333333,0.9884889403292181,4434.033333333334,0.965786779835391,552.6666666666667,0.9957355967078189,610.4166666666666,0.9952899948559671,2790.6499999999996,0.9784672067901234,937.5000000000001,0.9927662037037037,2133.9166666666665,0.9835345936213992,41.83333333333334,0.9996876244524094,2273.2333333333336,0.9824596193415638,1430.2499999999998,0.9889641203703704,1121.1333333333332,0.9903880887059899,3477.0166666666664,0.974036613898845,5503.549999999999,0.958904196535245,1356.0833333333333,0.9887889936067019,289.98333333333335,0.9978346525288729,7260.716666666666,0.9439759516460906,5316.116666666667,0.9603037883313421,7126.116666666665,0.9450145318930041,1219.75,0.9908919504181601
277,RUR5141,RUR5141__S_Tharo Mandi stop Warid_MR1B2726,4,C4-NRW-05,27,,,1357.1666666666663,0.9921460262345678,978.7499999999999,0.9943359375,1824.8166666666668,0.9894397183641975,3540.683333333333,0.9795099344135803,11693.333333333332,0.9323302469135802,2010.8666666666668,0.9883630401234568,2146.7666666666664,0.9875765817901235,8616.833333333334,0.9517426448626045,2263.3999999999996,0.9869016203703704,2408.266666666667,0.9860632716049383,3755.9666666666662,0.9758489797668038,5832.75,0.9673345094086021,2575.3666666666663,0.9855770235961768,150,0.9990699404761905,1607.7333333333333,0.9909961170848267,4056.4500000000007,0.9765251736111111,2980.7500000000005,0.9833067316308244,5032.6,0.9708761574074074,3027.316666643819,0.9830459416070575
278,Rur4508,Rur4508__Wzbdharowalkang,4,C4-WZD-07,27,,,2037.3833333333332,0.988209587191358,468.99999999999994,0.9972858796296297,245,0.9985821759259259,456.66666666666663,0.9973572530864198,2591.6000000000004,0.9850023148148148,84.33333333333331,0.9995119598765432,0,1,1818.5833333333337,0.9898152815113501,0,1,0,1,53.333333333333336,0.9996570644718793,0,1,681.9166666666667,0.9961810222520908,0,1,842.5833333333334,0.9952812313321385,1686.6666666666665,0.9902391975308642,0,1,1411.8166666666666,0.9918297646604938,1754.7666666666669,0.9901726777180406
279,LLM3835,LLM3835__Muhallaqasba,4,C4-GRT-04,,,,5356.533333333333,0.9690015432098765,3508.933333333334,0.9796936728395061,2212.75,0.9871947337962963,3419.683333333333,0.9802101658950617,7041.166666666666,0.9592525077160494,2726.666666666667,0.9842206790123457,9345.750000000005,0.9459157986111112,2804.3166666838947,0.9842948215351484,1132.35,0.9934470486111111,1875.0666666666666,0.9891489197530865,1944.783333333333,0.9874949631344307,1723.2999999999997,0.9903489023297491,5822.250000000001,0.967393313172043,215.66666666666663,0.9986627810846561,36,0.9997983870967743,279.6666666666667,0.9983815586419753,0,1,58.66666666666667,0.9996604938271605,1041.7666666666667,0.9941657332735961
280,RUR4021,RUR4021__AwanSharif,3,C4-GRT-04,27,,,248.25000000000006,0.9980844907407408,775.25,0.9940181327160493,9.75,0.9999247685185185,15.5,0.9998804012345679,739.8333333333334,0.9942914094650206,19,0.9998533950617283,1177.2333333333333,0.9909164094650206,384.66666666666663,0.9971276383910792,170.6,0.9986836419753087,913.75,0.9929494598765432,503.95,0.9956794410150891,837.5999999999999,0.9937455197132617,900.0000000000001,0.9932795698924731,15.75,0.9998697916666667,0,1,373.1333333333333,0.9971208847736626,92.95000000000002,0.9993059289127838,153.08333333333331,0.9988188014403292,171.41666666666663,0.9987200069693349
281,RUR1236,RUR1236__SHAHBAZPUR_Ufone_3663 ,3,C4-GRT-04,,UFONE,3663,0,1,551.0833333333333,0.9957478137860082,6.75,0.9999479166666667,1430,0.988966049382716,3881.15,0.9700528549382716,1998.9166666666665,0.9845762602880659,3348.9,0.9741597222222222,9358.966666666665,0.9301152429311031,2400.183333333333,0.981480066872428,2823.1666666666665,0.9782163065843622,2357.7,0.9797865226337449,922.6666666666666,0.993110314615691,2937.45,0.9780656362007168,15.75,0.9998697916666667,0,1,611.0000000000001,0.9952854938271605,0,1,39.99999999999999,0.9996913580246914,864.8333333333334,0.9935421644763042
282,HWY6911,HWY6911__S_BhalolPurPindi,3,C4-HFZ-06,20,,,264.1666666666667,0.9979616769547325,558.25,0.9956925154320987,211.49999999999994,0.9983680555555555,635.0833333333334,0.9950996656378601,1087.2333333333336,0.991610853909465,953.5833333333331,0.9926421039094651,512.4666666666666,0.9960457818930041,450,0.9966397849462365,295.45,0.9977202932098765,734.9999999999999,0.9943287037037036,681.9833333333332,0.9941530921353453,1697.15,0.9873271356033453,1210.9499999999998,0.9909576612903226,1139.8333333333335,0.990576774691358,4015.5999999999995,0.9700149342891278,9576.549999999997,0.9261068672839506,7196.566666666667,0.9462621963361211,8909.666666666666,0.9312525720164609,6073.133333335118,0.954651035444033
283,KLR9492,KLR9492__S_Rahgo_Sayyadan_1M3551,4,C4-HFZ-06,9,,,130.66666666666666,0.9992438271604938,85.58333333333333,0.999504726080247,389.25,0.9977473958333333,1644.8999999999999,0.9904809027777778,2646.65,0.9846837384259259,1732.5,0.9899739583333332,1943.0333333333328,0.9887555941358025,7889.016666666666,0.9558186790621267,6111.699999999999,0.9646313657407407,1774.2333333333318,0.9897324459876543,29,0.9998135288065844,1351.3333333333333,0.9924320489844684,4451.7,0.9750688844086021,4047.75,0.97490234375,1995.5999999999997,0.9888239247311827,2326.3166666666666,0.9865375192901235,29.333333333333336,0.9998357228195939,710.5833333333331,0.9958878279320987,505.16666666666663,0.9971708856033453
284,RUR6554,RUR6554__S_RehmetMarriageHallUgoki,3,C4-WZD-07,,Enfrashare,EC1-SKT-04981,473.08333333333337,0.9963496656378601,1539.5,0.9881211419753086,0,1,256.9166666666667,0.9980176183127573,4876.783333333333,0.9623704989711935,906,0.9930092592592592,2847.7833333333315,0.9780263631687243,1845.6999999999996,0.9862178912783751,2086.466666666667,0.983900720164609,431.5833333333335,0.9966698816872427,3869.416666666667,0.9668259887974393,925.5833333333334,0.9930885354440462,944.8,0.9929450418160095,157.83333333333334,0.9986951609347443,319.2500000000001,0.997616114097969,1400.0333333333333,0.9891972736625515,931.2500000000001,0.9930462216248506,975.5000000000002,0.9924729938271605,135,0.998991935483871
285,GUJ9415,GUJ9415__S_Sec Y-People Cnly Warid_GJ4731,3,C4-GUJ-01,27,,,1112.4166666666665,0.9914165380658436,149.58333333333331,0.9988458076131687,573.6666666666666,0.995573559670782,252.58333333333334,0.9980510545267489,6531.033333333331,0.9496062242798353,2630.833333333333,0.9797003600823045,2019.9166666666667,0.9844142232510288,2700.849999982926,0.9798323626046676,2318.1666666666665,0.9821129115226337,1887.4999999999998,0.9854359567901234,1317.8833333333334,0.9887012745770462,1368.7166666666667,0.9897795947829551,4621.416666666667,0.9654912136598965,1030.2166666666667,0.9914829971340389,323.3333333333333,0.9975856232576663,1824.5666666666668,0.9859215534979424,1119.75,0.991638664874552,74.33333333333333,0.999426440329218,7833.566666666664,0.9415056252489049
286,SKT9638,SKT9638__qbaTown_Sialkot,3,C4-SKT-03,20,,,1055.25,0.9918576388888889,1579.1666666666667,0.9878150720164609,1816.2333333333333,0.9859858539094649,1636.3333333333335,0.9873739711934156,2038.7833333333335,0.9842686471193416,0,1,464.4166666666666,0.9964165380658436,5561.216666666665,0.9584735911987257,3933.6166666666663,0.969648019547325,168.16666666666666,0.9987024176954732,37.75,0.9996763545953361,234.25,0.998250821385902,915.25,0.9931656959378734,0,1,366.54999999999995,0.9972629181600956,493.24999999999983,0.9961940586419753,127.75000000000003,0.9990460722819594,24.083333333333336,0.9998141718106995,1997.8,0.9850821385902031
287,GUJ5468,GUJ5468__S_Waniawala,3,C4-GUJ-01,,Enfrashare,EC1-GUJ-01685,1006.5833333333334,0.9922331532921811,3471.1666666666665,0.9732163065843622,0,1,681,0.9947453703703704,711.0833333333333,0.9945132458847736,179.9333333333333,0.9986116255144033,1039.75,0.991977237654321,1597.6499999999999,0.9880701164874551,410.26666666666665,0.9968343621399177,1780.6666666666667,0.9862602880658435,1271.3,0.9891006515775034,3020.6833333333334,0.97744412086818,3491.0833333333335,0.9739315760653127,755,0.9937582671957672,638,0.9952359617682198,2350.416666666667,0.9818640689300412,1811.6666666666665,0.9864720230983671,1571.1666666666665,0.9878768004115226,8962.166666666666,0.9330782058940662
288,PPW3212,PPW3212__KhanWali,4,C4-MBD-08,,,,422.75,0.9975535300925925,631.9000000000001,0.9963431712962963,0,1,0,1,3772.5333333333338,0.9781682098765433,610.2499999999999,0.9964684606481481,425.1666666666667,0.9975395447530865,3687.933333367032,0.9793462514932402,26.749999999999996,0.9998451967592592,0,1,357.06666666666666,0.9977040466392318,3854.9333333333334,0.9784109916367981,2218.7000000000003,0.987574484767025,1483.8666666666663,0.9907994378306878,413.5333333333332,0.9976840651135006,9723.816666666668,0.9437279128086419,1381.15,0.9922650649641577,481.16666666666663,0.9972154706790124,5526.650000013101,0.9690487791217904
289,HWY3266,HWY3266__KaliSubha,3,C4-GUJ-01,,GLO,,0,1,48.08333333333334,0.9996289866255144,0,1,1223.25,0.9905613425925925,6760.016666666665,0.9478393775720164,0,1,44.083333333333336,0.9996598508230453,4158.616666666666,0.9689470081640781,1034.6999999999996,0.9920162037037037,0,1,384.9999999999999,0.9966992455418381,0,1,0,1,230.66666666666666,0.9980930335097001,0,1,0,1,0,1,0,1,14658.199999999999,0.890545101553166
290,RUR6156,RUR6156__S_Village_Marakiwal_SialkotWarid_MDSK4291,3,C4-SKT-03,30,,,214.58333333333331,0.9983442644032923,162.5,0.9987461419753086,787.7499999999998,0.9939216820987654,298.3333333333333,0.9976980452674897,1182.0000000000002,0.9908796296296296,745.7166666666667,0.9942460133744856,1216.7500000000002,0.9906114969135803,3567.1000000018616,0.9733639486260316,1134.0500000000002,0.9912496141975309,413.24999999999994,0.9968113425925925,563.2666666666667,0.9951708962048468,390.3333333333333,0.9970853245718837,683.8333333333333,0.9948937176423737,360.58333333333337,0.9970189869929453,0,1,247.4166666666667,0.998090920781893,319.70000000000005,0.9976127538829153,372.9999999999999,0.9971219135802469,285.5,0.9978681302270012
291,SKT5525,SKT5525_H_Zafarwal Rd Mohalla Nizamabad Sialkot,3,C4-SKT-03,,Enfrashare,EC1-SKT-06469,416.4500000000001,0.996786651234568,3674.2333333333345,0.9716494341563786,0,1,261.5,0.9979822530864197,1525.8666666666668,0.9882263374485596,376.91666666666663,0.9970916923868313,2108.1666666666665,0.9837332818930041,9521.983333353357,0.9288979739146255,214.4166666666666,0.9983455504115226,0,1,79.08333333333334,0.9993219878829447,2144.266666666667,0.9839884508164078,4488.55,0.9664833482676225,1192.25,0.9901434358465608,2852.9666666666662,0.9786964854639586,135.58333333333334,0.9989538323045268,60.75,0.9995463709677419,703.8333333333335,0.9945691872427983,8504.633333333333,0.9364946734368778
292,HRW9980,HRW9980__Jorian,3,C4-HFZ-06,9,,,176.66666666666666,0.9986368312757201,246.66666666666666,0.99809670781893,216.00000000000003,0.9983333333333333,0,1,1805.4833333333333,0.9860688014403293,0,1,239,0.9981558641975309,249.16666666666669,0.9981394364794903,410.74999999999994,0.9968306327160493,0,1,721.9666666666675,0.9938102994970279,398.73333333333335,0.9970226005575468,277.75,0.9979260005973716,170.83333333333331,0.9985876873897708,385.73333333333335,0.9971196734368778,413.3333333333331,0.9968106995884775,1092.4166666666665,0.9918427668259657,1583.2166666666667,0.987783822016461,264.1666666666667,0.9980274293110314
293,RUR5632,RUR5632_H_USF_MOT_M11_U1_WadalaSindhMadharianWalaKalarSialkot,3,C4-NRW-05,,Tawal,TWPSKT0003U,259.0833333333333,0.9980009002057614,682.6666666666666,0.9947325102880659,1003.5,0.9922569444444445,27.5,0.9997878086419754,444.6666666666667,0.9965689300411523,253,0.9980478395061728,5736.933333333334,0.9557335390946503,0,1,0,1,511.89999999999986,0.9960501543209876,206.33333333333331,0.9982310242341107,318.9999999999999,0.99761798088411,2678.7,0.9799977598566307,0,1,0,1,100.5,0.9992245370370371,22.250000000000004,0.9998338560334529,874.9,0.9932492283950617,923.916666666667,0.9931009806849861
294,HFZ5586,HFZ5586__S_KassokiRdHFZ_CMPak40674,3,C4-HFZ-06,,CMPak,40674,3113.416666666667,0.9759767232510288,3838.7666666666664,0.9703798868312756,3473.6333333333337,0.9731972736625514,2497.733333333333,0.9807273662551441,4739.383333333334,0.9634306841563786,813.8333333333334,0.9937204218106995,2583.616666666667,0.9800646862139918,3555.633333317346,0.9734495718838311,1123.7333333333336,0.9913292181069958,4426.516666666667,0.9658447788065844,5261.1,0.9548945473251028,7251.516666666666,0.9458518767423336,4956.216666666666,0.9629912136598965,2680.15,0.9778426752645503,714.8333333333335,0.9946622361608921,8732.583333333334,0.9326189557613169,21204.816666666662,0.841660568498606,14848.750000000002,0.885426311728395,14491.449999982864,0.8917902479093275
295,RUR6221,RUR6221__S_Village_Mong_MR2X3605,4,C4-MBD-08,9,,,418.41666666666674,0.9975786072530864,309,0.9982118055555556,1305.25,0.9924464699074075,1572.0333333333333,0.9909025848765433,2201.466666666667,0.9872600308641976,2507.116666666667,0.9854912229938272,2610.8833333333337,0.9848907214506173,1071.0666666627862,0.9940016427718258,615.8666666666667,0.9964359567901235,1547.666666666666,0.9910435956790125,1593.916666666667,0.9897510502400548,2097.366666666667,0.9882539949223417,4301.9,0.9759078181003585,308.4999999999999,0.998087177579365,0,1,2401.6,0.9861018518518518,851.1499999999999,0.9952332549283155,643.6666666666666,0.9962750771604938,2068.016666666667,0.988418365442055
296,GFG9669,GFG9669__Dairan_Walla,3,C4-NRW-05,,GLO,,23,0.9998225308641975,31.916666666666664,0.9997537294238683,0,1,1994.3333333333335,0.9846116255144033,5440.816666666666,0.9580183899176954,573.5833333333333,0.9955742026748972,154.25000000000003,0.9988097993827161,312.83333333333337,0.9976640282755873,927.2333333333333,0.9928454218106996,3201.149999999999,0.9752997685185185,221.79999999999998,0.9980984224965707,792.3333333333334,0.9940835324571884,881.5,0.9934177120669057,802.9666666666666,0.9933617173721341,1745.3000000000002,0.9869675925925925,4382.3,0.9661859567901234,3172.033333333334,0.9763139685384309,12424.133333333335,0.9041347736625513,7928.566666666667,0.9407962465153326
297,DHN4912,DHN4912__GJRDingaRdGujrat,3,C4-GRT-04,27,,,0,1,185.25,0.9985706018518519,0,1,0,1,2089.25,0.9838792438271605,0,1,30,0.9997685185185184,39.166666646643236,0.9997075368380627,1528.9166666666665,0.9882028034979424,2,0.9999845679012346,0,1,0,1,856.25,0.9936062574671446,125.99999999999997,0.9989583333333333,4.833333333333333,0.9999639088012744,0,1,0,1,0,1,2309.7,0.9827531362007168
298,RUR5980,RUR5980__S_Taurianwala Warid_475350@RUR5980,4,C4-NRW-05,20,,,3123.5833333333335,0.9819237075617283,4926.166666666666,0.9714920910493826,2650.3333333333335,0.9846624228395062,824.0000000000001,0.9952314814814816,3322.0166666666673,0.9807753665123456,21,0.9998784722222223,814.1666666666666,0.995288387345679,57.749999999999986,0.9996765793010752,0,1,0,1,7,0.9999549897119341,4385.116666666666,0.9754417749402629,3462.3166666666666,0.980609785692951,1336.1166666666668,0.9917155464616403,2208.1666666666674,0.98763347520908,457.3333333333332,0.9973533950617284,207.08333333333334,0.9988402591099164,0,1,5764.466666666666,0.9677169205495818
299,WZB9858,WZB9858__S_WazirabadWarid_MDWA4193,3,C4-WZD-07,30,,,879.5833333333334,0.993213091563786,1097,0.9915354938271606,402.16666666666663,0.9968968621399177,256.5,0.9980208333333332,4343.016666666666,0.966489068930041,2311.6166666666663,0.9821634516460905,800.1666666666667,0.9938258744855968,5797.216666635358,0.9567113450818745,1345.85,0.9896153549382716,526.8333333333334,0.9959349279835391,737.8333333333335,0.9936742684042066,1289.9166666666667,0.9903680057745917,1514.75,0.9886891427718041,623.9166666666667,0.9948419587742504,1277.0333333333333,0.990464207487057,1005.9166666666665,0.9922382973251028,200.25,0.9985047043010752,1143.25,0.9911786265432099,792.0833333333333,0.9940853992433294
300,HWY6906,HWY6906__H_ShurimanaykaPindi,3,C4-HFZ-06,9,,,699.5,0.9946026234567902,531.75,0.9958969907407408,256.75,0.9980189043209876,674.7,0.9947939814814815,1731.2833333333333,0.9866413323045268,436.5333333333333,0.9966316872427984,1198,0.9907561728395062,632.0833333333333,0.9952801423735563,271.79999999999995,0.9979027777777777,1047.833333333333,0.991914866255144,101.33333333333334,0.9991312299954275,211,0.9984244324970132,2626.4833333333327,0.9803876692552769,1641.7166666666665,0.9864276069223986,2466.9666666666667,0.9815788032656312,403.16666666666663,0.996889146090535,1715.3999999999999,0.9871908602150538,1324.4166666666665,0.9897807355967078,4115.933333333334,0.9692657307845479
301,RUR4482,RUR4482__FZQadriColony,4,C4-HFZ-06,30,,,1696.6666666666665,0.9901813271604938,1110.916666666667,0.9935710841049382,454.16666666666663,0.9973717206790124,644,0.996273148148148,878.8166666666667,0.9949142554012346,336.78333333333336,0.9980510223765432,9283.449999999999,0.9462763310185186,1139.5666666666666,0.9936180182198328,178.49999999999994,0.9989670138888889,1102,0.9936226851851852,495.08333333333326,0.996816593792867,582.6666666666666,0.9967368578255674,293.00000000000006,0.9983590949820789,395.66666666666674,0.9975467096560847,499.7499999999999,0.9972012208781362,1636.8000000000002,0.9905277777777778,2649.4666666666667,0.9851620370370371,1514.2666666666667,0.9912368827160494,1936.9999999999998,0.989152105734767
302,RUR8156,RUR8156_Koreki,4,C4-GUJ-01,,,,127.66666666666669,0.9992611882716049,534,0.9969097222222223,0,1,1060,0.9938657407407407,2045.0833333333333,0.9881650270061728,1513.25,0.9912427662037037,1620.2833333333333,0.9906233603395062,1134.9666666670237,0.9936437798685762,0,1,91,0.9994733796296296,8014.283333333331,0.9484678283607682,1304.0833333333333,0.9926966659199522,2444.4,0.9863104838709676,1088.5833333333333,0.9932503513558202,2147.083333333333,0.9879755637694145,11149.78333333333,0.9354757908950617,2914.2,0.983679435483871,343.74999999999994,0.9980107060185185,1811.5666666666666,0.9898545773596177
303,RUR0742,RUR0742__ShahJamal,3,C4-HFZ-06,30,,,282.4166666666667,0.9978208590534979,491.08333333333337,0.9962107767489712,311,0.9976003086419754,496.48333333333335,0.9961691100823045,1257.6999999999998,0.9902955246913581,418.16666666666663,0.9967734053497942,1973.2166666666667,0.9847745627572015,485.01666666666665,0.99637831043409,901.0333333333332,0.9930475823045267,330.25000000000006,0.9974517746913579,227.74999999999997,0.9980474108367626,182.8166666666667,0.9986348815213063,1355.8833333333332,0.9898754231381919,0,1,44.66666666666667,0.9996664675428115,1967.6999999999998,0.9848171296296296,1062.9333333333332,0.9920629231381919,962.6166666666668,0.9925724022633744,2245.2166666666667,0.9832346425726801
304,GUJ5614,GUJ5614_H_Shadman Town Gujranwala,3,C4-GUJ-01,,CMPak,42436,0,1,2703.5833333333326,0.979139017489712,254.16666666666666,0.9980388374485597,273.8333333333333,0.9978870884773663,4803.633333333332,0.9629349279835391,1946.7833333333333,0.9849785236625515,1202,0.9907253086419753,57.250000000000014,0.9995725059737157,215.08333333333334,0.9983404063786009,2529.8999999999996,0.9804791666666667,34.99999999999999,0.9996999314128944,185.16666666666669,0.998617333731581,2134.5499999999997,0.9840610065710872,311.4166666666667,0.9974254574514991,204.58333333333331,0.9984723466746316,869.3666666666667,0.9932919238683128,943.25,0.9929566158900837,0,1,11428.383333333333,0.9146626095181203
305,RUR5680,RUR5680_H_Mattoo Bhaie Key Gujranwala,3,C4-HFZ-06,,ATL,ATGJW19,0,1,2875,0.9778163580246914,0,1,0,1,465.9999999999999,0.9964043209876543,0,1,2413.7333333333336,0.9813755144032922,32.58333333333333,0.9997566955396257,0,1,212.25,0.9983622685185185,491.4999999999999,0.9957861796982168,26.25,0.999803987455197,1022.5833333333333,0.992364222421346,0,1,0,1,0,1,485.00000000000006,0.9963784348864994,29.249999999999996,0.9997743055555556,882.7499999999999,0.9934083781362006
306,RUR0346,RUR0346__Gondlanwala,3,C4-GUJ-02,,UFONE,3894,0,1,11074.416666666668,0.9145492541152264,5750.333333333333,0.9556301440329219,639.2499999999999,0.9950675154320987,2574.9166666666665,0.9801318158436214,38.16666666666667,0.9997055041152264,606.8500000000001,0.9953175154320988,870.1666666666666,0.9935023397052967,463.33333333333337,0.9964248971193416,3095.3499999999995,0.9761161265432099,183.33333333333331,0.9984282121627801,0,1,996.55,0.9925586170848267,692.25,0.9942770337301587,3635.166666666667,0.9728556849860613,2065.3500000000004,0.9840636574074074,2532.4833333333336,0.9810895808442851,1390.2166666666676,0.9892730195473252,136.91666666666666,0.9989776234567901
307,PND3552,PND3552__H_CrescentBahuman_NEW,3,C4-HFZ-06,20,,,784.0833333333335,0.9939499742798354,1819.7333333333331,0.9859588477366255,1559.55,0.9879664351851852,382.8333333333333,0.9970460390946502,2033.3000000000006,0.9843109567901235,232.19999999999996,0.9982083333333334,3695.133333333333,0.9714881687242799,319.5,0.997614247311828,0,1,374.25000000000006,0.9971122685185185,182.5,0.9984353566529492,879.1333333333333,0.9934353843090402,517.7499999999999,0.996133885902031,0,1,296.9666666666667,0.997782506969335,420.5833333333334,0.9967547582304526,479.25,0.996421370967742,1061.0833333333333,0.991812628600823,1340.3166666666668,0.9899916616885703
308,RUR5559,RUR5559__S_Dehlra_Ufone1511,3,C4-NRW-05,,UFone,CI-1511,811.8333333333333,0.9937358539094651,476.2499999999999,0.9963252314814816,1073.0833333333335,0.9917200360082304,2044,0.9842283950617283,2167.2833333333333,0.9832771347736626,519,0.9959953703703703,798.1666666666667,0.9938413065843622,10156.1,0.9241629330943847,4842.566666666667,0.9626345164609053,5215.283333333334,0.959758616255144,3968.0499999999997,0.9659803669410151,4841.033333333333,0.9638513042612504,8033.866666666667,0.9400099561927518,853.6500000000002,0.9929427083333333,1126.2999999999997,0.9915897550776583,1110.4,0.9914320987654321,2934.2333333333336,0.9780896555157308,2076.3500000000004,0.9839787808641975,1328.166666666667,0.9900823874950219
309,GJR6250,GJR6250__S_Adil_Colony_Rehman_Shaheed Road_MDGU4253,3,C4-GRT-04,9,,,0,1,0,1,0,1,0,1,134.08333333333334,0.9989654063786009,171.25000000000003,0.9986786265432098,0,1,384.25,0.9971307497013142,1752.75,0.9864756944444444,13.75,0.9998939043209876,0,1,0,1,0,1,0,1,0,1,0,1,362.7500000000001,0.9972912933094384,1.583333333333333,0.9999877829218107,116.74999999999997,0.9991282108721624
310,QMS9702,QMS9702__JagowalQilaMoolSingh,3,C4-HFZ-06,9,,,265.3166666666667,0.9979528034979424,1213.45,0.9906369598765433,0,1,748.9999999999999,0.9942206790123457,1352.0333333333333,0.9895676440329219,1737.3166666666666,0.9865947788065844,6206.35,0.9521114969135803,3181.5166666770824,0.9762431551174053,1278.0666666666664,0.9901383744855967,3606.833333333333,0.9721694958847736,1579.666666666667,0.9864569044352994,2662.4,0.9801194743130227,1499.4833333333333,0.9888031411788133,248.16666666666669,0.9979483575837743,1369.1,0.9897767323775387,1940.7166666666662,0.9850253343621399,2391.0999999999995,0.9821453106332139,1028.1166666666666,0.9920670010288066,2993.2166666666667,0.977649218438869
311,GUJ9434,GUJ9434__S_Gulzar Colony Warid_MDGJ4162,3,C4-GUJ-01,9,,,1702.166666666667,0.9868659979423868,5320.5,0.9589467592592592,863.3333333333334,0.9933384773662551,2408.666666666667,0.9814146090534979,6634.066666666667,0.9488112139917695,3291.8000000000006,0.9746003086419753,8622.083333333334,0.9334715792181071,3776.2666666666664,0.9718020708880925,2666.733333333333,0.979423353909465,1587.6666666666665,0.9877494855967077,49.833333333333336,0.9995727594878829,723.4999999999999,0.9945975209080048,3640.616666666667,0.9728149890481881,321.50000000000006,0.9973420965608466,1276.1666666666667,0.9904706790123456,985.2166666666667,0.9923980195473251,3168.933333333334,0.9763371166865791,1220.1000000000001,0.9905856481481482,5841.199999999659,0.9563829151732404
312,RUR9501,RUR9501__S_KalasKay_1M3547,4,C4-HFZ-06,27,,,94.33333333333331,0.9994540895061728,0,1,543.3333333333334,0.9968557098765432,554.9166666666666,0.9967886766975309,2242.833333333333,0.9870206404320987,714.3333333333335,0.9958661265432098,4643.433333333333,0.9731282793209877,389.2,0.997820340501792,336.83333333333326,0.9980507330246914,713.4333333333334,0.9958713348765432,0,1,0,1,47.5,0.9997339829749105,260.6666666666667,0.9983837632275132,222,0.9987567204301075,1230.5833333333337,0.9928785686728395,34.75,0.999805387544803,100.20000000000002,0.9994201388888889,1002.6499999999999,0.9943848006272401
313,RUR4796,RUR4796__KMKFerozwala,4,C4-GUJ-01,20,,,224.8333333333333,0.9986988811728394,0,1,0,1,169.33333333333337,0.9990200617283951,840.7499999999999,0.9951345486111112,594.0000000000002,0.9965625,0,1,0,1,0,1,0,1,675.6500000000001,0.9956555426954732,0,1,2328.5,0.9869595654121863,0,1,0,1,56.500000000000014,0.9996730324074075,368.43333333333334,0.9979366412783751,823.3499999999999,0.9952352430555556,3038.8166666775323,0.9829815374850048
314,RUR3264,RUR3264__Ugo_Chak,3,C4-NRW-05,13,,,504.41666666666663,0.996107896090535,1912.5833333333333,0.9852424125514403,0,1,2000.9999999999998,0.9845601851851852,4881.566666666667,0.9623335905349794,0,1,480.16666666666674,0.9962950102880659,2362.2166666666662,0.9823609866587018,0,1,1093.8833333333332,0.99155954218107,414.91666666666674,0.9964427583447645,30.749999999999993,0.9997703853046594,2241.8,0.9832601553166068,0,1,0,1,2367.4166666666665,0.9817328960905349,5839.716666666665,0.9563939914376742,7416.3,0.9427754629629629,2636.666666666666,0.9803116288331343
315,HWY6907,HWY6907__SuperRiceMillKamonki,3,C4-GUJ-01,20,,,865.75,0.9933198302469135,1384.25,0.9893190586419753,808.8333333333334,0.9937590020576131,797.3333333333331,0.9938477366255144,2844.916666666666,0.978048482510288,1468.0833333333333,0.9886721965020575,874.7500000000002,0.9932503858024692,1327.6666666666665,0.9900861210673039,1933.2,0.9850833333333334,319.24999999999994,0.9975366512345678,2884.8333333333335,0.9752672039323274,316.6666666666667,0.9976354042214257,2747.833333333333,0.9794815312624452,275.25,0.9977244543650794,780.4833333333335,0.9941720181202709,4229.833333333333,0.9673623971193416,6845.25,0.9488855286738351,5662.483333333334,0.9563079989711935,7048.599999999999,0.9473670848267622
316,PMD6139,PMD6139__S_KanpurSialkotWarid_MDSK4517,3,C4-SKT-03,30,,,320.25,0.9975289351851852,249.91666666666663,0.9980716306584363,139.08333333333334,0.9989268261316873,1161.95,0.9910343364197531,3762.9666666666662,0.9709647633744857,1389.3,0.9892800925925925,2895.4999999999995,0.9776581790123458,17158.749999961612,0.8718731332141456,4437.616666666667,0.9657591306584362,1010.0833333333334,0.9922061471193416,728.9666666666665,0.9937502857796068,669.4166666666665,0.9950013689765034,2358.0666666666666,0.9823919753086421,247.5,0.997953869047619,164.49999999999994,0.9987716547192353,1213,0.9906404320987654,2886.8166666666666,0.9784437226204699,1574.95,0.9878476080246914,2104.366666666667,0.9842863898845081
317,SKT8839,SKT8839__MuradPurNaiAbadiSKT,3,C4-SKT-03,27,,,2042.3333333333333,0.9842412551440328,1707.5833333333333,0.9868242026748972,6972.75,0.9461979166666667,6726.75,0.9480960648148148,16597.45,0.8719332561728395,1714.1333333333334,0.9867736625514404,3336.4166666666665,0.9742560442386831,15494.783333330693,0.8842982128634208,3614.816666666667,0.9721078960905349,820.65,0.9936678240740742,277.25,0.9976230281207132,0,1,580,0.9956690561529271,0,1,1117.8333333333333,0.9916529769016329,3440.1666666666665,0.9734555041152264,118.16666666666669,0.9991176324173636,1005.4166666666669,0.9922421553497942,974.0833333333335,0.9927263789326962
318,SKT3410,SKT3410__PakkahGarh,3,C4-SKT-03,31,,,483.0833333333333,0.9962725051440329,1274.0333333333335,0.9901694958847735,2725.25,0.978971836419753,1296.25,0.9899980709876544,1247.1833333333334,0.9903766718106997,2321.583333333333,0.9820865483539094,1814.2833333333328,0.9860009002057614,6649.866666666664,0.9503444842692155,2908.3333333333335,0.9775591563786008,1652.0666666666668,0.9872525720164609,526.75,0.9954839677640603,830.8333333333333,0.9937960473914775,729.5000000000001,0.9945527180406212,0,1,660.9166666666666,0.9950648397052967,2334.216666666667,0.9819890689300412,236.33333333333331,0.9982352648347272,179.58333333333334,0.9986143261316873,654.0000000000001,0.9951164874551971
319,PND3233,PND3233__MirajKey,3,C4-HFZ-06,9,,,848.4166666666667,0.9934535751028807,1172.3666666666666,0.9909539609053497,941.4833333333332,0.9927354681069959,3214.116666666667,0.9751997170781892,2438.6166666666663,0.9811835133744856,1522.5166666666667,0.9882521862139917,1813.0833333333333,0.9860101594650206,1927.4833333459062,0.9856072033053621,1167.4833333333333,0.990991640946502,10506.716666666665,0.9189296553497942,8819.783333333333,0.9243845736168267,1362.1000000000001,0.9898290023894863,535.75,0.9959994772998806,16.483333333333334,0.9998637290564374,1116.2166666666667,0.9916650487853446,3245.116666666667,0.9749605195473251,0,1,1064.5333333333335,0.9917860082304527,1744.8,0.9869713261648745
320,KMK5618,KMK5618__S_PakTown_CMPak40683,3,C4-GUJ-01,,CMPak,Zong | 40683,1927.0833333333333,0.985130529835391,15708.08333333333,0.8787956532921811,0,1,25529.9,0.8030100308641975,28586.25,0.7794270833333333,618.5833333333334,0.9952269804526749,9157.366666666665,0.9293413065843622,42.63333333333333,0.9996816507367582,0,1,3358.2999999999997,0.9740871913580247,2709.5499999999997,0.976769975994513,3030.0499999999997,0.9773741786140979,255.81666666666666,0.9980897799681402,1954.8,0.9838392857142857,5701.2,0.9574283154121863,3130.7333333333336,0.9758431069958847,4093.2166666666662,0.9694353594185583,4610.483333333334,0.9644252829218106,13298.316666666668,0.9006995469932297
321,RUR1094,RUR1094__Badshahpur,4,C4-MBD-08,9,,,209.83333333333334,0.9987856867283951,861.25,0.9950159143518519,1874.4999999999998,0.989152199074074,202.33333333333331,0.9988290895061728,454.45,0.9973700810185185,1116.9166666666667,0.9935363618827161,2175.9,0.9874079861111111,2158.4666666570433,0.987911813022754,665.6333333333332,0.9961479552469136,837.1666666666667,0.9951552854938273,261.6666666666667,0.9983174725651577,64.75,0.9996373767921147,713.0166666666667,0.9960068511051374,298.06666666666666,0.9981518683862434,1223.7666666666669,0.9931464680406212,1766.6166666666668,0.9897765239197531,722.7333333333335,0.9959524342891278,0,1,437.9166666666667,0.9975475097072879
322,PHA5873,PHA5873_H_Hailan_Road_MDPH1531,3,C4-MBD-08,,E.Co,e.coPK016486PU,133.99999999999997,0.998966049382716,245.33333333333331,0.9981069958847736,1065.3166666666668,0.9917799639917695,2155.3166666666666,0.9833694701646091,5007.599999999999,0.9613611111111111,2075.333333333333,0.9839866255144032,1233.4,0.9904830246913581,1203.5,0.9910132915173238,1017.75,0.9921469907407408,1000.9000000000001,0.9922770061728394,196.99999999999997,0.9983110425240055,2166.9666666666667,0.9838189466348068,599.0833333333333,0.9955265581441657,193,0.9984044312169312,600.25,0.9955178464755078,1240.05,0.990431712962963,730.8333333333334,0.9945427618478694,242,0.9981327160493827,283.08333333333337,0.9978861758263641
323,RUR5364,RUR5364__S_Balgan_NEW,3,C4-WZD-07,,Enfrashare,EC1-SKT-01515,0,1,1361.6666666666665,0.9894933127572016,0,1,108,0.9991666666666668,2854.116666666667,0.9779774948559671,377.78333333333336,0.997085005144033,1029.5,0.9920563271604937,0,1,0,1,986.0833333333334,0.9923913323045268,517.5833333333335,0.9955625571559213,522.9166666666667,0.9960953056551175,322.0833333333333,0.9975949571883711,61.5,0.9994915674603174,50.16666666666667,0.9996253982477101,673.3,0.9948047839506172,811.9666666666665,0.9939369275189168,0,1,1812.6333333333332,0.9864648048586221
324,RUR9991,RUR9991__AalianWali,3,C4-NRW-05,13,,,562.8000000000001,0.9956574074074074,597,0.9953935185185184,297.75,0.9977025462962963,728.6666666666667,0.9943775720164609,4159.25,0.9679070216049382,1534.5,0.9881597222222223,3096.3666666666663,0.976108281893004,2158.7166666666662,0.9838805505774592,0,1,667.1166666666667,0.9948524948559672,5390.683333333333,0.9537835791037952,2094.366666666667,0.9843610613301473,567.4166666666667,0.9957630177220231,0,1,22,0.9998357228195939,429.5000000000001,0.9966859567901234,254.5,0.9980996117084827,115.66666666666666,0.9991075102880659,763.9666666540938,0.9942953504580788
325,RUR9487,RUR9487__S_Amrao Kalaan_1M3550,3,C4-HFZ-06,27,,,386.4833333333334,0.9970178755144034,1446.8166666666664,0.9888362911522635,693.8333333333333,0.9946463477366255,381.66666666666663,0.9970550411522633,398.15000000000003,0.9969278549382716,1182.816666666667,0.9908733281893004,479.75,0.996298225308642,380.0166666666667,0.9971623606133015,0,1,1585.5000000000002,0.9877662037037037,208.75,0.99821030521262,184.33333333333331,0.9986235563520509,238.83333333333334,0.9982165969733174,0,1,882.65,0.9934091248506571,2202.4666666666667,0.983005658436214,793.6999999999999,0.9940733273596177,1520.0333333333333,0.9882713477366255,717.9833333333333,0.9946387146555158
326,SKT3400,SKT3400__KotliBahram,3,C4-SKT-03,27,,,1622.5833333333335,0.987480066872428,5542.533333333333,0.9572335390946501,480.9166666666666,0.9962892232510288,334.4166666666667,0.9974196244855967,4137.816666666667,0.9680724022633745,0,1,5289.200000000001,0.9591882716049384,8341.48333332728,0.9377129380725263,861.8333333333333,0.9933500514403292,208.25,0.9983931327160493,557.3333333333334,0.9952217649748514,643.25,0.9951967592592592,1645.216666666667,0.9877149293110314,13.416666666666668,0.9998890817901234,207.45000000000005,0.998450940860215,1474.0833333333333,0.9886259002057614,520.1333333333333,0.9961160892074871,1421.4166666666665,0.9890322788065844,2360.916666650136,0.9823706939467582
327,RUR0435,RUR0435_DhalDholan_NEW,3,C4-MBD-08,,Telenor,LPHR03,871.7833333333333,0.9932732767489711,2196.6666666666665,0.9830504115226337,842.3333333333333,0.9935005144032922,3248.916666666667,0.9749311985596708,7733.466666666669,0.9403281893004114,1966.4,0.9848271604938271,4196.983333333334,0.9676158693415639,1789.3833333317034,0.9866384159697453,4614.283333333333,0.9643959619341564,2401.4666666666667,0.9814701646090535,1401.75,0.9879822530864197,1173.0666666666666,0.9912405416168858,8417.550000000001,0.9371449372759857,841.0833333333333,0.9930465994268077,2848.733333333333,0.9787280963759458,7146.866666666666,0.9448544238683128,6696.816666666667,0.9499939018319395,3334.6833333333334,0.9742694187242799,7408.916666675886,0.944676548187904
328,GUJ9427,GUJ9427__S_Chashma Chowk Warid_GJ4730,3,C4-GUJ-01,20,,,567.0833333333333,0.9956243569958848,1502.6666666666667,0.9884053497942387,1980.6166666666666,0.9847174639917695,2728.666666666666,0.9789454732510288,5569.0666666666675,0.9570288065843622,1308.25,0.9899054783950618,965.5833333333333,0.9925495113168725,736.1666666666666,0.9945029370768619,187.5,0.9985532407407408,1469.1666666666667,0.9886638374485597,453.75,0.9961098251028807,326.0833333333333,0.9975650886101155,2725.5833333333335,0.9796476752289923,1070.75,0.9911479001322752,469.5,0.9964941756272401,3286.416666666667,0.974641846707819,1561.0166666666667,0.9883436628833134,1097.25,0.9915335648148148,7869.233333333332,0.9412392970927916
329,GUJ9419,GUJ9419__S_Krishan Nagar Warid_GJ4159,3,C4-GUJ-02,27,,,1118.0000000000002,0.9913734567901235,1654.1166666666663,0.9872367541152264,875.0833333333334,0.9932478137860081,2536.0333333333338,0.980431841563786,5513.333333333334,0.9574588477366255,3338.916666666667,0.9742367541152264,4648.949999999999,0.9641284722222223,1923.9666666682194,0.9856334627638275,1849.9166666666667,0.9857259516460906,1747.0499999999997,0.9865196759259259,2549.75,0.9781400034293553,827.7499999999998,0.9938190710872162,4152.949999999999,0.9689893219832736,6737.900000000001,0.9442964616402116,4480.233333333334,0.9665454500199124,2284.166666666667,0.9823752572016461,1.916666666666667,0.9999856879729191,2207.883333333333,0.9829638631687243,397.0833333333333,0.9970349213460773
330,RUR9738,RUR9738__MaingraFatowal,3,C4-NRW-05,20,,,3907.7333333333336,0.9698477366255145,2177.0833333333335,0.983201517489712,313.5833333333333,0.9975803755144033,3382.583333333334,0.9738998199588477,550.5,0.9957523148148149,0,1,422.4166666666665,0.9967406121399176,1659.05,0.9876116338112305,946.2166666666667,0.9926989454732511,1537.1666666666665,0.988139146090535,248.08333333333331,0.9978730852766347,420.75,0.9968581989247312,386.05,0.9971173088410992,835.6666666666667,0.9930913800705468,524.8833333333333,0.9960806202708085,1347.4833333333331,0.9896027520576132,332.6333333333333,0.9975161788132217,133.16666666666669,0.9989724794238682,303.16666666666663,0.9977362106730386
331,GUJ5658,GUJ5658_H_Aziz Colony Gujranwala Punjab Pakistan,3,C4-GUJ-01,,E.co,e.coPK015631PU,1985.75,0.9846778549382716,1804.083333333333,0.986079603909465,110.74999999999997,0.9991454475308642,0,1,6615.516666666667,0.948954346707819,2789.7333333333327,0.9784742798353909,7659.783333333332,0.9408967335390946,2266.0833333826936,0.9830788281557445,2063.5666666666666,0.9840774176954733,8239.833333333334,0.9364210390946502,6239.65,0.9465050582990397,1807.1333333333332,0.9865058741537236,7617.983333333332,0.9431154171644763,972.6666666666667,0.9919587742504409,2461.9833333333336,0.9816160145360413,2165.3500000000004,0.9832920524691358,171.25000000000003,0.9987212514934289,3925,0.9697145061728395,1994.6666666666663,0.98510553564317
332,GUJ6261,GUJ6261__S_CSDRahwaliCantt,3,C4-GUJ-02,30,,,0,1,0,1,1655.8666666666668,0.9872232510288066,415.4166666666667,0.9967946244855967,1606.3666666666668,0.987605195473251,573.15,0.9955775462962962,6.999999999999999,0.999945987654321,0,1,0,1,0,1,0,1,26,0.999805854241338,128.08333333333331,0.9990435832337714,141.13333333333335,0.9988332231040564,301.7166666666667,0.9977470380326564,0,1,578.4666666666667,0.9956805057745918,74.49999999999999,0.9994251543209876,557.1666666666666,0.9958395559538034
333,SKT4153,SKT4153__SherayWaliKhankah,3,C4-SKT-03,30,,,945.25,0.9927064043209876,501.5333333333333,0.9961301440329219,485.33333333333337,0.9962551440329218,670.5833333333334,0.9948257458847736,1536.4166666666667,0.9881449331275721,931.7499999999999,0.9928105709876544,1496.0833333333335,0.9884561471193416,3197.6666666859915,0.9761225607326316,1058.3333333333333,0.9918338477366255,1263.9333333333334,0.9902474279835392,359.29999999999995,0.9969195816186557,2040.3833333333332,0.9847641626841895,1110.916666666667,0.9917046246515332,369,0.9969494047619049,449,0.9966472520908005,2014.083333333333,0.9844592335390946,216.7,0.9983818697729988,811.55,0.9937380401234567,956.333333322623,0.9928589207487856
334,RUR1063,RUR1063__Narang,3,C4-MBD-08,13,,,2062.583333333333,0.9840850051440329,1854.6666666666665,0.9856893004115226,1318.3166666666666,0.9898278034979424,0,1,470.5,0.9963695987654322,164.06666666666666,0.9987340534979424,1139.3,0.9912091049382715,643.8833333333334,0.9951920300677021,468.4833333333334,0.9963851594650205,0,1,160.49999999999997,0.9986239711934156,0,1,491.75,0.996328031660693,134.75,0.9988859953703704,0,1,541.8833333333332,0.9958188014403292,0,1,0,1,858.8,0.9935872162485065
335,RUR5145,RUR5145__S_Badiana Warid_MR1B2724,3,C4-NRW-05,30,,,325.08333333333337,0.9974916409465021,522.0000000000001,0.9959722222222223,701,0.994591049382716,832.5,0.9935763888888889,313.75,0.9975790895061728,597.3333333333333,0.9953909465020575,1030.5,0.9920486111111111,2531.2833333333333,0.9810985414177619,676.2333333333333,0.9947821502057613,819.1333333333333,0.9936795267489713,267.41666666666663,0.9977073331047096,442.8333333333333,0.996693299482278,364.0833333333333,0.9972813371166867,177.16666666666666,0.9985353284832452,207.08333333333334,0.9984536788132218,592.1666666666667,0.9954308127572017,664.5333333333334,0.9950378335324572,859.8000000000002,0.9933657407407408,97.24999999999997,0.999273820191159
336,HWY6555,HWY6555__S_MohlaKalan,3,C4-GRT-04,,E.co,e.coPK019040PU,8607.633333333333,0.9335830761316872,11836.1,0.9086720679012346,2562.5,0.9802276234567902,952.9499999999999,0.9926469907407407,3191.8000000000006,0.9753719135802469,1544.25,0.9880844907407408,1822.6499999999999,0.9859363425925927,1909.9499999913855,0.9857381272402077,288.75,0.9977719907407407,549.9999999999999,0.9957561728395062,3482.066666666667,0.9701468907178784,1500.7999999999997,0.9887933094384708,1539.9166666666665,0.988501219633612,810.6666666666667,0.9932980599647265,244.5,0.9981742831541218,2222.6833333333334,0.9828496656378601,1748.1666666666672,0.986946186778176,1165.5833333333333,0.9910063014403292,3959.000000003058,0.9704375746714229
337,SKT4154,SKT4154__AskariSialkot,3,C4-SKT-03,20,,,367.1666666666667,0.9971669238683127,599.5833333333333,0.9953735853909466,104.08333333333331,0.9991968878600823,273.8333333333333,0.9978870884773663,1245.0000000000002,0.9903935185185184,769.0833333333333,0.9940657150205762,1071,0.9917361111111112,1923.3333333256962,0.9856381919554533,270.66666666666663,0.9979115226337448,868,0.9933024691358026,0,1,230.58333333333331,0.9982782009159697,329.66666666666663,0.9975383313420947,0,1,0,1,59.33333333333334,0.9995421810699588,0,1,0,1,190.91666666666669,0.9985743976503385
338,HFZ3804,HFZ3804__Gulshan_Usman,3,C4-HFZ-06,20,,,887.1500000000001,0.9931547067901235,1595.583333333333,0.9876884002057613,1745.7833333333333,0.9865294495884774,1750.5,0.9864930555555556,4061.133333333333,0.9686640946502059,5400.383333333333,0.9583303755144033,7542.033333333336,0.9418052983539095,9518.766666675281,0.9289219932297246,4114.083333333331,0.968255529835391,888.4833333333333,0.9931444187242797,364.25000000000006,0.9968771433470508,58.75,0.9995613052568697,2150.9833333333336,0.9839382964954201,656.8833333333333,0.9945694168871252,1082.6666666666667,0.9919155714854639,2227.416666666667,0.9828131430041153,3107.5499999999997,0.9767954749103943,3059.083333333333,0.9763959619341565,1376.8666666666668,0.9897187375547591
339,SKT0110,SKT0110__SialkotCantt,4,C4-SKT-03,27,,,116,0.9993287037037036,185.50000000000003,0.9989265046296296,535,0.9969039351851852,117.33333333333331,0.999320987654321,2149.366666666667,0.9875615354938272,506.58333333333337,0.9970683834876543,381.3333333333333,0.9977932098765432,3829.5166666397045,0.9785533340801987,323.00000000000006,0.9981307870370371,375.9166666666667,0.9978245563271605,0,1,54.91666666666667,0.9996924469832735,1761.4833333333333,0.9901350619772998,355.41666666666663,0.9977962756283069,221.83333333333331,0.9987576538231779,281.41666666666663,0.9983714313271606,623.0833333333336,0.9965105100059738,85.50000000000001,0.9995052083333333,125,0.9992999551971326
340,RUR1127,RUR1127__OffloadRUR4037A,3,C4-NRW-05,30,,,612.4166666666666,0.9952745627572017,934.75,0.9927874228395062,115,0.9991126543209876,896.8166666666665,0.9930801183127572,4058.2166666666667,0.9686865997942387,2722.3500000000004,0.978994212962963,991.3333333333335,0.9923508230452674,2156.9833333326346,0.9838934936280418,4728.250000000001,0.9635165895061728,131.00000000000003,0.9989891975308641,812.9666666666666,0.9930301211705533,1574.3999999999999,0.9882437275985663,1486.083333333333,0.9889032009159697,53.08333333333334,0.999561149691358,132.99999999999997,0.9990068697729988,1074.3500000000001,0.991710262345679,1523.9333333333332,0.9886205694942254,2350.383333333333,0.9818643261316872,1544.1499999999996,0.9884696087216248
341,DMK6996,DMK6996__DhamonkayDaska,3,C4-WZD-07,20,,,1033.7499999999993,0.9920235339506174,480.9999999999998,0.9962885802469136,617.1666666666666,0.9952379115226337,975.25,0.9924749228395062,3042.9000000000005,0.9765208333333334,691.3333333333334,0.9946656378600823,1640.8333333333333,0.9873392489711934,208.83333333333331,0.998440611310235,669.3333333333334,0.9948353909465021,54.5,0.999579475308642,402.6166666666667,0.9965482110196616,387.50000000000006,0.9971064814814815,740.6333333333337,0.9944695838311429,0,1,214.58333333333337,0.9983976752289924,276,0.9978703703703704,1767.0666666666666,0.986805057745918,461.98333333333335,0.9964353137860082,1138.8333333333335,0.9914961668657906
342,GJR6249,GJR6249__S_Mughal_Colony_MDGU4251,3,C4-GRT-04,9,,,694.5,0.9946412037037037,1498.7833333333338,0.9884353137860082,376.41666666666663,0.9970955504115225,1553.7,0.988011574074074,2517.9500000000003,0.9805713734567901,1863.3666666666668,0.9856221707818931,3821.666666666667,0.9705118312757202,2125.3999999965854,0.9841293309438726,1041.3166666666666,0.9919651491769547,388,0.9970061728395062,1157.9666666666667,0.9900723022405121,1099.2333333333336,0.9917918657905217,1820.8833333333332,0.9864032009159698,0,1,92.58333333333334,0.9993086668657906,656.9,0.9949313271604939,45.24999999999999,0.9996621117084827,411.33333333333337,0.9968261316872428,304.6666666666667,0.9977250099561928
343,SKT9478,SKT9478__S_Sialkot Cantt_MDSK4181,5,C4-SKT-03,27,,,1524.4999999999998,0.9929421296296296,6199.516666666668,0.9712985339506173,2930.416666666667,0.9864332561728395,1978.6666666666663,0.9908395061728394,5883.083333333331,0.9727635030864198,1646.3333333333333,0.9923780864197531,1052.5,0.9951273148148148,6640.250000012339,0.9702497759856078,587.6666666666666,0.9972793209876544,708.5833333333333,0.9967195216049383,2116.6666666666665,0.9891117969821674,1187.25,0.9946807795698924,2381.5000000000005,0.9893301971326164,2316.9166666666665,0.9885073578042328,2817.833333333333,0.9873752986857824,7836.333333333331,0.9637206790123457,2470.2500000000005,0.9889325716845877,1570.4166666666667,0.9927295524691359,628.7499999999999,0.9971830197132617
344,SKT3618,SKT3618__Pakpura,3,C4-SKT-03,30,,,1304.0000000000002,0.9899382716049382,1703.4499999999996,0.9868560956790123,1084.3333333333333,0.9916332304526749,429.33333333333337,0.9966872427983539,1121.0833333333335,0.9913496656378601,179.9166666666666,0.9986117541152264,3461.1000000000004,0.9732939814814814,6097.18333335359,0.9544714506171327,615.4166666666666,0.9952514146090534,1589.3333333333335,0.9877366255144032,8761.216666666665,0.9248866883859168,773.5000000000001,0.9942241636798088,68.16666666666666,0.9994909896455596,294.0833333333333,0.9975687555114638,0,1,0,1,90.16666666666666,0.9993267124651533,46.33333333333334,0.9996424897119341,436.33333333333337,0.9967418359219434
345,RUR9476,RUR9476__S_New Abadi SKT_MDSK4187,7,C4-SKT-03,,GLO,,8210.25,0.9728497023809524,4284.933333333333,0.9858302469135802,8935.266666666665,0.9704521604938272,4699.166666666667,0.9844604276895943,15785.683333333332,0.9477986662257496,3460,0.988558201058201,20660.933333333334,0.9316768077601411,40459.44999994436,0.8705214733744739,18228.616666666672,0.9397201829805997,1967.3666666666666,0.9934941578483244,4265.283333333333,0.9843280300803449,13774.25,0.9559195788530467,5373.766666666667,0.9828028460488137,2589.833333333332,0.990824003212396,890.3333333333333,0.997150750981396,1847.6666666666667,0.9938899911816579,0,1,561.75,0.9981423611111111,1627.666666666667,0.9947911332991979
346,GJR6251,GJR6251__S_Shadman_MDGU4208,3,C4-GRT-04,30Kva,,,814.3333333333334,0.9937165637860081,1564.9166666666665,0.9879250257201646,1011.1666666666667,0.9921977880658436,1693.1,0.9869359567901235,3139.8999999999996,0.9757723765432098,2329.7000000000003,0.9820239197530864,3082.866666666667,0.9762124485596708,2884.950000013582,0.978457661290221,2660.633333333333,0.9794704218106997,2148.9666666666667,0.9834184670781894,835.5833333333333,0.9928362197073617,934.8166666666666,0.9930195888092394,4318.566666666667,0.9677526383910792,557.75,0.9953889715608466,0,1,605.5,0.9953279320987655,73.58333333333334,0.9994505426125051,15.083333333333336,0.999883616255144,405.2499999999999,0.996973939665472
347,RUR5142,RUR5142__S_Kallu Pyara Warid_MDSK4519,3,C4-SKT-03,20,,,294.83333333333337,0.9977250514403292,84.25000000000001,0.9993499228395062,903.7333333333336,0.9930267489711935,698.5833333333334,0.9946096965020575,1180.6666666666665,0.9908899176954732,1580.533333333333,0.9878045267489712,2439.4,0.9811774691358025,9715.99999999581,0.9274492234169966,5807.4333333333325,0.9551895576131687,198.83333333333334,0.99846579218107,123.50000000000001,0.9989411865569273,1795.1333333333332,0.9865954798884907,5288.883333333333,0.9605071435682995,1731.8,0.9856828703703704,1000.5666666666665,0.9925286240541616,246.5,0.9980979938271605,440.0000000000001,0.9967144563918758,262.31666666666666,0.9979759516460905,161.83333333333331,0.9987915671047393
348,SKT5140,SKT5140__S_GPO_MDSK1887,3,C4-SKT-03,20,,,681.6666666666667,0.9947402263374485,2130.9166666666665,0.9835577417695474,2690.333333333333,0.9792412551440328,2812.0000000000005,0.9783024691358024,5449.7,0.9579498456790124,110,0.9991512345679012,301.16666666666663,0.9976761831275721,3919.3833333852544,0.9707333980481985,0,1,2222.916666666666,0.9828478652263375,0,1,1285.416666666667,0.9904016079251295,519.2666666666667,0.9961225607327758,828.4166666666666,0.9931513172398588,182.08333333333331,0.9986403574273198,1149.6000000000001,0.9911296296296297,1263.5333333333333,0.9905650139386698,1030.5499999999997,0.9920482253086419,549.5833333333333,0.9958961818000795
349,CML9909,CML9909__Chak_Saada,3,C4-MBD-08,,GLO,,820.7499999999999,0.9936670524691358,1282.45,0.9901045524691358,585.5,0.9954822530864198,305.08333333333337,0.9976459619341564,718.3,0.9944575617283951,117.49999999999997,0.9990933641975309,1441.5833333333335,0.9888766718106996,1489.849999985673,0.9888750746715526,315.2499999999999,0.9975675154320988,2716.5666666666666,0.9790388374485596,492.58333333333337,0.9957768918609967,730.7499999999999,0.9945433841099164,441.6333333333333,0.9967022600557547,135,0.9988839285714286,0,1,658.9,0.9949158950617284,781.4999999999998,0.9941644265232975,489.41666666666663,0.9962236368312758,568.7500000000001,0.9957530615292712
350,MBN9802,MBN9802__MohalahManzorabad_N,3,C4-MBD-08,30,,,1612.7333333333336,0.9875560699588477,1431.15,0.9889571759259259,4537.816666666667,0.9649859825102881,6429.533333333334,0.950389403292181,5593.333333333334,0.9568415637860082,3015.3666666666672,0.976733281893004,3897.6333333333328,0.9699256687242799,2445.3999999999996,0.9817398446833931,40.74999999999999,0.9996855709876543,503.24999999999994,0.9961168981481481,122.50000000000003,0.9989497599451304,248.00000000000006,0.9981481481481481,0,1,968.8166666666665,0.9919906029541447,1254.4999999999998,0.990632467144564,1483.2833333333338,0.9885549125514403,468.75,0.9964997759856631,2209.6000000000004,0.9829506172839505,7365.966666666667,0.9449972620469933
351,RUR5657,RUR15657__S_Lakhnoor,3,C4-NRW-05,,Enfrashare,EC1-SKG-02027,0,1,1695.75,0.9869155092592592,1475.0833333333333,0.9886181841563786,3082.916666666667,0.9762120627572017,4656.433333333333,0.964070730452675,2090.1000000000004,0.9838726851851852,2117.416666666667,0.9836619084362139,7527.550000000001,0.9437906959378733,2259.5333333333333,0.982565329218107,2573.1333333333337,0.9801455761316872,4019.6833333333325,0.9655376943301326,3895.35,0.970912858422939,4143.133333333334,0.9690626244524094,1665.4333333333334,0.9862315365961198,1384.1666666666667,0.9896642273994425,0,1,1426.1166666666663,0.9893509806849861,334.08333333333337,0.9974221965020575,1090.2333333333333,0.9918590700915969
352,RUR0874,RUR0874__Buchiana,3,C4-GRT-04,27,,,1849.0666666666666,0.9857325102880659,1662,0.987175925925926,40.16666666666666,0.999690072016461,1233.8999999999999,0.9904791666666667,3223.3333333333335,0.9751286008230453,38.25,0.9997048611111111,262.4166666666667,0.9979751800411524,23.249999997206032,0.9998263888889097,3178.4333333333325,0.9754750514403292,861.1666666666666,0.993355195473251,0,1,184.75,0.998620445041816,989.2166666666667,0.9926133761449621,128.3,0.9989393187830687,5.750000000000001,0.9999570639187574,708.65,0.9945320216049383,383.6666666666667,0.9971351055356432,449.7499999999999,0.9965297067901234,1040.6833333333334,0.9922290671047392
353,RUR6072,RUR6072__S_Mianwal Ranjha warid_MR4V4341,4,C4-MBD-08,9,,,333.25,0.9980714699074075,397.91666666666663,0.9976972415123457,1602.2166666666667,0.9907279128086419,908.6666666666667,0.994741512345679,1447.2666666666667,0.9916246141975309,969.9999999999998,0.994386574074074,1235.9666666666665,0.9928474151234568,2094.0999999970663,0.9882722894265398,1558.7666666666664,0.9909793595679013,1433.75,0.9917028356481481,701.8999999999999,0.9954867541152264,2040.9833333333333,0.9885697617980884,550.5833333333333,0.9969165359916369,715.3333333333333,0.9955646494708995,376.0000000000001,0.997894265232975,1533.5666666666664,0.9911251929012346,3225.683333333333,0.9819350171744325,791.1833333333333,0.9954213927469135,1299.5,0.9927223342293907
354,RUR6067,RUR6067__S_Bherowal warid_MDPH7511,3,C4-MBD-08,,Telenor,LBW001,1546.916666666667,0.9880639146090534,1615.4666666666667,0.9875349794238683,206.91666666666669,0.9984034207818929,2079.516666666667,0.983954346707819,8333.35,0.9356994598765432,528,0.995925925925926,13499.083333333336,0.8958404063786009,1700.0833333333337,0.9873052319792912,2867.5166666666664,0.9778740997942387,2611.6666666666665,0.9798482510288067,302.15,0.9974095507544581,4627.166666666667,0.9654482775786539,8865.633333333331,0.933799034249303,2971.666666666667,0.9754326499118166,2237.75,0.9832903972520909,6162.233333333334,0.952451903292181,4605.416666666667,0.965610687972919,5614.033333333334,0.956681841563786,7669.916666673651,0.942727623456738
355,RUR5725,RUR5725__T_GourmetKhulqEMuhammadi,1,C4-NRW-05,,,,171.6666666666667,0.9960262345679013,0,1,0,1,395,0.9908564814814815,2679.233333333333,0.9379807098765433,2042.7333333333327,0.9527145061728395,2330.6666666666665,0.9460493827160493,5109.299999995344,0.8855443548388141,1910.8500000000004,0.955767361111111,4751.0166666666655,0.890022762345679,2863.1,0.9263605967078189,4824.55,0.8919231630824374,8360.750000000002,0.8127072132616487,3968.1833333333334,0.9015827546296297,4424.966666666667,0.9008744026284349,7110.466666666667,0.8354058641975308,6684.216666666667,0.8502639635603344,5558.483333333333,0.8713314043209877,5126.583333328305,0.8851571833931832
356,GUJ3305,GUJ3305__Ferozwala,3,C4-GUJ-01,30,,,900.4166666666666,0.9930523405349794,541.3333333333333,0.9958230452674897,0,1,455.74999999999994,0.9964834104938273,1060.7833333333333,0.9918149434156379,1965.4166666666663,0.9848347479423869,2434.25,0.9812172067901234,2429.366666691579,0.9818595679010486,85.25000000000001,0.9993422067901234,201.08333333333337,0.9984484310699588,874.7166666666666,0.9925007144490169,1057.1333333333337,0.9921062325766627,4471.850000000001,0.9666080495818399,647.4833333333333,0.9946471285273368,466.8333333333334,0.9965140880127439,1149.4666666666667,0.991130658436214,237.28333333333333,0.9982281710473915,1766.2666666666664,0.9863713991769548,2515.166666666667,0.9812188868976502
357,LLM4526,LLM4526__MuhallahChaghpura,3,C4-GRT-04,,GLO,,0,1,2798.916666666667,0.9784034207818929,4733.966666666666,0.9634724794238683,993.0833333333333,0.9923373199588477,3112.5333333333333,0.9759835390946502,153.25000000000003,0.9988175154320987,2839.4,0.9780910493827161,0,1,0,1,26.749999999999996,0.9997935956790124,30,0.9997427983539094,0,1,0,1,617,0.9948991402116403,151.83333333333334,0.9988662385503784,0,1,214.25,0.9984001642771804,1.583333333333333,0.9999877829218107,860.6500000000001,0.9935734020310634
358,GJR6266,GJR6266__S_Miana_Pura_MDGU4257,3,C4-GRT-04,20,,,984.5,0.9924035493827161,1400,0.9891975308641975,39.99999999999999,0.9996913580246914,1150.5,0.9911226851851852,6713.450000000001,0.9481986882716049,1408.0666666666668,0.9891352880658437,346.54999999999995,0.9973260030864197,1760.0166666635466,0.9868577011151168,1215.6000000000001,0.9906203703703704,0,1,500.25000000000006,0.9957111625514403,225.58333333333331,0.9983155366387894,805.5500000000001,0.9939848416965353,1264.0499999999997,0.9895498511904762,1485.95,0.9889041965352449,1507.2666666666667,0.9883698559670782,856.6166666666668,0.9936035195141377,1.583333333333333,0.9999877829218107,1056.2500000168413,0.9921128285542351
359,SKT3813,SKT3813__AbdullahTown,3,C4-SKT-03,20,,,1363.2833333333333,0.9894808384773662,937.4166666666667,0.9927668467078189,665.5833333333335,0.9948643261316873,165.49999999999997,0.9987229938271605,1097.9166666666665,0.991528420781893,1073.2500000000005,0.99171875,2746.533333333333,0.9788076131687242,4356.766666666666,0.9674673934687376,2296.933333333333,0.9822767489711934,1458.4833333333333,0.9887462705761316,7037.199999999998,0.939667352537723,0,1,479.66666666666663,0.996418259657507,154.5,0.9987227182539682,0,1,414.79999999999995,0.9967993827160494,0,1,1.833333333333333,0.999985853909465,147.5,0.9988985961768221
360,SKT9481,SKT9481__S_Ghausia Street Muslim colony_MDSK4265,3,C4-SKT-03,20,,,442.58333333333337,0.9965850051440328,283,0.9978163580246914,0,1,156.75,0.9987905092592593,1347.45,0.9896030092592593,63,0.9995138888888888,1812.65,0.9860135030864197,7157.066666679939,0.9465571485462968,2924.2000000000003,0.9774367283950618,168.33333333333331,0.9987011316872427,534.3333333333334,0.9954189529035209,440.0833333333333,0.9967138341298287,1498.5,0.9888104838709677,882.5333333333332,0.9927039241622575,1016.5166666666665,0.9924095230983672,3208.933333333334,0.9752397119341564,0,1,433.33333333333337,0.996656378600823,0,1
361,RUR8753,RUR8753__SialkotAirport,4,C4-WZD-07,,GLO,,2088.0833333333335,0.9879161844135802,1639.6666666666665,0.9905111882716049,70.91666666666669,0.9995896026234569,1856.833333333334,0.9892544367283951,6645.5166666666655,0.9615421489197531,1200.45,0.9930529513888889,613.75,0.9964482060185185,2736,0.9846774193548388,1521.0166666666667,0.9911978202160493,3397.1666666666674,0.9803404706790124,1589.916666666667,0.9897767704046639,714.1666666666666,0.996000410692951,2036.7666666666662,0.9885933766427718,301,0.9981336805555556,15.5,0.9999131944444444,3978.516666666667,0.9769761766975309,2994.7833333333333,0.983228139934289,2459.633333333334,0.9857660108024692,2617.8333333333335,0.985339195041816
362,HWY3950,HWY3950__SKTAwanSports,3,C4-SKT-03,30,,,5632.733333333334,0.9565375514403293,923.1666666666665,0.9928768004115226,907.2833333333334,0.9929993569958847,1774.1833333333334,0.9863103137860082,2135.916666666667,0.9835191615226337,316.51666666666665,0.9975577417695473,2173.3333333333335,0.9832304526748972,1863.816666666667,0.9860826115093588,2907.116666666667,0.9775685442386832,5174.65,0.9600721450617284,4026.4666666666667,0.9654795381801554,269.6666666666667,0.99798636001593,1631.6666666666665,0.9878161091198726,5.750000000000001,0.9999524636243386,0,1,950.6166666666667,0.9926649948559672,0,1,257,0.9980169753086421,780.3333333333333,0.9941731381919554
363,DSK9391,DSK9391__S_Mandranwala_CMPak40762,3,C4-WZD-07,,CMPak,40762,44,0.9996604938271605,0,1,0,1,0,1,0,1,390.03333333333336,0.9969904835390946,1309.0833333333333,0.9898990483539094,34559.499999999985,0.7419392174432499,4319.949999999999,0.9666670524691358,2133.7,0.9835362654320987,939.55,0.9919448731138546,1627.75,0.9878453554360813,2891.2,0.9784109916367981,1606.9,0.9867154431216931,1103.85,0.9917573924731182,2138.0499999999997,0.983502700617284,12095.45,0.909681526284349,3143.616666666667,0.9757436985596708,1095.7499999999998,0.991817876344086
364,MBN6230,MBN6230__S_MohallahShafaqtabad_MDMB3286,3,C4-MBD-08,20,,,45.75000000000001,0.9996469907407408,0,1,0,1,0,1,0,1,0,1,0,1,0,1,0,1,0,1,0,1,0,1,0,1,12.75,0.9998945932539682,426.90000000000003,0.9968122759856631,47.08333333333333,0.9996367026748971,26.749999999999996,0.9998002538829153,480.91666666666674,0.9962892232510288,646.3333333333336,0.9951737355635205
365,DHW6981,DHW6981__ChakralaSialkot,3,C4-SKT-03,27,,,558.75,0.9956886574074075,1946.5166666666664,0.9849805812757202,4377.133333333333,0.9662258230452675,2983.416666666667,0.9769798096707819,9480.250000000002,0.9268499228395062,2473.233333333333,0.9809164094650206,1131.1666666666667,0.9912718621399176,4445.35,0.9668059289127838,2381.45,0.9816246141975309,4588.316666666667,0.9645963220164608,1158.9500000000003,0.9900638717421124,457.1666666666667,0.9965862704101951,5977.549999999998,0.9553647700119474,562.1666666666667,0.9953524581128748,516.2333333333332,0.9961452110712864,163.00000000000003,0.9987422839506174,404.41666666666663,0.9969801622859419,778.9000000000001,0.9939899691358025,2834.0333333333333,0.9788378634010354
366,GUJ1538,GUJ1538__S_IndustrialEstateIIGUJ,4,C4-GUJ-01,20,,,39.666666666666664,0.9997704475308642,807.5,0.9953269675925925,27.41666666666666,0.9998413387345678,788.1666666666666,0.995438850308642,3745.266666666667,0.9783260030864197,1128.9999999999998,0.9934664351851852,248.33333333333337,0.9985628858024691,2486.550000000001,0.9860744287634408,212.5,0.9987702546296297,752.8333333333333,0.995643325617284,154.25000000000003,0.9990081661522633,1067.3333333333337,0.9940225507765831,3407.4166666666674,0.9809172453703704,627.6666666666669,0.9961082175925925,2247.083333333333,0.9874155279271207,4194.949999999999,0.9757236689814814,1617.75,0.9909400201612903,1292.9166666666665,0.9925178433641975,3139.433333333333,0.9824180480884109
367,GUJ9435,GUJ9435__S_khiali Warid_MDGJ4635,3,C4-GUJ-01,,CMPak,6383,2888.783333333333,0.977710005144033,10123.199999999999,0.921888888888889,225.5,0.9982600308641975,1913.0333333333333,0.9852389403292182,6311.783333333333,0.9512979681069959,2551.5333333333333,0.9803122427983538,4734.866666666666,0.9634655349794238,2789.766666666667,0.9791684090003983,5956.883333333333,0.9540363940329217,3476.8833333333337,0.9731721965020576,0,1,2359.7333333333336,0.9823795300677021,5976.433333333333,0.9553731083233771,1476.4833333333331,0.9877936232363315,3055.5666666666666,0.9771836419753086,8377.85,0.9353560956790123,4509.883333333332,0.9663240491835922,1184.75,0.9908584104938272,6587.466666666667,0.950810434090004
368,KPD9970,KPD9970__KaloPaddaNorowal,3,C4-NRW-05,20,,,211.25,0.9983699845679013,67.5,0.9994791666666667,0,1,146.50000000000003,0.9988695987654321,1273.7500000000002,0.9901716820987655,0,1,272.8333333333333,0.997894804526749,221.24999999441206,0.9983478942652746,201.54999999999995,0.9984448302469136,1918.966666666667,0.985193158436214,1656.15,0.985801183127572,193.49999999999997,0.9985551075268817,302.25,0.9977430555555555,45.08333333333333,0.9996272872574956,121.5,0.9990927419354838,1257.6666666666665,0.990295781893004,1459.4666666666665,0.9891019514137794,1508.65,0.9883591820987654,1087.3166666666666,0.9918808492632418
369,JPJ4875,JPJ4875__KashmirNagar,3,C4-GRT-04,30,,,676.7166666666667,0.9947784207818929,652.9666666666667,0.9949616769547325,91.99999999999999,0.9992901234567901,0,1,623.8666666666667,0.9951862139917695,0,1,216.3166666666667,0.9983308899176955,895.75,0.9933113052568697,130.05,0.9989965277777777,348.29999999999995,0.9973125,202.08333333333337,0.9982674611339735,821.5666666666666,0.9938652429311031,1895.6666666666665,0.9858447829549981,15.75,0.9998697916666667,85.75,0.999359692353644,404.5833333333333,0.9968782150205762,663.2166666666667,0.9950476652727996,357.1166666666666,0.997244470164609,36,0.9997311827956988
370,RUR3753,RUR3753__S_MRDGujShkRd,3,C4-GUJ-01,9,,,560,0.995679012345679,1284.9166666666667,0.9900855195473252,512.4166666666667,0.9960461676954732,1239.8333333333335,0.9904333847736625,3552.2333333333336,0.9725907921810699,1637,0.9873688271604938,1747.7499999999998,0.986514274691358,693.0833333333333,0.9948246465551572,594.65,0.9954116512345679,1217.0166666666667,0.9906094393004115,4089.8499999999995,0.9649361282578875,2659.3333333333335,0.980142373556352,9400.583333333334,0.9298044852648347,1666.6666666666665,0.9862213403880071,3172.3499999999995,0.9763116039426524,11868.400000000001,0.9084228395061729,6669.950000000001,0.95019451911589,8012,0.938179012345679,12903.15000001467,0.9036503136199622
371,RUR6222,RUR6222__S_Mandi_bahudin_chak2_MDMB4326,3,C4-MBD-08,20,,,687.5,0.9946952160493826,1443.4,0.9888626543209876,420.4166666666667,0.996756044238683,369.8666666666667,0.9971460905349794,9742.133333333333,0.9248292181069959,2941.633333333333,0.9773022119341565,614.1166666666668,0.995261445473251,1622.4166666666667,0.9878851802070888,1152.0833333333335,0.9911104681069959,83.5,0.9993557098765432,732.75,0.9937178497942386,823.0000000000001,0.9938545400238948,832.9666666666667,0.9937801174830745,354.2333333333334,0.9970714836860669,254.83333333333334,0.9980971226602946,2535.4,0.9804367283950617,1363,0.9898222819593788,1535.1499999999999,0.9881547067901235,2677.6499999552966,0.9800056003587568
372,GUJ4656,GUJ4656__BhukhariPlaza,3,C4-GUJ-01,9,,,0,1,181,0.9986033950617283,90.08333333333333,0.9993049125514404,0,1,0,1,332.74999999999994,0.9974324845679012,201.16666666666663,0.9984477880658436,173.66666666666666,0.9987032058940661,304.90000000000003,0.9976473765432098,839.3333333333333,0.9935236625514403,0,1,182,0.9986409796893667,106.66666666666666,0.9992035045798486,719.5500000000001,0.9940513392857143,439,0.9967219235364396,2074.0333333333333,0.9839966563786008,3219.7833333333333,0.9759574123855037,6913.299999999999,0.9466566358024692,5933.550000007063,0.9556933243727072
373,FTP8762,FTP8762__KhakhaChowk,3,C4-GRT-04,,GLO,,1621.5833333333335,0.9874877829218107,397.1333333333333,0.9969356995884773,44.66666666666667,0.9996553497942386,21,0.9998379629629629,242.58333333333331,0.9981282150205761,0,1,69.83333333333333,0.9994611625514404,3222.5499999999997,0.9759367532855435,4932.000000000001,0.9619444444444444,180.08333333333334,0.9986104681069959,0,1,530.3333333333334,0.9960399243329351,3639.15,0.972825940860215,142.25,0.9988239914021164,428.5833333333334,0.9967997062923137,0,1,123.49999999999999,0.999077807646356,261.4166666666667,0.997982896090535,336.4166666666667,0.9974879281162883
374,SKT4629,SKT4629__FGBoysSchoolSKTCantt,3,C4-SKT-03,30,,,14.75,0.9998861882716049,0,1,0,1,402.5,0.9968942901234569,1372.5833333333335,0.9894090792181071,0,1,751.8333333333334,0.994198816872428,4703.283333333333,0.9648799034249304,475.33333333333337,0.9963323045267489,2519.2666666666664,0.9805612139917695,1566.3999999999999,0.9865706447187929,1784.0166666666667,0.9866784896455596,3348.1499999999996,0.9749988799283155,727.6666666666666,0.9939842372134039,1272.583333333333,0.9904974362803664,6217.533333333332,0.9520252057613169,95.49999999999999,0.9992868876941458,227,0.9982484567901234,142.5,0.9989359318996417
375,MBN6538,MBN6538__S_GraveyardGurrahMohalla,3,C4-MBD-08,,Enfrashare,EC1-MBD-01786,791,0.9938966049382717,2093.25,0.9838483796296296,1696.4833333333338,0.9869098508230452,820.65,0.9936678240740742,3530.3666666666672,0.9727595164609053,1858.0166666666669,0.9856634516460905,3415.55,0.9736454475308642,5505.916666666666,0.9588865242931104,1194,0.9907870370370371,1100.7666666666669,0.9915064300411522,393.00000000000006,0.996630658436214,2297.366666666667,0.9828452309836719,2705.866666666667,0.9797949024293111,4513.05,0.9626897321428571,2011.0166666666662,0.98498344782955,944.4166666666665,0.9927128343621399,3160.100000000001,0.9764030764635604,5289.966666666666,0.9591823559670781,1721.1000000000004,0.9871482974910394
376,RUR1173,RUR1173_Offload RUR9991C,3,C4-NRW-05,30,,,2670.0000000000005,0.9793981481481481,1481.4999999999998,0.9885686728395062,508.4833333333334,0.9960765174897119,3789.4166666666665,0.9707606738683127,10701.416666666666,0.9174273405349794,753.5,0.9941859567901234,2879.583333333333,0.9777809927983538,2571.183333333334,0.9808006023496616,2675.0333333333333,0.9793593106995886,1312.6333333333332,0.9898716563786009,714.0666666666666,0.9938780292638317,390.66666666666663,0.9970828355236958,631.5500000000001,0.9952841248506572,0,1,1207.8,0.9909811827956989,3647.2,0.9718580246913581,781.4166666666666,0.9941650487853445,848.7,0.9934513888888888,1174.8833333333332,0.9912269763042613
377,GUJ8143,GUJ8143__AsiaMultani,2,C4-GUJ-02,,,,0,1,0,1,863.1666666666666,0.9900096450617284,0,1,84.5,0.9990219907407407,0,1,868.8333333333334,0.9899440586419753,479.8333333333333,0.9946255227001194,605.9500000000002,0.9929866898148149,2499.133333333333,0.9710748456790124,472.5833333333333,0.9939225394375858,767.6666666666667,0.9914015830346475,2674.783333333333,0.9700405092592592,2884.166666666667,0.9642340443121694,459,0.994858870967742,923.9166666666666,0.9893065200617284,811.1666666666666,0.990914351851852,2562.416666666667,0.9703423996913579,976.1666666666666,0.989066233572282
378,RUR8815,RUR8815__GarmolaVirkan,3,C4-HFZ-06,9,,,257.75,0.998011188271605,1224.5,0.9905516975308641,0,1,0,1,1108.9999999999998,0.9914429012345678,34.583333333333336,0.9997331532921812,0,1,14.416666666666664,0.9998923486658701,14,0.999891975308642,13.666666666666664,0.9998945473251029,0,1,0,1,3325.7833333333333,0.9751658950617283,0,1,733.1666666666667,0.9945253385105535,148.66666666666666,0.9988528806584362,0,1,28.25,0.9997820216049382,207.16666666666669,0.9984530565511749
379,SKT3812,SKT3812__GhausPura,3,C4-SKT-03,27,,,119.83333333333331,0.9990753600823045,156.49999999999997,0.9987924382716049,0,1,48.50000000000001,0.9996257716049383,2463.666666666667,0.9809902263374485,508.9166666666665,0.9960731738683127,3736.0499999999993,0.9711724537037036,2813.45,0.9789915621266428,41.16666666666667,0.9996823559670781,0,1,420.9166666666667,0.9963913180155464,1641.15,0.9877452956989248,593.0166666666665,0.9955718588211867,400.6666666666667,0.9966876102292769,184.66666666666663,0.998621067303863,2011.3166666666666,0.9844805812757201,579,0.9956765232974911,4932.5666666666675,0.9619400720164609,2270.916666666667,0.9830427369573874
380,GUJ5873,GUJ5873__S_Kangniwala_CMPak42617,3,C4-GUJ-01,,CMPak,CMPak42617,9496.266666666666,0.9267263374485597,10744.216666666667,0.9170970936213991,7564.733333333333,0.9416301440329218,1249.5,0.9903587962962963,2276.2833333333333,0.9824360853909465,4014.5,0.9690239197530864,2335.133333333333,0.9819819958847736,1878.1000000106014,0.985975955794425,7889.133333333334,0.9391270576131687,3145.016666666667,0.975732896090535,2524.916666666667,0.978352909236397,2762.05,0.9793753733572282,6038.35,0.9549107676224612,5848.7,0.9516476521164021,5193.05,0.9612227449223417,9471.633333333333,0.9269164094650206,11996.966666666669,0.9104169155714854,23688.550000000003,0.8172179783950617,17187.650000025376,0.8716573327357723
381,KMK5929,KMK5929__S_Mohalla Karachi Warid_IK1568,3,C4-GUJ-01,30,,,254.25000000000006,0.9980381944444444,0,1,37.08333333333334,0.9997138631687242,0,1,499.81666666666666,0.9961433899176955,0,1,701.4166666666667,0.9945878343621399,809.6,0.9939545997610515,309.63333333333327,0.997610853909465,76.66666666666667,0.9994084362139918,2131.2333333333336,0.9817281092821216,2048.8,0.9847013142174432,545.3333333333334,0.9959279171644764,78.41666666666666,0.9993517140652557,768.25,0.9942633661887694,1572.9833333333333,0.9878627829218106,4332.533333333334,0.9676483472720032,670,0.9948302469135802,915.5833333333335,0.9931632068896854
382,RUR0787,RUR0787__Dharki_NEW,3,C4-GRT-04,13,,,2284.833333333333,0.9823701131687242,2491.2499999999995,0.9807773919753086,2039.8666666666666,0.9842602880658435,1484.8333333333333,0.9885429526748972,4743.483333333334,0.9633990483539094,2582.366666666667,0.9800743312757202,3186.383333333333,0.9754137088477367,4581.949999943654,0.9657859169657732,3193.1333333333337,0.9753616255144033,1973.5833333333333,0.9847717335390946,1856.9499999999998,0.984079646776406,1992.6666666666667,0.9851204699322978,1412.5,0.9894526583034647,54,0.9995535714285714,47.5,0.9996453106332139,13.416666666666668,0.9998964763374485,52.5,0.9996079749103943,121.01666666666667,0.9990662294238684,244.49999999999997,0.9981742831541218
383,GUJ5783,GUJ5783__S_RajKot,3,C4-GUJ-02,,Enfrashare,EC1-SKT-02154,1650.75,0.9872627314814815,1475.3333333333335,0.9886162551440328,1605.6666666666667,0.9876105967078189,482.40000000000003,0.9962777777777778,6075.533333333333,0.9531208847736626,211.25,0.9983699845679013,2090.8166666666666,0.9838671553497943,2298.7833333333333,0.9828346525288729,2148.483333333333,0.9834221965020576,132.25000000000003,0.9989795524691358,26.75,0.9997706618655693,1181.9166666666667,0.991174457387495,3778.9666666666667,0.9717819095977699,423.75,0.9964967757936507,330.5833333333333,0.9975314864595778,3372.2166666666667,0.9739798096707818,1246.8333333333335,0.9906897152528873,773.6666666666666,0.9940303497942387,1409.3666666666666,0.9894760553564317
384,TKW9893,TKW9893__Ballay_Wali,3,C4-GUJ-01,9,,,1394.8333333333335,0.9892373971193416,2311.6666666666665,0.9821630658436215,930.6666666666667,0.9928189300411523,2003.3333333333333,0.9845421810699588,2409.1666666666665,0.9814107510288066,2357.1333333333337,0.9818122427983539,3154.333333333335,0.9756610082304527,3557.1999999755526,0.9734378733574107,3197.0833333333335,0.9753311471193417,2534.3333333333335,0.9804449588477366,2193.166666666667,0.9811971307727481,1744.6499999999999,0.9869724462365592,7841.833333333335,0.9414438968538431,602.25,0.9950210813492063,1070.2333333333336,0.9920084129828752,1310.2,0.9898904320987654,634.0000000000001,0.9952658303464754,1040.75,0.9919695216049382,540.6666666666667,0.9959627638391079
385,RUR0505,RUR0505__Lak,3,C4-MBD-08,27,,,358.2500000000001,0.997235725308642,1722.75,0.9867071759259259,1579.5666666666666,0.9878119855967078,1288.5833333333333,0.9900572273662551,729.3666666666667,0.9943721707818931,1533.5,0.9881674382716049,5596.9,0.9568140432098765,3916.3666666461154,0.9707559239348409,365.1666666666667,0.9971823559670782,0,1,466.6333333333333,0.9959993712848652,39,0.9997087813620071,2488.633333333333,0.9814170151334131,329,0.9972800925925925,0,1,433.0833333333333,0.9966583076131686,86.58333333333333,0.9993534697331741,424.21666666666675,0.9967267232510288,4139.616666666667,0.9690888839107924
386,GOW6983,GOW6983__DeraSarfana,3,C4-MBD-08,31,,,1749.7999999999997,0.9864984567901235,1674.5833333333335,0.9870788323045268,1365.7166666666667,0.9894620627572016,1331.3333333333333,0.989727366255144,518.5,0.9959992283950618,549,0.9957638888888889,1676.9666666666667,0.9870604423868313,898.499999984866,0.993290770609432,1148.416666666667,0.9911387602880659,1411.1333333333334,0.9891116255144032,3364.0499999999993,0.9711586934156378,2991.116666666666,0.9776648994424533,184.75000000000003,0.998620445041816,15.5,0.9998718584656084,369.6333333333333,0.9972398944643568,4166.083333333334,0.9678542952674897,829.3833333333333,0.9938068747510953,2048.1833333333334,0.984196116255144,1801.6666666666665,0.9865466945440063
387,HWY3271,HWY3271__Basu Panoon,3,C4-NRW-05,13,,,291.9166666666667,0.9977475565843622,0,1,0,1,346.4166666666667,0.9973270318930041,768.8333333333333,0.9940676440329219,25.083333333333336,0.9998064557613169,1410.2499999999998,0.9891184413580247,434.08333333333337,0.9967586369972123,481.73333333333323,0.9962829218106996,1649.1166666666668,0.9872753343621399,259.4166666666667,0.9977759202103339,7451.033333333332,0.9443620569494225,1384.5666666666668,0.9896612405416169,0,1,228.5,0.9982937574671447,3019.866666666667,0.9766985596707819,1476.8333333333335,0.9889722720031859,3741.75,0.9711284722222223,2427.616666666667,0.9818726354042213
388,HWY1732,HWY1732__Guliana,4,C4-MBD-08,27,,,0,1,619.5666666666667,0.9964145447530864,0,1,419.9999999999999,0.9975694444444444,509.0000000000001,0.9970543981481481,378.66666666666663,0.9978086419753086,0,1,215.83333333333331,0.9987912559737157,0,1,0,1,317.6666666666667,0.997957390260631,964.7499999999999,0.9945970542114695,1121.733333333333,0.9937178912783752,1284.5666666666666,0.9920351769179894,550,0.9969198028673836,853.2833333333334,0.9950620177469136,607.5166666666669,0.9965976889187574,171.66666666666663,0.9990065586419753,1430.5,0.9919886872759857
389,RUR4039,RUR4039__KangrorPindNRW,4,C4-NRW-05,20,,,245.00000000000003,0.9985821759259259,241.99999999999994,0.9985995370370371,864.1666666666667,0.9949990354938272,500.25,0.9971050347222223,1253.9999999999998,0.9927430555555555,168.08333333333334,0.9990272955246914,5057.016666666667,0.9707348572530864,2239.5666666666666,0.9874576239545998,711.6500000000001,0.9958816550925925,155,0.9991030092592592,19.333333333333332,0.9998756858710562,458.91666666666663,0.9974299021804062,797.1666666666666,0.9955355809438471,1015.4166666666664,0.9937040137235449,311.15,0.9982574484767025,455.08333333333337,0.9973664158950618,112.33333333333331,0.9993708930704898,1242.166666666667,0.9928115354938272,354.5833333333333,0.9980142062425328
390,GUJ3306,GUJ3306__RailwayStation,3,C4-GUJ-01,9,,,1167.9,0.9909884259259258,213.3,0.9983541666666667,182.41666666666669,0.9985924639917695,24.166666666666668,0.9998135288065844,946.45,0.9926971450617285,596.5,0.9953973765432099,4157.333333333333,0.9679218106995884,2501.3166667012033,0.9813223068496028,2209.0499999999997,0.9829548611111112,2158.75,0.9833429783950618,641.4166666666666,0.994500885916781,1078.1666666666667,0.9919491736360015,1292.333333333333,0.990349960175229,450.9166666666667,0.9962721836419753,300,0.9977598566308243,0,1,0,1,1532.1666666666667,0.9881777263374485,4275.116666666667,0.9680770858223815
391,SMB3356,SMB3356__SKTRailwaySambrial,4,C4-WZD-07,,GLO,,1550.9166666666667,0.991024787808642,938.4166666666667,0.9945693479938272,189.70000000000002,0.9989021990740742,514.6666666666669,0.9970216049382716,415.16666666666663,0.9975974151234568,258,0.9985069444444444,5082.700000000001,0.9705862268518518,1814.1833333318118,0.9898399230884195,101.16666666666664,0.9994145447530864,846.75,0.9950998263888888,225.58333333333331,0.998549489883402,634.75,0.9964451724910394,713.3333333333333,0.9960050776583035,60.91666666666667,0.9996222924933862,0,1,629.8499999999999,0.9963550347222223,3414.583333333332,0.9808771094683394,624.6166666666663,0.9963853202160494,1551,0.9913138440860214
392,KMK3244,KMK3244__Kassoki_Road,3,C4-GUJ-01,30,,,755.3333333333333,0.9941718106995885,3723.0000000000005,0.9712731481481481,1514.0833333333337,0.9883172582304526,1601.2666666666667,0.9876445473251029,4104.966666666666,0.9683258744855966,4599.7,0.964508487654321,3825.166666666667,0.9704848251028807,2744.7833333484987,0.979504306053252,1592.7,0.9877106481481482,2125.2999999999997,0.9836010802469136,2340.716666666667,0.9799321273433929,114.41666666666667,0.9991456342094783,229.5,0.9982862903225806,634.8333333333334,0.9947517085537919,60.16666666666667,0.9995507268020709,13.75,0.9998939043209876,797.5666666666667,0.9940444544006373,412.83333333333337,0.9968145576131687,1448.5,0.9891838410991638
393,DSK3806,DSK3806__SohawDaska,3,C4-WZD-07,,GLO,,375.66666666666663,0.9971013374485597,3538.583333333333,0.972696116255144,17.25,0.9998668981481481,637.7500000000001,0.9950790895061727,9149.616666666669,0.9294011059670781,1653.2500000000002,0.9872434413580247,1051.75,0.9918846450617284,565.8833333333334,0.9957744673436878,227.14999999999998,0.9982472993827161,483.1666666666667,0.9962718621399176,2444.216666666667,0.9790447816643804,3031.4666666666667,0.977363600159299,4995.383333333333,0.9626987504978096,2012.9,0.9833589616402116,1936.4333333333334,0.985540372361609,3127.5,0.9758680555555556,3854.7166666666662,0.971216273397053,1804.7166666666665,0.9860747170781893,2105.583333333333,0.9842773048586221
394,HFZ5803,HFZ5803__S_MuhammadMianDaKot,3,C4-HFZ-06,,Enfrashare,EC1-HFZ-03274,342.4166666666667,0.9973578960905349,317.5,0.9975501543209876,453.33333333333326,0.9965020576131687,569.5333333333333,0.9956054526748972,1995.4499999999998,0.9846030092592593,2386.5833333333335,0.9815850051440329,4357.866666666669,0.9663744855967079,7955.350000000001,0.940596251493429,1774.466666666668,0.9863081275720164,2640.583333333333,0.979625128600823,2400.0666666666666,0.9794232967535437,1925.5,0.9856220131421745,5010.466666666665,0.9625861210673038,2618.666666666667,0.9783509700176367,538.6166666666667,0.9959780714854639,0,1,0,1,295.74999999999994,0.9977179783950618,1125.1166666666668,0.9915985911987256
395,SCK9901,SCK9901__UdhoWali,4,C4-HFZ-06,9,,,2.333333333333333,0.9999864969135802,580.5833333333334,0.9966401427469136,359.4999999999999,0.9979195601851852,202.41666666666669,0.9988286072530864,6401.283333333333,0.9629555362654321,3807.166666666667,0.9779677854938272,1808.6166666666666,0.9895334683641975,1065.6333333333334,0.994032071385902,92,0.9994675925925925,17.08333333333333,0.9999011381172839,558.8333333333333,0.9964066786694101,381,0.9978662634408602,932.2833333333333,0.9947788791816009,0,1,0,1,251.49999999999997,0.9985445601851852,0,1,0,1,1698.7500000000002,0.9904863911290324
396,RUR0909,RUR0909__Mailu_Sailu,3,C4-NRW-05,27,,,1133.75,0.9912519290123457,1246.25,0.9903838734567901,758.3333333333334,0.9941486625514403,869.1666666666667,0.9932934670781893,2530.2000000000003,0.9804768518518518,1760.1166666666672,0.9864188528806583,1867.75,0.9855883487654321,2663.2666666666664,0.980113002787734,742.8833333333334,0.9942678755144033,531.0833333333333,0.9959021347736625,563.75,0.9951667524005486,1017.9666666666667,0.9923986957387495,1993.6333333333334,0.9851132516925527,456.0833333333335,0.9962294697971781,1399.9166666666667,0.9895466198725608,1889.05,0.9854239969135803,2451.266666666667,0.9816960374352847,2071.75,0.9840142746913579,1287.4166666666665,0.9903866736360015
397,GJR6246,GJR6246__S_Jatowaqal_MDGU4170,3,C4-GRT-04,27,,,616.9166666666666,0.9952398405349794,2040.5666666666666,0.9842548868312757,1410.9833333333336,0.9891127829218107,2053.4666666666667,0.9841553497942387,3817.3,0.970545524691358,2790.800000000001,0.9784660493827161,377.66666666666663,0.9970859053497942,2418.950000019248,0.981937350656965,824.15,0.9936408179012345,754.5833333333333,0.9941775977366255,1300.3833333333334,0.988851308870599,1792.55,0.9866147700119474,4578.366666666667,0.9658126742333732,256.75,0.9978773974867725,666.5999999999996,0.9950224014336918,2741.3999999999996,0.9788472222222222,2568.5,0.9808206391875747,1149.75,0.9911284722222223,2072.666666667132,0.9845230983671809
398,SLM3940,SLM3940__PindiRawan,3,C4-MBD-08,,GLO,,432.7499999999999,0.9966608796296296,960.8333333333334,0.9925861625514404,720.2500000000001,0.9944425154320987,1582.2833333333333,0.9877910236625514,6204.633333333333,0.9521247427983539,374.1666666666667,0.9971129115226337,5466.083333333333,0.9578234310699588,1233.7833333333333,0.9907871614894465,42,0.9996759259259259,876.1666666666665,0.9932394547325103,193.16666666666663,0.9983439071787837,146.50000000000003,0.9989060633213859,829.7166666666668,0.9938043857029072,678.25,0.9943927744708995,874,0.9934737156511351,2081.95,0.9839355709876543,2327.5333333333333,0.9826199721226603,2545.3833333333337,0.9803596965020576,563.4166666666667,0.9957928863002787
399,GUJ9809,GUJ9809__PeopleColonyS2,3,C4-GUJ-01,30,,,2236.8333333333335,0.9827404835390946,3134.2833333333324,0.9758157150205762,2980.4833333333336,0.9770024434156379,3207.833333333335,0.9752481995884773,4083.15,0.968494212962963,2875.716666666667,0.9778108281893004,107.58333333333331,0.9991698816872427,1385.3333333333335,0.9896555157307846,0,1,413.41666666666663,0.9968100565843622,1823.4499999999994,0.9843668552812072,816.8166666666667,0.9939007118677817,569.8999999999999,0.9957444743130227,0,1,286.25,0.9978625298685784,1674.6000000000006,0.9870787037037038,26.916666666666664,0.9997990093588212,75.25,0.9994193672839506,168,0.9987455197132618
400,SKT5487,SKT5487__S_AkbarAbad,3,C4-SKT-03,,Enfrashare,EC1-SKT-02173,1328.9166666666667,0.9897460133744856,1446,0.9888425925925926,450.9166666666665,0.9965207047325103,124.1166666666667,0.9990423096707819,919.7000000000002,0.9929035493827161,0,1,196.91666666666669,0.9984805812757201,1566.3999999975165,0.9883034647550961,1271.6666666666667,0.9901877572016461,1444.75,0.9888522376543211,1408.4,0.9879252400548697,5172.116666666668,0.9613790571485464,5158.849999999999,0.9614781212664277,4184.533333333333,0.9654056437389771,3162.0000000000005,0.9763888888888889,1822.2333333333333,0.9859395576131688,29.66666666666667,0.9997784747112703,29.666666666666664,0.9997710905349794,6731.516666666666,0.9497347919155714
401,GUJ0662,GUJ0662_T_GIFT_University,2,C4-GUJ-02,,,,0,1,0,1,1112.9166666666665,0.9871190200617284,15.5,0.999820601851852,317.3333333333334,0.9963271604938272,0,1,0,1,0,1,0,1,0,1,15.333333333333334,0.9998028120713306,0,1,19.666666666666664,0.9997797192353645,9.666666666666666,0.9998801256613757,0,1,0,1,0,1,0,1,0,1
402,MIR2208,MIR2208__CHHIMBER,3,C4-MBD-08,30,,,1170.8333333333335,0.99096579218107,1836.5833333333335,0.9858288323045268,656.0833333333334,0.994937628600823,660.6666666666665,0.9949022633744856,661.45,0.9948962191358025,276.25,0.9978684413580247,336.58333333333337,0.9974029063786009,2615.0833333433447,0.9804727947032308,476.66666666666663,0.9963220164609053,332.25,0.9974363425925925,810.8833333333332,0.9930479823959761,255.23333333333335,0.9980941358024691,1387.4,0.9896400836320192,15.75,0.9998697916666667,57.500000000000014,0.9995706391875747,2291.7833333333333,0.9823164866255144,57.16666666666667,0.9995731282357626,309,0.9976157407407408,3477.6333333199846,0.9740320091597969
403,RUR6392,RUR6392__S_Tamboli_TPLTI001,3,C4-GUJ-01,,Telenor,TPLTI001,1283.3333333333337,0.9900977366255144,0,1,6007.449999999999,0.9536462191358025,10925.666666666666,0.9156970164609054,5322.116666666666,0.9589342849794238,288.31666666666666,0.9977753343621398,360.66666666666663,0.9972170781893004,9913.799999999997,0.9259722222222223,1573.5,0.9878587962962964,2153.8500000000004,0.983380787037037,2559.05,0.9780602709190673,5745.233333333333,0.9570995121465552,10842.05,0.9190408452807647,7118.233333333333,0.9411521715167548,22463.299999999996,0.8322632915173238,5824.683333333333,0.9550564557613168,9258.966666666665,0.9308619573874951,13486.316666666668,0.8959389146090535,14088.000000010241,0.8948028673834361
404,GUJ8736,GUJ8736__S_BartanMarket_CMPak4769_RL_GUJ3738,3,C4-GUJ-02,,CMPak,4769,,,,,0,1,0,1,0,1,0,1,0,1,0,1,0,1,5315,0.9589891975308642,9217.133333333333,0.9209779378143576,7469.466666666666,0.9442244125846276,8713.766666666668,0.9349330446037435,8735.4,0.9277827380952381,3105.0833333333335,0.9768138938669853,8688.533333333333,0.9329588477366255,4432.3,0.9669033751493429,6353.883333333333,0.9509731224279835,0,1
405,RUR9494,RUR9494__S_DhareneKay_MeerDaadKay_VT4146,3,C4-HFZ-06,20,,,918.4166666666666,0.9929134516460906,330.48333333333335,0.9974499742798354,0,1,184.00000000000003,0.9985802469135803,2036.1999999999996,0.9842885802469135,0,1,2231.5833333333335,0.9827809927983538,10.5,0.9999215949820788,144.16666666666666,0.9988876028806584,501.83333333333337,0.996127829218107,58.99999999999999,0.999494170096022,17.25,0.9998711917562724,0,1,0,1,248.08333333333331,0.9981475258861012,1542.6499999999996,0.9880968364197531,3.25,0.9999757317801672,178.74999999999994,0.9986207561728395,2117.666666666667,0.9841870768618081
406,RUR8752,RUR8752__RandirBaggaira,3,C4-WZD-07,13,,,0,1,2925.55,0.9774263117283951,912.0166666666667,0.99296283436214,1332.75,0.9897164351851852,6590.500000000001,0.9491473765432099,2718.3999999999996,0.9790246913580247,3739.3999999999996,0.9711466049382715,12216.31666666058,0.9087789974114354,967.55,0.9925343364197531,87.75,0.9993229166666667,455.0833333333333,0.99609839391861,0,1,0,1,72.99999999999999,0.9993964947089947,344.8333333333333,0.997425079649542,6760.4,0.9478364197530864,2150.5333333333338,0.9839416567104738,7992.366666666667,0.9383305041152263,4158.266666671323,0.9689496216646407
407,BBK9609,BBK9609__BobakMaraly,3,C4-NRW-05,31,,,21.5,0.9998341049382716,549.7500000000001,0.9957581018518519,286.58333333333326,0.9977887088477366,51,0.9996064814814816,1158.6666666666667,0.9910596707818929,697.1666666666666,0.9946206275720165,478.99999999999994,0.996304012345679,1174.5166666666667,0.991229714257268,3366.2,0.9740262345679013,1114.25,0.9914023919753086,511.55,0.9956142832647462,798.8333333333333,0.9940349960175229,1293.083333333333,0.990344359816806,156.50000000000003,0.9987061838624339,364.58333333333337,0.9972776035444046,1229.4166666666665,0.9905137602880658,616.75,0.9953946385902032,1142.1166666666668,0.991187371399177,1408.6666666666667,0.9894812823576263
408,RUR9198,RUR9198__BunBajwa,3,C4-NRW-05,,GLO,,151.58333333333337,0.9988303755144032,2285.5666666666666,0.9823644547325102,1106.8333333333335,0.9914596193415638,782,0.993966049382716,5936.099999999999,0.9541967592592593,1482.2833333333333,0.9885626286008231,2450.8666666666663,0.9810889917695473,1991.7666666666667,0.9851271903624054,707.5000000000001,0.9945408950617284,326.75,0.9974787808641975,455.88333333333327,0.9960915352080475,0,1,3661.1666666666665,0.9726615392273995,75.75,0.9993737599206349,466.75,0.9965147102747909,23.75,0.9998167438271605,398,0.9970280764635604,2260.75,0.9825559413580247,2488.45,0.9814183841099164
409,NRW5630,NRW5630__S_MasterGhulamRasoolColony,3,C4-NRW-05,,Enfrashare,EC1-NRW-02486,295.25,0.997721836419753,1406.3333333333333,0.9891486625514403,231.75,0.9982118055555556,718.7833333333331,0.9944538323045268,606.9999999999999,0.9953163580246914,8.666666666666668,0.9999331275720165,203.16666666666669,0.9984323559670781,195.50000000000003,0.9985401732377539,1641.883333333334,0.9873311471193414,151.91666666666669,0.9988278034979424,336.8833333333333,0.9971117684042067,89.58333333333334,0.9993310682994823,197.33333333333334,0.9985264834727201,63.33333333333332,0.9994764109347443,0,1,15.25,0.9998823302469135,728.6666666666667,0.9945589406610913,869.8833333333332,0.9932879372427983,820.4999999999999,0.9938732078853046
410,RUR0527,RUR0527__S_Jheranwala_new,3,C4-GRT-04,,UFONE,7821,0,1,376.9999999999999,0.9970910493827161,106.83333333333337,0.9991756687242799,25,0.9998070987654322,2801.2999999999997,0.9783850308641975,532.8333333333333,0.9958886316872427,0,1,314.49999999976717,0.9976515830346493,38.25,0.9997048611111111,590.2500000000001,0.9954456018518519,0,1,9.666666666666666,0.9999278176025489,271.25,0.9979745370370371,0,1,0,1,13.5,0.9998958333333333,3927.566666666667,0.9706722919155715,0,1,201.08333333333331,0.9984984816806053
411,GUJ6441,GUJ6441__S_KhajoorWaliRd,3,C4-GUJ-02,,Enfrashare,EC1-GUJ-04254,1190.4166666666665,0.9908146862139918,2640.4166666666665,0.9796264146090534,1797.9500000000003,0.9861269290123457,81.08333333333333,0.9993743569958847,2192.983333333333,0.9830788323045268,2153.666666666667,0.9833822016460906,4197.116666666668,0.9676148405349794,649.1333333333333,0.9951528275587416,0,1,0,1,67.66666666666667,0.9994198673982625,1668.2499999999998,0.9875429360812426,0,1,0,1,412.7499999999999,0.9969179360812426,4314.466666666667,0.9667093621399176,924.3333333333333,0.9930978693747511,4279.566666666667,0.9669786522633745,7086.299999966238,0.9470855734769547
412,RUR5666,RUR5666_H_Ghalotian Khurd Sialkot,3,C4-WZD-07,,Enfrashare,EC1-DSK-06454,60.500000000000014,0.9995331790123457,301.5,0.9976736111111112,0,1,0,1,623.4999999999999,0.9951890432098766,38.75,0.9997010030864197,49.5,0.9996180555555556,12.75,0.99990479390681,13.5,0.9998958333333333,87.50000000000001,0.9993248456790124,42.33333333333333,0.9996370598994057,277.4,0.997928614097969,1034.4166666666667,0.992275861210673,1022.5833333333333,0.9915461033950618,264.5,0.9980249402628435,0,1,2980.866666666667,0.9777414376742334,197.6666666666667,0.9984747942386831,1021.0833333333334,0.9923754231381919
413,RUR5311,RUR5311__S_KakhanWali,3,C4-SKT-03,,Enfrashare,EC1-SKT-03062,1252.8333333333333,0.9903330761316873,2338.583333333333,0.9819553755144033,0,1,1727.1666666666667,0.9866730967078189,5278.166666666667,0.9592734053497942,646.6666666666666,0.9950102880658436,2403.7666666666664,0.9814524176954733,1209.7166666666667,0.9909668707686181,2378.633333333333,0.9816463477366255,3997.9500000000003,0.9691516203703704,1962.3833333333334,0.9831757258802011,817.75,0.9938937425328553,1395.4999999999998,0.9895795997610515,47.25,0.999609375,1253.5833333333333,0.9906393120270809,351.08333333333337,0.9972910236625515,27.75,0.9997927867383513,858.9500000000002,0.9933722993827161,0,1
414,RUR6442,RUR6442__S_FaizaneMadinaZafarwal,3,C4-NRW-05,,E.co,e.coPK018661PU,2122.8833333333337,0.9836197273662551,1697.25,0.9869039351851852,59.74999999999999,0.9995389660493826,371.49999999999994,0.997133487654321,0,1,3980.6333333333328,0.9692852366255145,2944.95,0.9772766203703703,5194.149999973534,0.9612145310635191,21366.866666666665,0.8351322016460905,3507.4499999999994,0.9729363425925927,6798.45,0.9417142489711934,10402.316666666666,0.9223243976503385,11080.150000000001,0.9172629181600956,1359.8000000000002,0.9887582671957672,315.4166666666667,0.9976447381521306,1453.3666666666666,0.9887857510288066,3989.7166666666667,0.9702082088809239,4138.400000000001,0.9680679012345679,4051.5000000000005,0.9697468637992831
415,RUR0736,RUR0736_ChemoShana,3,C4-MBD-08,9,,,100.41666666666669,0.9992251800411523,0,1,239.25,0.9981539351851851,0,1,2283.4,0.9823811728395061,257.16666666666663,0.9980156893004115,10903.399999999996,0.9158688271604939,1813.9666666891578,0.9864548486657023,1403.9,0.9891674382716049,551.6833333333333,0.9957431841563786,991.8333333333334,0.9914966278006402,391.25,0.9970784796893668,5522.383333333333,0.9587635653126244,215.16666666666669,0.9982211750440918,1757.3833333333334,0.9868773645957787,5782.583333333332,0.9553813014403292,35.00000000000001,0.9997386499402628,1615.6833333333334,0.9875333076131687,234.25,0.998250821385902
416,GUJ4662,GUJ4662__KhyaliBypass,3,C4-GUJ-01,,GLO,,1389,0.9892824074074075,4423.900000000001,0.9658649691358024,1220.35,0.9905837191358025,2255.833333333333,0.982593878600823,5408.483333333334,0.9582678755144033,3163.666666666666,0.9755889917695474,2040.8333333333335,0.9842528292181071,8051.133333361878,0.9398810234964017,3512.3833333333328,0.9728982767489712,2016.1500000000003,0.984443287037037,950.7499999999999,0.9918488511659809,7101.283333333334,0.9469736907606532,4450.400000000001,0.966768219832736,1551.0833333333335,0.9871768904320988,1854.5833333333333,0.9861515581441657,1938.9166666666665,0.9850392232510288,2251.9166666666665,0.983184612704102,4237.716666666667,0.9673015689300413,2392.916666666666,0.9821317453205894
417,RUR4006,RUR4006__OffloadRUR4998B,3,C4-NRW-05,20,,,492.75,0.9961979166666667,650.0833333333334,0.9949839248971193,116.75000000000001,0.9990991512345678,1709.1999999999998,0.9868117283950617,4319.783333333333,0.9666683384773662,2298.7,0.9822631172839507,3669.55,0.9716855709876543,5490.866666656422,0.9589989048188738,2492.2166666666667,0.980769933127572,1515.9333333333334,0.9883029835390947,4032.4833333333336,0.965427954961134,1922.3,0.985645908004779,2741.833333333334,0.9795263341298288,304.91666666666674,0.997479194223986,1247.0833333333333,0.9906878484667463,2031.0833333333335,0.9843280606995884,1505.2666666666667,0.9887599561927519,7528.966666666666,0.9419061213991768,3412.2500000032287,0.9745202359617441
418,DSK3893,DSK3893__JamkeRd,3,C4-WZD-07,27,,,3682.866666666667,0.9715828189300412,482.50000000000006,0.9962770061728395,0,1,794.1666666666667,0.9938721707818929,1678.7333333333333,0.9870468106995886,2231.7000000000003,0.9827800925925927,807.3333333333333,0.9937705761316873,4335.433333325805,0.9676266925528241,0,1,1511.7166666666667,0.9883355195473251,2987.433333333334,0.9743875743026977,3020.4666666666667,0.9774457387495022,2390.9666666666667,0.982146306252489,2065.016666666667,0.9829281029541446,1738.0500000000002,0.9870217293906811,2070.2500000000005,0.9840258487654322,1875.0833333333335,0.9859984816806053,3031.6833333333334,0.9766073816872428,1584.1666666666665,0.9881707984866587
419,SKT9948,SKT9948__Barhat,3,C4-SKT-03,27,,,1452.3333333333335,0.9887937242798354,3040.916666666667,0.9765361368312757,1663.8333333333333,0.987161779835391,1437.2,0.9889104938271605,4894.916666666667,0.9622305812757201,1742.0833333333333,0.9865579989711933,26.916666666666664,0.9997923096707819,7779.150000036476,0.941911962365319,42.08333333333333,0.9996752829218107,0,1,30.16666666666666,0.9997413694558756,738.7499999999999,0.994483646953405,881.7499999999998,0.9934158452807647,0,1,0,1,693.1666666666667,0.9946514917695474,537.3666666666666,0.9959874054161689,791.6666666666667,0.9938914609053497,491.91666666666663,0.996326787136599
420,SKT3888,SKT3888__amgarhAimanaba,3,C4-SKT-03,9,,,2864.1500000000005,0.9779000771604939,7489.066666666666,0.9422139917695473,1070,0.9917438271604938,623.4166666666667,0.9951896862139918,7463.4,0.942412037037037,747.9166666666667,0.9942290380658436,9145.066666666666,0.9294362139917695,3989.466666668607,0.9702100756670504,969.483333333333,0.9925194187242797,634.25,0.9951060956790124,1977.2333333333336,0.9830484110653863,1221.0166666666667,0.9908824920350457,2466.6999999999994,0.9815807945041816,1589.833333333333,0.9868565365961198,91.33333333333331,0.9993180007964955,6704.1,0.9482708333333334,1583.0166666666664,0.9881793857029072,1826.5833333333335,0.9859059927983539,2888.8333333474584,0.9784286638788272
421,RUR5147,RUR5147__S_Langay Warid_MR525365,4,C4-NRW-05,30,,,0,1,272.16666666666663,0.998424961419753,0,1,1631.9166666666667,0.990556037808642,1026.75,0.9940581597222223,160.58333333333331,0.9990706983024691,2603.033333333334,0.984936149691358,1822.0166666666667,0.989796053614098,1466.9166666666667,0.9915108989197531,1458.9166666666663,0.9915571952160493,308.41666666666663,0.9980168681412894,478.3333333333333,0.9973211618876942,876.5833333333334,0.9950908191457587,270.3333333333333,0.998323826058201,1323.9166666666667,0.992585592144564,330.3333333333333,0.9980883487654322,5589.233333333332,0.968698290023895,3365.9166666666674,0.9805213155864198,2043.3666666666668,0.9885564142771804
422,RUR4415,RUR4415__GHKKotlikhano,3,C4-WZD-07,31,,,2551.2333333333327,0.9803145576131688,2575.2166666666662,0.9801295010288067,868.3333333333334,0.9932998971193416,2164.833333333333,0.9832960390946502,3640.1166666666663,0.9719126800411523,1452.3333333333333,0.9887937242798354,1361.7499999999998,0.9894926697530865,0,1,121.9,0.9990594135802469,459.7500000000001,0.9964525462962963,228.06666666666666,0.9980446959304985,140.83333333333331,0.9989483771405814,619.3666666666667,0.9953750995619275,28.75,0.9997623181216931,82.5,0.9993839605734768,1277.4666666666667,0.9901430041152264,2578.25,0.9807478345280765,441.3333333333334,0.9965946502057613,364.29999999999995,0.9972797192353644
423,RUR6547,RUR6547__S_Daluwali,3,C4-SKT-03,,Enfrashare,EC1-SKT-04954,1669.9499999999998,0.9871145833333334,1516.8166666666668,0.9882961676954732,887.1500000000001,0.9931547067901235,472.2333333333333,0.9963562242798354,2122.45,0.9836230709876542,2186.7,0.9831273148148147,2928.4500000000003,0.9774039351851852,24491.59999999999,0.8171176821983275,3009.1166666666663,0.9767815072016461,6997.716666666665,0.9460052726337449,1913.4166666666667,0.9835955361225424,1550.6333333333337,0.9884211967343688,1028.2,0.9923222819593788,1986.85,0.9835743220899471,1846.7666666666667,0.9862099263241737,3690.316666666667,0.9715253343621398,1368.9333333333334,0.9897779769016328,3566.9833333333336,0.9724769804526748,3522.9500000000007,0.9736936230585423
424,JPB1369,JPB1369_Khokhar_Market,3,C4-HFZ-06,20,,,3427.2,0.9735555555555555,4361.166666666667,0.9663490226337449,3050.666666666666,0.9764609053497942,2099.683333333333,0.9837987397119342,3454.1999999999994,0.9733472222222223,771.25,0.9940489969135803,2853.449999999999,0.9779826388888889,1555.1666666666665,0.9883873456790124,412.73333333333335,0.996815329218107,248.41666666666666,0.9980832047325103,1445.6666666666663,0.987605738454504,801.4166666666666,0.9940157058940662,2106.633333333333,0.9842694643568299,45.75,0.9996217757936507,1488.333333333333,0.9888863998407009,1181.6,0.9908827160493827,2968.749999999999,0.9778319145758663,620.9166666666667,0.9952089763374485,879.8333333333334,0.9934301573078455
425,RUR0820,RUR0820_Awan Sharif_,3,C4-GRT-04,,UFONE,7873,0,1,1674.3333333333333,0.9870807613168725,0,1,3275.4166666666665,0.9747267232510288,402.5000000000001,0.9968942901234569,1189.3333333333333,0.9908230452674897,98.75,0.9992380401234568,11136.616666693939,0.9168412733968494,70.25,0.9994579475308641,134.16666666666669,0.9989647633744856,74.3,0.9993629972565158,30.999999999999993,0.9997685185185184,831.9166666666667,0.9937879579848666,66.41666666666667,0.999450920414462,0,1,0,1,0,1,0,1,0,1
426,DDL9710,DDL9710__Sunari_Khurd_Dhadyal,3,C4-NRW-05,31,,,0,1,37.08333333333334,0.9997138631687242,0,1,483.16666666666663,0.9962718621399176,0,1,37.75,0.9997087191358025,1157.7499999999998,0.9910667438271605,2984.916666666667,0.9777111957387495,1157.0666666666666,0.9910720164609053,583.5333333333333,0.995497427983539,0,1,0,1,2231.4333333333334,0.9833375647152529,0,1,322.8333333333333,0.9975893568299482,428.9666666666666,0.996690072016461,10.25,0.9999234617682198,113.5,0.9991242283950618,167.25,0.9987511200716845
427,MNZ1368,MNZ1368_NAROWAL TO SHAKARGARH ROAD,3,C4-NRW-05,20,,,1012.4166666666667,0.9921881430041153,1063.25,0.9917959104938272,0,1,2278.916666666667,0.9824157664609053,6655.983333333334,0.948642103909465,4389.116666666666,0.966133359053498,7311.366666666666,0.943585133744856,13081.21666668188,0.9023206640779429,4314.983333333334,0.9667053755144033,2404.733333333332,0.9814449588477366,795.3333333333334,0.9931812985825331,3305.8666666666663,0.9753146156909598,547.5833333333335,0.9959111160892076,158.65,0.9986884093915345,1786.8833333333332,0.9866570838311429,432,0.9966666666666667,3124.2999999999997,0.9766704002389486,2100.3833333333328,0.9837933384773663,3303.1,0.97533527479092
428,GJR6287,GJR6287__S_Badshahi_Road_MDGU4256,3,C4-GRT-04,27,,,3205.1666666666665,0.9752687757201646,2448.7333333333336,0.9811054526748971,2261.3999999999996,0.9825509259259259,2838.2166666666667,0.9781001800411522,5533.333333333334,0.9573045267489713,3571.1,0.9724452160493827,1740.7166666666667,0.9865685442386831,2460.9166667055492,0.9816239794899526,1981.6166666666668,0.9847097479423869,39.50000000000001,0.9996952160493826,405.3333333333333,0.9965249199817101,608.9166666666667,0.9954531312226205,1553.166666666667,0.9884022799681402,732.9166666666666,0.9939408344356261,43.75,0.9996733124253285,2137.5333333333338,0.9835066872427984,133.5,0.9990031362007169,434.25,0.9966493055555555,235.5,0.998241487455197
429,RUR5289,RUR5289__T_ForwardSports_PvtLtd,2,C4-WZD-07,,,,299.16666666666674,0.9965374228395062,462,0.9946527777777777,345.75000000000006,0.9959982638888889,722.9166666666667,0.9916329089506174,1183.8333333333333,0.9862982253086421,2366.416666666667,0.9726109182098766,493.5833333333333,0.9942872299382717,980.7000000000002,0.9890154569892473,1249.05,0.9855434027777779,708.0000000000001,0.9918055555555556,437.85,0.9943692129629629,414,0.9953629032258065,285.1166666666667,0.996806488948626,1452.4166666666665,0.9819888806216932,1172.1,0.9868716397849462,104.08333333333333,0.9987953317901234,316.55,0.9964544130824373,132.5,0.9984664351851852,352.5833333333333,0.9960508139187574
430,RUR6158,RUR6158__S_Adda Muna Musa Sargodha Road  warid_MR335303,4,C4-MBD-08,30,,,204.25,0.9988179976851852,2507.6499999999996,0.9854881365740741,2300.2166666666667,0.9866885609567901,777.0499999999998,0.9955031828703704,3472.9666666666662,0.979901813271605,898.1999999999999,0.9948020833333334,5216.0166666666655,0.9698147183641975,2359.5833333539767,0.9867854876044244,4586.966666666667,0.9734550540123457,2370.3333333333335,0.9862827932098766,1854.666666666667,0.9880744170096023,1351.9166666666665,0.9924287821087217,2519.799999999999,0.9858882168458781,1210.8333333333335,0.9924923528439153,743.6666666666666,0.9958352001194742,4208.05,0.9756478587962962,3132.85,0.9824549171146955,3069.9666666666662,0.9822339891975308,1080.7500000160653,0.9939474126343186
431,SKT1617,SKT1617__S_Haji_Pura_MDSK4272,3,C4-SKT-03,30,,,46.75000000000001,0.9996392746913579,791.9166666666667,0.9938895318930041,89.5,0.9993094135802469,887.0833333333334,0.9931552211934157,1132.9166666666667,0.9912583590534979,319.8333333333333,0.9975321502057614,157.6666666666667,0.9987834362139918,1259.5000000020957,0.9905951314217286,881.3333333333335,0.9931995884773663,242.0666666666667,0.9981322016460905,1310.7833333333333,0.9887621456332876,121.08333333333334,0.9990958532457188,953.2333333333332,0.9928820688968538,226,0.9981316137566139,356.83333333333337,0.9973354739147751,4362.583333333333,0.966338091563786,345.75,0.9974182347670251,600.0833333333333,0.9953697273662552,579.8333333333334,0.9956703006770211
432,RUR8984,RUR8984__QadirTownUgokiSKT,3,C4-WZD-07,30,,,5.583333333333333,0.9999569187242798,130.00000000000003,0.998996913580247,0,1,0,1,0,1,0,1,206.83333333333334,0.9984040637860082,441.33333333333337,0.9967045001991238,1392.15,0.9892581018518518,0,1,43.66666666666667,0.9996256287151348,0,1,384.5833333333334,0.9971282606531262,0,1,0,1,240.41666666666666,0.998144933127572,856.0666666666667,0.993607626443648,2057.816666666666,0.9841217849794239,1955.7499999826155,0.9853961320192457
433,GUJ4147,GUJ4147__arywallaRd,3,C4-GUJ-02,30,,,212.41666666666669,0.998360982510288,260.5833333333333,0.9979893261316873,0,1,0,1,1259.1666666666665,0.99028420781893,216.08333333333331,0.998332690329218,985.6666666666666,0.9923945473251028,51.5,0.9996154420549581,1347.2333333333338,0.9896046810699589,104.33333333333334,0.9991949588477367,431.1666666666667,0.9963034407864655,365.5,0.9972707586618877,496.00000000000006,0.9962962962962963,589.9166666666666,0.9951230434303351,235.08333333333331,0.9982445987654321,2647.3999999999996,0.9795725308641976,1822,0.98639486260454,1286.6666666666667,0.9900720164609054,3069.916666666667,0.9770764884508164
434,RUR4913,RUR4913__DNGMangowalKhojaVlg,3,C4-MBD-08,20,,,0,1,0,1,2054.8333333333335,0.9841448045267489,6280.616666666666,0.9515384516460905,4368.416666666666,0.9662930812757202,12,0.9999074074074075,3234.483333333333,0.975042566872428,2089.416666668995,0.9843980236957214,376.2500000000001,0.997096836419753,179.41666666666669,0.9986156121399177,431.45,0.9963010116598079,61.250000000000014,0.9995426373954599,728.3166666666668,0.9945615541616886,389.79999999999995,0.9967774470899471,887.5000000000001,0.9933729091995221,265.6666666666667,0.9979501028806584,473.5833333333333,0.9964636847869375,0,1,1166.75,0.9912877090800478
435,RUR2752,RUR2752__Bularwali,3,C4-SKT-03,20,,,1018.4166666666666,0.9921418467078189,1508.2500000000002,0.9883622685185185,0,1,3644.35,0.9718800154320988,9190.533333333333,0.9290853909465021,2880.166666666667,0.9777764917695474,2206.333333333333,0.9829758230452675,2565.6000000000004,0.98084229390681,1660.5000000000002,0.9871875,2144.0000000000005,0.9834567901234569,0,1,323.4999999999999,0.9975843787335722,383.91666666666663,0.9971332387495022,0,1,85.91666666666666,0.99935844782955,0,1,0,1,799.1999999999999,0.9938333333333333,791.8333333333331,0.9940872660294703
436,KSK4269,KSK4269__KassoKe,3,C4-HFZ-06,,Telenor,LHFR06,0,1,0,1,6749.449999999999,0.9479209104938272,646.0833333333334,0.9950147890946502,8327.466666666665,0.9357448559670781,2437.233333333333,0.9811941872427984,13328.083333333334,0.8971598508230453,1541.7666666666664,0.9884874054161689,1179.9833333333336,0.9908951903292181,2510.25,0.9806307870370371,1731.9,0.9851517489711934,1057.9500000000003,0.9921001344086021,112.83333333333334,0.9991574571883711,0,1,16.333333333333332,0.9998780366387894,1570.6666666666667,0.987880658436214,1456.166666666667,0.9891265929908403,829.5333333333334,0.993599279835391,2673.5166666666664,0.9800364645559538
437,RUR6296,RUR6296__S_Baddoke,3,C4-WZD-07,,E.Co,e.coPK018441PU,346.5833333333334,0.9973257458847736,0,1,0,1,0,1,5063.65,0.9609286265432098,392.45,0.9969718364197532,99.58333333333334,0.9992316100823045,1283.9166666395806,0.9904128086421775,1221.9499999999996,0.9905713734567901,500.7500000000001,0.9961361882716049,83.91666666666667,0.9992805498399635,294.5,0.997800925925926,801.3333333333331,0.9940163281561131,0,1,0,1,0,1,1385.7500000000002,0.9896524044205496,1750.916666666667,0.9864898405349795,6416.6,0.9520863201911589
438,DMK6995,DMK6995__LorrikkeDaska,3,C4-WZD-07,,GLO,,1133.2499999999989,0.9912557870370371,481.2499999999999,0.9962866512345678,618.5000000000001,0.9952276234567902,974.9166666666666,0.9924774948559671,2095.5666666666666,0.9838305041152263,544,0.9958024691358025,1373.7500000000002,0.9894000771604938,2604.3666666666663,0.9805528176025489,671.6166666666666,0.9948177726337448,54.75,0.9995775462962964,442.95,0.9962024176954732,387.08333333333337,0.9971095927917165,756.5833333333333,0.9943504828753484,0,1,211.25000000000003,0.9984225657108722,275.4166666666667,0.997874871399177,0,1,468.41666666666674,0.9963856738683127,1071.1333333333337,0.9920016925527677
439,GUJ6386,GUJ6386__S_FazalTown,3,C4-GUJ-02,,E.co,e.coPK018854PU,142.75,0.9988985339506173,2919.816666666667,0.9774705504115226,0,1,290,0.9977623456790125,758.2,0.9941496913580247,422.4166666666666,0.9967406121399176,1663,0.9871682098765432,750.8333333333333,0.994393418956591,87.38333333333335,0.9993257458847736,859.9166666666666,0.9933648405349794,799.8333333333335,0.9931427183356196,321.3333333333333,0.9976005575467941,997.6999999999998,0.9925500298685783,142.08333333333331,0.9988253692680776,0,1,27.416666666666664,0.9997884516460905,1017.8333333333333,0.9923996913580246,849.7,0.9934436728395062,0,1
440,GUJ3031,GUJ3031__MohwestTower,3,C4-GUJ-01,30,,,1387,0.9892978395061728,1057.9166666666665,0.9918370627572017,0,1,13.333333333333334,0.9998971193415638,2561.95,0.9802318672839506,630.8333333333335,0.9951324588477367,525.0833333333334,0.9959484310699588,3834.866666666667,0.9713644962166468,296.6333333333333,0.9977111625514403,351,0.9972916666666667,2.666666666666667,0.9999771376314587,754.0499999999998,0.994369399641577,649.1833333333335,0.9951524542015133,276.79999999999995,0.9977116402116403,608.4166666666667,0.9954568647949025,1566.0166666666667,0.9879165380658437,966.0833333333335,0.9927861160892075,2211.3999999999996,0.9829367283950617,3755.7000000000003,0.9719556451612904
441,RUR5626,RUR5626_H_Majara Gujrat,3,C4-GRT-04,,Enfrashare,EC1-JPB-08184,0,1,0,1,36.75,0.9997164351851852,1688.0499999999997,0.9869749228395063,1630.5166666666667,0.9874188528806584,801.9999999999999,0.9938117283950618,1066.6666666666665,0.9917695473251028,423.9666666666667,0.9968341796097172,458.64999999999986,0.9964610339506172,1250.25,0.9903530092592593,145,0.9987568587105625,290.75,0.9978289277180405,2640.5,0.9802830047789725,15.75,0.9998697916666667,0,1,206.24999999999994,0.9984085648148148,85.08333333333333,0.9993646704500199,0,1,0,1
442,SKT9848,SKT9848__ShahKharasanMasjid,4,C4-SKT-03,27,,,0,1,19,0.9998900462962963,0,1,0,1,940.5833333333335,0.9945568094135803,449.25,0.9974001736111111,0,1,3419.5499999999993,0.9808492943548387,1009.5,0.9941579861111112,1005.2333333333332,0.9941826774691358,763.9166666666666,0.9950879843964334,1577.9833333333336,0.9911627277479091,1002.9000000000001,0.9943834005376344,0,1,0,1,2258.233333333333,0.9869315200617284,29.333333333333332,0.9998357228195939,421.75000000000006,0.9975593171296296,170.08333333333337,0.9990474723715651
443,GUJ6949,GUJ6949__JhangiVillage,3,C4-GUJ-01,30,,,1850.75,0.9857195216049383,1007.1666666666666,0.9922286522633744,220.41666666666666,0.9982992541152264,528.0000000000002,0.995925925925926,18525.98333333333,0.8570525977366256,5837.3499999999985,0.9549587191358024,5044.333333333333,0.9610776748971194,4426.616666666667,0.9669458134209478,0,1,23.25,0.999820601851852,10.249999999999998,0.999912122770919,527.5,0.9960610812425328,303.75,0.9977318548387096,521.3333333333334,0.9956900352733686,354.75,0.9973510304659499,68.00000000000001,0.9994753086419753,0,1,26.25,0.9997974537037037,671.4999999999999,0.9949858124253285
444,RUR5945,RUR5945__S_Majo Chak Warid_305298,3,C4-GUJ-01,9,,,0,1,0,1,0,1,0,1,668.3333333333335,0.9948431069958847,650.7500000000001,0.9949787808641974,0,1,48.416666666666664,0.9996384657506969,3901.1166666666663,0.9698987911522634,37.41666666666666,0.9997112911522633,0,1,88.25000000000001,0.9993410244922342,3346.9999999999995,0.975007467144564,498.8000000000001,0.9958763227513228,345,0.9974238351254481,796.5500000000002,0.9938537808641975,3469.8666666666663,0.9740900039824771,596.25,0.9953993055555556,11079.75,0.9172659050179212
445,HWY0700,HWY0700_BhiloMahar_NEW,4,C4-WZD-07,,GLO,,1476.5833333333333,0.9914549575617283,0,1,475.3333333333333,0.9972492283950618,0,1,1523.85,0.9911814236111112,510.01666666666665,0.9970485146604937,432.1666666666667,0.9974990354938272,179.66666666666663,0.9989938022700119,117.91666666666666,0.9993176118827161,0,1,880.4,0.9943389917695474,29.666666666666668,0.9998338560334529,1479.1,0.9917165098566307,2269.6833333333334,0.9859270626653439,0,1,0,1,154.08333333333334,0.9991370781063321,0,1,189.66666666666669,0.9989377986857825
446,SKT1618,SKT1618__S_Rang Pura Green Town_MDSK4275,4,C4-SKT-03,30,,,220.25,0.9987254050925926,1516.25,0.9912254050925925,55.66666666666668,0.9996778549382717,352.9166666666667,0.9979576581790124,17631.899999999998,0.8979635416666667,9539.183333333332,0.9447963927469135,3461.933333333333,0.979965663580247,18259.799999999996,0.8977385752688173,649.6666666666667,0.9962403549382717,1854.2499999999998,0.989269386574074,307.66666666666663,0.9980216906721536,5670.733333333334,0.9682418608124252,13302.73333333333,0.9254999253285544,2002.8500000000001,0.9875815352182539,1270.5833333333333,0.9928842779271208,1519.9166666666667,0.9912041859567902,1855.6666666666665,0.9896076015531661,5632.066666666667,0.9674070216049383,2916.133333333333,0.9836686081242533
447,RUR5871,USF_Paiza Thakot,3,C4-HFZ-06,30,Jazz,Solar+DG,1093.8333333333335,0.9915599279835391,2237.433333333333,0.982735853909465,48.25000000000001,0.9996277006172839,1238.1999999999998,0.990445987654321,5138.749999999999,0.9603491512345679,3548.3,0.9726211419753086,6201.05,0.9521523919753087,8373.8,0.9374716248506572,4284.716666666667,0.9669389146090535,1310.9833333333333,0.9898843878600823,2851.9166666666665,0.97554941129401,4241.583333333334,0.9683274840700916,4077.7333333333336,0.9695509757068896,48,0.9996031746031746,553.3333333333333,0.995868180007965,596.7833333333333,0.9953951903292182,1355.0833333333335,0.9898813968538431,2226.8333333333326,0.9828176440329218,681.4833333333333,0.9949112654320987
448,RUR5671,RUR5671__S_Sohal_TelenorISHL01,3,C4-GRT-04,,Telenor,ISHL01,964.1666666666665,0.9925604423868313,1887.25,0.9854378858024692,61.08333333333333,0.9995286779835391,2584.2,0.9800601851851851,327.9166666666667,0.9974697788065844,1124.1666666666667,0.9913258744855967,44.25,0.9996585648148149,575.5833333333334,0.9957020360414178,1470.75,0.9886516203703704,1763.0833333333335,0.9863959619341565,897.3333333333333,0.9923068129858253,996.2166666666666,0.9925611061330147,6835.966666666666,0.9489548486658701,3670,0.9696593915343915,4436.916666666667,0.9668689018319395,4049.2833333333333,0.9687555298353909,3393.6166666666663,0.974659373755476,3425.5333333333333,0.97356841563786,5269.933333333333,0.9606486459577858
449,GUJ6461,GUJ6461__S_NawanPind,3,C4-HFZ-06,,E.co,e.coPK019013PU,0,1,1347.4499999999998,0.9896030092592593,66,0.9994907407407407,1708.0000000000002,0.986820987654321,5245.733333333334,0.9595236625514403,0,1,71.33333333333333,0.9994495884773663,180.65,0.998651060334528,0,1,1715.6666666666667,0.9867618312757201,133.08333333333334,0.9988590249199817,423.58333333333337,0.9968370420151333,2627.2333333333336,0.9803820688968539,347.25,0.9971292162698413,0,1,1059.2,0.9918271604938272,1505.3000000000002,0.988759707287933,1302.233333333333,0.9899519032921811,2371.6499999999996,0.982290546594982
450,SDK5916,SDK5916__S_GTRDSadhokeWarid_ES4293,3,C4-GUJ-01,20,,,1370.0833333333335,0.9894283693415638,790.2499999999999,0.9939023919753086,729.1666666666666,0.9943737139917695,1068.6666666666667,0.9917541152263375,1852.05,0.9857094907407408,1646.2666666666664,0.9872973251028806,1885.7500000000002,0.9854494598765432,1595.85,0.9880835573476702,2362.7500000000005,0.9817689043209876,2242.5,0.9826967592592593,2553.5333333333338,0.9781075674439872,1288.816666666667,0.990376219633612,1111.5833333333335,0.9916996465551573,571.3166666666666,0.9952768132716049,2828.166666666667,0.9788816706491437,1644.65,0.987309799382716,2662.25,0.9801205943847073,1100.3333333333335,0.9915097736625514,3515.4166666666665,0.9737498755475906
451,RUR6564,RUR6564__S_Bilola,3,C4-SKT-03,,Enfrashare,EC1-SKT-06526,257.75,0.998011188271605,0,1,0,1,0,1,2133.75,0.9835358796296296,0,1,1064.2,0.9917885802469135,5563.749999986123,0.9584546744326006,36.75,0.9997164351851852,3947.083333333333,0.9695441100823046,572.4999999999999,0.9950917352537724,2050.633333333333,0.9846876244524094,1773.9,0.9867540322580645,2057.15,0.9829931382275131,283.75,0.9978811977299881,809.3,0.9937554012345678,2147.0499999999997,0.9839676672640383,260.4666666666667,0.9979902263374485,10004.866666694837,0.9252922142570577
452,RUR0995,RUR0995__Gunhor,3,C4-GUJ-01,,UFONE,3732,686.6999999999999,0.9947013888888888,689.5000000000001,0.9946797839506174,2362.4166666666665,0.9817714763374485,539.0000000000001,0.9958410493827161,4666.333333333332,0.963994341563786,2409.2,0.9814104938271605,345.25,0.9973360339506173,122.50000000000003,0.99908527479092,4805.5999999999985,0.9629197530864197,784.3333333333334,0.9939480452674897,0,1,1559.1499999999996,0.9883576015531661,6053.533333333333,0.954797391477499,1285.8333333333333,0.9893697641093475,188.25000000000003,0.9985943100358423,1870.2999999999997,0.9855686728395062,349.08333333333326,0.9973933442851454,1015.0666666666668,0.992167695473251,6968.016666668763,0.9479688122261891
453,SKG9037,SKG9037__S_Tera,3,C4-NRW-05,,Enfrashare,EC1-SKG-09068,1848.75,0.9857349537037037,1242.25,0.990414737654321,518.6666666666666,0.9959979423868313,1744.9166666666667,0.9865361368312757,758.9166666666665,0.9941441615226337,516.3333333333334,0.9960159465020575,464.5,0.9964158950617283,5232.133333333332,0.9609309040223019,1368.6500000000003,0.9894394290123456,2878.333333333334,0.9777906378600824,4169.566666666667,0.9642526863283036,3031.25,0.9773652180406213,3469.6166666666672,0.9740918707686181,717.0500000000001,0.9940720072751322,1525.5,0.988608870967742,10316.75,0.9203954475308642,1761.0666666666666,0.9868498606133015,2292.133333333333,0.9823137860082305,3580.649999999999,0.9732627688172043
454,SMB5779,SMB5779__S_MohallaSherabad,3,C4-WZD-07,,Enfrashare,EC1-SMB-02329,830.9166666666667,0.9935886059670781,771.5,0.9940470679012345,76.74999999999999,0.9994077932098766,389.25,0.9969965277777777,2163.15,0.9833090277777778,192.75,0.9985127314814816,263.75,0.9979648919753086,1814.5333333333333,0.9864506172839507,0,1,1028.9833333333333,0.9920603137860082,131.66666666666666,0.9988711705532692,2304.233333333333,0.9827939565909997,2512.55,0.9812384259259259,194.08333333333331,0.9983954750881834,77.25,0.9994231630824373,5354.083333333332,0.958687628600823,4540.75,0.9660935633213859,1885.3166666666668,0.9854528034979424,9695.133333333335,0.9276050378335324
455,RUR3998,RUR3998__ChoubraChawinda,4,C4-NRW-05,27,,,0,1,0,1,83.75000000000001,0.9995153356481481,2981.2,0.9827476851851852,1658.0333333333328,0.990404899691358,2170.6999999999994,0.9874380787037037,3474.666666666666,0.979891975308642,2543.883333333334,0.9857533415471923,148.25,0.9991420717592593,1023.4166666666667,0.994077449845679,1782.9,0.9885358796296296,5185.316666666667,0.970960368130227,725.4166666666666,0.995937406660693,0,1,860.4166666666669,0.9951813582735961,759.6666666666665,0.9956037808641974,147.6666666666667,0.999173013739546,1403.8333333333335,0.9918759645061728,0,1
456,GUJ3339,GUJ3339__AmnaHospitalGuj,3,C4-GUJ-01,30,,,362.91666666666663,0.9971997170781893,909.75,0.992980324074074,331,0.997445987654321,106.25000000000003,0.9991801697530864,813.7,0.9937214506172839,401.83333333333337,0.9968994341563786,644.5833333333335,0.9950263631687243,1626.3500000000001,0.9878558094384706,252.13333333333333,0.9980545267489712,821.0833333333333,0.9936644804526749,3303.333333333334,0.9716792409693644,48,0.9996415770609319,0,1,0,1,0,1,852.4666666666667,0.9934223251028808,374.33333333333337,0.9972047988849064,498.13333333333327,0.9961563786008231,3284,0.9754778972520909
457,KMK5930,KMK5930__S_DaulatPura Warid_IK1569,3,C4-GUJ-01,20,,,58.5,0.9995486111111112,1860.8666666666663,0.9856414609053498,1306.249999999999,0.9899209104938272,291.1666666666667,0.9977533436213991,1624.7833333333333,0.987463091563786,2466.333333333333,0.9809696502057613,3268.683333333334,0.9747786779835391,1477.8500000213428,0.9889646804060532,1639.35,0.9873506944444445,1742.8999999999999,0.9865516975308642,1007.2,0.9913648834019204,446.58333333333337,0.9966652976901632,2704.9000000000005,0.979802120669056,1365.7333333333333,0.9887092151675485,845.25,0.9936883960573476,5050.566666666667,0.9610295781893003,2650.883333333333,0.9802054709279172,1632.3500000000001,0.9874047067901235,5836.133333326426,0.9564207487057464
458,RUR4509,RUR4509__Wzbwaiyanwalapind,3,C4-GUJ-02,20,,,1057.75,0.9918383487654322,0,1,0,1,0,1,2489.3,0.980792438271605,181.08333333333331,0.9986027520576131,4777.216666666667,0.9631387602880659,106.966666652464,0.9992012644365856,13.666666666666664,0.9998945473251029,943.6666666666667,0.992718621399177,0,1,61,0.9995445041816009,0,1,13.25,0.9998904596560847,0,1,1575.7500000000002,0.9878414351851852,2535.883333333333,0.9810641925527678,1842.4166666666658,0.985783822016461,3033.15,0.9773510304659498
459,RTR1365,RTR1365_Rasoolpur_Tarrar_Village,3,C4-HFZ-06,13,,,1893,0.9853935185185185,1913.0333333333338,0.9852389403292182,3080.666666666667,0.9762294238683127,1198.9166666666667,0.9907490997942386,2098.4333333333334,0.9838083847736625,1688.7833333333338,0.9869692644032922,3449.0166666666673,0.9733872170781893,2064.1833333333334,0.9845864446435684,1677.9333333333336,0.9870529835390947,3320.0000000000005,0.9743827160493826,494.58333333333326,0.9957597450845909,94.5,0.9992943548387097,1711.7499999999998,0.9872181152927121,0,1,317.4999999999999,0.9976291816009558,606.5666666666666,0.9953197016460905,622.15,0.9953543160095579,1776.0000000000007,0.9862962962962963,219,0.9983646953405018
460,BGL1622,BGL1622__S_Village_Malka_MDKN3890,4,C4-GRT-04,20,,,3103.5000000000005,0.9820399305555556,7494.599999999999,0.9566284722222222,2192.75,0.9873104745370371,5244.166666666668,0.969651813271605,6608.066666666667,0.9617588734567901,7500.583333333334,0.9565938464506172,8531.883333333337,0.950625675154321,5011.033333385488,0.9719364172637461,613.9666666666666,0.9964469521604938,519.8333333333334,0.9969917052469135,81.33333333333334,0.999477023319616,906.75,0.994921875,1909.7833333333338,0.989304528823178,1188.6666666666665,0.992629794973545,3611.0333333333338,0.9797769190561528,68,0.9996064814814816,321.0000000000001,0.9982022849462365,1892.3166666666666,0.9890490933641974,2418.9333333333334,0.9864531063321386
461,CHW6916,CHW6916__MuhallahMahmad,3,C4-NRW-05,13,,,0,1,24.25,0.9998128858024691,0,1,160.5,0.9987615740740741,4107.516666666666,0.9683061985596707,397.3333333333333,0.9969341563786008,6834.483333333333,0.9472647890946502,793.4333333333332,0.994075318598168,523.6666666666666,0.9959593621399176,1203.25,0.990715663580247,0,1,62.000000000000014,0.9995370370370371,341.25,0.9974518369175627,128.50000000000003,0.9989376653439153,1267.5833333333333,0.990534772003186,325.41666666666663,0.9974890689300412,1039.6666666666665,0.9922366587017124,334.2500000000001,0.9974209104938272,24,0.999820788530466
462,HFZ9814,HFZ9814__sohnservice_st,3,C4-HFZ-06,,GLO,,2679.2999999999997,0.9793263888888889,4187.266666666666,0.9676908436213992,4641.966666666666,0.9641823559670781,8216.366666666667,0.9366021090534979,1988.3166666666666,0.9846580504115227,87.50000000000001,0.9993248456790124,3111.1,0.975994598765432,7527.466666666668,0.9437913181999203,693.3333333333333,0.9946502057613169,3427.2,0.9735555555555555,5421.016666666666,0.953523519661637,4991.7333333333345,0.962726005575468,5052.6,0.962271505376344,1520.4166666666667,0.9874304177689595,116.58333333333334,0.9991294553962565,2892.516666666667,0.9776811985596707,1821.8333333333335,0.986396107128634,556.8166666666666,0.9957035751028807,1376.5333333333333,0.989721226602947
463,RUR9688,RUR9688__S_BHUDAL_PIND_MR2I3758,3,C4-SKT-03,,GLO,,623.0000000000001,0.9951929012345678,2919.75,0.9774710648148148,223.75,0.9982735339506174,556.3333333333335,0.9957073045267489,10306.116666666667,0.9204774948559671,57.999999999999986,0.9995524691358025,2376.5333333333333,0.9816625514403292,1918.6166666666668,0.985673411987256,2337.833333333333,0.9819611625514404,2584.7500000000005,0.9800559413580247,1821.9666666666667,0.9843795724737083,4444.266666666666,0.9668140183193947,1213.5833333333335,0.9909379978096376,899.9666666666667,0.9925597993827161,1725.0500000000002,0.9871188022700119,38.49999999999999,0.9997029320987655,149.08333333333334,0.9988867731979291,731.8166666666665,0.9943532664609053,3210.3333333333326,0.9760279769016329
464,RUR4795,RUR4795__QDHChuhewali,3,C4-HFZ-06,20,,,1072.5833333333333,0.9917238940329218,3226.0999999999995,0.9751072530864198,678.7166666666667,0.9947629886831275,2276.6,0.9824336419753087,2400.483333333333,0.9814777520576132,1750.5,0.9864930555555556,1511.4,0.988337962962963,3053.250000007839,0.9772009408601565,2968.233333333333,0.9770969650205761,3447.5000000000005,0.9733989197530865,2467.3666666666663,0.9788463077274805,2275.216666666667,0.9830106282357626,186.08333333333334,0.9986104888490641,96,0.9992063492063492,349.66666666666663,0.9973889884508164,5.25,0.9999594907407408,0,1,215.75,0.9983352623456789,21.75,0.9998375896057348
465,Guj3348,Guj3348__Arafatcolony,3,C4-GUJ-01,30,,,899.9166666666667,0.9930561985596708,506.83333333333314,0.9960892489711933,618.6666666666666,0.9952263374485597,374.25,0.9971122685185185,56.5,0.9995640432098766,962.8166666666667,0.992570859053498,558.25,0.9956925154320987,739.4500000200235,0.9944784199520608,40.83333333333333,0.999684927983539,1434,0.9889351851851852,663.25,0.9943137002743484,722,0.9946087216248506,1365.8,0.9898013739545998,0,1,14.75,0.9998898596176822,608.5,0.9953047839506174,218.5,0.9983684289127838,333.75000000000006,0.9974247685185185,2342,0.9825119474313023
466,GJA6164,GJA6164__S_Dairah_NazarMGondal_MandiBahaodin warid_MR335411,4,C4-MBD-08,20,,,632.8666666666667,0.9963375771604939,217.83333333333331,0.9987393904320987,620.3333333333335,0.9964101080246914,292.74999999999994,0.9983058449074075,2464.2333333333336,0.9857393904320988,118.41666666666666,0.9993147183641975,550.1666666666666,0.9968161651234568,165.16666667481576,0.9990750074670989,22.083333333333332,0.9998722029320988,0,1,1208.8666666666668,0.9922269375857339,0,1,590.8333333333334,0.9966911215651134,0,1,8.5,0.999952396953405,2600.2166666666662,0.9849524498456791,10.666666666666668,0.9999402628434886,1050.7500000000002,0.9939192708333333,1116.9166666666667,0.9937448663381123
467,RUR0188,RUR0188__Qadirabad_new,4,C4-MBD-08,9,,,0,1,0,1,328.65,0.9980980902777777,111,0.9993576388888888,982.7500000000001,0.9943127893518519,31.666666666666668,0.9998167438271605,661,0.9961747685185185,631.1500000096236,0.9964653337813081,414.9166666666667,0.9975988618827161,262,0.9984837962962964,520.9166666666665,0.9966504843964334,0,1,74.53333333333332,0.999582586618877,179.5,0.9988870287698413,686.75,0.9961539538530466,2404.9,0.9860827546296297,132,0.999260752688172,590.5,0.9965827546296296,5488.633333333332,0.9692616860812425
468,GUJ5576,GUJ5576_H_Gondlanwala Rd Siddique Akbar Town Gujranwala,3,C4-GUJ-02,,CMPak,6745_Zong,0,1,357.33333333333337,0.9972427983539095,5517.883333333333,0.9574237397119342,0,1,1123.25,0.9913329475308642,1938.166666666667,0.9850450102880659,4834.666666666666,0.9626954732510288,2003.0166666666664,0.9850431849860614,3008.4166666666656,0.976786908436214,1990.95,0.9846377314814815,7036.216666666667,0.9396757830361225,6185.333333333333,0.9538132218239745,12570.716666666667,0.906132641377937,6107.633333333334,0.9495069995590829,4651.716666666667,0.9652649591796097,11553.95,0.910849151234568,13793.616666666665,0.8970010702907208,1976.183333333333,0.9847516718106997,5355.3666666725785,0.9600107029071642
469,RUR0513,RUR0513__BuddaGuraya,3,C4-WZD-07,,Enfrashare,EC1-GUJ-08633,0,1,672.8333333333335,0.9948083847736625,0,1,5.166666666666667,0.999960133744856,7828.283333333333,0.939596579218107,4584.616666666667,0.964624871399177,985.7833333333333,0.9923936471193415,269.71666666666664,0.9979859866587018,1412.5999999999997,0.9891003086419754,2657.266666666666,0.9794963991769547,1168.5833333333335,0.9899812814357567,5453.849999999999,0.9592753136200717,7798.433333333333,0.9417679709279172,772.9166666666667,0.9936101466049382,3429.816666666667,0.974389063122262,3807.5499999999993,0.9706207561728395,1784.0833333333333,0.986677991835922,1313.3333333333335,0.9898662551440328,4790.349999999999,0.9642297640382318
470,RUR0732,RUR0732_SalemaNEW,3,C4-MBD-08,9,,,288.5,0.9977739197530865,866.25,0.9933159722222222,1692.0333333333333,0.9869441872427984,1266.833333333333,0.9902250514403292,968.7166666666667,0.99252533436214,1861.5,0.985636574074074,2081.5833333333335,0.9839384002057614,1086.6,0.9918862007168459,1063.5333333333333,0.9917937242798354,1609.7,0.987579475308642,797.2499999999999,0.993164866255144,285.2166666666667,0.9978702459179609,2395.933333333334,0.9821092194344883,597.5666666666666,0.995059799382716,601.5000000000001,0.9955085125448029,1566.3666666666666,0.9879138374485597,514.0666666666666,0.9961613898845081,3622.25,0.9720505401234568,9773.033333333178,0.9270233472720044
471,RUR0807,RUR0807__Karyala,4,C4-HFZ-06,9,,,1457.9166666666667,0.9915629822530865,2312.583333333333,0.9866169945987654,1442.5833333333333,0.9916517168209876,319,0.9981539351851851,1439.4166666666665,0.9916700424382716,851.25,0.9950737847222223,1506.666666666667,0.9912808641975309,1401.033333333333,0.9921537111708483,1232.75,0.9928660300925926,681.2500000000001,0.9960575810185185,1111.25,0.9928546167695473,1317.5000000000002,0.9926215277777777,864.25,0.9951598902329749,463.50000000000006,0.9971261160714286,0,1,1387,0.9919733796296296,440.8666666666668,0.9975309886499403,819.0666666666668,0.9952600308641975,1533.7500000000002,0.9914104502688172
472,GUJ9942,GUJ9942__JamiaHanifa,3,C4-GUJ-02,30,,,0,1,21.166666666666668,0.9998366769547324,75.08333333333333,0.9994206532921811,175.44999999999996,0.9986462191358025,1834.0833333333335,0.9858481224279835,0,1,1197.0000000000005,0.9907638888888889,879.9000000000002,0.9934296594982079,1487.0333333333333,0.9885259773662551,2656.1666666666642,0.9795048868312758,997.6166666666666,0.991447045038866,1861.9333333333336,0.9860966746316209,1205.5,0.990998357228196,249.41666666666669,0.9979380235890654,265.83333333333337,0.9980149840700916,4520.666666666666,0.9651183127572017,797.0833333333333,0.9940480635205097,542.3333333333334,0.995815329218107,2146.0499999999997,0.9839751344086021
473,GUJ9446,GUJ9446__S_Qaddafi Rd Warid_MDGJ4640,3,C4-GUJ-02,20,,,180.58333333333337,0.9986066100823046,1282.75,0.990102237654321,598.7833333333333,0.9953797582304528,916.8333333333344,0.9929256687242798,3569.6666666666665,0.9724562757201646,1823.5833333333337,0.9859291409465021,2408.5,0.9814158950617283,1112.2166666666667,0.9916949173636002,374.5,0.9971103395061728,186.58333333333331,0.9985603137860082,221.41666666666666,0.9981017089620485,516.75,0.996141353046595,458.9166666666667,0.9965732029072083,882.9999999999999,0.9927000661375661,596.5000000000001,0.9955458482676225,5616.05,0.9566662808641975,13279.38333333334,0.9008409249303065,834.2666666666671,0.993562757201646,708.9999999999999,0.9947057945041816
474,GUJ9420,GUJ9420__S_Moh Pondawala Warid_GJ4729,3,C4-GUJ-01,,CMPak,7242,1672.1666666666665,0.9870974794238683,2079.5833333333335,0.9839538323045268,2091.2833333333333,0.9838635545267489,871.5833333333333,0.9932748199588477,4893.616666666668,0.9622406121399177,6163.700000000001,0.952440586419753,9031.999999999996,0.9303086419753086,5258.533333331937,0.9607337714058248,2307.583333333333,0.9821945730452676,4215.983333333334,0.9674692644032922,4792.6,0.9589111796982168,3226.883333333333,0.9759043956591,4852.633333333332,0.963764685384309,4241.6,0.9649338624338624,1451.7666666666667,0.9891594484269216,5034.533333333334,0.9611532921810699,1596.7333333333333,0.988076961369972,9414.65,0.9273560956790123,2422.7499999895226,0.9819089755078442
475,KMK9898,KMK9898__Usman_Town,3,C4-GUJ-01,,GLO,,3473.7999999999997,0.973195987654321,7058.7666666666655,0.94553420781893,2237.416666666666,0.982735982510288,8511.416666666664,0.9343254886831276,1486.5,0.9885300925925925,232.0333333333333,0.9982096193415637,45,0.9996527777777777,175.66666666666666,0.9986882716049382,1117.5,0.9913773148148148,863.4999999999999,0.9933371913580247,3416.6666666666665,0.9707075903063557,3091.5,0.9769153225806452,8372.616666666667,0.9374804609717244,2083.45,0.982775710978836,941.2166666666667,0.9929717990840302,596.9000000000001,0.9953942901234568,1714.8,0.987195340501792,5091.816666666667,0.9607112911522634,34258.18333333333,0.7441891925527679
476,GUJ5837,GUJ5837__S_Sharifpura,3,C4-GUJ-02,,Enfrashare,EC1-GUJ-02316,226.41666666666669,0.9982529578189301,0,1,0,1,526.2499999999999,0.9959394290123457,2592.7,0.9799945987654322,831.6666666666667,0.9935828189300412,634.0000000000001,0.995108024691358,312,0.9976702508960574,344.6833333333333,0.9973404063786008,0,1,99.41666666666667,0.9991476623228166,883.3000000000002,0.9934042712066906,1335.7166666666665,0.9900260105535643,270,0.9977678571428571,335.4333333333333,0.9974952708084429,2502.6333333333337,0.9806895576131687,2906.2833333333338,0.9782983622062923,1961.4666666666667,0.9848652263374486,7870.250000000001,0.9412317054958185
477,RUR0716,RUR0716__MarrhChatta,4,C4-HFZ-06,20,,,446.74999999999983,0.9974146412037037,504.4166666666667,0.9970809220679012,1810.4333333333332,0.9895229552469135,560.8666666666668,0.9967542438271605,3396.4166666666674,0.9803448109567902,5711.883333333333,0.9669451195987654,2664.3166666666657,0.984581500771605,2294.1000000000004,0.9871522177419355,802.2166666666665,0.9953575424382716,0,1,166.00000000000003,0.9989326131687243,3593.916666666667,0.9798727785244923,0,1,0,1,68.33333333333331,0.9996173088410991,1523.9333333333332,0.9911809413580247,1456.4,0.9918436379928315,481.8166666666668,0.9972117091049383,218.49999999999994,0.9987763216845879
478,RUR4666,RUR4666__GUJButtranwali,3,C4-GUJ-01,30,,,0,1,109.24999999999997,0.9991570216049382,27,0.9997916666666667,720.2833333333333,0.9944422582304527,0,1,0,1,57.33333333333334,0.9995576131687243,261.85,0.9980447281959378,144.6,0.9988842592592593,200.5,0.9984529320987654,93.75,0.9991962448559671,433.6666666666666,0.9967617483074472,1983.0499999999997,0.9851922789725209,0,1,113.08333333333331,0.9991555904022301,2112.9500000000007,0.9836963734567901,1389.4166666666663,0.9896250248904819,170.74999999999997,0.9986824845679013,1886.9166666666665,0.9859101204699323
479,Guj3355,Guj3355__MuhallahChahaSarfan,3,C4-GUJ-02,9,,,281.75,0.9978260030864198,791.5833333333335,0.993892103909465,0,1,1512.0000000000002,0.9883333333333333,788.4999999999999,0.9939158950617284,344.08333333333337,0.9973450360082304,0,1,465.75,0.9965221774193549,13.25,0.999897762345679,26.75,0.9997935956790124,0,1,430,0.9967891278375149,841.7166666666667,0.9937147799681402,122.08333333333334,0.9989907131834215,54,0.9995967741935483,4438.299999999998,0.9657538580246914,975.1666666666669,0.9927182895260852,2212.5833333333335,0.9829275977366255,3417.499999984385,0.9744810334529243
480,DAD6974,DAD6974__BharayWalaPhalia,4,C4-MBD-08,30,,,231.8333333333333,0.9986583719135802,1075.6166666666666,0.9937753665123457,0,1,20.583333333333336,0.9998808834876542,1658.4166666666665,0.9904026813271605,42.83333333333333,0.9997521219135802,1641.6666666666667,0.9904996141975309,3464.2166666935977,0.9805991450117966,765.4333333333333,0.9955704089506173,21.5,0.9998755787037037,152.33333333333326,0.9990204903978053,0,1,239.49999999999997,0.9986587141577061,198.25000000000003,0.9987707713293651,0,1,0,1,193.75,0.9989149305555556,204,0.9988194444444445,520.1333333333333,0.9970870669056153
481,GUJ9949,GUJ9949__Urdu_Bazar,3,C4-GUJ-01,9,,,0,1,349.25,0.9973051697530865,130.75000000000003,0.9989911265432099,737.9166666666666,0.9943061985596708,2902.1666666666665,0.9776067386831275,1075.9999999999998,0.9916975308641977,1766.8333333333333,0.9863670267489713,1299.25,0.9902983124253285,691.7500000000002,0.9946624228395062,1407.9166666666667,0.9891364454732511,1389.3833333333332,0.9880882773205305,1596.0833333333333,0.9880818150139387,3490.95,0.9739325716845877,898.6666666666667,0.9925705467372135,440.0833333333333,0.9967138341298287,1287.9166666666665,0.990062371399177,1278.9166666666667,0.990450144364795,46.333333333333336,0.9996424897119341,1844.0833333333333,0.9862299631620869
482,HWY3435,HWY3435__GJRChakMurtazaGT,3,C4-GRT-04,20,,,527,0.9959336419753086,172.83333333333334,0.9986664094650206,111.50000000000003,0.9991396604938272,56.74999999999999,0.9995621141975309,1903.083333333333,0.9853157150205761,275.41666666666674,0.997874871399177,281.8333333333333,0.9978253600823045,569.8666666696935,0.9957447232178188,0,1,0,1,32.00000000000001,0.9997256515775034,26,0.999805854241338,26,0.999805854241338,556.65,0.9953980654761905,0,1,319.66666666666663,0.9975334362139918,0,1,0,1,660.3166666666666,0.9950693199920351
483,RUR6241,RUR6241__S_Chokori_Khurd_Ktla_Qasim_MDLM3309,3,C4-GRT-04,20,,,1005.25,0.9922434413580247,1873.5666666666666,0.9855434670781894,1679,0.9870447530864197,3145.583333333334,0.9757285236625515,5037.283333333333,0.9611320730452675,3614.5333333333338,0.9721100823045268,5465.700000000001,0.9578263888888888,8403.450000003882,0.9372502240143079,2905.75,0.9775790895061728,3760.8499999999995,0.9709810956790124,2669.7,0.9771116255144032,4846.416666666667,0.9638111061330147,6255.150000000001,0.9532918906810036,682.1666666666666,0.9943603946208113,1674.333333333333,0.9874975109518119,1939.2166666666667,0.9850369084362139,207.08333333333331,0.9984536788132218,347.25,0.9973206018518519,2860.500000008382,0.9786402329748478
484,KHR2637,KHR2637__BidarMarjan,3,C4-MBD-08,31,,,282.41666666666663,0.9978208590534979,924.3499999999999,0.9928676697530864,2470.6,0.9809367283950617,0,1,783.5833333333335,0.9939538323045268,0,1,6153.616666666668,0.9525183899176954,2282.283333340241,0.982957860414126,0,1,237.58333333333331,0.9981667952674897,0,1,354.99999999999994,0.9973491636798089,373.41666666666674,0.9972116437674233,101.66666666666667,0.9991595017636685,20.5,0.9998469235364397,101.58333333333334,0.9992161779835391,1264.6000000000004,0.9905570489844684,22,0.9998302469135802,239.5,0.9982116188769414
485,RUR4449,RUR4449__H_PNDPakhiMasjidpnd,3,C4-HFZ-06,31,,,244.91666666666669,0.9981102109053498,486.05000000000007,0.9962496141975309,300,0.9976851851851852,385.8333333333333,0.9970228909465021,1307.1,0.9899143518518518,5565.583333333333,0.9570556841563785,2618.733333333333,0.9797937242798354,74.50000000000001,0.9994436977299881,1722.7833333333335,0.9867069187242798,1264.75,0.9902411265432098,1880.0666666666666,0.983881458619113,180.91666666666666,0.9986490690959776,1376.2333333333336,0.9897234667463163,97.49999999999999,0.9991939484126984,204.75,0.9984711021505376,202.25,0.9984394290123457,2426.233333333333,0.9818829649542015,60.999999999999986,0.9995293209876543,2061.7666666502287,0.9846044902430539
486,BPW9697,BPW9697__S_Baga Chowk_Sahuwal_MDSK1584,3,C4-WZD-07,30,,,98.74999999999997,0.9992380401234568,1815.0833333333333,0.9859947273662552,775.3333333333335,0.9940174897119342,7.250000000000001,0.9999440586419753,1766.6999999999998,0.9863680555555555,277.58333333333337,0.9978581532921811,675.6666666666667,0.9947865226337449,753.5166666666667,0.9943733821186779,248,0.9980864197530864,1782.15,0.9862488425925926,1874.35,0.9839304698216735,18.749999999999996,0.9998599910394265,1923.9,0.9856339605734767,852.5333333333334,0.9929519400352734,2277.8,0.9829913381123059,0,1,1567.5,0.9882952508960574,1212.8666666666666,0.9906414609053498,1922.6166666666668,0.9856435434090004
487,RUR9467,RUR9467__S_MACHI_KHOKAR_MR1R3580,3,C4-SKT-03,20,,,1948.7500000000005,0.9849633487654321,2934.1166666666663,0.9773602109053497,1794.1666666666667,0.986156121399177,4705.383333333333,0.963693029835391,14525.516666666666,0.8879203960905349,3186.6666666666665,0.9754115226337449,12891.18333333333,0.9005309927983539,8833.88333335351,0.9340361160890568,2480.5666666666666,0.9808598251028806,729.7500000000001,0.9943692129629629,1129.1666666666665,0.9903192158207591,76.58333333333333,0.9994281411788133,214.58333333333334,0.9983976752289924,32,0.9997354497354497,3084.9666666666667,0.9769641079251294,5214.916666666666,0.959761445473251,386.7833333333333,0.9971118329350857,1292,0.9900308641975308,4163.650000000001,0.9689094235364396
488,HWY9429,HWY9429__S_Emanabad Warid_MDGJ1825,3,C4-GUJ-01,20,,,0,1,799.1666666666667,0.9938335905349794,201.41666666666666,0.9984458590534979,230.08333333333331,0.99822466563786,4169.783333333333,0.9678257458847735,1584.1666666666667,0.9877764917695474,5271.5,0.9593248456790124,1403.6666666666667,0.9895186180804459,344.3833333333333,0.9973427211934157,1908.45,0.9852743055555555,820.6666666666666,0.99296410608139,892.5499999999998,0.9933352001194743,1120.75,0.9916311977299881,1482.25,0.9877459490740741,1510.4,0.9887216248506572,410.7833333333333,0.9968303755144033,2529.55,0.9811114844683394,3236.583333333333,0.9750263631687243,3403.1000000102445,0.9745885603344516
489,SCK9900,SCK9900__KotFazal,3,C4-HFZ-06,9,,,0,1,185.91666666666663,0.99856545781893,496.8333333333333,0.9961664094650206,2725.2000000000003,0.9789722222222222,3268.116666666667,0.9747830504115227,0,1,699.9999999999999,0.9945987654320987,1632.5833333441988,0.9878092642372746,0,1,0,1,28.33333333333333,0.9997570873342478,23.916666666666668,0.999821410792513,1370.2499999999998,0.9897681451612904,814.8333333333335,0.9932636133156967,837.0000000000001,0.99375,2675.283333333333,0.9793573816872428,198.11666666666667,0.9985206342094783,2756.3,0.9787322530864198,1494.6333333333332,0.9888393568299482
490,JPB1364,JPB1364__P_Pindi Bhattian Road Jalapur BhattianWarid_315320,3,C4-HFZ-06,27,,,3109.699999999999,0.9760054012345679,3079.566666666666,0.9762379115226338,2839.0833333333335,0.9780934927983539,4570.083333333334,0.9647370113168725,3040.483333333333,0.9765394804526748,838,0.9935339506172839,2946.2500000000005,0.9772665895061727,987.6999999999998,0.9926247013142175,293.08333333333326,0.997738554526749,218.80000000000004,0.9983117283950617,758.1666666666667,0.9934999428440787,3919.683333333333,0.9707311579052171,1767.216666666666,0.9868039376742334,53.750000000000014,0.9995556382275131,659.9833333333332,0.9950718090402231,3593.233333333333,0.9722744341563786,931.7333333333332,0.9930426125049782,1344.9,0.9896226851851851,3174.100000000001,0.9762985364396655
491,SRW9972,SRW9972__KotAnayatKh,3,C4-GUJ-02,30,,,67.58333333333333,0.9994785236625515,12.5,0.9999035493827161,225.5,0.9982600308641975,13.75,0.9998939043209876,37.5,0.9997106481481481,362,0.9972067901234568,664.5,0.9948726851851852,602.2666666666665,0.9955027877339705,184.33333333333337,0.9985776748971193,510.4166666666668,0.9960615997942387,163.39999999999998,0.9985991083676269,124.83333333333334,0.9990678514536042,767.3333333333333,0.9942702110712864,87.25,0.9992786871693121,82.25,0.9993858273596178,559.8000000000001,0.9956805555555556,1192.5499999999997,0.9910950567502986,3676.650000000001,0.9716307870370371,7790.416666666666,0.941827832536838
492,JPJ3112,JPJ3112__Farroqeazamjalalpu,3,C4-GRT-04,27,,,258.5,0.9980054012345678,285.16666666666663,0.9977996399176955,370.2166666666667,0.9971433899176955,1064.9166666666665,0.9917830504115226,46682.49999999998,0.6397955246913581,855.3333333333333,0.9934002057613169,13.083333333333336,0.9998990483539094,137.08333333333331,0.9989763789326962,0,1,625.3333333333333,0.9951748971193416,453,0.9961162551440329,883.4166666666665,0.9934034000398247,2317.266666666667,0.9826966348068499,166.00000000000003,0.9986276455026455,470.83333333333326,0.9964842194344883,544.75,0.9957966820987655,1106.8833333333334,0.9917347421346078,1962.083333333333,0.9848604681069959,1513.6499999999999,0.9886973566308244
493,GUJ3349,GUJ3349__FreedTown,3,C4-GUJ-01,,,,247.58333333333326,0.9980896347736625,938.5,0.9927584876543211,0,1,0,1,144.75,0.9988831018518519,26.500000000000004,0.999795524691358,316.8333333333333,0.9975552983539094,0,1,13.25,0.999897762345679,0,1,0,1,0,1,166.25,0.9987585872162486,0,1,215.91666666666669,0.9983877190362405,126.75000000000003,0.9990219907407407,0,1,0,1,53.91666666666666,0.9995973964555954
494,GUJ5519,GUJ5519_H_Nowshera Sansi Rd,3,C4-GUJ-02,,ATL,ATGJW11,752.75,0.9941917438271605,550,0.9957561728395062,361.5000000000001,0.9972106481481481,213.25000000000003,0.9983545524691358,2057.166666666667,0.9841268004115226,0,1,960,0.9925925925925925,714.75,0.9946628584229391,0,1,0,1,578.25,0.995042438271605,747.7666666666669,0.9944163181999204,3882.2500000000005,0.9710106780167265,170.5,0.9985904431216932,0,1,11541.316666666666,0.9109466306584362,3444.866666666667,0.9742766825965751,88.80000000000001,0.9993148148148149,16316.099999999997,0.8781653225806452
495,KLW9891,KLW9891__Kuluwal,3,C4-SKT-03,20Kva,,,152.08333333333334,0.998826517489712,193.08333333333337,0.9985101594650206,87,0.9993287037037036,0,1,3665.116666666667,0.9717197788065843,1129.1666666666665,0.9912872942386831,935.0833333333333,0.9927848508230452,2863.633333333333,0.9786168359219434,468.23333333333335,0.9963870884773662,1005.4166666666667,0.9922421553497942,313.8333333333333,0.9973093850022862,0,1,0,1,70.74999999999999,0.9994150958994709,188.75,0.9985905764635603,900.7833333333331,0.9930495113168725,371,0.9972296893667861,296.75,0.9977102623456789,962.5833333333335,0.9928122510951812
496,RUR5793,RUR5793_H_LR_Village Mouza Jalhan Gujranwala,3,C4-HFZ-06,,CMPak,4836,490,0.9962191358024691,1402.3166666666666,0.9891796553497944,284.83333333333337,0.9978022119341564,118.05,0.9990891203703705,1307.8333333333333,0.9899086934156378,198.74999999999997,0.9984664351851852,158.50000000000003,0.9987770061728395,504.8833333333333,0.9962299631620869,542.5833333333333,0.9958134002057614,4352.65,0.966414737654321,4749.716666666667,0.9592788351623228,6254.166666666667,0.953299233373158,5173.783333333334,0.9613666119076065,3441.316666666666,0.971549961419753,282.25,0.997892398446834,3808.833333333333,0.970610853909465,4810.233333333334,0.9640812923138192,5202.199999999999,0.9598595679012345,9107.033333348543,0.9319964655514594
497,RUR3268,RUR3268__PropiNagra,3,C4-WZD-07,9,,,147.24999999999997,0.9988638117283951,105.00000000000001,0.9991898148148148,38.00000000000001,0.9997067901234569,895.2,0.9930925925925926,1328.8333333333333,0.9897466563786008,1432.8333333333333,0.9889441872427983,1464.5833333333333,0.9886992026748972,1865.1499999999996,0.9860726553166068,1460.6166666666668,0.988729809670782,1786.1166666666666,0.9862182355967078,1287.8833333333334,0.9889584762231367,161.71666666666664,0.9987924382716049,3158.2999999999997,0.9764165173237754,320.8333333333333,0.9973476080246914,470,0.9964904420549581,626.4166666666667,0.9951665380658435,2443.6666666666665,0.9817527877339706,1163.0833333333333,0.991025591563786,996.05,0.9925623506571086
498,STR4976,STR4976__DTESatrah,3,C4-NRW-05,30,,,611.2500000000003,0.9952835648148148,520.25,0.995985725308642,0,1,268.25,0.9979301697530865,12965.966666666667,0.8999539609053498,572,0.9955864197530865,2248.0833333333335,0.9826536779835391,1350.0666666666664,0.9899188570290721,248.75,0.9980806327160494,0,1,0,1,233.0833333333333,0.9982595330545599,1172.3,0.991246266427718,1713.7333333333333,0.9858322310405644,557,0.9958408004778972,4550.949999999998,0.9648846450617284,754.9166666666665,0.9943629281162883,2323.65,0.9820706018518518,89.41666666666669,0.9993323128235763
499,GUJ9459,GUJ9459__S_usman Colony Warid_MDGJ4239,3,C4-GUJ-01,,GLO,,3009.5666666666666,0.976778034979424,744.3333333333333,0.9942566872427983,49.75,0.9996161265432099,198,0.9984722222222223,179.4166666666666,0.9986156121399177,740.7500000000005,0.994284336419753,10285.73333333333,0.9206347736625514,334.16666663779563,0.9975047291917727,1662.3166666666668,0.9871734825102881,1895.2833333333335,0.9853759002057614,2322.516666666667,0.9800881630086877,1331.8833333333334,0.990054634607726,2710.75,0.9797584378733571,8,0.9999338624338624,2652.7166666666662,0.9801917811628833,786.0833333333333,0.9939345421810699,2237.583333333333,0.9832916417761848,4612.25,0.9644116512345678,1983.1333333333332,0.9851916567104739
500,SKY9499,SKY9499__S_Saroki_Chowk_2J3777,3,C4-WZD-07,30,,,693.4333333333336,0.9946494341563786,39.916666666666664,0.9996920010288066,9,0.9999305555555555,776.2833333333331,0.9940101594650206,761.9499999999999,0.9941207561728395,64.16666666666667,0.9995048868312757,947.6333333333333,0.9926880144032921,692.2333333333335,0.9948309936280367,136.5,0.9989467592592592,2150.85,0.9834039351851852,0,1,0,1,8.083333333333334,0.9999396405814417,0,1,25.416666666666668,0.9998102100756671,0,1,0,1,0,1,102.49999999999997,0.9992346176821983
501,DHW6980,DHW6980__KotehraKotiLaharan,3,C4-SKT-03,27,,,0,1,485.16666666666674,0.9962564300411523,0,1,528.75,0.9959201388888889,4376.416666666667,0.9662313528806584,66.99999999999999,0.999483024691358,0,1,4123.466666666667,0.9692094782954997,0,1,0,1,0,1,0,1,846.5833333333334,0.9936784398645958,0,1,0,1,343.66666666666674,0.9973482510288066,0,1,0,1,225,0.9983198924731183
502,SKT9468,SKT9468__S_Langri_wala_Ranger_road_MDSK4284,3,C4-SKT-03,20,,,94.83333333333333,0.9992682613168725,1633.9499999999998,0.9873923611111111,738.25,0.9943036265432099,1255.5,0.9903125,4968.45,0.9616631944444444,386,0.9970216049382716,1343.5,0.989633487654321,11913.966666686692,0.9110366885701411,489.25,0.9962249228395063,400.6666666666667,0.9969084362139918,208.50000000000003,0.9982124485596708,2428.683333333334,0.9818646704500199,1369.083333333333,0.9897768568299482,494.9,0.9959085648148148,18.16666666666667,0.9998643468737555,1125.6,0.9913148148148149,581.5000000000001,0.9956578554360813,5.499999999999999,0.9999575617283951,779.0833333333333,0.9941824721226602
503,SKT1182,SKT1182__S_Abbot Road_MDSK4174,4,C4-SKT-03,,GLO,,421.0833333333333,0.997563175154321,1344.3333333333333,0.9922202932098766,0,1,59.66666666666668,0.9996547067901234,325.25,0.9981177662037036,0,1,1313,0.9924016203703704,4810,0.9730622759856631,0,1,1279.8333333333337,0.9925935570987654,0,1,143.66666666666669,0.9991954151732378,1316.3333333333337,0.9926280615292713,0,1,0,1,3425.4833333333327,0.9801766010802468,13.25,0.9999257952508961,4,0.9999768518518519,502.4833333333333,0.9971859132317802
504,KTN9623,KTN9623__KotNainaShkrGrh_PT,4,C4-NRW-05,30,,,3400.1666666666674,0.9803231095679013,1821.2500000000002,0.9894603587962963,441.44999999999993,0.9974453124999999,3652.183333333333,0.9788646797839506,2929.083333333334,0.9830492862654322,5399.7,0.9687517361111111,8403.666666666666,0.9513676697530865,11816.899999965073,0.9338211245521668,3458.1833333333334,0.9799873649691357,3483.3500000000004,0.9798417245370371,1939.6000000000001,0.98752829218107,3475.65,0.9805351142473119,5975.566666666666,0.9665346848864993,532.7833333333333,0.9966965319113757,1898.1666666666667,0.9893695863201911,6938.6833333333325,0.9598455825617285,3159.1666666666665,0.982307534348865,12491.433333333336,0.927711612654321,6432.06666665487,0.9639781212664938
505,NVK3239,NVK3239__KaryalRoad,3,C4-HFZ-06,20,,,956.9999999999999,0.9926157407407408,1571.4166666666667,0.987874871399177,674.2,0.9947978395061728,2500.2499999999995,0.9807079475308642,1934.2833333333335,0.9850749742798354,2855.7833333333333,0.9779646347736626,3006.283333333333,0.9768033693415638,1921.9833333333333,0.9856482726005575,1776.75,0.9862905092592592,1734.6666666666665,0.9866152263374485,938.2166666666666,0.9919563042981252,858.2166666666667,0.9935915720828354,2091.083333333333,0.9843855784547989,800.3333333333334,0.993383487654321,2404.833333333333,0.9820427618478693,3895.766666666666,0.9699400720164608,3407.4000000000005,0.9745564516129032,3284.75,0.9746547067901234,4948.550000021653,0.9630484617680581
506,BGL2204,BGL2204__MairShareef,3,C4-GRT-04,20,,,938.6666666666666,0.9927572016460906,5986.366666666666,0.9538088991769547,2327.416666666667,0.9820415380658436,2876.533333333333,0.9778045267489712,3473.883333333334,0.9731953446502059,1952,0.9849382716049382,4455.666666666668,0.9656198559670781,4783.683333290803,0.9642795450023088,3455.9000000000005,0.9733341049382715,1305.916666666667,0.989923482510288,2481.566666666667,0.9787245656149978,1076.3666666666666,0.9919626144962166,3158.7333333333336,0.976413281561131,747.1666666666666,0.9938230268959436,1250.8000000000004,0.9906600955794503,3239.1166666666672,0.9750068158436214,2502.2166666666667,0.981315586419753,2550.9333333333334,0.9803168724279836,3199.1333333333337,0.9761116089207487
507,DNG6229,DNG6229__S_Mohallah_Baggi_MDLM2861,3,C4-MBD-08,20,,,1054.6666666666665,0.9918621399176955,2302.6166666666663,0.982232896090535,452.75000000000006,0.9965065586419753,84.3333333333333,0.999349279835391,1179.3666666666668,0.9908999485596708,4342.433333333333,0.9664935699588477,857.1666666666667,0.993386059670782,462.0833333333333,0.9965495569494226,0,1,106.5,0.9991782407407408,24,0.9997942386831276,84.08333333333333,0.9993721375945839,1257.1666666666667,0.9906125547590601,271.1,0.9977587632275131,1044.3666666666668,0.992201563122262,7123.016666666666,0.9450384516460906,1663.9166666666665,0.9875752937076863,1238.15,0.9904463734567901,751.450000006597,0.994388814217394
508,RUR1151,RUR1151__SingraPind,3,C4-NRW-05,30,,,0,1,234.83333333333331,0.9981880144032922,74.16666666666666,0.9994277263374485,126.49999999999997,0.9990239197530865,264.9166666666667,0.9979558899176955,556.5833333333333,0.9957053755144032,38.41666666666666,0.9997035751028807,915.0000000000001,0.9931675627240143,1386.033333333333,0.9893052983539095,650.8,0.9949783950617284,624.9166666666667,0.9946423468221307,148,0.9988948626045401,788.1666666666669,0.994114645559538,58.833333333333336,0.9995136133156968,251.50000000000003,0.9981220131421744,25.75,0.999801311728395,1313.5833333333333,0.9901912833532457,2266.116666666667,0.9825145318930041,44.833333333333336,0.9996652230187176
509,KTN1216,KTN1216__KTN9622B_Offload,3,C4-NRW-05,13,,,739.9166666666667,0.9942907664609053,0,1,0,1,940.7499999999999,0.9927411265432099,2040.75,0.9842534722222223,1023.3333333333333,0.9921039094650206,1415.4166666666665,0.9890785751028807,6197.233333333333,0.9537243628036639,974.9666666666667,0.992477109053498,1066.0833333333333,0.9917740483539095,612.4166666666667,0.9947495141746685,155.5,0.9988388590203107,2569.933333333334,0.9808099362803664,483.24999999999994,0.9960048776455026,624.6666666666666,0.9953355236957386,0,1,186.74999999999994,0.9986055107526881,936.5,0.9927739197530865,142.24999999999997,0.9989377986857825
510,GUJ3744,GUJ3744__Wblkpeoplesclny,3,C4-GUJ-01,30,,,281.75,0.9978260030864198,535.5833333333335,0.9958674125514403,0,1,68.49999999999999,0.9994714506172839,1462.1166666666666,0.9887182355967079,55.95,0.999568287037037,71.75000000000001,0.9994463734567901,0,1,0,1,565.75,0.9956346450617284,296.83333333333337,0.9974551326017376,579.9000000000001,0.9956698028673836,1221.9,0.9908758960573476,182.50000000000003,0.9984912367724869,209.91666666666669,0.9984325219036241,941.0833333333333,0.992738554526749,563.4166666666665,0.9957928863002787,250.2833333333333,0.9980688014403292,0,1
511,PMD9666,PMD9666__RomalJuttanSKT,3,C4-SKT-03,31,,,569.1166666666666,0.9956086676954733,1976.0000000000005,0.984753086419753,5781.65,0.9553885030864196,20551.966666666667,0.8414200102880659,34996.499999999985,0.7299652777777779,3339.8999999999996,0.9742291666666667,137.08333333333334,0.9989422582304526,8828.049999980907,0.9340796744326396,7649.833333333332,0.9409735082304528,4206.8166666666675,0.9675399948559671,288.25,0.9975287208504802,3759.4499999999994,0.9719276433691756,3872.666666666667,0.9710822381521307,8.25,0.9999317956349206,1065.6333333333332,0.9920427618478693,2886.5000000000005,0.9777276234567901,1035.7166666666667,0.99226615392274,1436.8333333333335,0.9889133230452675,277.33333333333337,0.9979291119076065
512,RUR3536,RUR3536__AbdullahPur,3,C4-HFZ-06,9,,,15.25,0.9998823302469135,1481.6,0.988567901234568,1422.1166666666668,0.9890268775720165,0,1,1915.0833333333333,0.9852231224279835,920,0.9929012345679012,1005.8333333333335,0.992238940329218,3509.7500000000005,0.9737921893667861,2406.383333333333,0.9814322273662551,1033.25,0.9920273919753086,282.25,0.9975801611796982,0,1,339.6666666666667,0.9974636598964556,83.49999999999999,0.9993096891534391,84,0.9993727598566308,2892.666666666666,0.9776800411522634,0,1,201.16666666666669,0.9984477880658436,525.0833333333333,0.9960791268418957
513,SKT3773,SKT3773__S_Hadi_Town_Stop_garah_MDSK4270,3,C4-SKT-03,20,,,275.66666666666663,0.9978729423868313,921.7499999999999,0.9928877314814816,472,0.9963580246913579,953.75,0.9926408179012346,2532,0.9804629629629629,438.08333333333337,0.9966197273662551,2776.0833333333335,0.978579603909465,4337.116666673263,0.9676141228593693,1823.833333333333,0.9859272119341564,1811.6999999999998,0.9860208333333333,944.9833333333335,0.9918982910379515,3249.666666666666,0.975734269215452,896.9833333333333,0.9933020957785743,530.0000000000001,0.9956183862433862,60.916666666666664,0.999545126443648,1172.833333333333,0.9909503600823045,684.5333333333334,0.9948884906411789,2225.05,0.9828314043209876,16580.466666666664,0.8761912584627639
514,SKT6400,SKT6400__S_HamzaGhaus,3,C4-SKT-03,,ATL,ATSLK11,395.75,0.9969463734567902,546.9166666666666,0.9957799639917695,139.83333333333334,0.9989210390946502,154.5,0.9988078703703703,1636.5333333333333,0.9873724279835391,400.83333333333326,0.9969071502057614,0,1,1128.53333329934,0.9915730784550527,457.08333333333337,0.9964731224279835,1634.5833333333335,0.9873874742798354,833.3666666666666,0.9928552240512117,5057.049999999999,0.9622382765830346,5459.6833333333325,0.9592317552767821,3035.8166666666666,0.974902309303351,1037.2500000000002,0.9922547043010752,2235.0499999999997,0.9827542438271606,530.2166666666667,0.9960407954998008,428.1666666666667,0.9966962448559671,4871.383333333333,0.9636246764237356
515,RUR5915,RUR5915__S_GhomaPind-SDKWarid_ES1538,3,C4-GUJ-01,20,,,1274.0333333333333,0.9901694958847735,1303.3,0.9899436728395062,2001.066666666667,0.984559670781893,0,1,1196.083333333333,0.9907709619341564,2518.2,0.9805694444444444,941.0833333333334,0.992738554526749,37.41666666666667,0.9997206043409002,1014.4166666666669,0.9921727109053498,323.41666666666663,0.9975045010288066,3314.2833333333338,0.9715853623685413,1191.2,0.9911051373954599,2420.8,0.9819235364396655,42.50000000000001,0.9996486441798942,1236.6,0.990766129032258,352.08333333333337,0.9972833076131686,4974.616666666667,0.9628538181999204,2016.9166666666667,0.984437371399177,3981.1,0.9702725507765831
516,RUR0186,RUR0186__S_HEAD_BOMBANWALAWarid_MDDK1610,4,C4-WZD-07,,GLO,,47.33333333333332,0.9997260802469136,0,1,23.08333333333333,0.9998664158950618,0,1,718.7666666666665,0.9958404706790124,567.0833333333333,0.9967182677469135,448.6666666666668,0.997403549382716,64.75,0.9996373767921147,1500.3333333333328,0.9913175154320988,0,1,71.5,0.9995402520576131,74.58333333333334,0.9995823066009558,0,1,0,1,663.4999999999999,0.9962841621863799,0,1,0,1,74,0.9995717592592592,1337.5000000000002,0.992509520609319
517,RUR8085,RUR8085__P_Tahli_Goraya_Village,3,C4-HFZ-06,20,,,0,1,169.99999999999997,0.9986882716049382,345.8833333333333,0.9973311471193415,270.0833333333333,0.9979160236625515,3554.1666666666665,0.9725758744855968,1790.3000000000002,0.9861859567901234,2612.75,0.9798398919753086,4843.016666666667,0.963836494424532,1373,0.9894058641975308,1008.3333333333335,0.9922196502057613,1633.7666666666669,0.9859930841335163,1295.65,0.9903251941457587,3206.0333333333333,0.9760600856232577,135.25000000000003,0.9988818617724868,2652.1333333333337,0.9801961369972122,1321.55,0.9898028549382716,2317.016666666667,0.9826985015929908,3120.333333333333,0.975923353909465,7381.333333333333,0.9448825169255276
518,LLM6248,LLM6248__S_Mohallah_Hussain_MDLM3308,3,C4-GRT-04,20,,,967,0.9925385802469135,2098.7833333333338,0.9838056841563785,737,0.9943132716049382,871.75,0.9932735339506173,2211.9,0.9829328703703704,2379.4333333333334,0.9816401748971194,1823.3000000000002,0.9859313271604938,1662.750000005588,0.9875840053763024,512.1666666666667,0.9960480967078189,668.1666666666666,0.9948443930041152,399.4166666666667,0.9965756458619113,0,1,0,1,444.5000000000001,0.9963252314814816,177.49999999999994,0.9986745818399043,3129.7999999999993,0.9758503086419753,0,1,3.166666666666666,0.9999755658436215,473.1999999999998,0.9964665471923537
519,DSK9945,DSK9945__Gulistan_Colony,3,C4-WZD-07,27,,,986.3333333333328,0.9923894032921811,1.916666666666667,0.9999852109053498,0,1,78.75,0.9993923611111112,84.99999999999999,0.9993441358024691,409.28333333333325,0.9968419495884774,35.25,0.9997280092592592,2068.333333333333,0.984555455993628,2149.2333333333336,0.9834164094650205,1854.6666666666665,0.9856893004115226,0,1,724.5833333333331,0.9945894315013939,1040.7166666666667,0.9922288181999204,1229.9166666666667,0.9898320381393297,6511.45,0.9513780615292713,10679.333333333338,0.9175977366255144,529.0833333333333,0.99604925826364,623.0666666666667,0.9951923868312756,1571.4166666666665,0.9882660045798487
520,NRW4000,NRW4000__KatcheryRdNarowal,3,C4-NRW-05,20,,,238.58333333333337,0.9981590792181071,480.4166666666667,0.9962930812757201,44.75000000000001,0.9996547067901234,456.49999999999994,0.9964776234567901,17.5,0.9998649691358026,0,1,437.5833333333333,0.9966235853909465,1023.3000000015522,0.9923588709677305,1542.2500000000002,0.9880999228395062,1656.3,0.9872199074074074,698.75,0.9940093449931413,411.3333333333333,0.9969285145360414,1409.9166666666665,0.9894719484269215,271.1666666666666,0.9977582120811287,317.5833333333333,0.9976285593389087,2350.5,0.9818634259259259,652.7500000000001,0.995125821385902,3373.8500000000004,0.9739672067901235,799.2500000000001,0.994031884707288
521,SKT9474,SKT9474__S_Pakistan_Chowk_Sialkot_Cantt_MDSK1891,3,C4-SKT-03,20,,,394.0833333333333,0.9969592335390947,210.33333333333337,0.9983770576131686,104,0.9991975308641975,308.25,0.9976215277777777,2842.4166666666665,0.9780677726337449,798,0.9938425925925926,7715.116666666666,0.9404697788065843,2140.183333288785,0.9840189416570431,601,0.9953626543209876,1199.0833333333335,0.9907478137860082,358.8333333333333,0.9969235825331505,2672.65,0.9800429360812426,1013,0.9924357825567504,342,0.997172619047619,99.91666666666667,0.999253907805655,2761.166666666666,0.9786947016460905,907.5833333333333,0.9932229440461967,1521.0499999999997,0.9882635030864197,11242.75,0.9160487604540023
522,SKT9480,SKT9480__S_Gohadpur_MDSK4281,3,C4-SKT-03,30,,,1551.0000000000002,0.9880324074074074,767.7500000000001,0.9940760030864197,710.3333333333335,0.9945190329218108,1313.4166666666667,0.9898656121399176,7544.9833333333345,0.9417825360082304,1089.75,0.9915914351851852,230.58333333333337,0.9982208076131687,18419.1500000052,0.862461544205457,6772.316666666666,0.9477444701646092,1261.3000000000002,0.9902677469135803,2912.9166666666665,0.9750264346136259,2142.883333333333,0.983998780366388,326.1666666666667,0.9975644663480685,849.9000000000001,0.9929737103174603,175.83333333333331,0.9986870270808442,607.1666666666666,0.995315072016461,117.83333333333337,0.9991201214655515,153.16666666666666,0.9988181584362139,4068.4666666666667,0.9696201712465153
523,SKT5528,SKT5528_H_Sialkot Sankhatra Rd Kishnaywali Kothey Sialkot,3,C4-SKT-03,,Enfrashare,EC1-SKT-06418,417,0.9967824074074074,160.75000000000003,0.9987596450617283,266.25,0.9979456018518519,519.6999999999999,0.9959899691358025,2902.416666666667,0.9776048096707819,224,0.9982716049382716,738.1666666666667,0.9943042695473251,7109.449999999999,0.9469127090800478,3066.3333333333335,0.9763400205761318,878.4166666666667,0.9932220936213991,6516.116666666668,0.9441348022405122,2075.5499999999997,0.9845015681003585,2612.083333333333,0.9804951961369972,3427.15,0.9716670800264551,8847.033333333333,0.9339379231381919,3451.4,0.9733688271604939,5193.316666666667,0.9612207536837913,1877.5500000000002,0.9855127314814814,3109.6666666666665,0.9767796694544006
524,GUJ3350,GUJ3350__ShahzadTown,4,C4-GUJ-01,27,,,1434.2500000000005,0.9916999421296296,2557.8333333333335,0.9851977237654321,0,1,0,1,3058.433333333334,0.9823007330246913,4699.416666666666,0.9728043016975308,576.9166666666665,0.996661361882716,662.3333333333334,0.9962906959378733,618.4833333333333,0.9964208140432099,1081.3166666666666,0.9937423804012346,1806.9166666666665,0.9883814514746228,2790.983333333333,0.984369492980884,2984.7499999999995,0.9832843301971326,225,0.9986049107142857,434.66666666666663,0.9975657108721624,3226.016666666666,0.9813309220679013,3185.033333333332,0.982162671744325,1817.3833333333332,0.9894827353395061,1434.9166666666667,0.9919639523596178
525,KHR0006,KHR0006__S_Kharian-1_MDKN2769,4,C4-MBD-08,30,Standby,,1514.4666666666672,0.9912357253086419,884.1666666666669,0.9948832947530865,3135.7666666666664,0.9818532021604938,702.5,0.9959346064814816,6298.1,0.963552662037037,1464.1666666666665,0.991526813271605,1434.3333333333335,0.9916994598765432,1507.1666666666667,0.9915593264635604,3686.0666666666666,0.9786685956790123,2693.65,0.9844117476851852,1290.5833333333335,0.9917014960562415,3696.8666666666663,0.9792962216248506,12787.650000000001,0.9283845766129032,5241.500000000001,0.9675006200396825,254.5,0.998574708781362,930.9999999999999,0.9946122685185185,2663.2166666666667,0.9850850321087217,4949.466666666666,0.9713572530864198,3509.816666666666,0.9803437686678614
526,RUR9470,RUR9470__S_Village_Kamonwala_MDSK4289,3,C4-SKT-03,30,,,1793.25,0.9861631944444444,283.4166666666667,0.9978131430041153,243.50000000000003,0.9981211419753087,376.2500000000001,0.997096836419753,7572.283333333333,0.9415718878600824,3874.95,0.9701006944444444,1327.0166666666664,0.9897606738683128,11839.183333309586,0.9115951065314398,21857.50000000001,0.831346450617284,648.6666666666665,0.9949948559670782,1655.2166666666665,0.9858091849565614,1707.5166666666669,0.9872497262046993,634.0833333333334,0.9952652080844285,337.3333333333333,0.9972111992945326,327.83333333333326,0.9975520211071286,841.9666666666667,0.9935033436213991,2039.5500000000002,0.9847703853046594,1265.1666666666665,0.9902379115226337,1014.4999999999999,0.9924245818399043
527,GUJ9448,GUJ9448__S_Siddiq Colony Warid_MDGJ4646,3,C4-GUJ-01,30,,,844.0833333333335,0.9934870113168724,877.0000000000002,0.993233024691358,0,1,158.66666666666669,0.998775720164609,1416.416666666667,0.9890708590534979,2333.9000000000005,0.981991512345679,1823.0500000000002,0.9859332561728396,4172.483333375088,0.9688434637591467,1120.3666666666668,0.991355195473251,606.1166666666666,0.9953231738683128,89.16666666666667,0.9992355395518976,782.9999999999999,0.9941532258064517,2266.8833333333337,0.983072854440462,242.8166666666667,0.9979925870811287,1151.833333333333,0.9913990939864595,564.7333333333333,0.9956424897119343,132.08333333333331,0.9990137146555158,13224.099999999999,0.8979621913580247,3949.7166666723324,0.9705068946634384
528,SKT3605,SKT3605__BansanWalaBazar_WP,3,C4-SKT-03,30,,,13.5,0.9998958333333333,186.00000000000003,0.9985648148148148,91.41666666666666,0.9992946244855968,0,1,13.25,0.999897762345679,0,1,13.25,0.999897762345679,13.75,0.9998973267622461,0,1,39.833333333333336,0.9996926440329219,0,1,0,1,0,1,0,1,0,1,78.75,0.9993923611111112,2.083333333333333,0.9999844434488252,2166.116666666667,0.9832861368312757,1171.7166666666667,0.9912506222620471
529,GUJ9440,GUJ9440__S_Chah Talianwala Warid_MDGJ1832,3,C4-GUJ-02,9,,,886,0.9931635802469135,731.9166666666666,0.9943524948559671,52.749999999999986,0.9995929783950618,2328.75,0.98203125,5324.299999999999,0.9589174382716049,229.66666666666669,0.9982278806584363,2536.1333333333337,0.9804310699588477,2206.0166666666664,0.9835273546395858,2228.55,0.9828043981481481,1495.6000000000001,0.9884598765432099,521.1666666666667,0.9955318358481939,0,1,0,1,6,0.9999503968253969,0,1,4072.3166666666666,0.9685778034979424,22.566666666666663,0.9998314914376742,17.5,0.9998649691358026,206.16666667660078,0.9984605236956645
530,RUR8836,RUR8836__JandasingGuj,4,C4-HFZ-06,27,,,303.6666666666667,0.9982426697530865,0,1,0,1,0,1,4513.85,0.9738781828703703,2229.5833333333335,0.9870973186728395,3230.716666666667,0.9813037229938272,0,1,0,1,686.3333333333333,0.9960281635802469,1348.4999999999998,0.9913290895061728,0,1,732.5,0.995897737455197,0,1,1696.5833333333335,0.9904985252389485,675,0.99609375,1111.333333333333,0.9937761350059737,19.666666666666668,0.9998861882716049,1808.5666666666668,0.9898713784348865
531,RUR0515,RUR0515__Phalora,3,C4-NRW-05,,UFone,7787,8909.733333333332,0.9312520576131688,3476.866666666667,0.9731723251028807,4998.400000000001,0.9614320987654321,528,0.995925925925926,3407.3666666666663,0.9737085905349794,2268.866666666667,0.9824933127572016,1132.7000000000003,0.9912600308641976,20332.28333333333,0.848175901035444,25.666666666666668,0.9998019547325103,3586.8499999999995,0.972323688271605,3742.166666666667,0.9679169524462735,1819.2166666666667,0.9864156461569096,470.5000000000001,0.9964867084826763,1390.5666666666664,0.9885039131393297,578.75,0.9956783900836321,2606.866666666667,0.9798852880658435,353,0.9973640979689367,1069.2499999999998,0.9917496141975309,6838.15,0.9489385454002389
532,GJR0398,GJR0398__MumtazCenterJinnah,3,C4-GRT-04,,GLO,,0,1,0,1,0,1,0,1,443.83333333333326,0.9965753600823045,1320.6666666666667,0.989809670781893,0,1,1105.8666666666668,0.991742333731581,0,1,0,1,0,1,0,1,0,1,28.416666666666664,0.9997650738536156,0,1,13.583333333333332,0.999895190329218,0,1,0,1,382.83333333333337,0.9971413281561131
533,MBN8840,MBN8840__MunshiMohallah,3,C4-MBD-08,,GLO,,1151.0833333333335,0.9911181841563785,2642.3166666666666,0.9796117541152263,577,0.9955478395061728,635.5666666666666,0.9950959362139917,1813.1666666666665,0.9860095164609054,1848.8166666666668,0.9857344393004115,2217.533333333333,0.9828894032921811,1179.3833333333334,0.9911933741537235,80.49999999999999,0.9993788580246914,884.6500000000001,0.9931739969135802,9.083333333333334,0.9999221250571558,0,1,300,0.9977598566308243,4.25,0.9999648644179894,0,1,0,1,0,1,35.333333333333336,0.999727366255144,323.9000000000001,0.9975813918757467
534,GUJ3064,GUJ3064__MadinaColony,3,C4-GUJ-01,20,,,523.75,0.9959587191358026,1356.5333333333333,0.9895329218106995,1376.4166666666672,0.9893795010288067,700.3333333333333,0.9945961934156378,2602.5666666666666,0.9799184670781894,1817.7499999999998,0.9859741512345679,691.5,0.9946643518518519,3994.0500000206443,0.9701758512543261,1505.9833333333333,0.9883797582304527,1197.3333333333335,0.990761316872428,942.7499999999999,0.991917438271605,712,0.9946833930704898,2874.55,0.9785353195937873,683.4666666666666,0.9943496472663139,2043.3166666666668,0.9847422590601355,6243.383333333333,0.9518257458847736,7133.049999999999,0.9467364844683394,4488.116666666667,0.965369470164609,3643.5499999999997,0.9727930854241338
535,GUJ9406,GUJ9406__S_MujahidPura Warid_GJ4230,3,C4-GUJ-01,30,,,716.9333333333334,0.9944681069958848,998.6333333333336,0.9922944958847737,0,1,280.08333333333337,0.9978388631687243,1208.25,0.9906770833333333,118.66666666666667,0.9990843621399176,128.16666666666666,0.999011059670782,227.75,0.9982993578255674,0,1,0,1,676.8833333333334,0.9941968164151807,517.1666666666667,0.99613824173636,1069.3333333333335,0.9920151334129828,180.83333333333331,0.9985050154320987,814.3833333333333,0.993918881919554,3479.0666666666657,0.9731553497942387,4238.316666666664,0.9683518767423338,94.46666666666667,0.9992710905349794,1483.3833333333334,0.9889233622062923
536,GJR9852,GJR9852__Mohalkhalidaba,4,C4-GRT-04,20,,,1549.4166666666665,0.9910334683641975,0,1,84.58333333333334,0.9995105131172839,0,1,1279.9999999999995,0.9925925925925927,1491,0.9913715277777777,2938.5999999999995,0.982994212962963,3184.2166666642615,0.9821672453703839,0,1,0,1,68.66666666666669,0.9995584705075445,24.916666666666668,0.9998604577359618,44.66666666666668,0.9997498506571086,105.24999999999999,0.9993474082341269,32.833333333333336,0.9998161215651135,2539.4833333333336,0.9853039158950616,1640.1166666666672,0.9908147588112306,4642.3166666666675,0.9731347415123457,4480.583333338921,0.974907127389455
537,MDW8987,MDW8987__BhagowalSialkot,4,C4-SKT-03,27,,,416.33333333333337,0.997590663580247,1987.6666666666665,0.9884972993827161,25.666666666666668,0.9998514660493827,320.5,0.9981452546296297,3913.5000000000005,0.9773524305555555,578.9166666666666,0.996649787808642,3125.2500000000005,0.9819140625,1479.3333333333337,0.9917152031063321,2274.083333333333,0.9868397955246914,2639.233333333333,0.9847266589506173,1843.25,0.9881478266460906,0,1,949.1666666666667,0.9946843264635603,339.3333333333333,0.9978959986772488,1269.5,0.9928903449820788,463.66666666666663,0.9973167438271605,37,0.9997927867383513,17.333333333333332,0.9998996913580247,20.583333333333332,0.9998847259557945
538,RUR1066,RUR1066__Shaheedanwali,3,C4-MBD-08,20,,,0,1,1680.75,0.98703125,4209.716666666667,0.9675176183127572,1700.7833333333333,0.9868766718106996,3717.249999999999,0.9713175154320988,3003.7166666666662,0.9768231738683127,3341.25,0.97421875,3750.666666655181,0.9719932297890145,123.66666666666666,0.9990457818930041,0,1,156.5,0.9986582647462277,237.80000000000004,0.9982243130227002,54.500000000000014,0.9995930406212665,375,0.9968998015873016,0,1,0,1,0,1,781.7333333333332,0.9939681069958847,1657.6499999999996,0.98762208781362
539,GJR3436,GJR3436__GulshanColonyGujrat,4,C4-GRT-04,27,,,257.6666666666667,0.9985088734567902,1116.4166666666667,0.9935392554012346,46.500000000000014,0.9997309027777778,43,0.9997511574074075,1171.4999999999998,0.9932204861111111,0,1,600.3833333333332,0.9965255594135803,1709.5333333124408,0.9904260005974886,826.2833333333333,0.9952182677469136,0,1,165.33333333333337,0.9989368998628259,135.66666666666669,0.9992402180406212,1952.7333333333338,0.9890639934289127,197.08333333333334,0.9987780051256614,0,1,74.33333333333334,0.9995698302469136,59.66666666666668,0.9996658452807646,0,1,0,1
540,RUR1062,RUR1062_Chak_jano_kalan,3,C4-MBD-08,9,,,0,1,461.2500000000001,0.9964409722222223,110.25,0.9991493055555556,0,1,271.33333333333337,0.997906378600823,3071.4333333333343,0.9763006687242799,1617.1499999999999,0.9875219907407407,2172.2500000669,0.9837794952205279,507.81666666666666,0.9960816615226338,3089.333333333334,0.9761625514403292,2158.7500000000005,0.9814921982167353,3653.883333333333,0.9727159249303067,1940.2,0.9855122461170848,1269.3166666666666,0.9895063106261023,3862.4833333333336,0.9711582785742732,6943.883333333333,0.9464206532921812,7112.383333333333,0.9468908054559937,9198.216666666665,0.9290261059670781,5539.583333338923,0.9586351304260833
541,GJR6286,GJR6286__S_Mohalla_Sultanabad_Main_GT_Rd_MDGU4262,4,C4-GRT-04,20,,,69.41666666666666,0.9995982831790124,435.08333333333337,0.9974821566358025,643.5833333333333,0.9962755594135803,1827.5166666666669,0.9894240933641976,1023.7499999999998,0.9940755208333333,109.61666666666666,0.9993656442901235,1787.1166666666666,0.9896578896604938,1249.4833333361894,0.9930024454898287,8099.733333333331,0.9531265432098767,432.23333333333323,0.997498649691358,231.58333333333326,0.9985109096364883,321.75,0.9981980846774193,386.0833333333333,0.9978377949522103,209.49999999999994,0.9987010168650794,0,1,225.6833333333333,0.9986939621913581,3016.6833333333334,0.9831054920848268,1949.033333333333,0.9887208719135802,3771.5333333292974,0.9788780615292939
542,JPJ6403,JPJ6403__S_IslamGarh_Ufone1335,3,C4-GRT-04,,Ufone,CI-1335,438.1333333333333,0.9966193415637861,0,1,6.75,0.9999479166666667,0,1,254.58333333333334,0.9980356224279835,0,1,0,1,0,1,0,1,808.5,0.9937615740740741,0,1,524.7500000000001,0.9960816158900836,3423.2166666666676,0.9744383462763839,1020,0.9915674603174603,0,1,0,1,0,1,16.233333333333334,0.999874742798354,0,1
543,SKG5615,SKG5615_H_Mohallah Bijli Ghar near Jamwal Phatak Shakar Grah,3,C4-NRW-05,,Enfrashare,EC1-SKG-07812,0,1,35.49999999999999,0.9997260802469136,0,1,1481.25,0.9885706018518519,423.33333333333337,0.9967335390946502,1847.9833333333333,0.9857408693415638,447.99999999999994,0.9965432098765432,1013.9333333333335,0.992428813221824,912.1000000000003,0.9929621913580248,2459,0.9810262345679013,3198.85,0.9725750171467764,2716.1000000000004,0.9797184886499403,2805.633333333333,0.9790499303066507,890.5666666666666,0.9926375110229277,1739.4999999999995,0.9870109020310633,2102.416666666667,0.9837776491769548,1042.9999999999998,0.9922117682198328,1763.0166666666669,0.9863964763374485,1790.25,0.9866319444444445
544,RUR5827,RUR5827_H_Phagwari Narowal,3,C4-NRW-05,,Enfrashare,EC1-SKG-07814,0,1,50.33333333333333,0.9996116255144032,0,1,556.25,0.9957079475308642,855.3666666666666,0.9933999485596707,0,1,583.6666666666666,0.9954963991769548,3497.283333333333,0.9738852797690163,994.3499999999999,0.9923275462962963,0,1,0,1,560.9166666666667,0.9958115541616885,172.5,0.9987119175627239,0,1,319.1666666666667,0.9976167363600159,2236.116666666666,0.9827460133744856,929.9166666666667,0.9930561778176026,2753,0.9787577160493827,778.3,0.9941883213859021
545,GUJ9410,GUJ9410__S_Baghwala Warid_GJ4214,3,C4-GUJ-02,30,,,0,1,542.1166666666668,0.9958170010288065,0,1,254.41666666666654,0.998036908436214,1196.9166666666667,0.9907645318930041,954.3666666666666,0.992636059670782,546.5833333333334,0.9957825360082304,2061.9166666666656,0.9846033701712466,1724.5166666666664,0.9866935442386832,2942.1833333333334,0.9772979681069959,2740.9333333333334,0.9765009144947416,137,0.9989770011947431,8369.183333333334,0.9375060981680605,0,1,1928.75,0.9855977449223416,2119.3333333333335,0.9836471193415638,778.2500000000001,0.9941886947431303,1237.5,0.9904513888888888,1371.4166666666667,0.9897594334926325
546,SKT8758,SKT8758__S_QabrastanShaheedan_CMPak7163,3,C4-SKT-03,,CMPak,7163,,,,,15810.766666666663,0.8780033436213992,0,1,87.24999999999999,0.999326774691358,0,1,0,1,1385.0833333333333,0.9896573825169256,87.99999999999999,0.999320987654321,1615.4,0.9875354938271604,435.2500000000001,0.9962684327846365,29.75,0.9997778524492235,527.3,0.9960625746714455,723.65,0.9940174437830688,35.49999999999999,0.9997349163679808,48.75,0.9996238425925925,3902.666666666667,0.9708582238152131,13795.916666666666,0.8935500257201646,7513.683333333334,0.943894240342493
547,RUR0795,RUR0795__S_BegowalWarid_MDWA1952,3,C4-WZD-07,20,,,771.9499999999999,0.9940435956790123,1029.5,0.9920563271604937,0,1,1677.4166666666667,0.987056970164609,2959.75,0.9771624228395062,306.75,0.9976331018518519,798.7500000000002,0.9938368055555555,4617.116666639751,0.9655233223817222,645.0166666666668,0.9950230195473252,41.25,0.9996817129629629,535.2,0.9954115226337449,27.666666666666664,0.9997934090003983,26.25,0.999803987455197,153.75,0.9987289186507937,0,1,93.50000000000001,0.9992785493827161,803.75,0.9939982825567504,625.0833333333331,0.9951768261316873,3807.8999999999996,0.9715658602150538
548,SKT1620,SKT1620__S_Pasrur_Road_Shamas_Pura_MDSK4277,3,C4-SKT-03,30,,,1629.9166666666665,0.987423482510288,3374.4000000000005,0.973962962962963,25915.266666666666,0.8000365226337449,5155.149999999999,0.9602226080246914,40326.94999999998,0.688835262345679,997.5833333333333,0.9923025977366255,3536.083333333333,0.9727154063786009,2995.283333294916,0.9776337863403904,6086.583333333334,0.9530356224279835,2905,0.9775848765432099,1214.3000000000002,0.9895893347050755,1194.8000000000002,0.9910782556750298,2997.8166666666666,0.9776148695738749,605.0833333333334,0.994997657627866,21.750000000000007,0.9998375896057348,3157.4333333333334,0.9756370884773662,221.95,0.9983426672640383,287.0833333333333,0.9977848508230452,1750.8,0.9869265232974911
549,TMK9457,TMK9457__S_Tarwandi Musa Khan Warid_MDGJ4142,3,C4-GUJ-01,20,,,8.666666666666666,0.9999331275720165,0,1,0,1,0,1,10.666666666666666,0.999917695473251,172.83333333333331,0.9986664094650206,778.9166666666666,0.9939898405349794,528.5166666666667,0.9960534896455596,121.41666666666666,0.9990631430041153,589.5,0.9954513888888888,215.1,0.9981558641975309,989.0666666666666,0.9926144962166468,3462.683333333333,0.9741436429709279,521.25,0.9956907242063493,2302.1,0.9828098864994027,8292.416666666668,0.9360153034979425,275.9166666666667,0.9979396903624054,52.999999999999986,0.999591049382716,3288.133333333334,0.9754470330545599
550,PMD6138,PMD6138__S_Kotli_Said_MeerWarid_MDSK1889,3,C4-SKT-03,20,,,1979.3666666666668,0.984727109053498,121.5,0.9990625,0,1,53115.81666666665,0.5901557355967079,65412.5833333333,0.4952732767489714,2645.916666666667,0.9795839763374485,0,1,9474.833333333334,0.9292500497809638,848.5500000000001,0.9934525462962963,14.333333333333332,0.9998894032921811,0,1,201.75,0.9984935035842294,283.25,0.99788493130227,0,1,0,1,76.58333333333333,0.9994090792181071,256,0.9980884109916368,156.49999999999997,0.9987924382716049,71.08333333333334,0.9994692104739148
551,GUJ3741,GUJ3741__SuperAsiaFactory,3,C4-GUJ-01,30,,,327.66666666666674,0.99747170781893,1720.3333333333333,0.9867258230452676,0,1,737,0.9943132716049382,1405.0833333333333,0.9891583076131687,0,1,2539,0.980408950617284,225.46666668459463,0.9983164078055212,333.8666666666667,0.9974238683127572,184,0.9985802469135803,1733.0499999999997,0.9851418895747599,809.4833333333333,0.9939554709279171,2239.2833333333333,0.9832789476304261,1083.9,0.9910391865079364,1556.4833333333331,0.9883775139386698,3117.5666666666666,0.9759447016460905,6352.766666666666,0.9525629729191557,6886.116666666667,0.946866383744856,4677.450000073188,0.9650728046589516
552,RUR0687,RUR0687__Jandal,4,C4-GRT-04,27,,,2460.5666666666666,0.9857606095679013,2957.05,0.9828874421296296,534.9000000000001,0.9969045138888889,1188.4166666666667,0.9931225887345678,3750.4666666666667,0.9782959104938271,2455.1000000000004,0.9857922453703704,6158.916666666667,0.9643581211419753,1859.250000006985,0.9895875336021115,2212.866666666667,0.9871940586419753,2752.3,0.984072337962963,1095.5833333333333,0.9929553540809327,1414.2333333333331,0.9920797864396654,4841.866666666667,0.9728838112305854,2031.3666666666666,0.987404720568783,905.4166666666665,0.994929342144564,6871.300000000001,0.9602355324074074,2928.7833333333324,0.9835977635902031,1866.4166666666665,0.9891989776234569,1771.7499999896,0.990077564964216
553,GJR0737,GJR0737__shahen_Chow,4,C4-GRT-04,30+30,,,1497.5833333333333,0.9913334297839507,936.6499999999999,0.9945795717592593,1934.5333333333328,0.9888047839506173,3021.583333333334,0.9825139853395062,5287.416666666667,0.969401523919753,2565.483333333333,0.9851534529320988,5197.150000000001,0.969923900462963,2991.7333333446645,0.9832452210274156,1756.583333333333,0.989834587191358,1789.3500000000001,0.9896449652777778,1829.5666666666668,0.988235811042524,942.8999999999999,0.9947194220430107,297.3333333333333,0.998334826762246,523.5,0.9967540922619048,191.33333333333334,0.9989284647550777,1852.4166666666665,0.9892799961419754,0,1,1.583333333333333,0.999990837191358,0,1
554,RUR4314,RUR4314__BHEChak22Malikwal,3,C4-MBD-08,9,,,260.4166666666667,0.9979906121399176,0,1,180.9,0.9986041666666666,280.8333333333333,0.9978330761316873,2048.3999999999996,0.9841944444444445,208.75000000000003,0.998389274691358,804.1333333333332,0.9937952674897119,828.4166666666666,0.9938140929908402,917.5833333333334,0.9929198816872428,305.0833333333333,0.9976459619341564,943.8333333333333,0.9919081504343851,1046.2,0.9921878733572282,1771.8166666666668,0.9867695888092394,3533.516666666667,0.9707877259700176,1998.7833333333333,0.9850747958980486,3977.1333333333337,0.9693122427983539,959.6666666666666,0.9928340302668259,4725.233333333334,0.9635398662551441,6619.583333333333,0.9505706142970928
555,TDA3942,TDA3942__SurghPuraRoad,3,C4-GRT-04,,GLO,,157.16666666666669,0.9987872942386831,0,1,889.3166666666667,0.9931379886831276,1425.4999999999998,0.9890007716049383,2160.65,0.9833283179012345,607.3333333333333,0.9953137860082305,1151.5,0.9911149691358025,26.75,0.9998002538829153,0,1,95.25,0.9992650462962963,0,1,0,1,31.250000000000004,0.9997666517323774,15,0.999875992063492,0,1,604.15,0.9953383487654321,23.25,0.9998263888888889,6.083333333333333,0.9999530606995884,6,0.9999551971326164
556,KMK6923,KMK6923__SadruddinKamonki,3,C4-GUJ-01,30,,,151,0.9988348765432099,3182.7333333333336,0.9754418724279836,0,1,0,1,2621.3166666666666,0.9797737911522634,5246.633333333333,0.9595167181069959,1818.6500000000005,0.9859672067901235,7763.733333333331,0.9420270808442852,7534.15,0.9418661265432098,662.9666666666667,0.9948845164609054,3150.8833333333337,0.9729862540009145,482.73333333333335,0.9963953604141775,952.1666666666667,0.9928900338510553,96.33333333333331,0.9992035934744269,757.3333333333335,0.9943448825169255,135,0.9989583333333333,2510.15,0.9812563470728793,567.3333333333334,0.9956224279835391,1568.6666666666665,0.9882865392273995
557,SCK9899,SCK9899__Naiwalnew,3,C4-HFZ-06,9,,,21.25,0.9998360339506174,0,1,246.08333333333337,0.9981012088477367,79.25,0.9993885030864198,1368.7500000000002,0.9894386574074073,0,1,282.75,0.9978182870370371,654.7500000030268,0.9951108870967517,19.166666666666668,0.9998521090534979,14.916666666666668,0.9998849022633745,28.25,0.9997578017832648,24.25,0.9998189217443251,812.3333333333331,0.9939341895659101,153.41666666666666,0.998731674382716,0,1,2470.45,0.9809378858024691,183.00000000000006,0.9986335125448029,3542.116666666667,0.9726688528806585,2675.116666666667,0.9800245171246516
558,KLW9890,KLW9890__RangKhukhran,3,C4-SKT-03,20,,,437.83333333333337,0.9966216563786009,268.3666666666667,0.9979292695473251,3070.95,0.9763043981481482,3561.6333333333337,0.9725182613168724,6790.6,0.9476033950617284,7899.783333333333,0.9390448816872429,1652.216666666667,0.9872514146090535,11054.966666666665,0.917450965750697,21.5,0.9998341049382716,2251.0833333333335,0.982630529835391,1851.883333333333,0.9841230852766347,248,0.9981481481481481,1368.8333333333335,0.9897787236160892,651.6666666666669,0.9946125440917107,881.4166666666665,0.9934183343289525,2159.1833333333334,0.9833396347736625,1566.0166666666673,0.9883063271604938,2519.4500000000003,0.9805597993827161,1752.9666666666662,0.9869103444842692
559,RUR3508,RUR3508__DNGShahana,3,C4-MBD-08,27,,,707.25,0.994542824074074,453.7499999999999,0.9964988425925925,300.25,0.9976832561728395,272.3333333333333,0.9978986625514403,431.30000000000007,0.9966720679012346,375.5,0.9971026234567901,435.75,0.9966377314814815,269.83333333333337,0.9979851154918359,0,1,286.5,0.9977893518518519,56.58333333333333,0.9995148891175125,21.333333333333332,0.9998407009159698,400.66666666666663,0.9970081640780566,0,1,0,1,0,1,0,1,0,1,0,1
560,RUR6175,RUR6175__S_Mohalla_ShamsAbad_MandiBahaodin_MR335410,3,C4-MBD-08,20,,,1511.9166666666672,0.9883339763374486,0,1,23.5,0.9998186728395062,2464.8833333333337,0.9809808384773663,2634.066666666667,0.9796754115226338,479.5666666666667,0.9962996399176954,6329.949999999999,0.9511577932098766,2929.6499999884363,0.9781238799284018,0,1,120.16666666666666,0.9990727880658435,878.7833333333331,0.9924658493369912,131.11666666666667,0.9990209328952608,13.166666666666668,0.9999016825965751,252,0.9979166666666667,105.33333333333334,0.9992134607726005,195.75000000000003,0.9984895833333333,0,1,0,1,700.6333333333334,0.9947682696136997
561,KMK6922,KMK6922__tankiwala,4,C4-GUJ-01,27,,,95.5,0.9994473379629629,473.25,0.9972612847222223,0,1,185.25,0.9989279513888889,3164.2166666666667,0.9816885609567901,914.166666666667,0.9947096836419753,1138.6666666666667,0.9934104938271605,458.9166666842066,0.997429902180308,139.83333333333331,0.9991907793209875,2314.45,0.9866061921296295,2811.4166666666665,0.9819224751371742,149.33333333333334,0.999163679808841,1264.6666666666665,0.992917413381123,364.5,0.9977399553571429,100.83333333333331,0.9994352971923536,155.5,0.9991001157407408,1202.9833333333331,0.9932628621565114,2147.5333333333338,0.9875721450617284,2980.6833333122236,0.9833071049881709
562,BGA6987,BGA6987__KhewaMandi,3,C4-MBD-08,30,,,0,1,89.91666666666667,0.9993061985596708,447.91666666666674,0.9965438528806584,0,1,1079.8333333333335,0.9916679526748972,440.9,0.9965979938271604,563.4166666666667,0.9956526491769547,755.0166666666665,0.994362181401832,399.65,0.9969162808641976,0,1,237.75,0.9979616769547325,615.0833333333334,0.995407083831143,1665.3333333333335,0.9875647152528874,139.5,0.9988467261904762,0,1,330.48333333333335,0.9974499742798354,1118.0833333333333,0.9916511101154919,428.00000000000006,0.9966975308641974,2521.4166666666665,0.9811722172441258
563,RUR0872,RUR0872_kotGhulamMuhammad,3,C4-NRW-05,9,,,163.66666666666669,0.9987371399176955,21,0.9998379629629629,36.33333333333333,0.9997196502057614,0,1,396.33333333333337,0.9969418724279835,583.9,0.9954945987654321,102,0.9992129629629629,0,1,1725.5500000000002,0.9866855709876543,1216.75,0.9906114969135803,3207.983333333334,0.9724967135345222,1176.2166666666667,0.9912170201115093,1846.55,0.9862115442054958,1354.0000000000002,0.988806216931217,3108.666666666667,0.9767871365989645,155.08333333333334,0.9988033693415638,1177.5,0.9912074372759857,1897.7833333333338,0.9853566100823045,1438.3666666666668,0.989259508164078
564,GUJ6948,GUJ6948__Jandialabagh,3,C4-GUJ-01,20,,,29.083333333333336,0.999775591563786,697.75,0.9946161265432099,15.333333333333336,0.9998816872427984,347.50000000000006,0.9973186728395063,374.0333333333333,0.9971139403292182,284.41666666666663,0.9978054269547326,2550.500000000001,0.9803202160493827,527.3333333370587,0.996062325766599,804.0833333333334,0.9937956532921811,2107.4500000000003,0.9837388117283951,313.33333333333326,0.9973136716963877,1466.8333333333335,0.9890469434488252,4272.700000000001,0.9680951314217444,421.8833333333333,0.9965122078924162,1436.1666666666665,0.9892759358821186,1074.9,0.9917060185185186,1828.1666666666667,0.9863488152130625,1798.3333333333333,0.9861239711934157,7940.666666666669,0.940705894066109
565,CHW4936,CHW4936__tationChwkPasroorRD,4,C4-NRW-05,20,,,477,0.9972395833333333,318.25,0.9981582754629629,139.66666666666669,0.9991917438271605,540,0.996875,861.3333333333333,0.9950154320987654,3579.516666666667,0.9792852044753085,2040.1666666666667,0.9881934799382717,792.4999999999999,0.9955617159498208,4769.050000000001,0.9724013310185186,2307.2833333333333,0.9866476658950617,566.0833333333333,0.9963600608710563,0,1,2872.5,0.9839129704301075,1900.7500000000005,0.988214595734127,475.5000000000001,0.9973370295698925,448.74999999999983,0.9974030671296297,125.91666666666666,0.9992948215352448,0,1,62.83333333333334,0.9996481108124253
566,RUR9471,RUR9471__S_Hir_MDSK4518,3,C4-SKT-03,,GLO,,242.5,0.9981288580246914,0,1,0,1,0,1,4257.449999999999,0.9671493055555556,395.8333333333334,0.9969457304526749,0,1,11993.666666666668,0.9104415571485464,2694.216666666667,0.9792112911522634,13.25,0.999897762345679,1101.1666666666665,0.9905592706904436,1706.75,0.9872554510155317,1502.9,0.9887776284348866,1183.2166666666667,0.9902181161816579,490.05000000000007,0.9963407258064517,66.33333333333333,0.9994881687242798,130.99999999999997,0.9990218040621266,0,1,188.50000000000003,0.9985924432497013
567,SKT3405,SKT3405__Silver_Star_RD,3,C4-SKT-03,30,,,1386.25,0.9893036265432099,1901.7499999999995,0.9853260030864197,2280.4,0.9824043209876544,1824.833333333333,0.9859194958847737,5715.033333333334,0.9559025205761317,2112.9000000000005,0.9836967592592594,3000.9166666666674,0.9768447788065844,10048.01666668894,0.9249700069691685,4499.650000000001,0.9652804783950617,183,0.9985879629629629,0,1,294.1666666666666,0.9978034149741138,0,1,0,1,0,1,15.75,0.9998784722222223,0,1,208.99999999999997,0.9983873456790124,0,1
568,GUJ6093,GUJ6093__S_IftikharColony_CMPak42918,3,C4-HFZ-06,,CMPak,CMPak42918,934.25,0.9927912808641974,1456.7833333333335,0.9887593878600823,65.00000000000001,0.9994984567901234,598.5833333333333,0.9953813014403292,9518.566666666668,0.926554269547325,2620.25,0.9797820216049382,2441.833333333334,0.9811586934156378,2212.6500000369424,0.9834778225803693,1221.5666666666664,0.9905743312757201,3071.883333333333,0.9762971965020576,1624.7000000000003,0.986070816186557,4815.733333333334,0.9640402230187176,9629.583333333332,0.9280945091596974,2624.5499999999997,0.9783023313492063,4782.366666666666,0.9642893767423337,15355.099999999999,0.8815192901234568,7843.6500000000015,0.9414303315412187,10371.733333333334,0.9199711934156379,13862.466666672564,0.896486957387451
569,RUR4978,RUR4978__STRAddaKotliBawa,3,C4-NRW-05,9,,,151.93333333333334,0.9988276748971194,53.66666666666667,0.9995859053497942,166.58333333333331,0.9987146347736625,0,1,368.83333333333326,0.9971540637860081,577.9166666666667,0.9955407664609054,597.5833333333333,0.995389017489712,1.833333333333333,0.9999863102349661,1250.95,0.9903476080246914,0,1,455.24999999999994,0.9960969650205762,157.05,0.9988272849462365,340.66666666666663,0.9974561927518917,12.25,0.9998987268518519,838.8833333333332,0.9937359368777379,382.99999999999994,0.9970447530864197,117.25000000000003,0.9991244772998806,720.9166666666667,0.994437371399177,0,1
570,GUJ0728,GUJ0728__Jagna,3,C4-GUJ-01,30,,,395,0.9969521604938272,456.75,0.9964756944444444,500.08333333333337,0.9961413323045268,390.78333333333336,0.9969846965020577,18882.083333333336,0.8543049125514404,4279.75,0.966977237654321,3830.4166666666674,0.9704443158436215,2650.0833332914235,0.9802114446438813,5758.283333333333,0.9555688014403292,2032.25,0.9843190586419753,1200.9166666666667,0.9897040752171925,3250.2500000000005,0.975729913381123,2885.6000000000004,0.978452807646356,793.7500000000001,0.9934379133597884,279.25,0.9979147998805257,1156.4166666666667,0.9910770318930041,294,0.997804659498208,1590.2833333333333,0.9877292952674896,1030.4166666666665,0.9923057297889286
571,RUR0275,RUR0275__S_Dhudu_Chak_Warid_MDNR7579,3,C4-NRW-05,,CMPak,7713,0,1,2531.5833333333335,0.9804661779835391,450.16666666666674,0.9965264917695474,1342.8333333333335,0.9896386316872428,6559.233333333332,0.9493886316872429,8594.45,0.9336847993827161,1343.4166666666667,0.9896341306584362,3815.7999999997664,0.9715068697730005,13209.500000000002,0.8980748456790123,2132.7499999999995,0.9835435956790124,1039.55,0.9910875342935528,1188.7166666666667,0.9911236808044603,3786.999999999999,0.9717219235364396,0,1,2591.5,0.9806488948626045,3255.1833333333334,0.9748828446502057,1583.9666666666667,0.9881722919155714,6467.566666666667,0.9500959362139918,7958.716666666666,0.9405711121067304
572,GJR0841,GJR0841__S_Service Ind_gujrat,2,C4-GRT-04,,,,0,1,0,1,41.49999999999999,0.9995196759259259,671.1333333333333,0.9922322530864197,2460.2833333333338,0.9715244984567901,0,1,1917.2000000000003,0.9778101851851853,280.5,0.9968581989247312,0,1,263.5,0.9969502314814815,85.75,0.9988972479423869,0,1,0,1,251.4833333333333,0.9968814070767196,0,1,0,1,0,1,0,1,14.333333333333332,0.9998394563918758
573,RUR6245,RUR6245__S_Ugowal_MDGU7674,3,C4-GRT-04,,Telenor,LDNR01,1838.1333333333337,0.9858168724279835,419.5,0.9967631172839506,2923.166666666667,0.9774447016460905,534,0.9958796296296296,3231.333333333333,0.9750668724279835,586.8333333333335,0.9954719650205761,447.5,0.9965470679012346,7140.416666675717,0.9466814765033175,4988.766666666667,0.9615064300411522,1900.9500000000003,0.9853321759259259,8022.083333333331,0.9312235653863741,4377.85,0.9673099611708483,6213.299999999999,0.9536043906810037,5280.0666666666675,0.9563486552028219,2492.3999999999996,0.9813888888888889,7369.8,0.9431342592592593,11.25,0.9999159946236559,0,1,1985.9500000000003,0.9851706242532856
574,GJR6247,GJR6247__S_Kot_Uddu_Wall_MDGU4252,3,C4-GRT-04,20,,,0,1,0,1,41.00000000000001,0.9996836419753086,0,1,1887.45,0.9854363425925926,0,1,0,1,829.7500000000001,0.9938041367980884,0,1,256,0.9980246913580246,70.58333333333333,0.9993948616826703,143.83333333333331,0.9989259757068897,1150.8833333333332,0.9914061877737953,0,1,0,1,322.25000000000006,0.9975135030864197,285.58333333333326,0.9978675079649543,386.4666666666666,0.9970180041152265,224.75000000000006,0.9983217592592593
575,GUJ9509,GUJ9509__S_Sabzi_Mandi_GT_Road_GJ4238,3,C4-GUJ-02,9,,,349.41666666666663,0.997303883744856,406.5833333333334,0.9968627829218107,77.91666666666667,0.9993987911522634,150.15,0.9988414351851851,1701.583333333333,0.9868704989711934,2245.5833333333335,0.9826729681069959,2878.3666666666672,0.9777903806584363,1642.3500000296474,0.9877363351252266,1789.1,0.9861952160493828,1065.25,0.9917804783950618,4346.5,0.9627357681755829,108.49999999999997,0.9991898148148148,698.75,0.9947823327359617,0,1,0,1,994.3333333333335,0.9923276748971194,0,1,750.5833333333336,0.9942084619341565,305.4999999999999,0.9977187873357228
576,RUR4481,RUR4481__HFZWanikayTarrar,4,C4-HFZ-06,9,,,0,1,1814.0166666666667,0.9895022183641976,39.66666666666667,0.9997704475308642,691.4166666666666,0.9959987461419754,4736.333333333333,0.9725906635802469,1764.5000000000005,0.9897887731481481,423,0.9975520833333333,1245.6166666666672,0.9930241002090799,3140.0999999999995,0.9818281249999999,896.8166666666666,0.9948100887345679,2347.833333333333,0.984903335048011,965.6666666666667,0.9945919205495818,54.83333333333333,0.9996929136798088,84.58333333333333,0.9994755497685185,305.25,0.998290490591398,15.916666666666664,0.9999078896604938,3061.2166666666667,0.9828560894563918,1265.0333333333333,0.9926792052469137,4336.65,0.9757132056451613
577,SMB5436,SMB5436__S_RasoolPura,3,C4-WZD-07,,Enfrashare,EC1-SKT-01513,4712.500000000001,0.9636381172839507,295.1666666666667,0.9977224794238683,0,1,196.66666666666663,0.9984825102880659,2044.5666666666662,0.9842240226337448,3889.6166666666663,0.9699875257201646,3266.4500000000007,0.9747959104938272,2443.11666666187,0.9817568946635166,2280.7833333333338,0.9824013631687243,2015.0833333333333,0.9844515174897119,1054.133333333333,0.9909625057155921,882.0833333333331,0.9934133562325766,2904.3500000000004,0.9783127986857825,1149.9666666666665,0.990493000440917,0,1,226.83333333333326,0.9982497427983539,2459.0333333333333,0.9816380426125051,128.33333333333334,0.9990097736625515,17513.5,0.8692241636798088
578,GUJ6202,GUJ6202__S_QilaSundarSingh,3,C4-GUJ-02,,E.Co,e.coPK018348PU,2447.333333333333,0.9811162551440329,912.1666666666666,0.9929616769547326,55.250000000000014,0.999573688271605,423.75,0.996730324074074,224.25,0.998269675925926,0,1,2438.416666666666,0.9811850565843622,0,1,678.65,0.9947635030864197,35.91666666666667,0.9997228652263375,942.8333333333333,0.991916723822588,312.75,0.9976646505376344,1706.3333333333335,0.9872585623257666,2644.6000000000004,0.9781365740740741,14.333333333333332,0.9998929709279172,632.5333333333334,0.995119341563786,2007.9666666666667,0.9850062226204699,7972.400000000001,0.9384845679012347,12272.900000043075,0.9083564814811598
579,GJA8788,GJA8788__RukkanMalikwal,3,C4-MBD-08,27,,,517.5,0.9960069444444444,0,1,90.75,0.9992997685185184,127.91666666666669,0.9990129886831275,1608.0666666666668,0.9875920781893004,0,1,335.8166666666666,0.9974088220164609,147.8333333353512,0.998896107128619,343.0833333333333,0.9973527520576131,0,1,295.75000000000006,0.9974644204389574,1652.3999999999999,0.9876612903225807,0,1,0,1,0,1,1786.4166666666665,0.9862159207818929,8.25,0.9999383960573476,311.15,0.9975991512345679,310.8333333333333,0.9976789625647153
580,DSK5984,DSK5984__S_Shadpura Warid_DK5730,3,C4-WZD-07,30,,,1530.9166666666667,0.988187371399177,575.6666666666666,0.9955581275720164,193.66666666666669,0.998505658436214,385,0.9970293209876543,1591.5833333333335,0.9877192644032923,3861.583333333333,0.9702038323045268,2856.9999999999995,0.9779552469135803,899.5333333333334,0.9932830545599363,1226.6833333333332,0.9905348508230454,1019.9166666666665,0.9921302726337449,1357.8333333333333,0.9883587677183356,1498.7166666666665,0.9888088659896455,1291.8166666666666,0.9903538181999204,1272.9166666666667,0.9894765487213404,381.66666666666663,0.997150039824771,555.8333333333334,0.9957111625514403,1528,0.9885902031063322,2790.0166666666673,0.9784720936213992,3686.0166666666664,0.9724759806849861
581,DIL2202,DIL2202__Rolia,3,C4-GRT-04,20,,,0,1,282.75,0.9978182870370371,0,1,802.6500000000001,0.993806712962963,2333.666666666667,0.9819933127572017,65.75,0.9994926697530865,103.24999999999999,0.9992033179012345,179.41666666666669,0.9986602698128236,340.1666666666667,0.9973752572016461,3394.7833333333338,0.9738056841563786,125.48333333333333,0.9989241826703247,3124.3333333333335,0.9766701513341299,1520.3000000000002,0.9886477001194742,21.75,0.9998201884920636,419.54999999999995,0.9968671594982079,818.8166666666665,0.9936819701646091,494.2500000000001,0.9963093637992831,0,1,1245.85,0.9906970579450419
582,RUR0741,RUR0741__ChakBhatii_NEW,4,C4-HFZ-06,9,,,164.49999999999997,0.9990480324074075,1337.9833333333336,0.9922570408950616,2337.3166666666666,0.9864738618827161,1116.8833333333332,0.9935365547839505,4917.950000000001,0.9715396412037037,2046.1333333333337,0.988158950617284,366.25,0.9978804976851852,5335.0666666666675,0.9701217144563918,339.9,0.9980329861111111,376,0.997824074074074,359.91666666666674,0.9976857210219479,1360.1333333333334,0.9923827658303465,4363.433333333333,0.9755632093787335,98.83333333333331,0.9993871941137565,19.666666666666668,0.9998898596176822,219.36666666666667,0.9987305169753087,273.16666666666663,0.9984701687574672,644.4999999999999,0.9962702546296296,947.5833333333334,0.99469319369773
583,JPJ5565,JPJ5565_H_Nikka Dawara Rd Jalalpur Gujrat,3,C4-GRT-04,,Enfrashare,EC1-GUT-03045,1701.75,0.9868692129629629,857.0499999999998,0.9933869598765432,6.75,0.9999479166666667,0,1,2777.9833333333336,0.9785649434156379,19.666666666666664,0.9998482510288066,152.95000000000002,0.9988198302469136,5293.483333333333,0.9604727947033055,1434.8666666666668,0.9889284979423869,7123.216666666665,0.945036908436214,1057,0.9909379286694101,3272.716666666667,0.9755621515332537,6834.383333333333,0.948966671644763,15.75,0.9998697916666667,0,1,56.25,0.9995659722222223,179.33333333333331,0.9986608920748705,503.8833333333333,0.9961120113168724,176.15,0.9986846624850656
584,RUR8863,RUR8863_Kalianwala,3,C4-HFZ-06,9,,,935.8166666666667,0.9927791923868312,442.5833333333333,0.9965850051440328,0,1,813.8666666666666,0.9937201646090535,1893.8500000000001,0.9853869598765432,1141.1166666666663,0.9911950874485597,2022.4833333333333,0.9843944187242798,1418.1666666666665,0.9894103444842692,403.5833333333333,0.9968859310699588,244.75,0.9981114969135803,302.4166666666667,0.9974072645176041,497.5833333333333,0.9962844733174034,1484.3,0.9889165173237754,116.50000000000003,0.9990368716931216,1015.4166666666665,0.9924177369573874,4433.3166666666675,0.9657923096707819,4075.183333333333,0.9695700169255277,1740.3,0.9865717592592592,477.83333333333337,0.9964319494225409
585,SKT5152,SKT5152__S_Rauf Plaza Warid_MDSK4176,3,C4-SKT-03,27,,,0,1,1408.3333333333335,0.9891332304526749,0,1,0,1,1769.6666666666665,0.9863451646090534,7453.983333333334,0.9424846965020577,1632.833333333333,0.9874009773662551,2922.599999989445,0.9781765232975698,230.91666666666663,0.9982182355967077,0,1,0,1,184.16666666666666,0.998624800876145,315.0833333333333,0.9976472272003185,306.0833333333333,0.9974695491622575,93.99999999999999,0.9992980884109915,2522.4666666666667,0.9805365226337449,1399.7833333333333,0.9895476154918359,3317.05,0.9744054783950616,2352.1500000279398,0.9824361559137698
586,HWY5734,HWY35734__S_Ghuinke,3,C4-SKT-03,,Enfrashare,EC1-SMB-02849,305.91666666666663,0.9976395318930041,234.16666666666669,0.9981931584362139,280.58333333333337,0.9978350051440329,0,1,1911.6166666666663,0.985249871399177,4471.2333333333345,0.9654997427983539,5299.099999999999,0.9591118827160494,10834.31666667202,0.9190985911986858,988.0833333333333,0.9923759002057614,0,1,0,1,28.25,0.9997890531660693,1169.5833333333337,0.99126655217045,575.5000000000001,0.9952422288359789,0,1,3.166666666666666,0.9999755658436215,0,1,41.49999999999999,0.9996797839506173,0,1
587,STR5974,STR5974__S_Moh Darbar wala Warid_GJ4129,3,C4-NRW-05,20,,,2372.766666666667,0.9816916152263374,2941.25,0.9773051697530865,2092.9833333333336,0.9838504372427984,1257.7833333333333,0.9902948816872429,256.5,0.9980208333333332,515.75,0.9960204475308642,1685.083333333333,0.9869978137860081,34.5,0.9997423835125449,0,1,741.25,0.9942804783950617,426.08333333333337,0.9963470221764975,0,1,62.25,0.9995351702508961,0,1,380.7500000000001,0.9971568847072879,481.58333333333326,0.996284079218107,204.50000000000003,0.9984729689366786,190.58333333333334,0.9985294495884774,1255.8333333333333,0.990622510951812
588,RUR9508,RUR9508__S_Guliyan_Wali_Pulli_Amjad_Nagar_Rd_2J3776,3,C4-WZD-07,20,,,1065.7833333333333,0.9917763631687242,369,0.9971527777777777,0,1,573.8333333333333,0.9955722736625515,2185.116666666667,0.9831395318930041,3888.2166666666653,0.9699983281893004,3948,0.9695370370370371,1781.5166666728753,0.9866971575069229,1339.9833333333331,0.9896606224279836,1673.8,0.9870848765432099,812.5833333333333,0.993033407636031,411.66666666666674,0.9969260254878535,97.74999999999999,0.999270086618877,295.08333333333326,0.9975604883156968,1084.7166666666667,0.9919002638391079,6426.433333333333,0.9504133230452675,5626.5,0.9579861111111111,4688.466666666667,0.9638235596707818,1272.9,0.9904950716845877
589,RUR3269,RUR3269__KulBajwa,3,C4-NRW-05,9,,,2327.0499999999997,0.9820443672839506,6216.783333333333,0.9520309927983539,582.8333333333334,0.9955028292181071,837.5,0.9935378086419753,3615.4499999999994,0.9721030092592592,391.2166666666667,0.9969813528806584,4149.25,0.9679841820987655,537.5833333333333,0.9959857875348468,699.7333333333332,0.9946008230452675,1037.6666666666667,0.9919933127572017,1972.5833333333335,0.9830882773205305,874,0.9934737156511351,2960.5500000000006,0.9778931451612902,447.3833333333333,0.9963013944003528,208,0.998446833930705,789.8333333333334,0.9939056069958848,2058.333333333333,0.9846301274392673,3177.0166666666673,0.9754859825102881,3056.0166666500895,0.9771802817603786
590,MBN3782,MBN3782__MuhallahRoshan,3,C4-MBD-08,,GLO,,133,0.9989737654320987,60.249999999999986,0.9995351080246914,0,1,0,1,0,1,602.7833333333333,0.9953488940329218,0,1,474.5833333333335,0.9964562176423736,349.0833333333333,0.9973064557613169,642,0.9950462962962964,0,1,0,1,0,1,0,1,13.5,0.9998991935483871,0,1,35.5,0.9997349163679808,5.083333333333334,0.9999607767489712,694.0333333333333,0.9948175527678216
591,SMB8086,SMB8086__S_OpenplotMorSambrialmajraRoadWarid_MR325299,4,C4-WZD-07,30,,,136.75,0.9992086226851852,103.66666666666669,0.9994000771604938,0,1,563.5833333333334,0.9967385223765431,841,0.9951331018518519,633.2666666666667,0.9963352623456789,24.083333333333332,0.9998606288580247,3.833333333333334,0.9999785319593788,70.16666666666667,0.9995939429012346,54.5,0.9996846064814815,1.583333333333333,0.9999898191015089,31.166666666666664,0.9998254554958185,11.833333333333334,0.9999337290919952,0,1,0,1,0,1,211.08333333333334,0.9988178576762246,0,1,198,0.9988911290322581
592,SDK8856,SDK8856__H_Raja,3,C4-GUJ-01,30,,,1464.45,0.9887002314814815,76.41666666666666,0.9994103652263375,139.00000000000003,0.9989274691358025,739.3333333333334,0.994295267489712,180.25000000000003,0.9986091820987655,2530.75,0.9804726080246914,2023.8333333333333,0.9843840020576131,884.6166666666666,0.993394439466348,102.49999999999997,0.9992091049382716,0,1,997.083333333333,0.9914516175125744,88.5,0.9993391577060932,630.9166666666665,0.9952888540422142,1101.9166666666665,0.9908902391975309,335.3333333333333,0.9974960175228992,272.3333333333333,0.9978986625514403,205.58333333333334,0.9984648795300677,654.1666666666666,0.9949524176954732,25043.53333333333,0.8129963162086818
593,RUR0720,RUR0720__Khambranwala_New,3,C4-WZD-07,27,,,0,1,0,1,0,1,14,0.999891975308642,0,1,850.6333333333331,0.9934364711934157,438.5,0.9966165123456789,594.9833333333333,0.9955571734368778,409.1666666666667,0.9968428497942387,329.16666666666663,0.997460133744856,69.08333333333334,0.9994077217649749,0,1,28.000000000000004,0.9997909199522103,0,1,0,1,4.749999999999999,0.9999633487654321,0,1,68.00000000000001,0.9994753086419753,0,1
594,BPW3014,BPW3014__S_Bhopal_1,3,C4-WZD-07,20,,,1559.5833333333335,0.987966177983539,2213.7,0.9829189814814815,0,1,911.8666666666667,0.9929639917695474,6060.450000000001,0.9532372685185184,580.45,0.9955212191358025,1092.3333333333333,0.9915715020576131,4821.083333333332,0.9640002737953007,0,1,2116.75,0.9836670524691358,2085.666666666667,0.9821187700045725,6384.15,0.9523286290322581,2389.9833333333327,0.9821536489446436,26,0.9997850529100529,0,1,0,1,358.1666666666667,0.9973255177220232,383.45,0.9970412808641975,281.25,0.9978998655913979
595,RUR5649,RUR5649__S_Gidian,3,C4-GRT-04,,Enfrashare,EC1-GUT-01990,0,1,134.33333333333334,0.9989634773662551,411.75,0.9968229166666667,443,0.9965817901234568,613.3333333333334,0.9952674897119341,303.95000000000005,0.9976547067901236,462.8333333333335,0.9964287551440328,1541.183333321226,0.9884917612505881,490.23333333333335,0.9962173353909465,2164,0.9833024691358025,1454.216666666667,0.9875324359853681,1565.833333333333,0.9883076961369972,562.55,0.9957993578255675,3914.3166666666666,0.9676395778218695,265.8333333333333,0.9980149840700916,1478.8333333333335,0.9885892489711934,1778.6499999999996,0.9867185633213859,431.33333333333337,0.9966718106995884,144.08333333333331,0.9989241089207487
596,HFQ8540,HFQ8540__ChotDheeran,3,C4-MBD-08,9,,,351.8333333333333,0.9972852366255144,433,0.9966589506172839,336.75,0.9974016203703704,1964.9333333333334,0.9848384773662552,783.3833333333336,0.9939553755144033,287.58333333333337,0.9977809927983539,1722.7333333333331,0.986707304526749,1393.816666681335,0.9895921694542911,205.75,0.9984124228395062,798.0833333333333,0.9938419495884774,1211.2333333333333,0.989615626428898,706.4166666666667,0.9947250846276384,496.7499999999999,0.9962906959378733,346.83333333333337,0.9971326609347443,588.3333333333334,0.9956068299482278,1907.8666666666668,0.9852788065843622,0,1,841.2333333333335,0.9935090020576132,3203.4833333333336,0.9760791268418957
597,SKT9483,SKT9483__S_Ghazi Pur_MDSK4188,3,C4-SKT-03,30,,,0,1,166.75,0.9987133487654322,131.25,0.9989872685185185,47.00000000000001,0.9996373456790124,3551.2000000000003,0.9725987654320987,970.4666666666667,0.9925118312757202,2426.7833333333333,0.9812748199588478,11530.633333351896,0.913899093986321,3620.383333333333,0.9720649434156379,0,1,0,1,630.75,0.9952900985663082,4111.116666666666,0.9693016975308641,216.91666666666669,0.9982067074514991,0,1,190,0.9985339506172839,20.66666666666667,0.9998456790123457,107.83333333333333,0.9991679526748972,0,1
598,JPB3533,JPB3533__MohallahMustfabad,3,C4-HFZ-06,30,,,642.9666666666668,0.9950388374485597,362.8333333333333,0.9972003600823045,887.4833333333332,0.9931521347736626,225.41666666666669,0.9982606738683127,4781.599999999999,0.963104938271605,562.0833333333335,0.9956629372427983,1498.0833333333333,0.9884407150205762,2915.1333333333337,0.9782322779769017,921.5666666666667,0.9928891460905349,526.7333333333333,0.9959356995884774,0,1,131.16666666666669,0.9990205595380327,956.7333333333333,0.9928559338908801,851.0666666666666,0.9929640652557319,218.83333333333334,0.9983659398645958,1197.1666666666665,0.9907626028806584,117,0.9991263440860214,742.9833333333333,0.9942671039094649,1025.4833333333331,0.9923425677021107
599,SKT9482,SKT9482__S_Model Town SKT_MDSK4179,3,C4-SKT-03,27,,,785,0.9939429012345679,1971.866666666667,0.9847849794238683,564.4166666666666,0.9956449331275721,0,1,2765.2166666666662,0.9786634516460906,5616.033333333334,0.9566664094650206,5960.75,0.9540065586419754,10023.516666666666,0.925152952011151,1073.65,0.9917156635802469,10702.16666666667,0.9174215534979423,62.25,0.9994663065843622,1649.3,0.9876844384707287,5539.783333333333,0.9586336369972124,2615.6999999999994,0.9783754960317461,163.5,0.9987791218637994,6429.783333333334,0.9503874742798354,2375.8166666666666,0.9822594334926324,5157.7666666666655,0.9602024176954732,1660.6499999999999,0.9875996863799282
600,RUR4042,RUR4042__AddaEesa,4,C4-NRW-05,20,,,986.9166666666666,0.9942886766975308,1649.0833333333335,0.9904566936728395,1221,0.9929340277777777,2365.4666666666667,0.9863109567901235,2116.8999999999996,0.9877494212962964,4041.7333333333327,0.9766103395061728,1662.5833333333333,0.9903785686728395,5757.116666680326,0.967758083183914,11022.650000000001,0.9362115162037037,665.4999999999998,0.9961487268518519,6866.716666666666,0.9558467292524006,1538.7666666666664,0.9913823551373955,2033.0833333333335,0.9886140046296297,2409.15,0.9850623139880952,269.6666666666667,0.9984897700119474,7885.266666666666,0.9543676697530864,1279.5666666666666,0.9928339680406212,482.75,0.9972063078703703,2965.2500000000005,0.9833935371863799
601,RUR0398,RUR0398__S_Village_Nunanwali_MR2X2707,4,C4-MBD-08,,GLO,,778.3333333333333,0.9954957561728395,270.9166666666667,0.9984321952160493,65.33333333333334,0.999621913580247,12.666666666666668,0.9999266975308642,197.49999999999997,0.9988570601851852,333.58333333333326,0.9980695408950617,1978.416666666667,0.9885508294753086,1280.1666666685294,0.9928306078255571,1039.1666666666667,0.9939863040123457,2541.916666666666,0.9852898341049382,910.6666666666667,0.9941443758573388,1086.3333333333335,0.9939161439665471,1029.9999999999998,0.9942316308243727,629.4166666666669,0.9960973668981481,0,1,0,1,1709.4166666666663,0.9904266539725209,328.4166666666667,0.9980994405864198,607.5333333333332,0.9965975955794504
602,SRW9971,SRW9971__MozqKhussar,3,C4-WZD-07,13,,,897.65,0.9930736882716049,700.95,0.9945914351851851,0,1,2084.15,0.9839185956790124,2346.166666666667,0.9818968621399177,404.5,0.9968788580246914,1188.5833333333335,0.9908288323045268,200.08333333333337,0.9985059488251693,2973.750000000001,0.9770543981481481,2091.8999999999996,0.9838587962962962,0,1,355.25,0.9973472968936679,2688.4666666666667,0.9799248307447231,0,1,0,1,37.75,0.9997087191358025,59.25000000000001,0.9995575716845879,7333.383333333335,0.9434152520576131,1855.3666666666666,0.9861457088809239
603,GUJ0279,GUJ0279__SatelliteTownGujw,3,C4-GUJ-01,9,,,886.3166666666665,0.9931611368312757,235.33333333333334,0.9981841563786008,2,0.9999845679012346,43.083333333333336,0.999667566872428,5534.083333333334,0.9572987397119341,4047.4000000000005,0.968770061728395,2236.9166666666665,0.9827398405349794,1262.5833333412495,0.9905721077259464,347.1333333333333,0.9973215020576132,1855.8666666666668,0.9856800411522635,1571.4000000000003,0.9865277777777777,169.41666666666669,0.9987349412584627,2202.616666666667,0.9835527429311032,273.55,0.9977385085978835,1176.75,0.9912130376344086,1277.2666666666669,0.9901445473251029,895.5000000000002,0.9933131720430107,486.55000000000007,0.9962457561728395,1172.5833333333333,0.9912441507367582
604,GUJ0309,GUJ0309__GhantaGharGUJ,3,C4-GUJ-02,27,,,27.25,0.999789737654321,748.6666666666667,0.9942232510288066,0,1,132.75,0.9989756944444445,1394.9,0.9892368827160495,496.6666666666667,0.996167695473251,606.8333333333333,0.9953176440329219,956.7833333333333,0.992855560533652,0,1,106.91666666666666,0.9991750257201646,296.91666666666663,0.9974544181527206,525.1333333333332,0.9960787534846675,262.5,0.9980398745519713,0,1,389.95,0.9970881869772998,956.5833333333334,0.992618955761317,1227.9666666666665,0.9908305953803266,457.46666666666664,0.9964701646090535,1315.3333333333335,0.9901782158502589
605,RUR9208,RUR9208__Chopala,3,C4-GRT-04,20,,,248.8,0.9980802469135803,281.58333333333337,0.9978272890946502,6.999999999999999,0.999945987654321,0,1,1218.583333333333,0.9905973508230452,196.16666666666666,0.9984863683127573,223.75,0.9982735339506174,352.5833333333333,0.9973672092791717,44.60000000000001,0.9996558641975308,26.749999999999996,0.9997935956790124,516.5833333333333,0.9955711305441244,253.25,0.9981089456391875,262.25,0.9980417413381123,124.24999999999997,0.998972800925926,125.74999999999997,0.9990610065710872,0,1,0,1,671.2500000000001,0.994820601851852,219.58333333333337,0.9983603395061728
606,RUR0776,RUR0776__BahddarMor,3,C4-MBD-08,9,,,0,1,0,1,0,1,38.75000000000001,0.9997010030864197,1844.6833333333334,0.9857663323045267,542.25,0.9958159722222223,0,1,34.74999999999999,0.9997405167264038,39.99999999999999,0.9996913580246914,122.25000000000003,0.999056712962963,277,0.9976251714677641,41.49999999999999,0.9996901135005973,397.75,0.9970299432497014,15.25,0.9998739252645502,36,0.9997311827956988,245.5,0.9981057098765431,143.83333333333331,0.9989259757068897,70.25,0.9994579475308641,109.75000000000003,0.9991804808841099
607,DNG6228,DNG6228__S_Mohalla_Kisabaan_MDLM2862,4,C4-MBD-08,31,,,1381.9833333333324,0.9920024112654321,2934.033333333333,0.9830206404320988,2210.966666666666,0.9872050540123456,1197.8500000000001,0.9930679976851852,3095.9833333333336,0.9820834297839507,3406.166666666667,0.980288387345679,3082.9833333333336,0.982158661265432,6435.749999945675,0.9639574932798741,2825.9833333333336,0.9836459297839507,1612.0833333333333,0.9906708140432099,2423.3833333333337,0.9844175454389574,2516.4,0.9859072580645162,3885.533333333333,0.9782396206690562,1726.9166666666672,0.9892924313822752,210.24999999999994,0.9988225246415771,1419.05,0.9917879050925926,345.5,0.9980650761648745,2206.3500000000004,0.9872317708333334,3741.1166666666677,0.9790484057646356
608,KLR9491,KLR9491__S_Kolo_Tarrar_HF1983,3,C4-HFZ-06,20,,,1219.1666666666665,0.9905928497942387,1318.8000000000002,0.989824074074074,19.583333333333332,0.9998488940329219,380.5,0.9970640432098766,1166.6666666666665,0.9909979423868314,112.5,0.9991319444444444,2951.0999999999995,0.9772291666666666,150.3,0.998877688172043,328.0333333333334,0.9974688786008231,1068.0500000000002,0.9917588734567901,496.08333333333337,0.9957468850022861,652.9999999999999,0.995123954599761,216.75,0.9983814964157706,492.65,0.995927166005291,36.99999999999999,0.999723715651135,578.0000000000001,0.9955401234567901,386.3166666666667,0.9971153176025487,177.75,0.9986284722222223,133.75,0.9990012694145759
609,GJR5729,GJR5729__S_Gillanwala,3,C4-GRT-04,,Enfrashare,EC1-GUT-02342,500,0.996141975308642,57.16666666666667,0.9995588991769547,388.9999999999999,0.9969984567901234,0,1,4793.266666666666,0.9630149176954732,0,1,0,1,0,1,0,1,0,1,59.25000000000001,0.9994920267489712,66.58333333333333,0.9995028126244524,2084.316666666666,0.9844361061330147,87.75,0.9992745535714286,0,1,22,0.9998302469135802,15.833333333333332,0.9998817702110714,3.166666666666666,0.9999755658436215,4776.3166666666675,0.9643345529669455
610,GUJ9408,GUJ9408__S_Station Park Warid_GJ4202,3,C4-GUJ-02,27,,,1292.75,0.9900250771604938,1436.4999999999998,0.9889158950617284,412.83333333333337,0.9968145576131687,2631.3333333333335,0.9796965020576132,726.5333333333332,0.9943940329218107,376.33333333333337,0.9970961934156378,1839.5833333333333,0.9858056841563786,1178.6666666495148,0.9911987256074558,911.6666666666667,0.9929655349794239,482.99999999999994,0.996273148148148,233.50000000000003,0.9979981138545954,464.66666666666663,0.9965302668259658,1852.8333333333333,0.9861646256471525,0,1,27,0.9997983870967743,644.5,0.9950270061728395,1302.2499999999998,0.9902759109916368,3086.666666666667,0.9761831275720165,4855.1,0.963746266427718
611,RUR1771,RUR1771_MorhiSharif,3,C4-MBD-08,27,,,0,1,440.1666666666667,0.9966036522633744,152.16666666666666,0.9988258744855968,541.0833333333334,0.9958249742798354,150.75,0.9988368055555555,1495.6333333333332,0.9884596193415638,5164.999999999999,0.9601466049382716,2056.900000008925,0.9846408303464089,436.7833333333333,0.9966297582304527,670.9166666666666,0.9948231738683126,1609.4166666666667,0.9862018461362596,1025.5833333333333,0.9923418209876543,3382.283333333333,0.9747440013938671,15.75,0.9998697916666667,0,1,377.75,0.997085262345679,0,1,422.54999999999995,0.9967395833333333,0,1
612,RUR0180,RUR0180_Manget,3,C4-MBD-08,27,,,0,1,5,0.9999614197530865,1227.5833333333335,0.9905279063786009,259.6166666666666,0.9979967849794238,295.0833333333333,0.9977231224279834,0,1,0,1,258.8833333333333,0.9980668807248108,535.0500000000001,0.9958715277777778,19.166666666666664,0.9998521090534979,209,0.9982081618655693,0,1,155.25,0.9988407258064517,9.566666666666666,0.9999209104938273,0,1,409.08333333333326,0.9968434927983538,358.5833333333333,0.9973224064117882,129.75,0.9989988425925925,269.8333333333333,0.9979851154918359
613,GUJ9878,GUJ9878__OppSocialHosp_Gj,3,C4-GUJ-01,,GLO,,2717.8333333333335,0.9790290637860082,1045.5833333333333,0.9919322273662552,2.916666666666667,0.9999774948559671,13.333333333333332,0.9998971193415638,538.9166666666666,0.9958416923868313,133.41666666666669,0.9989705504115226,1340,0.9896604938271605,628.6166666666668,0.9953060284747113,465.51666666666677,0.9964080504115226,2991.5,0.9769174382716049,1478.25,0.9873263888888889,194,0.9985513739545998,13.25,0.9999010603345281,0,1,21.16666666666667,0.9998419454400637,1659.0333333333333,0.987198816872428,551.25,0.9958837365591399,4299.266666666666,0.966826646090535,8941.9,0.9332295400238948
614,AMN5917,AMN5917__S_AimanabadWarid_GJ1960,3,C4-GUJ-01,9,,,919.1666666666667,0.9929076646090534,270.8333333333333,0.9979102366255144,630.3333333333334,0.9951363168724279,719.25,0.9944502314814815,2089.649999999999,0.9838761574074074,1510.4,0.9883456790123456,460.75,0.9964448302469135,447.3333333333334,0.9966596973317404,157.08333333333331,0.9987879372427984,735.75,0.9943229166666667,2515.8833333333337,0.9784303555098307,1003.4166666666667,0.9925073426921546,728.5,0.9945601851851852,462.4166666666666,0.9961771108906525,73.5,0.999451164874552,98.25,0.9992418981481481,1627.583333333333,0.9878465999601752,105,0.9991898148148148,439.0833333333335,0.9967213012743926
615,HWY9507,HWY9507__S_Khattyan Wala Khoh_G.T.Road_WA1592,3,C4-WZD-07,20,,,321.33333333333337,0.9975205761316873,948.5833333333335,0.9926806841563786,307.9166666666666,0.9976240997942386,127.16666666666666,0.9990187757201646,1969.1166666666666,0.9848061985596708,303.8333333333333,0.9976556069958847,949.5833333333333,0.9926729681069959,3689.916666701126,0.9724468588209295,3972.316666666666,0.9693494084362141,1493.8333333333328,0.9884735082304527,0,1,204.75,0.9984711021505376,0,1,144.58333333333334,0.9988047012786596,0,1,114.33333333333334,0.9991177983539095,324.1666666666667,0.9975794006371963,0,1,396.66666666666674,0.9970380326563122
616,RUR0357,RUR0357__S_BadokiGusaiyan_new,4,C4-GUJ-02,30,,,947.75,0.9945153356481481,0,1,0,1,1296.9000000000005,0.9924947916666667,2308.25,0.9866420717592592,1299.1000000000001,0.9924820601851851,6101.8,0.9646886574074074,434.4999999999999,0.997566644265233,0,1,12.583333333333336,0.9999271797839506,594.5,0.9961773405349794,0,1,10.75,0.9999397961469534,0,1,105.66666666666669,0.9994082287933094,0,1,1025.0666666666666,0.9942592592592593,2126.7166666666667,0.987692611882716,148.99999999999997,0.999165546594982
617,NRW6970,NRW6970__WordNo10Narowal,3,C4-NRW-05,20,,,1100.8666666666668,0.991505658436214,308.25000000000006,0.9976215277777777,839.3333333333335,0.9935236625514403,164.91666666666666,0.9987274948559671,663.2833333333334,0.9948820730452675,12,0.9999074074074075,290.25,0.9977604166666667,4732.516666666666,0.9646616138988451,194.58333333333337,0.9984985853909465,480.18333333333334,0.9962948816872428,418.5,0.9964120370370371,45.99999999999999,0.9996565113500597,457.7833333333333,0.9965816656710474,144.25000000000003,0.998807457010582,359,0.9973192951015531,569.4166666666667,0.9956063528806584,85.16666666666667,0.9993640481879729,301.08333333333337,0.9976768261316873,255.83333334194805,0.9980896555156664
618,GUJ3346,GUJ3346__KachaFatomand,3,C4-GUJ-01,30,,,436.0833333333333,0.9966351594650206,994.7500000000001,0.9923244598765432,102.08333333333333,0.9992123199588476,354.58333333333337,0.9972640174897119,1153.7833333333333,0.9910973508230453,339.5833333333333,0.9973797582304527,576.0833333333334,0.9955549125514404,1656.833333333333,0.9876281859816807,872.3333333333335,0.9932690329218107,1303.4166666666667,0.9899427726337449,735.1,0.9936977023319616,452.9166666666667,0.9966180057745917,1529.2833333333335,0.9885806202708085,157.24999999999997,0.9986999834656085,534.3333333333333,0.9960100557546794,764.1166666666668,0.9941040380658436,733.8333333333333,0.9945203604141776,2167.116666666667,0.9832784207818931,2622.0499999999997,0.9804207735961767
619,GUJ9433,GUJ9433__S_Haider Colony Warid_MDGJ4222,3,C4-GUJ-02,31,,,1837.5,0.9858217592592592,315.3333333333333,0.9975668724279835,1065,0.9917824074074075,596.0833333333333,0.995400591563786,0,1,0,1,0,1,133.1,0.9990061230585424,1852.2833333333328,0.9857076903292181,51.08333333333333,0.9996058384773663,244.66666666666666,0.9979023776863284,14.5,0.9998917264038232,338.1666666666667,0.9974748606133015,6249.416666666667,0.9483348489858906,839.5833333333334,0.9937307098765431,2942.8833333333337,0.9772925668724279,1883.95,0.9859322729988053,4310.516666666666,0.9667398405349794,6438.25,0.95192465651135
620,GJR6258,GJR6258__S_Star_Colony_Bhimber_Road_MDGU4249,3,C4-GRT-04,30,,,295.8333333333333,0.9977173353909465,1112,0.9914197530864197,325.5166666666667,0.9974882973251029,75.00000000000001,0.9994212962962963,1793.9666666666665,0.9861576646090535,2193.5499999999997,0.9830744598765432,1828.8,0.9858888888888889,3889.516666643927,0.9709564167663984,2934.466666666667,0.977357510288066,934.5,0.9927893518518519,223.48333333333335,0.9980839906264289,442.0833333333333,0.9966988998407009,3185.5499999999993,0.9762130376344086,236.25,0.998046875,531.4166666666667,0.9960318349263241,3319.4833333333336,0.9743867026748971,1007.3,0.9924783452807646,708.4833333333333,0.9945333076131688,0,1
621,GUJ3885,GUJ3885__ArfatColony,3,C4-GUJ-01,30,,,213.75000000000003,0.9983506944444445,76.41666666666666,0.9994103652263375,1124.3833333333332,0.9913242026748971,856.3333333333334,0.9933924897119342,206.58333333333331,0.9984059927983538,367.75,0.9971624228395062,669.6666666666667,0.9948328189300412,961.7666666601475,0.9928183492632904,260.35,0.99799112654321,363,0.997199074074074,151.41666666666669,0.9987018461362597,856.0833333333333,0.9936075019912386,1607.4833333333333,0.98799668956591,0,1,0,1,1287.5500000000002,0.990065200617284,452.7500000000001,0.9966192502986858,571.3,0.9955918209876543,2904.3666666666663,0.9783126742333732
622,HFZ5759,HFZ35759__S_Jeelanipura,3,C4-HFZ-06,,Enfrashare,EC1-HFZ-02335,2038.5666666666668,0.9842703189300411,3391.5666666666666,0.9738305041152263,2623.366666666667,0.9797579732510288,1206.8333333333333,0.9906880144032922,3050.2999999999997,0.9764637345679013,4395.616666666667,0.9660832047325103,5403.683333333333,0.9583049125514403,1534.9166666666665,0.9885385553564316,950.5666666666666,0.9926653806584362,1553.1666666666663,0.9880156893004116,1664.7166666666667,0.9857277377686329,1240.6666666666663,0.9907357626443648,3177.9333333333334,0.9762699123855038,1154.05,0.9904592427248677,2783.9333333333334,0.9792119673436878,153.45,0.9988159722222223,0,1,1854.2499999999998,0.9856925154320987,0,1
623,GUJ3875,GUJ3875__SialkotBypass,3,C4-GUJ-01,30,,,27.749999999999996,0.9997858796296296,0,1,168.75000000000003,0.9986979166666667,314.83333333333337,0.9975707304526749,170,0.9986882716049382,901.4166666666665,0.9930446244855967,912.5833333333335,0.9929584619341564,387.333333352115,0.9971077260054352,484.41666666666663,0.9962622170781893,1026.7166666666665,0.9920778034979424,2707.8,0.9767849794238682,752.25,0.994382840501792,1413.05,0.9894485513739546,564.5833333333334,0.9953324790564373,376.5833333333333,0.9971879978096376,1663,0.9871682098765432,1346.083333333333,0.9899486011549183,2026.4333333333334,0.9843639403292181,3613.9166666666674,0.9730143618080446
624,SKT2117,SKT2117__AdalatGarh,3,C4-SKT-03,,UFONE,7757,22.333333333333336,0.9998276748971193,6.999999999999999,0.999945987654321,0,1,0,1,13517.016666666663,0.8957020318930041,9.25,0.9999286265432099,30494.850000000002,0.7647002314814815,575.6833333333332,0.9957012893269613,1402.3,0.9891797839506172,454.66666666666663,0.9964917695473251,61.75,0.9994705932784637,150.75,0.9988743279569893,196.5,0.99853270609319,820.5000000000001,0.9932167658730158,191.83333333333331,0.9985675527678215,2622.633333333333,0.9797636316872428,1000.6666666666669,0.9925278773397054,0,1,159,0.998812724014337
625,SKT3800,SKT3800__ShahabRoad,3,C4-SKT-03,27,,,32.75000000000001,0.9997472993827161,554.6666666666666,0.9957201646090534,0,1,2505.2000000000003,0.9806697530864197,2586.6,0.9800416666666666,955.8333333333334,0.9926247427983539,1535.9166666666667,0.9881487911522633,4351.533333333334,0.9675064715252887,581.7833333333333,0.9955109310699588,18.75,0.9998553240740741,0,1,23.666666666666668,0.999823277578654,1153.1666666666665,0.9913891377937076,439.91666666666663,0.9963631227954144,702.9833333333332,0.9947507218239745,2394.8499999999995,0.9815212191358025,633.5833333333335,0.9952689416567105,492.1666666666667,0.9962024176954732,1602.5666666666666,0.9880334030266826
626,GUJ9445,GUJ9445__S_Mubarak Colony Warid_MDGJ4641,3,C4-GUJ-02,20,,,1033.75,0.9920235339506174,1014.1666666666669,0.9921746399176955,659.5833333333333,0.9949106224279834,1263.6666666666667,0.9902494855967078,1145.1666666666665,0.9911638374485596,1859.9166666666667,0.9856487911522633,578.7499999999999,0.9955343364197531,1027.0000000000005,0.9923312425328554,235.01666666666665,0.9981865997942387,212.75,0.9983584104938272,0,1,30.33333333333333,0.9997734966148945,1080.9166666666665,0.9919286389884507,169.16666666666666,0.9986014660493826,570.4166666666667,0.9957406162883313,3822.5166666666664,0.9705052726337449,2705.916666666667,0.9797945290720829,1619.933333333333,0.9875005144032921,2735.1333333333328,0.979576363998407
627,GUJ4667,GUJ4667__GujDHA1GujCantt,3,C4-GUJ-02,9,,,338.5,0.9973881172839506,0,1,0,1,0,1,41.75,0.9996778549382717,368,0.9971604938271605,2113.6166666666663,0.9836912294238683,2234.45,0.9833150388291517,5.000000000000001,0.9999614197530865,89.49999999999999,0.9993094135802469,58.666666666666664,0.9994970278920896,415.41666666666663,0.9968980236957387,1449.8500000000001,0.9891737604540023,1731.7666666666664,0.9856831459435627,934.5,0.993021953405018,6780.316666666665,0.9476827417695474,3672.666666666667,0.9725756670649143,2732.25,0.978917824074074,2805.800000017602,0.9790486857824253
628,STR5975,STR5975__S_AhmadPura Warid_1N3554,3,C4-NRW-05,30,,,0,1,25.833333333333332,0.9998006687242799,0,1,487.5833333333333,0.9962377829218108,469.9166666666666,0.9963740997942386,514.9166666666667,0.9960268775720165,174.74999999999997,0.9986516203703704,3285.166666666667,0.975469185583433,547.55,0.9957750771604938,0,1,0,1,16.75,0.9998749253285544,890.5833333333334,0.9933498855037834,312.9166666666667,0.9974130566578484,390.9166666666667,0.9970809687375548,2846.033333333333,0.9780398662551439,185.24999999999994,0.998616711469534,329.9333333333333,0.9974542181069959,9.083333333333332,0.9999321734368778
629,RUR0374,RUR0374__ChorundPI_NEW,3,C4-MBD-08,9,,,327.74999999999994,0.9974710648148148,0,1,0,1,2.166666666666667,0.9999832818930041,0,1,0,1,2013.8333333333335,0.9844611625514403,989.9666666666667,0.9926077757865392,525.2500000000001,0.9959471450617283,97.24999999999997,0.9992496141975309,477.05,0.9959100651577504,140.66666666666663,0.9989496216646754,0,1,0,1,0,1,391.5,0.9969791666666667,0,1,471.0833333333333,0.9963650977366255,157.5,0.9988239247311828
630,GFG9667,GFG9667__GhotaFatehGarh,3,C4-NRW-05,30,,,1793.0833333333335,0.9861644804526749,319.0833333333333,0.9975379372427983,225.16666666666666,0.9982626028806584,132.41666666666666,0.9989782664609054,10040.233333333332,0.9225290637860083,628.9166666666667,0.9951472479423868,1137.3666666666668,0.9912240226337449,726.6666666666666,0.9945738749502191,849.5833333333333,0.9934445730452676,1607.05,0.9875999228395063,409.66666666666663,0.9964877686328303,683.6666666666667,0.9948949621664676,419.41666666666674,0.9968681551174831,40.41666666666667,0.9996658675044091,77.16666666666669,0.9994237853444843,420.95000000000005,0.9967519290123457,63.500000000000014,0.9995258363201911,1754.3,0.9864637345679013,271,0.997976403823178
631,DIL2201,DIL2201__Basoha,3,C4-MBD-08,20,,,429.66666666666663,0.9966846707818929,2173.75,0.983227237654321,508.08333333333326,0.996079603909465,1866.8333333333335,0.9855954218106996,4207.083333333334,0.9675379372427984,1247.4499999999998,0.9903746141975308,476.75,0.9963213734567902,620.2666666666667,0.99536837913182,367.58333333333337,0.9971637088477366,1071.9166666666667,0.9917290380658436,514.7666666666667,0.9955867055326932,583.0833333333333,0.9956460324571884,2509.9833333333327,0.9812575915969733,345.25,0.9971457506613757,403.24999999999994,0.9969888739545998,2486.983333333333,0.9808103137860082,3975.7000000000003,0.9703128733572283,389.8833333333333,0.9969916409465021,1459.0666666666666,0.989104938271605
632,GUJ5317,GUJ5317__S_GulabPura_NEW,3,C4-GUJ-02,,Enfrashare,EC1-GUJ-00401,0,1,482.5000000000001,0.9962770061728395,0,1,0,1,2727.2,0.9789567901234568,3194.4500000000007,0.9753514660493827,927.9499999999998,0.9928398919753085,1866.1,0.9860655615292713,1647.9333333333334,0.9872844650205761,313.25,0.9975829475308642,655,0.9943844307270233,0,1,1917.25,0.9856836170848267,604.7499999999999,0.9950004133597884,89.04999999999998,0.9993350507765831,477.0833333333333,0.9963188014403292,123.49999999999997,0.999077807646356,1518.5500000000002,0.9882827932098764,655.4166666666667,0.9951059090003983
633,HFZ5343,HFZ5343__S_DefenceColony,3,C4-HFZ-06,,E.Co,e.coPK016490PU,2270.95,0.9824772376543209,2581.3999999999996,0.9800817901234568,2386.033333333333,0.9815892489711935,1660.5,0.9871875,2800.7666666666664,0.9783891460905351,767.0500000000002,0.9940814043209876,3007.55,0.9767935956790122,2972.433333333334,0.9778044105933891,861.6166666666664,0.9933517232510287,3804.7333333333336,0.9706424897119342,5016.85,0.95698859739369,4402.166666666667,0.9671283851055357,6355.549999999999,0.9525421893667861,2346.5166666666664,0.980600887345679,316.25,0.9976385155316606,5114.466666666666,0.9605365226337449,6060.516666666667,0.954745245917961,1644.8833333333332,0.9873079989711934,4402.9333333333325,0.9671226602947033
634,SKL9912,SKL9912__ChakSada,4,C4-GRT-04,30,,,1112.9500000000003,0.9935593171296295,1178.7333333333336,0.9931786265432099,332.0833333333333,0.9980782214506173,92.41666666666669,0.9994651813271606,5496.2333333333345,0.9681930941358025,661.5833333333334,0.9961713927469136,919.3666666666667,0.9946795910493827,485.5,0.997281025985663,1243.8166666666662,0.9928019868827161,927.0666666666664,0.9946350308641975,1126.0666666666668,0.9927593449931413,5075.949999999999,0.9715728606630825,2216.2666666666664,0.9875881123058542,854.5000000000001,0.9947017609126984,699.9166666666666,0.9960802158004779,1980.1666666666667,0.9885407021604938,491.6666666666666,0.9972464904420549,1544.016666666667,0.9910647183641976,1858.0166666666667,0.9895944407108722
635,SMB4742,SMB4742__S_TheEducators,3,C4-WZD-07,,E.co,e.coPK016469PU,9753.066666666668,0.9247448559670782,491.4166666666667,0.9962082047325103,0,1,3586.2,0.9723287037037036,622,0.9952006172839506,2422.9999999999995,0.981304012345679,3354.866666666667,0.9741136831275721,4672.049999999998,0.9651131272401434,2371.4500000000003,0.9817017746913581,4892.55,0.9622488425925926,2192.816666666667,0.9812001314586191,2042.5833333333337,0.984747734966149,1757.2666666666664,0.9868782357626443,746.5,0.9938285383597883,482.0833333333333,0.9964002140581443,13327.683333333332,0.8971629372427984,1176.25,0.9912167712066906,325.3,0.9974899691358025,9573.216666666667,0.9285154072082835
636,SKT4186,SKT4186__S_Doburji_Malian_Pasroor_Road_MDSK4271,3,C4-SKT-03,30,,,1725.0833333333335,0.9866891718106996,6311.366666666665,0.9513011831275721,123,0.9990509259259259,948.8333333333333,0.9926787551440328,8600.449999999999,0.9336385030864197,1002.0833333333333,0.9922678755144032,2843.0333333333338,0.9780630144032922,1624.0166666666667,0.9878732327757865,1342.1666666666665,0.9896437757201646,292.33333333333337,0.997744341563786,1308.4999999999998,0.9887817215363512,1061.9166666666667,0.9920705147351653,970.8,0.9927508960573477,522.3333333333334,0.9956817680776013,91.74999999999999,0.9993148894862603,1448.3000000000002,0.9888248456790123,62.58333333333333,0.9995326812027081,0,1,1725.083333333333,0.9871185533651932
637,RUR5259,RUR5259__S_ThathaManak_CMPak41245,3,C4-SKT-03,,CMPak,40850,552.75,0.9957349537037037,15163.683333333332,0.8829962705761316,0,1,1963.9499999999998,0.9848460648148147,2320.95,0.9820914351851852,451.25000000000006,0.9965181327160494,25962.433333333334,0.7996725823045268,24657.049999956493,0.8158822431305518,544.5,0.9957986111111111,6600.750000000002,0.9490682870370369,1232.0500000000002,0.9894371570644719,38674.78333333333,0.7112098018717643,31238.499999999996,0.7667376045400239,620.8833333333333,0.9948670359347443,0,1,1770.8833333333334,0.9863357767489712,552.8333333333333,0.995871913580247,459.08333333333326,0.996457690329218,310.0833333333333,0.9976845629231381
638,RUR6578,RUR6578__S_Gadgore,3,C4-NRW-05,,Enfrashare,EC1-CHW-04967,351.33333333333337,0.9972890946502058,574.0833333333334,0.9955703446502058,2419.1833333333334,0.9813334619341564,634.9166666666666,0.9951009516460906,6849.833333333334,0.9471463477366255,2349.25,0.9818730709876543,1340.0833333333335,0.9896598508230453,1343.8000000000002,0.9899656511350059,832.9999999999998,0.9935725308641976,3199.916666666667,0.9753092849794238,2282.883333333333,0.980427954961134,1693.0500000000002,0.9873577508960574,1940.1,0.9855129928315413,608.3,0.9949710648148148,1321.3833333333332,0.9901330396256472,227.25,0.9982465277777777,922.9166666666666,0.99310844782955,2851.166666666667,0.9780002572016461,4792.266666668063,0.9642154520111406
639,RUR9489,RUR9489__S_Jamkey_Chatta_Main_Bazar_WA1971,3,C4-WZD-07,20,,,904.4166666666666,0.9930214763374485,220.25,0.9983005401234568,61.41666666666667,0.9995261059670781,41.5,0.9996797839506173,3738.3166666666666,0.9711549639917695,243.74999999999994,0.9981192129629629,735.9666666666667,0.9943212448559671,872.5500000000001,0.9934845430107526,67.08333333333334,0.9994823816872427,76.74999999999999,0.9994077932098766,1229.7499999999998,0.9894568758573388,1523.5000000000002,0.9886238052568698,515.9833333333333,0.9961470778574274,0,1,383.55,0.9971359767025089,1467,0.9886805555555556,240.08333333333337,0.9982072630426125,252.41666666666669,0.9980523405349794,495.3333333333334,0.9963012743926722
640,KMK5928,KMK5928__S_New Model Town Warid_IK1570,3,C4-GUJ-01,,GLO,,0,1,603.8333333333335,0.99534079218107,0,1,0,1,3184.7,0.9754266975308642,1513.2000000000003,0.988324074074074,269.0833333333333,0.9979237397119342,271.84999999999997,0.9979700567502987,0,1,223.66666666666666,0.9982741769547325,0,1,1502.666666666667,0.9887793707686181,171.08333333333337,0.9987224960175228,1223.4833333333331,0.9898852237654322,530.75,0.9960368130227002,24.5,0.9998109567901234,4765.85,0.9644127090800478,364.4166666666667,0.9971881430041152,744.4166666666667,0.9944413331342095
641,HFZ5814,HFZ5814_H_Thatta Khokharan Hafizabad,3,C4-HFZ-06,,Enfrashare,EC1-HFZ-04554,851.2499999999999,0.993431712962963,1207.75,0.9906809413580246,1642.0666666666666,0.9873297325102881,2163.3833333333328,0.9833072273662552,3270.7666666666664,0.9747626028806584,7659.433333333334,0.9408994341563787,3822.7000000000007,0.9705038580246914,2476.05,0.9815109767025089,910.1833333333334,0.9929769804526749,1348.75,0.9895929783950618,2082.4333333333334,0.9821464906264289,424.5,0.9968301971326164,3230,0.9758811230585424,991.5833333333334,0.9918023864638448,880.75,0.9934233124253286,1337.3833333333334,0.9896806841563786,1375.2333333333333,0.9897309338908801,3765.7833333333338,0.9709430298353909,800.3333333333331,0.9940237953006771
642,RUR3844,RUR3844__LLMNadirHospitalJor,3,C4-GRT-04,27,,,1480.8333333333335,0.988573816872428,196,0.9984876543209876,208.75,0.998389274691358,668.8333333333334,0.9948392489711934,2957.65,0.9771786265432099,257.33333333333337,0.998014403292181,604.7500000000001,0.9953337191358025,659.8333333296856,0.9950729291119349,112.75000000000003,0.9991300154320988,727.3333333333333,0.9943878600823045,639.3,0.9945190329218108,498.8333333333335,0.9962751393866985,1453.7333333333333,0.9891447630426126,17.25,0.9998573908730158,0,1,124.99999999999997,0.9990354938271605,116.00000000000001,0.9991338112305854,1161.4166666666665,0.9910384516460905,1129.45,0.991566233572282
643,WZB0364,WZB0364_MainBazar_NEW,3,C4-WZD-07,9,,,780.3333333333334,0.9939789094650205,540.0499999999998,0.9958329475308642,1739.483333333333,0.9865780606995885,311.75,0.9975945216049382,4644.8166666666675,0.9641603652263374,2386.5333333333333,0.9815853909465021,1927.0000000000002,0.9851311728395062,4965.583333292588,0.9629212714061187,4131.566666666666,0.9681206275720164,2751.683333333334,0.9787678755144033,1915.4833333333333,0.9835778177869227,836.6999999999999,0.9937522401433693,2574.8666666666672,0.9807730983671844,761.8333333333333,0.993701774691358,1118.6666666666667,0.9916467542811628,2129.583333333333,0.9835680298353909,5381.916666666668,0.9598124502190362,7623.033333333329,0.9411802983539096,3390.716666666667,0.9746810284747113
644,SKG9633,SKG9633__MohRiazPura,3,C4-NRW-05,20,,,1134.9166666666665,0.9912429269547326,419.25,0.9967650462962964,19.75,0.9998476080246914,126.49999999999997,0.9990239197530865,217.58333333333331,0.998321116255144,1189.8333333333333,0.9908191872427983,1261.6666666666667,0.9902649176954732,3995.9333333311606,0.9701617881322345,217.76666666666668,0.9983197016460905,2643.233333333333,0.9796046810699589,635.5500000000001,0.9945511831275721,644.8833333333332,0.9951845629231382,1103.6666666666667,0.9917587614496216,0,1,246,0.998163082437276,72.91666666666666,0.999437371399177,978.4166666666666,0.9926940213062525,2646.9666666666667,0.9795758744855967,756.4166666666666,0.9943517273994424
645,GUJ0785,GUJ0785__BhuttaMktGujw,3,C4-GUJ-01,30,,,1159.3333333333335,0.9910545267489712,2250.866666666667,0.9826322016460906,104,0.9991975308641975,567.6666666666666,0.9956198559670781,2146.2,0.9834398148148148,1810.4999999999998,0.9860300925925927,1375.8333333333333,0.9893840020576131,1060.133333333411,0.9920838311429704,3802.4499999999994,0.9706601080246914,2497,0.9807330246913579,3635.166666666667,0.9688343049839964,1724.1666666666667,0.9871253982477102,3052.9666666666662,0.9772030565511749,1170.5,0.9903232473544974,1553.8333333333335,0.9883973018717643,1938.9166666666667,0.9850392232510288,1560.45,0.9883478942652331,1594.1666666666667,0.9876993312757202,2361,0.9823700716845878
646,RUR9764,RUR9764__S_Kot_SanaullahWarid_MR2K3780,3,C4-WZD-07,20,,,909.7500000000001,0.992980324074074,368.4166666666667,0.9971572788065843,0,1,414.83333333333337,0.9967991255144032,754.1333333333333,0.9941810699588477,0,1,0,1,0,1,0,1,0,1,0,1,0,1,39,0.9997087813620071,0,1,0,1,292.3,0.9977445987654321,276.53333333333336,0.9979350856232577,0,1,0,1
647,FTP6242,FTP6242__S_Fatehpur_MDFP4296,4,C4-GRT-04,27,,,23.083333333333332,0.9998664158950618,371.16666666666663,0.9978520447530864,9.666666666666668,0.9999440586419753,236.43333333333334,0.9986317515432098,478.1000000000001,0.9972332175925926,58.25,0.9996629050925925,0,1,0,1,0,1,647.1166666666666,0.996255111882716,305.8333333333333,0.9980334790809328,0,1,374.15,0.9979046258960573,21,0.9998697916666667,0,1,0,1,0,1,565.1666666666665,0.9967293595679013,1703,0.9904625896057349
648,GJR0397,GJR0397__Marghazar,4,C4-GRT-04,30,,,553.6666666666666,0.9967959104938272,595.6666666666666,0.9965528549382716,71.41666666666666,0.9995867091049382,91.33333333333333,0.9994714506172839,2119.8,0.987732638888889,821.8333333333333,0.9952440200617283,3080.8333333333335,0.9821711033950618,2812.8166666316642,0.984247218488846,6137.533333333335,0.9644818672839506,1432.9833333333331,0.9917072723765432,964.5833333333331,0.9937976894718793,1113.2333333333331,0.9937654943249702,4677.066666666666,0.9738067502986858,525.1666666666665,0.9967437582671959,1327.5,0.9925655241935484,4963.6,0.971275462962963,2821.866666666667,0.9841965352449223,4741.5,0.9725607638888889,4024.0000000029486,0.9774641577060766
649,RUR5983,RUR5983__S_Ghudiala kalan Warid_625369,3,C4-WZD-07,30,,,623.8333333333334,0.9951864711934156,399.9999999999999,0.9969135802469136,957.1666666666666,0.9926144547325103,151.33333333333331,0.998832304526749,3689.566666666666,0.971531121399177,3213.6666666666665,0.9752031893004116,971.8333333333334,0.9925012860082305,7794.900000000001,0.9417943548387098,1630.1166666666666,0.9874219393004116,1348.5500000000002,0.9895945216049382,1247,0.9893089849108369,0,1,0,1,0,1,12.75,0.99990479390681,15.5,0.9998804012345679,108,0.9991935483870968,111.5,0.9991396604938272,27.41666666666667,0.9997952757865393
650,SKT4628,SKT4628__HolyTrinitySKT_Cantt,4,C4-SKT-03,31,,,1320.4166666666665,0.992358699845679,145.25000000000003,0.9991594328703703,270.83333333333337,0.9984326774691358,0,1,2597.833333333333,0.9849662422839507,2115.416666666666,0.9877580054012346,3849.083333333334,0.977725212191358,13319.516666652775,0.9254059326464338,1946.1166666666668,0.9887377507716049,2950.266666666667,0.9829266975308641,238.58333333333331,0.9984658993484226,1835,0.9897233422939068,3678.1666666666674,0.9794009483273597,1614.2833333333333,0.989990802744709,564.3666666666667,0.9968393443847073,1308.4000000000003,0.9924282407407408,665.1666666666667,0.9962748282556749,7331.4,0.9575729166666666,6470.549999972525,0.9637626008066055
651,GUJ4654,GUJ4654__HaideryMosque,3,C4-GUJ-02,,GLO,,0,1,379,0.9970756172839507,755.5833333333333,0.9941698816872427,99.75,0.9992303240740741,436,0.9966358024691359,0,1,811.5,0.993738425925926,194.83333333333334,0.9985451513341299,664.1999999999999,0.994875,0,1,0,1,406.1833333333334,0.9969669703305456,147.54999999999998,0.9988982228195938,90.00000000000001,0.9992559523809524,11.75,0.999912261051374,142.50000000000003,0.9989004629629629,0,1,932.2499999999999,0.9928067129629629,576.0833333333335,0.9956983024691358
652,GUJ8000,GUJ8000_SarafaBazar,2,C4-GUJ-02,,,,179,0.9979282407407407,1365.3333333333335,0.9841975308641975,0,1,0,1,0,1,172.58333333333334,0.9980025077160494,853.0000000000001,0.9901273148148149,3186.4666666666676,0.9643092891278375,945.7333333333333,0.989054012345679,3181.25,0.9631799768518519,4897.866666666667,0.9370130315500685,6961.6500000000015,0.9220245295698924,0,1,9.25,0.9998852926587302,3.333333333333334,0.9999626642771804,51.66666666666667,0.9994020061728395,125,0.9985999103942652,88.08333333333334,0.9989805169753087,404.91666666666663,0.9954646430704898
653,RUR9490,RUR9490__S_Vilage_Dhilwan_Wazirabad_Distt._1P3563,3,C4-HFZ-06,9,,,1278.4166666666663,0.9901356738683127,2215.9166666666665,0.9829018775720165,1093.5833333333335,0.9915618569958847,262.0833333333333,0.9979777520576131,2014.75,0.9844540895061727,2259.7,0.9825640432098766,4340.299999999999,0.9665100308641975,3848.816666654405,0.9712603295500716,3403.3500000000004,0.9737395833333333,3153.25,0.9756693672839506,1032.25,0.9911501200274349,1834.25,0.9863033900836321,2372,0.9822879330943848,0,1,0,1,184.83333333333334,0.998573816872428,138.33333333333337,0.9989670450019912,922.6166666666666,0.9928810442386832,2010.1,0.984990292712067
654,SKT4635,SKT4635__IslmiacollegeSKT,4,C4-SKT-03,,GLO,,490.08333333333326,0.9971638695987655,76.33333333333334,0.9995582561728394,120.83333333333333,0.9993007330246914,488.1666666666667,0.997174961419753,2514.7500000000005,0.9854470486111111,7723.049999999999,0.9553064236111111,7208.533333333332,0.958283950617284,16211.733333317507,0.9092084826763133,14741.783333333331,0.9146887538580247,3220.25,0.9813642939814815,0,1,1715.9166666666665,0.9903902516427717,427.25,0.9976072468637993,633.1666666666667,0.9960741154100529,149.49999999999997,0.9991627464157706,2694.6666666666683,0.9844058641975308,656,0.996326164874552,1064.0833333333328,0.9938421103395062,2728.8999999999996,0.9847171818996416
655,SKG4059,SKG4059__BusStdShakargarhAC,3,C4-NRW-05,30,,,0,1,0,1,0,1,126.41666666666666,0.9990245627572016,151.16666666666666,0.9988335905349794,338.51666666666665,0.9973879886831276,761.4166666666666,0.994124871399177,2007.6499999999996,0.9850085872162485,465.71666666666664,0.9964065072016461,1498.2166666666667,0.9884396862139917,586.6666666666665,0.9949702789208962,334.66666666666674,0.9975009956192751,319.1666666666667,0.9976167363600159,0,1,423.1333333333333,0.9968404022301871,789.6666666666666,0.9939068930041153,0,1,665.3333333333334,0.9948662551440328,776.4000000000001,0.9942025089605735
656,RUR3202,RUR3202__Mirakpur,3,C4-NRW-05,13,,,224.58333333333331,0.998267103909465,0,1,275.1666666666667,0.9978768004115226,1470.6666666666667,0.9886522633744856,3607.7833333333333,0.9721621656378601,454.4999999999999,0.9964930555555556,1642,0.9873302469135803,2160.45,0.9838676075268817,720,0.9944444444444445,8810.733333333334,0.9320159465020577,1008.8333333333333,0.9913508802011889,1206.9166666666665,0.9909877787733969,1384.0000000000002,0.9896654719235365,1050.3166666666666,0.9913168264991182,604.25,0.9954879778972522,3688.5166666666664,0.9715392232510288,364.83333333333337,0.9972757367582636,3912.65,0.969809799382716,4235.116666666667,0.9683757716049383
657,HWY3362,HWY3362__GUJMoreAimnabad,3,C4-GUJ-01,27,,,590.3333333333333,0.9954449588477366,211.66666666666666,0.9983667695473251,4528.233333333334,0.9650599279835391,2353.1666666666665,0.9818428497942386,2943.9166666666665,0.9772845936213992,616.6666666666666,0.9952417695473251,6360.366666666665,0.950923096707819,6123.583333329687,0.9542743180008237,433.01666666666665,0.9966588220164608,1831.9666666666667,0.9858644547325103,718.0000000000001,0.9938443072702331,1676.75,0.9874794653524492,887.6166666666666,0.9933720380326564,578.0833333333334,0.9952208719135802,1320.75,0.9901377688172043,1564.9,0.9879251543209877,1792.966666666667,0.9866116587017124,3134.4666666666667,0.9758143004115226,7366.966666666667,0.9449897949024293
658,SKT0572,SKT0572__P_BohriMohalla,3,C4-SKT-03,27,,,975.9999999999999,0.9924691358024691,1192.1666666666667,0.990801183127572,3311.15,0.9744510030864197,883.7833333333334,0.9931806841563785,4084.283333333333,0.9684854681069959,2976.233333333333,0.9770352366255145,3897.9833333333336,0.9699229681069959,9945.799999969919,0.9257332735964015,3644.7666666666664,0.9718768004115226,1770.1666666666667,0.9863413065843623,3601.5,0.9691229423868313,1505.566666666667,0.9887577160493827,4306.116666666666,0.9678456043409001,1588.1999999999998,0.9868700396825397,138.91666666666663,0.9989626891676623,2153.3,0.9833850308641975,272.0333333333333,0.9979686877737953,4687.016666666666,0.9638347479423868,1712.083333333333,0.9872156262445241
659,RUR5046,RUR5046__Goorsial,3,C4-NRW-05,20,,,403.19999999999993,0.9968888888888888,0,1,296.5,0.9977121913580247,473.24999999999994,0.9963483796296296,1245.5000000000002,0.9903896604938273,335.91666666666663,0.9974080504115226,901.2166666666667,0.9930461676954733,3605.183333311137,0.9730795748707353,3196.6333333333337,0.9753346193415637,1300.5,0.9899652777777778,1240.3333333333335,0.9893661408321903,5504.316666666666,0.9588984717244127,1174.8333333333333,0.9912273496614894,612.9166666666667,0.9949328979276896,0,1,276.9666666666667,0.9978629115226337,251.5,0.9981220131421744,719.1166666666667,0.9944512602880659,178.33333333333334,0.9986683592194345
660,RUR1067,RUR1067__NatlaVillage,3,C4-NRW-05,9,,,317.58333333333337,0.9975495113168725,234.83333333333331,0.9981880144032922,214.99999999999997,0.9983410493827161,1483.3333333333335,0.9885545267489713,922.7500000000001,0.9928800154320987,1302.3333333333333,0.9899511316872427,1235.45,0.9904672067901236,1224.6333333333334,0.9908554858622063,2096.4166666666665,0.983823945473251,1238.6333333333332,0.9904426440329217,1003.25,0.9913987482853224,3253.6333333333328,0.9757046495420151,2113.5833333333335,0.9842175677021108,121.75000000000003,0.9989934689153439,0,1,514.75,0.9960281635802469,148.91666666666666,0.9988880177220232,1698.95,0.9868908179012346,453.06666666666666,0.9966168857029072
661,GML9904,GML9904__ReebaKalan,3,C4-NRW-05,20,,,583.95,0.995494212962963,273.50000000000006,0.9978896604938272,11,0.9999151234567901,969.9166666666667,0.9925160751028806,1788.616666666667,0.986198945473251,1011.1666666666667,0.9921977880658436,1841.2500000000002,0.9857928240740741,1379.6999999999998,0.9896975806451613,1439.5166666666669,0.9888926183127572,1009.5666666666666,0.9922101337448559,543.5000000000001,0.9953403635116598,134.16666666666669,0.9989981581043409,1087.9166666666665,0.9918763689765033,61.16666666666667,0.9994943231922399,22,0.9998357228195939,833.4000000000001,0.9935694444444445,352.25000000000006,0.9973696983273597,3273.55,0.9747411265432099,1880.2833333333338,0.985959652528873
662,HWY6462,HWY6462__S_SadiqAbadGTRoad,3,C4-GRT-04,,E.co,e.coPK019022PU,0,1,1093.3000000000002,0.9915640432098765,646.1666666666667,0.995014146090535,265,0.9979552469135803,1039.783333333333,0.9919769804526749,0,1,2468.833333333333,0.9809503600823045,3287.8500000056656,0.9754491487454774,4313.333333333333,0.9667181069958848,2886.183333333334,0.977730066872428,1631.7333333333333,0.9860105166895291,321.5,0.9975993130227002,1763.9166666666665,0.9868285792512943,1597.7333333333331,0.9867912257495591,813.3666666666667,0.9939264735165273,5975.433333333333,0.9538932613168725,2354.3999999999996,0.9824193548387098,2808.483333333333,0.978329603909465,1485.5,0.9889075567502986
663,RUR9475,RUR9475__S_Jalphanwali_Sialkot_MDSK4859,3,C4-SKT-03,,GLO,,1557.4166666666665,0.987982896090535,318.16666666666663,0.9975450102880659,0,1,2346.416666666667,0.981894933127572,33401.966666666674,0.7422687757201646,3992.933333333333,0.969190329218107,438.83333333333337,0.996613940329218,7214.3499999999985,0.9461294056152927,204,0.9984259259259259,1223.0833333333335,0.990562628600823,1813.6666666666667,0.9844507315957933,2241.416666666667,0.9832630177220232,4766.166666666667,0.9644103444842692,827.1499999999999,0.993161789021164,185.9,0.9986118578255675,4122.966666666667,0.9681869855967078,4067.8833333333337,0.9696245270808442,7.333333333333334,0.99994341563786,612.4166666393479,0.9954269962168507
664,RUR9210,RUR9210__Dheenda,3,C4-GRT-04,31,,,199.55,0.998460262345679,0,1,6.249999999999999,0.999951774691358,11.416666666666668,0.9999119084362139,531.8333333333333,0.9958963477366255,0,1,31.250000000000007,0.9997588734567902,168.41666666666666,0.9987424084030266,7.250000000000001,0.9999440586419753,0,1,0,1,57.66666666666667,0.9995693946634807,207.75,0.9984487007168458,138.99999999999997,0.9988508597883597,364.33333333333337,0.9972794703305456,0,1,34.25000000000001,0.9997442502986859,17.46666666666666,0.9998652263374486,12.500000000000004,0.999906660692951
665,HWY1576,HWY1576__Langaryal,3,C4-GRT-04,9,,,1810.833333333333,0.9860275205761317,1640.25,0.98734375,2046.9999999999998,0.9842052469135802,1407.666666666667,0.9891383744855967,3721.333333333333,0.9712860082304526,2130.8333333333335,0.9835583847736625,2460.2499999999995,0.9810165895061728,1926.6666666804042,0.985613301473414,1673.4833333333331,0.9870873199588478,1540.1666666666667,0.9881159979423869,967.3333333333333,0.9917066758116141,1755.1666666666663,0.9868939167662286,6311.933333333334,0.9528678813221824,4807.783333333333,0.9602531139770722,1664.2666666666667,0.9875726802070888,5990.133333333332,0.9537798353909466,3747.966666666667,0.9720133910792512,1859.2999999999997,0.9856535493827161,3671.01666666659,0.9725879878534454
666,GUJ4143,GUJ4143__Khokharki,3,C4-GUJ-01,27,,,224.58333333333334,0.998267103909465,1747.5833333333335,0.9865155606995885,1646.5000000000002,0.987295524691358,1055.4499999999998,0.9918560956790123,2060.2499999999995,0.9841030092592592,4205.5,0.9675501543209876,2744.666666666667,0.9788220164609054,1968.1166666637946,0.9853037883313636,1252.3333333333333,0.9903369341563786,1635.3833333333332,0.9873813014403292,617.4166666666666,0.9947066472336534,1119.8333333333333,0.9916380426125051,785.2666666666667,0.9941363002787734,0,1,33,0.9997535842293906,796.5500000000001,0.9938537808641975,213.83333333333337,0.9984032755874154,298.25000000000006,0.9976986882716049,2074.8333333333335,0.9845069195539625
667,GUJ9995,GUJ9995__Bank_Colony,3,C4-GUJ-01,9,,,355.33333333333337,0.9972582304526749,2066.116666666667,0.9840577417695474,1020.6666666666667,0.9921244855967077,101.50000000000003,0.9992168209876543,822.0000000000002,0.9936574074074074,223.75,0.9982735339506174,1259.7500000000002,0.9902797067901234,2436.166666666666,0.9818087913181999,768.2666666666668,0.9940720164609054,2021.0500000000002,0.9844054783950617,1119,0.990406378600823,522.5,0.9960984169653524,92.91666666666667,0.9993061778176027,0,1,383.50000000000006,0.9971363500597371,1076.2000000000003,0.991695987654321,422.6666666666667,0.9968438868976502,3072.2,0.9762947530864197,5232.549999999999,0.960927792712067
668,JPJ3534,JPJ3534__MangowalRd,3,C4-GRT-04,20,,,819.9166666666667,0.993673482510288,148.38333333333335,0.998855066872428,6.75,0.9999479166666667,0,1,447.6500000000001,0.9965459104938271,0,1,65.66666666666667,0.9994933127572017,328.75000000000006,0.9975451762246117,228.91666666666669,0.9982336676954732,77.83333333333333,0.9993994341563786,0,1,302.25,0.9977430555555555,782.3333333333333,0.9941582039028276,15.75,0.9998697916666667,0,1,732.9166666666667,0.9943447788065843,0,1,143.16666666666669,0.9988953189300411,1602.0666666666662,0.9880371365989646
669,KHR0629,KHR0629__GalianaRoad,3,C4-MBD-08,27,,,396.0833333333333,0.9969438014403292,676.0833333333335,0.9947833076131687,644.0833333333334,0.9950302211934157,5679.583333333334,0.9561760545267489,322.40000000000003,0.9975123456790124,805.7499999999998,0.9937827932098766,2342.1666666666665,0.9819277263374485,401,0.9970056750298686,436.4333333333333,0.9966324588477365,44.49999999999999,0.9996566358024691,114.69999999999999,0.9990166323731138,215.33333333333334,0.9983920748705696,296.41666666666663,0.997786613898845,216.08333333333331,0.9982135967813051,120.25000000000003,0.9991020758661888,0,1,429.24999999999994,0.9967947281959378,305.25000000000006,0.997644675925926,189.75,0.9985831093189964
670,GUJ3354,GUJ3354__Factoryarea,3,C4-GUJ-02,9,,,946.7499999999999,0.9926948302469135,1698.5000000000002,0.9868942901234569,440.66666666666663,0.9965997942386831,2415.9166666666665,0.9813586676954732,2154.166666666667,0.9833783436213992,1191,0.9908101851851852,1510.7499999999998,0.9883429783950618,1237.750000010943,0.9907575418159279,818.3,0.9936859567901234,179.25,0.9986168981481481,948.5166666666668,0.9918679983996341,2613.7999999999997,0.9804823775388292,4280.616666666667,0.9680360165272799,752.3000000000001,0.9937805886243386,0,1,1868.0833333333333,0.9855857767489712,632.1166666666667,0.9952798934687376,564.3333333333331,0.9956455761316874,3216.9166666666665,0.9759788181999204
671,SKT8136,SKT8136__ModernBookAzizShahR,2,C4-SKT-03,,,,58,0.9993287037037036,92.66666666666666,0.9989274691358025,1195.4666666666667,0.9861635802469135,58.83333333333334,0.9993190586419753,1042.1833333333334,0.9879376929012345,0,1,190.41666666666669,0.9977961033950618,1942.9500000061312,0.9782375672042324,1202.4499999999998,0.9860827546296297,917.6333333333332,0.9893792438271605,2625.4666666666667,0.9662362825788752,295.1666666666667,0.996693921744325,1412.8333333333335,0.9841752538829153,3229.5,0.9599516369047619,143.08333333333334,0.998397364097969,448.5833333333333,0.994808063271605,331.66666666666674,0.9962850955794503,1333.8333333333333,0.9845621141975309,62.833333333333336,0.9992962216248507
672,MDW5146,MDW5146__S_Model town Warid_MR525364,3,C4-SKT-03,,GLO,,1542.666666666667,0.98809670781893,359,0.9972299382716049,0,1,8.166666666666666,0.9999369855967077,2956.9500000000003,0.9771840277777778,530.8333333333333,0.9959040637860082,624.75,0.995179398148148,1411.1666666819715,0.9894626144961023,42.93333333333332,0.9996687242798354,730.1666666666667,0.9943659979423869,743.9166666666666,0.9936221136259716,838.3333333333334,0.9937400438072481,444.5833333333333,0.9966802319792911,159.33333333333334,0.9986827601410934,381,0.9971550179211469,0,1,1269.1166666666663,0.9905233223815213,3444.266666666664,0.9734238683127572,4522.366666666667,0.9662308343289525
673,KHR0242,KHR0242__GTRoadKharian,3,C4-MBD-08,20,,,1137.9166666666667,0.9912197788065843,634.5,0.9951041666666667,0,1,1326,0.9897685185185184,938.0833333333333,0.9927617026748972,192.75,0.9985127314814816,2024.9166666666667,0.9843756430041153,394.33333331105916,0.9970554559937943,108.74999999999999,0.9991608796296296,1442.5833333333328,0.988868955761317,329.91666666666663,0.9971714963420211,3028.0999999999995,0.9773887395459977,1177.0833333333333,0.9912105485862206,1051.4,0.9913078703703704,31.833333333333332,0.9997622958980485,1131.1999999999998,0.9912716049382716,2101.483333333334,0.9843079201513341,3355.8166666666666,0.9741063528806585,758.05,0.9943395310633214
674,RUR9392,RUR9392__S_Shori Chatta Warid_1P3564,3,C4-HFZ-06,9,,,800.333333333333,0.9938245884773663,825.3333333333336,0.9936316872427983,4425.283333333332,0.9658542952674897,3872.4666666666662,0.9701198559670782,4740.15,0.9634247685185185,1389.1333333333332,0.989281378600823,2803.016666666667,0.9783717849794239,1580.5333333333333,0.9881979291119076,1603.3333333333335,0.9876286008230453,1396.75,0.9892226080246914,1361.3333333333337,0.9883287608596251,3451.6000000000004,0.9742264038231779,1289.9166666666665,0.9903680057745917,391,0.9967675264550264,1426.9166666666665,0.989345006969335,1339.4833333333336,0.9896644804526749,723,0.9946012544802868,1276.9333333333332,0.9901471193415639,3578.6666666630194,0.97327757865395
675,RUR6256,RUR6256__S_Chak_Kala_Jalapurjatan Road_MR1O3562,3,C4-GRT-04,20,,,191.91666666666669,0.9985191615226338,230.58333333333331,0.9982208076131687,6.75,0.9999479166666667,170.5,0.998684413580247,3202.283333333333,0.9752910236625515,966.3666666666668,0.9925434670781893,86.50000000000001,0.999332561728395,1743.6499999999999,0.986979913381123,555.7333333333332,0.9957119341563786,332,0.9974382716049383,144.16666666666666,0.9987640032007316,0,1,640.05,0.9952206541218638,107.88333333333333,0.9991081073633157,0,1,165.58333333333331,0.9987223508230453,330.33333333333337,0.9975333532457188,649.5833333333334,0.9949877829218107,485.88333333333344,0.9963718389088012
676,GUJ1467,GUJ1467__GardenTown ,5,C4-GUJ-02,20,,,1951,0.9909675925925926,372.41666666666663,0.9982758487654322,1215,0.994375,226.24999999999991,0.9989525462962964,1390.75,0.9935613425925927,474.16666666666663,0.9978047839506173,0,1,0,1,195.83333333333337,0.9990933641975309,54.583333333333336,0.9997472993827161,42.5,0.999781378600823,306.91666666666674,0.9986249253285544,2607.9166666666665,0.9883157855436082,430.6666666666667,0.9978637566137566,159.58333333333334,0.9992850209080048,2837.166666666667,0.9868649691358025,2121.3333333333335,0.9904958183990442,482.41666666666663,0.9977665895061729,3842.7499999999995,0.9827833781362006
677,RUR3529,RUR3529__MozaJalalpurChatha,3,C4-HFZ-06,9,,,544.9166666666665,0.995795396090535,0,1,347.41666666666663,0.9973193158436214,1408.5,0.9891319444444444,3322.266666666667,0.9743652263374486,789.6333333333332,0.9939071502057614,1038.0666666666668,0.9919902263374486,2896.3166666666666,0.9783727847471126,960.7333333333335,0.9925869341563787,1041.3833333333334,0.9919646347736625,1389.5333333333333,0.9880869913123,2395.916666666667,0.9821093438868976,1919.4666666666667,0.9856670649143767,328.0833333333333,0.9972876708553793,1389.0500000000002,0.9896277628434886,2656.2666666666664,0.9795041152263374,1469.4833333333333,0.9890271555157308,1577.15,0.9878306327160494,967.5,0.9927755376344086
678,RUR0758,RUR0758_BuzargWall,3,C4-GRT-04,27,,,112.08333333333334,0.9991351594650206,950,0.9926697530864197,248.5,0.998082561728395,1165.6000000000001,0.9910061728395061,0,1,230.91666666666669,0.9982182355967077,93.58333333333334,0.9992779063786008,2525.3166666666666,0.9811430953803266,0,1,0,1,557.0666666666666,0.9952240512117055,0,1,0,1,55.74999999999999,0.9995391038359789,463.91666666666674,0.9965358671843887,0,1,52.250000000000014,0.9996098416965353,0,1,228.5,0.9982937574671447
679,RUR6534,RUR6534__S_KhoriAlam,3,C4-MBD-08,,E.co,e.coPK019337PU,0,1,1030.2166666666662,0.9920507973251028,346,0.9973302469135803,0,1,2152.816666666667,0.9833887602880658,359.25,0.9972280092592593,4837.4,0.9626743827160494,1274.5000000131006,0.9904831242531877,1250.3499999999995,0.9903522376543209,498.7500000000001,0.9961516203703704,278.75,0.9976101680384087,195.00000000000003,0.9985439068100358,466.2500000000001,0.9965184438470729,95.66666666666667,0.9992091049382716,109.5,0.9991823476702508,3249.8833333333337,0.9749237397119341,209.75,0.998433766427718,267.25,0.9979378858024691,2707.9833333333336,0.9797790969733174
680,GUJ3065,GUJ3065__MuhammadiTown,3,C4-GUJ-01,20,,,225.00000000000003,0.9982638888888888,1108.4,0.9914475308641976,313.16666666666674,0.9975835905349794,46.08333333333333,0.9996444187242798,2334.616666666667,0.9819859825102881,786.5833333333334,0.9939306841563785,2289.75,0.9823321759259259,2678.6166666806366,0.9799983821185735,894.9666666666665,0.9930943930041153,945.1666666666667,0.9927070473251028,1107.7499999999998,0.9905028292181071,1164.6666666666667,0.9913032656312226,1505.05,0.9887615740740741,19,0.9998429232804233,536.75,0.9959920101553166,1767.6333333333334,0.986360853909465,1701.2666666666669,0.9872963958582238,5940.450000000001,0.9541631944444444,7775.466666666667,0.9419394663480685
681,GUJ5522,GUJ5522_H_Near Aroop Mor Gujranwala,3,C4-GUJ-01,,Enfrashare,EC1-GUJ-05009,1236.25,0.9904610339506174,1333.8333333333335,0.9897080761316873,47.99999999999999,0.9996296296296296,719.8333333333334,0.9944457304526749,147.25000000000003,0.9988638117283951,1018.4166666666666,0.9921418467078189,791.2500000000001,0.993894675925926,1802.3000000000002,0.9865419653524492,151.04999999999998,0.9988344907407408,952.85,0.9926477623456791,676.9666666666667,0.9941961019661637,661.5833333333333,0.9950598616089208,1654.9166666666667,0.9876424980087615,363.5833333333334,0.9969941854056438,0,1,952.7500000000001,0.9926485339506174,1763.1999999999998,0.9868339307048984,2390.3833333333337,0.9815556841563786,5627.733333333333,0.9579769016328156
682,GUJ3945,GUJ3945__SethiPlaza,3,C4-GUJ-01,9,,,1975.2499999999998,0.9847588734567901,1509.783333333333,0.9883504372427985,1715.5833333333335,0.9867624742798354,2199.9166666666665,0.9830253343621399,2153.1499999999996,0.9833861882716048,4038.616666666667,0.9688378343621399,3456.5000000000005,0.973329475308642,752.2166666222736,0.9943830894069424,853.9166666666666,0.9934111368312757,2008.75,0.9845003858024691,1164.9166666666667,0.9900127171925012,533.8333333333334,0.9960137893269614,1011.75,0.9924451164874551,579.75,0.9952070932539683,0,1,935.8500000000001,0.9927789351851852,2434.3833333333323,0.9818221077260055,1633.0833333333333,0.9873990483539095,6818.4000000041915,0.949086021505345
683,KQD5526,KQD5526_H_Khanqah Dogran Nankana Sahib,3,C4-HFZ-06,,Enfrashare,EC1-KQD-06448,39.24999999999999,0.9996971450617284,1225.1666666666667,0.9905465534979424,420,0.9967592592592592,0,1,19.75,0.9998476080246914,600.1666666666667,0.9953690843621399,2717.233333333333,0.9790336934156378,691.9166666666667,0.9948333582238152,442.3833333333333,0.9965865483539095,674.9166666666666,0.9947923096707819,1249.35,0.9892888374485597,1335.9166666666665,0.9900245171246516,2485.933333333333,0.9814371764237356,672.4000000000001,0.9944411375661376,698.8166666666666,0.9947818349263241,603.5,0.9953433641975309,2457.6000000000004,0.9816487455197133,1575.9166666666665,0.9878401491769547,4696.8999999876605,0.9649275686978221
684,SKT3424,SKT3424__MohallaBijliGhar,3,C4-SKT-03,27,,,96.41666666666666,0.9992560442386831,951.0000000000002,0.9926620370370371,370.0833333333333,0.9971444187242798,513.6666666666667,0.9960365226337449,1483.25,0.9885551697530864,272.4166666666667,0.9978980195473252,138.16666666666669,0.9989338991769547,7369.600000003413,0.9449701314217188,7959.466666666664,0.9385843621399177,507.2166666666667,0.9960862911522633,109.08333333333334,0.9990647862368541,503.4999999999999,0.9962402927120669,415.70000000000005,0.996895908004779,66.5,0.9994502314814815,0,1,453.9,0.9964976851851851,76.25000000000001,0.9994306302270012,421.25,0.9967496141975309,84.75,0.999367159498208
685,GUJ9451,GUJ9451__S_Mubarak shah RD Warid_MDGJ4157,3,C4-GUJ-02,27,,,1370.3333333333335,0.989426440329218,2194.0833333333335,0.9830703446502058,2975.183333333333,0.9770433384773662,1407.166666666667,0.989142232510288,1424.6666666666665,0.9890072016460906,3626.116666666666,0.9720207047325102,2127.083333333333,0.9835873199588476,1195.416666666667,0.9910736509358822,388.16666666666663,0.9970048868312757,581.3333333333333,0.9955144032921811,1513.75,0.9870220336076818,667.0833333333334,0.9950187923138192,1413.8833333333334,0.9894423287534846,1052.716666666667,0.9912969852292768,894.8,0.9933183990442055,4227.333333333333,0.9673816872427983,981.9666666666667,0.9926675129430506,2939.6499999999996,0.9773175154320988,955.1333333333333,0.9928678813221823
686,GJR3428,GJR3428__GarhiAhmedabad,3,C4-GRT-04,20,,,306.5,0.9976350308641975,2233.1833333333334,0.9827686471193415,1080.9,0.9916597222222222,317.04999999999995,0.9975536265432099,1685.3999999999996,0.9869953703703703,547.05,0.9957789351851852,1157.7833333333335,0.9910664866255143,1045.7833333141637,0.9921909846676062,528.7500000000001,0.9959201388888889,189.66666666666663,0.9985365226337448,102.91666666666666,0.999117655464106,0,1,1391.8333333333333,0.9896069792911191,313.25,0.997410300925926,466.26666666666665,0.9965183193946635,1715.9166666666667,0.9867599022633745,1208,0.9909796893667862,2052.633333333333,0.984161779835391,2686.86666665681,0.979936778176099
687,AMN3902,AMN3902__GUJAimnabadCity,3,C4-GUJ-01,30,,,898.2499999999999,0.9930690586419754,818.0333333333333,0.9936880144032922,677.4166666666666,0.9947730195473251,1618.8333333333335,0.9875090020576132,253.0833333333334,0.9980471965020575,284.33333333333337,0.9978060699588477,201.58333333333334,0.9984445730452675,2186.8999999939156,0.9836701015532116,5042.949999999999,0.9610883487654321,766.0833333333333,0.9940888631687242,478.99999999999994,0.9958933470507545,0,1,375.5,0.9971960872162485,285.8333333333333,0.9976369598765431,211.33333333333334,0.9984219434488252,1443.4499999999998,0.9888622685185186,2039.65,0.9847696385902032,2595.05,0.9799764660493827,3215.65,0.9759882765830347
688,HWY0478,HWY0478__MalikPura,3,C4-MBD-08,9,,,1669.7500000000002,0.9871161265432099,587.8333333333334,0.9954642489711933,33.50000000000001,0.999741512345679,348.1,0.9973140432098765,223.5,0.9982754629629629,36.5,0.9997183641975309,1029.416666666667,0.992056970164609,525.3333333333333,0.9960772600557547,120.53333333333333,0.9990699588477366,267.83333333333337,0.9979333847736624,216.5,0.9981438614540467,624.6666666666667,0.9953355236957386,637.25,0.9952415621266428,424.5666666666667,0.9964900242504409,577.9166666666666,0.9956846127041019,1309.4166666666667,0.9898964763374485,1538.8333333333335,0.988509309040223,1566.2,0.9879151234567901,1189.3000000000002,0.9911193249701314
689,KTL6094,KTL6094__S_NokhwalWarid_MDSK1984,3,C4-SKT-03,30,,,521.55,0.9959756944444444,0,1,14.083333333333332,0.9998913323045268,0,1,348.48333333333335,0.9973110853909465,263.5833333333333,0.997966177983539,0,1,3746.083333333333,0.9720274542015133,35.00000000000001,0.999729938271605,1351.3666666666666,0.9895727880658436,552.75,0.9952610596707819,0,1,752.0833333333334,0.9943840850258862,0,1,0,1,830.8333333333335,0.9935892489711934,0,1,269.9166666666667,0.997917309670782,529.1666666666666,0.9960486360015931
690,RUR0181,RUR0181__BankayCheema,4,C4-GUJ-02,,GLO,,822.1666666666666,0.9952420910493827,0,1,878.8999999999999,0.9949137731481481,0,1,1720.9,0.990041087962963,146.66666666666663,0.9991512345679012,3631.4333333333348,0.9789847608024691,0,1,0,1,13,0.9999247685185185,361.5,0.9976755401234568,414.0833333333333,0.9976809849163679,0,1,0,1,0,1,0,1,1370.7833333333333,0.9923231220131421,155.75,0.9990986689814815,3244.5333333333324,0.9818294504181602
691,RUR0511,RUR0511__KotliKohal,3,C4-GRT-04,,GLO,,1094.3166666666666,0.9915561985596707,1131.3333333333335,0.9912705761316873,7.250000000000001,0.9999440586419753,0,1,687.9500000000003,0.9946917438271605,156.49999999999997,0.9987924382716049,31.250000000000007,0.9997588734567902,0,1,1571.5833333333333,0.9878735853909465,1280.6833333333334,0.9901181841563786,1224.5833333333335,0.9895011716963877,1865.4666666666667,0.9860702907208284,2304.7,0.9827904719235364,500.7499999999999,0.9958602017195767,879.3833333333333,0.9934335175228992,568.95,0.9956099537037036,80.55000000000001,0.9993985215053763,319.1666666666667,0.9975372942386831,192.50000000000006,0.9985625746714456
692,RUR8759,RUR8759__Matwanwala,4,C4-MBD-08,9,,,197,0.9988599537037036,721.9166666666667,0.9958222415123457,61.41666666666666,0.9996445794753086,2330.0333333333333,0.9865160108024692,612.6666666666667,0.9964544753086421,0,1,1768.4999999999995,0.989765625,115.00000001024455,0.9993559587813046,164.66666666666663,0.9990470679012345,841.7333333333331,0.9951288580246914,1507.45,0.9903070344650206,110.25,0.9993825604838711,1127.4,0.9936861559139786,0,1,653.25,0.996341565860215,2248.833333333333,0.9869859182098766,1558.9,0.9912696012544803,511.7500000000001,0.9970384837962963,7211.333333333331,0.9596139486260453
693,NRW4001,NRW4001__ZafarwalChkNarrowal,3,C4-NRW-05,20,,,212.08333333333331,0.998363554526749,0,1,220.49999999999997,0.9982986111111112,470.5833333333333,0.9963689557613169,949.8666666666666,0.9926707818930041,4465.616666666668,0.9655430812757202,6956.199999999998,0.9463256172839506,3872.6499999934035,0.9710823626045892,2793.333333333333,0.9784465020576131,402.08333333333337,0.9968975051440329,783.05,0.9932866083676269,585.6499999999999,0.995626866786141,2062.616666666667,0.9845981431700518,321.3833333333334,0.9973430610670193,753.0833333333334,0.9943766178813221,1631.3,0.9874128086419753,3098.833333333333,0.9768605635205097,2082.166666666667,0.9839338991769547,8511.35,0.93644451911589
694,GUJ9409,GUJ9409__S_Highway staff clny Warid_GJ4220,3,C4-GUJ-02,20,,,0,1,390,0.9969907407407408,1070.4166666666667,0.9917406121399176,78,0.9993981481481481,1035.5333333333333,0.9920097736625515,823.0833333333335,0.9936490483539094,1192.5,0.9907986111111111,521,0.9961096176821984,126.08333333333334,0.9990271347736625,95.25,0.9992650462962963,287.75,0.9975330075445816,230.75,0.9982769563918759,3597.133333333333,0.973139685384309,2173.0833333333335,0.982034694664903,1613,0.987955495818399,1201.0333333333333,0.990732767489712,4711.233333333333,0.9648205396256472,330.5833333333333,0.9974492026748972,2687.666666666667,0.9799308044603744
695,SKG1155,SKG1155__Zafirwallrailway_Stn,3,C4-NRW-05,,UFONE,3665,1695.9166666666665,0.9869142232510287,5299.750000000001,0.9591068672839507,4882.833333333333,0.962323816872428,8211.283333333333,0.9366413323045267,6916.116666666667,0.9466349022633744,6038.916666666667,0.953403420781893,16275.4,0.8744182098765433,12765.683333333332,0.9046767970927917,6585.916666666665,0.9491827417695474,7237.983333333334,0.9441513631687244,6200.55,0.9468402777777777,7999.499999999999,0.9402665770609319,9785.299999999997,0.9269317502986858,2407.916666666667,0.9800932815255732,3662.516666666667,0.9726514585822382,3445.9333333333325,0.9734110082304527,3147.2999999999993,0.9764986559139786,2454.6333333333328,0.9810599279835391,3800.7333333333336,0.971619374751095
696,GUJ9511,GUJ9511__S_Gujranawala cantt_GJ4207,4,C4-GUJ-02,27,,,451.6666666666668,0.997386188271605,72.91666666666666,0.9995780285493826,0,1,140.16666666666666,0.999188850308642,935.5,0.9945862268518519,1077.4333333333332,0.9937648533950617,956.25,0.9944661458333333,327.74999999999994,0.9981644825268817,673.8333333333333,0.9961005015432098,2444.6666666666665,0.9858526234567901,2218.7166666666667,0.9857335605281208,0,1,1537.8000000000002,0.9913877688172044,706.1500000000001,0.9956215897817461,1393.9666666666665,0.9921932870370371,1321.1666666666667,0.9923543595679013,2095.0833333333335,0.9882667824074075,5412.066666666665,0.9686801697530865,4834.733333333333,0.9729237604540024
697,MDK3078,MDK3078__MadoKhail,3,C4-GUJ-02,30,,,0,1,235.83333333333331,0.9981802983539094,0,1,212,0.9983641975308641,2057.4166666666665,0.984124871399177,793.7500000000001,0.9938753858024691,482.5,0.9962770061728395,1132.8500000129297,0.991540845280668,3289.883333333334,0.9746150977366256,2205.383333333333,0.9829831532921811,293.90000000000003,0.9974802812071331,1648.2,0.9876926523297491,402.75,0.9969926075268818,375.24999999999994,0.9968977347883597,88.33333333333334,0.9993404022301872,1467.866666666667,0.9886738683127573,90.66666666666667,0.9993229788928715,581.25,0.9955150462962963,10520.316666666664,0.9214432745917961
698,RUR3396,RUR3396__SKGMCBChowkZafarwal,3,C4-NRW-05,30,,,350.0166666666666,0.9972992541152262,0,1,0,1,357.5,0.997241512345679,277,0.9978626543209876,111.83333333333334,0.9991370884773663,1076.9333333333334,0.991690329218107,16458.616666666665,0.8771011300278774,7991.15,0.9383398919753086,908.3333333333335,0.9929912551440329,1216.5833333333333,0.9895697588020118,7.749999999999999,0.9999421296296296,1123.2833333333333,0.9916122809637595,193.91666666666666,0.9983968529541447,636.5833333333333,0.9952465402230187,2172.1000000000004,0.9832399691358025,0,1,4210.9,0.967508487654321,107.50000000000003,0.9991972819593787
699,SKT0020,SKT0020__QilaSialkot,3,C4-SKT-03,27,,,118.3333333333333,0.9990869341563786,957.2833333333333,0.9926135545267489,14159.01666666667,0.8907483281893004,11411.066666666668,0.9119516460905349,4003.3000000000006,0.9691103395061728,6064.199999999999,0.9532083333333334,9591.366666666669,0.9259925411522633,5276.350000009314,0.9606007317800977,6714.366666666666,0.9481916152263374,797.3333333333334,0.9938477366255144,6175.316666666667,0.9470566129401006,1275.5833333333333,0.9904750348466745,14974.566666666668,0.888182745917961,861.0833333333333,0.9928812555114638,5071.916666666665,0.9621272650338512,12075.01666666667,0.9068285751028806,2555.5,0.9809177120669057,3996.9999999999995,0.969158950617284,5425.383333334186,0.9594878783353182
700,RUR5008,RUR5008__S_kalaswala Warid_MDPR3956,3,C4-NRW-05,,Ufone,3498,175,0.9986496913580247,1296.7500000000002,0.9899942129629629,899.4166666666665,0.9930600565843622,139.00000000000003,0.9989274691358025,7391.766666666667,0.9429647633744855,1198.5833333333333,0.9907516718106996,2037.9999999999998,0.9842746913580247,1838.55,0.9862712813620071,7841.933333333333,0.9394912551440329,3508.6500000000005,0.9729270833333333,2968.283333333333,0.9745517546867856,3959.6166666666672,0.9704329699322979,8926.200000000003,0.9333467741935483,3945.3499999999995,0.9673830191798942,593.0833333333333,0.9955713610115492,5088.500000000001,0.9607368827160494,1192.8166666666666,0.9910930655117483,2497.2,0.9807314814814815,2878.2833333333333,0.978507442254082
701,SKT9473,SKT9473__S_Darbar_Sarwar_Shah_MDSK4288,3,C4-SKT-03,27,,,178.25,0.9986246141975309,6.500000000000001,0.9999498456790125,436.74999999999994,0.9966300154320987,351.0833333333333,0.9972910236625515,2272.0333333333333,0.9824688786008231,18.75,0.9998553240740741,0,1,5049.966666678541,0.9622911688569404,700.5,0.9945949074074075,919.4999999999998,0.9929050925925926,442.74999999999994,0.9962041323731138,856.6666666666666,0.9936031461569095,1062.3000000000002,0.9920676523297491,992.9166666666666,0.9917913635361552,439.7499999999999,0.9967163231780166,1351.3833333333334,0.9895726594650206,1946.9499999999998,0.9854618428912784,2438.866666666667,0.9811815843621399,3150.783333323151,0.9764726453604902
702,SKT3811,SKT3811__FazilChwkGulshan,3,C4-SKT-03,30,,,0,1,398.7500000000001,0.9969232253086421,0,1,0,1,304.2833333333334,0.9976521347736625,2569.866666666667,0.9801707818930041,215.74999999999997,0.9983352623456789,1122.083333333333,0.9916212415372361,304.5,0.9976504629629629,1420.1666666666667,0.9890419238683127,1264.666666666667,0.9891575217192501,0,1,0,1,3993.4833333333327,0.9669850914902999,26.25,0.999803987455197,0,1,51.5,0.9996154420549581,802.5,0.9938078703703703,2286.466666666667,0.9829266228594186
703,Guj3746,Guj3746__Gulshantown,3,C4-GUJ-02,30,,,549,0.9957638888888889,527.0833333333333,0.9959329989711934,635.5833333333335,0.9950958076131687,1350,0.9895833333333333,663.4166666666666,0.9948810442386831,281.75,0.9978260030864198,616.5,0.9952430555555556,1089.9833333624374,0.9918609368775206,527.75,0.9959278549382716,719.3,0.9944498456790123,318.75,0.997267232510288,328.8333333333333,0.9975445539625647,207.33333333333331,0.9984518120270809,556.3,0.995400958994709,1100.1333333333332,0.9917851453604142,3578.35,0.972389274691358,548.2500000000002,0.9959061379928315,1916.5666666666666,0.9852116769547326,3212.383333333333,0.9760126692552769
704,MCK6200,MCK6200__S_Mano_Chak_MDPH1591,3,C4-MBD-08,20,,,302.25,0.9976678240740741,490.33333333333326,0.9962165637860082,254.33333333333331,0.9980375514403292,242.91666666666669,0.9981256430041152,32.41666666666667,0.999749871399177,322.7499999999999,0.9975096450617283,27.833333333333336,0.9997852366255144,876.0166666666668,0.9934586569095978,0,1,0,1,0,1,31.250000000000004,0.9997666517323774,0,1,134.49999999999997,0.9988880621693121,0,1,0,1,0,1,0,1,1081.3999999999996,0.9919250298685783
705,GUJ6136,GUJ6136__S_JannatTown,3,C4-GUJ-02,,E.co,e.coPK018507PU,1977.7500000000005,0.9847395833333333,1581.5000000000002,0.9877970679012346,898.1666666666667,0.9930697016460905,1819.1666666666663,0.985963220164609,0,1,0,1,669,0.9948379629629629,1360.3000000000002,0.9898424432497014,978.75,0.9924479166666668,2502.55,0.980690200617284,2547.5,0.9781592935528122,3452.633333333333,0.9742186877737953,4678.7,0.9650634707287934,4344.5,0.964083167989418,3136.9333333333334,0.9765760653126244,3953.75,0.9694926697530865,0,1,143.33333333333337,0.9988940329218107,2115.1666666666665,0.9842057447232179
706,RUR0733,RUR0733_Mona Depot,3,C4-MBD-08,9,,,379.2500000000001,0.9970736882716049,21.75,0.999832175925926,490.75,0.9962133487654321,0,1,2973.266666666667,0.9770581275720164,2253.233333333333,0.9826139403292181,2465.8999999999996,0.9809729938271604,2456.8833333584016,0.9816540969731302,981.6333333333334,0.9924256687242798,0,1,0,1,39.58333333333334,0.9997044255276782,209.25,0.9984375,15.5,0.9998718584656084,0,1,749.25,0.99421875,0,1,57,0.9995601851851852,9.5,0.9999290621266428
707,HFQ6172,HFQ6172__S_Head_Faqeeriyan_MandiBahaodin warid_MR335412,3,C4-MBD-08,,GLO,,206.05,0.9984101080246914,21.333333333333332,0.9998353909465021,3510.8500000000004,0.9729101080246914,0,1,384.3333333333335,0.9970344650205761,158.41666666666666,0.9987776491769548,3225.2999999999993,0.975113425925926,0,1,302.4166666666667,0.9976665380658436,865.4166666666667,0.9933224022633744,0,1,39.75,0.9997031810035842,1937.8166666666668,0.9855300428116288,15.75,0.9998697916666667,0,1,630.9833333333333,0.9951313014403292,0,1,38.75000000000001,0.9997010030864197,11.25,0.9999159946236559
708,GUJ9485,GUJ9485__S_Railway_Track_Rahwali_GJ1600,3,C4-GUJ-02,,GLO,,1545.333333333333,0.9880761316872427,1789.0833333333333,0.9861953446502058,1531.9166666666667,0.9881796553497942,47.25,0.9996354166666667,2666.95,0.9794216820987655,263.75,0.9979648919753086,465.74999999999994,0.99640625,2505.0999999975165,0.9812940561529457,0,1,2764.4166666666665,0.9786696244855968,55.083333333333336,0.999527749199817,1830.8000000000004,0.9863291517323775,2428.45,0.9818664127837515,9.333333333333332,0.9999228395061728,741.2000000000002,0.9944653524492234,1917.0500000000002,0.9852079475308642,5592.733333333333,0.9582382516925527,6055.349999999999,0.9532766203703704,5176.783333324951,0.9613442104739773
709,NRW3788,NRW3788__MohallaLodhran,3,C4-NRW-05,13,,,487.66666666666663,0.9962371399176955,0,1,71.41666666666669,0.999448945473251,272.4166666666667,0.9978980195473252,168.16666666666663,0.9987024176954732,248.25,0.9980844907407408,819.5833333333333,0.9936760545267489,844.1666666666665,0.9936964854639586,1080.4333333333332,0.9916633230452675,631.5833333333333,0.9951266718106996,998.8833333333334,0.9914361854138088,631,0.9952882317801672,961.1500000000001,0.9928229540023895,186.41666666666666,0.9984588569223987,426.0833333333333,0.9968183741537235,590.6666666666666,0.9954423868312757,4829.583333333334,0.9639368030665074,3639.766666666667,0.9719153806584362,2737.9499999999994,0.9795553315412187
710,GUJ4838,GUJ4838__S_GujranwalaCantt,3,C4-GUJ-02,20,,,338.5833333333333,0.9973874742798354,417.91666666666663,0.9967753343621399,0,1,350.3333333333333,0.9972968106995884,550.6833333333334,0.9957509002057613,1990.9833333333336,0.9846374742798354,724.25,0.9944116512345679,245.16666666666663,0.9981693050577459,146.66666666666666,0.9988683127572017,485.99999999999994,0.99625,3987.4999999999995,0.9658136145404664,285.25,0.9978699970131422,4003.2,0.9701075268817205,0,1,14,0.9998954599761052,1736.1666666666665,0.9866036522633744,296.75,0.9977841248506572,0,1,992.0833333333335,0.9925919703305456
711,RUR5385,RUR5385__S_NatKalan,3,C4-GUJ-02,,Enfrashare,EC1-GKR-01659,345.0833333333333,0.9973373199588477,108.75000000000004,0.9991608796296296,155,0.998804012345679,0,1,0,1,996.5333333333335,0.9923106995884774,558.1666666666667,0.995693158436214,428.38333333333344,0.9968011997212265,115.80000000000001,0.9991064814814815,599.9166666666669,0.9953710133744856,168.49999999999997,0.9985553840877915,62.25,0.9995351702508961,563.9166666666666,0.9957891527279967,131.75,0.9989107969576719,406.8333333333333,0.9969621166865791,742.7500000000001,0.9942689043209876,1343.5833333333333,0.9899672690163281,2616.2833333333338,0.9798126286008231,5459.450000000002,0.9592334976105137
712,RUR4533,RUR4533__MBNFahdFlourMill,3,C4-MBD-08,20,,,2046.75,0.984207175925926,2053.5666666666666,0.9841545781893004,2356.1666666666665,0.9818197016460906,3748.250000000001,0.9710783179012346,3318.316666666667,0.9743957047325102,1221,0.9905787037037037,1968.6833333333334,0.98480954218107,577.2333333275126,0.9956897152529308,523.3333333333333,0.9959619341563786,312.05000000000007,0.9975922067901234,204.46666666666664,0.9982470278920895,57.58333333333334,0.9995700169255276,312.5000000000001,0.9976665173237754,196.75,0.9983734292328041,681.2499999999999,0.9949130077658304,589.1666666666666,0.9954539609053498,175.24999999999997,0.9986913829151733,53.25,0.9995891203703704,8.916666666666666,0.9999334179609717
713,WZB0060,WZB0060__DhonkalRdWazir_B,3,C4-WZD-07,30,,,445.25000000000006,0.9965644290123457,265.16666666666663,0.9979539609053498,168.25000000000003,0.998701774691358,129.5,0.9990007716049383,1809.75,0.9860358796296296,723.4166666666666,0.9944180812757202,1000.2666666666668,0.9922818930041153,396.41666666666663,0.9970398994424532,590.7499999999999,0.9954417438271606,563.0833333333333,0.9956552211934157,135.41666666666666,0.998839020347508,437.5,0.9967331242532856,119.75000000000001,0.9991058094384706,393.9166666666667,0.9967434138007054,443.58333333333326,0.996687699123855,563.1666666666666,0.9956545781893005,181.58333333333337,0.9986440909996017,239.58333333333331,0.9981513631687242,1108.6833333333334,0.9917213012743926
714,GJR0766,GJR0766__GJRServiceMoreGujrat,3,C4-GRT-04,27,,,0,1,0,1,521.0666666666666,0.9959794238683127,122.33333333333336,0.9990560699588477,649.2833333333334,0.9949900977366255,0,1,245.75,0.9981037808641975,363.33333333333337,0.9972869374751094,3260.2666666666664,0.9748436213991769,233.5,0.9981983024691359,101.50000000000003,0.9991298010973937,117.50000000000003,0.9991226105137396,1223.0833333333335,0.9908670599362803,213,0.9982390873015874,0,1,2589.8166666666666,0.980016846707819,468.2833333333333,0.9965032606531262,0,1,169.75000000000003,0.9987324522102747
715,MCK8972,MCK8972__RanmalSharif,3,C4-MBD-08,9,,,244.49999999999997,0.998113425925926,1378.833333333333,0.989360853909465,2291.416666666667,0.9823193158436214,1639.1,0.9873526234567902,3586.3666666666677,0.9723274176954732,2761.4333333333334,0.9786926440329218,2473.466666666667,0.9809146090534979,2421.700000009453,0.9819168160094874,2439.3333333333335,0.9811779835390947,249.08333333333331,0.9980780606995885,829.6666666666666,0.9928869455875629,1493.0666666666662,0.9888510553564318,312.41666666666674,0.9976671395858224,134.58333333333331,0.9988873732363315,80.75,0.9993970280764636,13.75,0.9998939043209876,0,1,0,1,276.5,0.9979353345280765
716,SKT8133,SKT8133__Q_GhalaMandi,2,C4-SKT-03,,,,83.33333333333331,0.9990354938271605,93.83333333333331,0.9989139660493827,0,1,1005.75,0.988359375,23.5,0.9997280092592592,171.16666666666666,0.9980189043209876,1435.1333333333332,0.9833896604938271,1509.2166666502133,0.9830956914577709,1337.5833333333333,0.984518711419753,0,1,25.33333333333334,0.9996742112482854,20.16666666666666,0.9997741188769415,0,1,0,1,0,1,44.16666666666667,0.9994888117283951,0,1,299.8333333333333,0.9965297067901234,348.91666666666663,0.996091883213859
717,BBK9608,BBK9608__KhanPuraNorowal,3,C4-NRW-05,27,,,493.91666666666674,0.9961889146090535,639.6666666666667,0.9950643004115226,779.0833333333333,0.993988554526749,606.9166666666666,0.9953170010288066,1908,0.9852777777777777,246.91666666666669,0.9980947788065844,1129.5,0.9912847222222223,1602.750000010167,0.9880320340501032,801.2166666666666,0.9938177726337449,473,0.9963503086419753,216.25,0.9981460048010975,1158.4166666666665,0.9913499352847471,344.91666666666674,0.997424457387495,0,1,0,1,923.25,0.9928761574074074,251.79999999999998,0.9981197729988053,3.166666666666666,0.9999755658436215,108.25,0.9991916816009558
718,GUJ5712,GUJ35712__S_KohloWala,3,C4-GUJ-01,,Enfrashare,EC1-GUJ-02524,0,1,1667.333333333333,0.9871347736625515,24.833333333333332,0.9998083847736625,567.6166666666666,0.9956202417695473,10584.8,0.9183271604938271,2205.0666666666666,0.9829855967078189,2690.366666666667,0.9792409979423868,44.49999999999999,0.9996677120669056,0,1,598.75,0.9953800154320988,174.49999999999997,0.9985039437585733,1905.1666666666667,0.9857738450816407,5954.183333333333,0.9555392522899243,2549.8,0.9789203042328042,773.5833333333335,0.9942235414177618,5697.916666666665,0.9560345936213992,864.6666666666666,0.9935434090003983,4917.549999999999,0.9620559413580247,3973.25,0.9703311678614098
719,RUR4999,RUR4999__NRWMundiKhailNRW,3,C4-NRW-05,,GLO,,34.74999999999999,0.9997318672839506,794.75,0.9938676697530865,485.5,0.9962538580246914,519.8333333333335,0.995988940329218,1536.3333333333335,0.9881455761316873,123.25000000000003,0.9990489969135803,2154.2000000000003,0.9833780864197531,4687.55,0.9649973864994027,12071.566666666668,0.906855195473251,1486.05,0.9885335648148148,3034.333333333333,0.9739854823959762,304.98333333333335,0.9977226453604142,458.33333333333337,0.9965775587415372,940.0833333333334,0.9922281470458553,2484.95,0.98144451911589,456.4999999999999,0.9964776234567901,3635.316666666666,0.9728545649143767,9837.516666666668,0.9240932355967079,0,1
720,QMZ1531,QMZ1531_S_MangatWarid_113520,4,C4-HFZ-06,20,,,1798.9666666666667,0.989589313271605,637.75,0.9963093171296297,813.2666666666668,0.9952935956790124,0,1,583.7166666666668,0.9966220100308643,1237.4,0.9928391203703704,307,0.9982233796296296,2065.6666666832753,0.9884315262842559,2322.45,0.9865598958333334,481.4166666666667,0.997214023919753,926.0833333333333,0.9940452460562414,796.8333333333334,0.9955374477299881,968.0833333333334,0.9945783863500597,0,1,402.8333333333333,0.997743988948626,1025.8166666666668,0.9940635609567902,542.4166666666666,0.9969622722520909,394.48333333333335,0.9977171103395063,3887.116666666666,0.9782307534348865
721,GUJ9464,GUJ9464__S_Chicherwali Warid_MDGJ4218,3,C4-GUJ-01,30,,,257.8,0.9980108024691359,283.9166666666666,0.9978092849794238,769.9166666666665,0.9940592849794239,18.916666666666668,0.9998540380658436,720.2833333333333,0.9944422582304527,1438.4999999999998,0.9889004629629629,2104.1,0.9837646604938272,0,1,12.5,0.9999035493827161,464.33333333333337,0.9964171810699588,157.99999999999997,0.9986454046639232,28.75,0.9997853195937872,1135.1333333333332,0.991523795300677,49.66666666666666,0.9995893959435627,57.25000000000001,0.9995725059737157,1862.7666666666667,0.9856268004115226,849.6666666666669,0.9936554161688571,998.9666666666668,0.9922919238683128,1052.3833333333332,0.9921417015133414
722,NRW9815,NRW9815__GunjHussain,3,C4-NRW-05,"33,30",,,0,1,22.000000000000004,0.9998302469135802,0,1,0,1,332.9166666666667,0.9974311985596708,222.66666666666669,0.9982818930041152,0,1,0,1,0,1,0,1,0,1,0,1,0,1,76.91666666666666,0.9993641148589066,0,1,56.33333333333334,0.999565329218107,32.833333333333336,0.9997548287534846,3.15,0.9999756944444446,0,1
723,KTN3416,KTN3416__Baghban_Pur_Norowal,3,C4-NRW-05,20,,,1365.0833333333333,0.9894669495884775,392.33333333333337,0.9969727366255143,234.58333333333337,0.9981899434156378,1128.25,0.9912943672839506,1218.75,0.9905960648148148,989.4999999999999,0.9923649691358025,1700.3333333333333,0.9868801440329219,6856.149999992471,0.9488041367981447,4295.833333333333,0.9668531378600824,925.9666666666664,0.9928551954732511,1761.0500000000002,0.9849018347050754,2584.0666666666666,0.9807044006371963,1605.7166666666667,0.9880098815213063,117.41666666666667,0.9990292934303351,1508.4833333333336,0.9887359368777379,4403.633333333333,0.9660213477366255,3173.5666666666666,0.9763025189167662,195,0.9984953703703704,99.08333333333334,0.999260130426125
724,GUJ9993,GUJ9993__Taj_Pura,4,C4-GUJ-02,30,,,467.41666666666674,0.9972950424382716,113.83333333333334,0.9993412422839506,153,0.9991145833333333,0,1,1419.9166666666665,0.9917828896604938,899.8333333333334,0.9947926311728394,323.93333333333334,0.9981253858024691,476.5833333333334,0.9973309625149344,285.2833333333333,0.9983490547839505,195.16666666666669,0.998870563271605,4124.900000000001,0.9734767232510287,104.33333333333333,0.9994156959378734,287.83333333333337,0.9983880301672641,28,0.9998263888888889,0,1,896.3333333333335,0.9948128858024691,9677.316666666668,0.9458035580943848,2192.549999999999,0.9873116319444445,1982.233333333333,0.988898782855436
725,GML9905,GML9905__GumtalNarowal,3,C4-NRW-05,31,,,446.25,0.9965567129629629,93.08333333333334,0.9992817644032922,0,1,129.5,0.9990007716049383,0,1,0,1,468.75,0.9963831018518519,1252.2166666666665,0.9906495171246515,2999.6166666666672,0.9768548096707819,1807.4833333333331,0.9860533693415638,1070.2666666666667,0.9908241883859168,226.33333333333337,0.9983099362803664,213.33333333333331,0.9984070091596974,0,1,0,1,228.43333333333334,0.9982373971193416,0,1,133.25,0.9989718364197531,117.83333333333334,0.9991201214655515
726,KMK5925,KMK5925__S_Mandiala RD-KMK Warid_IK1566,3,C4-GUJ-01,30,,,57,0.9995601851851852,0,1,116.66666666666669,0.9990997942386831,1512.1666666666667,0.9883320473251028,2152.7500000000005,0.983389274691358,1614.5833333333333,0.9875417952674898,1520.3666666666663,0.9882687757201646,856.4,0.99360513739546,446.7833333333333,0.9965525977366255,488.5,0.9962307098765432,1500.7166666666665,0.9871337734339278,927,0.9930779569892474,160.66666666666663,0.9988002787733969,323.25000000000006,0.9973276289682539,1789.366666666667,0.9866385404221425,556.3166666666665,0.995707433127572,652,0.995131421744325,1449.783333333333,0.9888134002057614,1049.0500000000002,0.992166591995221
727,GJR5875,GJR5875__T_ServiceIndustriesGujrat ,1,C4-GRT-04,,,,864.7166666666666,0.9799834104938272,25,0.9994212962962963,220.85,0.9948877314814815,103.41666666666666,0.9976060956790124,231.98333333333335,0.9946300154320987,0,1,92.41666666666667,0.997860725308642,124.58333333333333,0.9972091547192353,31.91666666666667,0.9992611882716049,0,1,0,1,204.06666666666663,0.995428614097969,142,0.9968189964157707,50.08333333333333,0.9987578538359788,7.25,0.9998375896057348,156.58333333333331,0.9963753858024691,51.750000000000014,0.9988407258064517,1.916666666666667,0.9999556327160494,14.5,0.9996751792114695
728,GUJ0727,GUJ0727__MuhammadiTown,3,C4-GUJ-01,27,,,2917.916666666667,0.9774852109053498,1546.2,0.9880694444444444,2178.1833333333334,0.9831930298353909,284.33333333333337,0.9978060699588477,1139.1666666666667,0.991210133744856,526.6666666666666,0.9959362139917696,438.2499999999999,0.9966184413580247,755.7833333333333,0.9943564565909996,178.08333333333334,0.9986259002057614,1176.9166666666667,0.9909188528806584,410.75,0.9964784807956104,363.6666666666667,0.9972844484269215,3128.5,0.9766390382317802,319.74999999999994,0.9973565641534391,466.75,0.9965147102747909,1777.9833333333336,0.986280992798354,2147.75,0.9839624402628435,3339.9666666666667,0.9742286522633745,5344.133333329841,0.9600945838311691
729,SKT8135,SKT8135__Q_ChowkLorryAdda,2,C4-SKT-03,,,,0,1,0,1,559.6666666666666,0.9935223765432099,7506.016666666664,0.9131248070987655,0,1,606.6666666666666,0.9929783950617284,14.333333333333334,0.9998341049382716,5406.716666645649,0.939440897551012,7141.766666666666,0.9173406635802469,14,0.9998379629629629,0,1,4428.316666666666,0.9503996789127838,0,1,0,1,0,1,16.5,0.9998090277777777,270.3333333333334,0.996972072879331,11,0.9998726851851852,3.416666666666667,0.99996173088411
730,NRW1135,NRW1135__S_Narowal_2_Warid_MDNR5774,3,C4-NRW-05,30,,,638.5833333333334,0.9950726594650205,821.5833333333334,0.9936606224279835,71.16666666666666,0.9994508744855968,1402.1166666666668,0.9891811985596708,1699.95,0.9868831018518519,862.25,0.9933468364197531,3214.916666666666,0.9751935442386831,2192,0.98363201911589,2055.7833333333338,0.9841374742798353,1053.3333333333333,0.991872427983539,841.9166666666667,0.9927819215820759,826.8333333333334,0.9938259159697331,1275.3333333333333,0.9904769016328155,345.16666666666663,0.9971464395943562,940.55,0.9929767771804062,405.54999999999995,0.9968707561728395,3877.216666666668,0.9710482626443648,3496.4833333333336,0.9730209619341563,3779.9333333333334,0.9717746913580246
731,RUR0879,RUR0879__Chaprar,3,C4-SKT-03,27,,,133.75000000000003,0.9989679783950618,0,1,0,1,649.2500000000001,0.9949903549382717,2558.7166666666662,0.9802568158436215,924.7833333333334,0.9928643261316873,596.7166666666667,0.9953957047325104,9247.483333333332,0.9309477050975707,4299.883333333333,0.9668218878600823,833.9166666666666,0.99356545781893,407.25,0.996508487654321,1444.75,0.9892118428912784,3019.666666666667,0.9774517124651533,1020.3333333333333,0.991564704585538,141.33333333333331,0.9989446435682994,836.1166666666666,0.9935484825102882,2410.833333333333,0.9819979589804859,1759.9166666666665,0.986420396090535,1536.5,0.9885267323775387
732,MIR2211,MIR2211__BhaoGhaseetPur,4,C4-MBD-08,27,,,2159.1666666666665,0.9875048225308641,5249.683333333333,0.969619888117284,1912.9,0.9889299768518518,2479.5,0.9856510416666667,4468.616666666667,0.9741399498456791,784,0.9954629629629629,6069.583333333334,0.9648750964506173,512.9333333333333,0.9971273894862605,2523.083333333333,0.9853988233024691,1141.1666666666667,0.9933960262345678,1692.9833333333336,0.9891140474965706,784.6666666666669,0.9956055854241338,3033.45,0.9830115927419355,544.9166666666666,0.9966213004298942,334.33333333333326,0.9981276135005973,2045.5166666666673,0.9881625192901233,1075.8333333333335,0.9939749477299881,5593.733333333333,0.9676288580246915,6557.2333333333345,0.9632771430704898
733,SKT9484,SKT9484__S_Hotel Taj Mahal_MDSK4283,3,C4-SKT-03,30,,,8.333333333333332,0.9999356995884774,319.16666666666663,0.9975372942386831,0,1,19.25,0.9998514660493827,345.7,0.997332561728395,0,1,354.3333333333333,0.9972659465020576,4350.33333331331,0.967515432098915,72.5,0.9994405864197531,0,1,3520.5499999999997,0.9698169581618656,548.9166666666666,0.9959011598964556,347,0.9974089008363203,65.49999999999999,0.9994584986772488,90.75,0.9993223566308244,0,1,46.66666666666668,0.9996515332536837,248.78333333333333,0.9980803755144033,442.25,0.9966976553166069
734,MBN4532,MBN4532__Rasoolroad,3,C4-MBD-08,,,,848.1833333333334,0.9934553755144033,1518.9166666666665,0.9882799639917695,11001.616666666665,0.9151109825102881,1217.5166666666667,0.9906055812757202,15657.333333333332,0.8791872427983539,3126,0.9758796296296296,2419.2666666666664,0.9813328189300411,4224.116666667908,0.9684579101951322,156.5,0.9987924382716049,857.2166666666667,0.9933856738683127,194.5,0.998332475994513,209.58333333333331,0.998435010951812,1246.5833333333335,0.9906915820390283,663.1666666666665,0.9945174713403879,471.4,0.9964799880525688,115.66666666666669,0.9991075102880659,476.79999999999995,0.9964396654719235,1808.9999999999998,0.9860416666666667,936.9166666666667,0.9930039078056551
735,RUR1731,RUR1731__Dhunni,3,C4-MBD-08,31,,,0,1,0,1,0,1,0,1,0,1,8.25,0.9999363425925926,23,0.9998225308641975,18.333333333333336,0.9998631023496616,111.25000000000003,0.9991415895061728,172.91666666666666,0.9986657664609053,514.5,0.9955889917695474,13,0.9999029271206691,156.66666666666669,0.9988301473516528,381.9000000000001,0.996842757936508,0,1,0,1,551.5833333333334,0.9958812475109518,0,1,469.75,0.9964923088410991
736,SKT5848,SKT5848__S_AlRehmatSuperStore,3,C4-SKT-03,,Enfrashare,EC1-SKT-01917,462.5,0.9964313271604938,0,1,0,1,188.08333333333334,0.9985487397119341,1444.45,0.9888545524691358,477,0.9963194444444444,226.91666666666669,0.9982490997942386,4754.650000000001,0.9644963410991637,84.16666666666669,0.9993505658436215,473.69999999999993,0.9963449074074074,0,1,5476.249999999999,0.9591080495818399,1592.4166666666667,0.9881091945440064,1451.3333333333335,0.9880015432098765,0,1,2100.5,0.9837924382716049,1520.2333333333333,0.988648197929112,71.75,0.9994463734567901,191.58333333333331,0.9985694195539625
737,GUJ6120,GUJ6120__S_OldTown,3,C4-GUJ-01,,E.co,e.coPK018508PU,531.75,0.9958969907407408,3320.9499999999994,0.9743753858024691,0,1,1155.9166666666665,0.9910808899176955,861.5000000000002,0.9933526234567901,987.3333333333331,0.9923816872427983,2794.75,0.9784355709876543,2813.9833333333336,0.978987579649542,10685.799999999997,0.9175478395061728,19712.916666666668,0.8478941615226337,7198.400000000001,0.9382853223593964,5214.966666666667,0.9610590900039824,3755.1833333333334,0.9719595031859817,3030.133333333333,0.9749492945326278,5406.349999999999,0.9596300029868579,6592.933333333334,0.9491286008230452,1437.0000000000002,0.9892697132616487,12094.600000000002,0.9066774691358025,12339.383333333331,0.9078600408203903
738,LLM0360,LLM0360__Lalamusa,3,C4-GRT-04,31+13,,,415.25,0.9967959104938272,150,0.9988425925925926,224.75,0.9982658179012346,183.16666666666669,0.9985866769547325,172.25000000000003,0.9986709104938272,0,1,0,1,0,1,327.80000000000007,0.9974706790123458,26.999999999999996,0.9997916666666667,0,1,0,1,862.9666666666667,0.9935561031461568,285.1333333333333,0.9976427469135802,0,1,0,1,375.16666666666663,0.9971985762644364,1.583333333333333,0.9999877829218107,0,1
739,ALC6522,ALC6522__S_NearSaidNagar,3,C4-HFZ-06,,E.co,e.coPK019336PU,2675.6666666666665,0.9793544238683127,1637.2,0.9873672839506173,0,1,0,1,405.2499999999999,0.9968730709876543,1712.7499999999995,0.986784336419753,4582.249999999999,0.9646431327160494,23.916666680481285,0.9998214107924097,1403.116666666667,0.9891734825102881,223.83333333333331,0.9982728909465021,3697.083333333333,0.9683034693644261,8821.466666666667,0.9341288331342095,4913.383333333333,0.9633110563520509,180.08333333333334,0.9985112158289242,2263.133333333333,0.9831008562325766,4801.600000000001,0.9629506172839506,1737.6666666666667,0.9870245917960971,4744.383333333333,0.9633921039094651,6656.683333333333,0.9502935832337713
740,GJR3734,GJR3734__RangpuraGujrat,3,C4-GRT-04,20+27,,,296.75,0.9977102623456789,794.3333333333331,0.9938708847736626,310.08333333333337,0.9976073816872427,500.49999999999994,0.9961381172839506,1482.6499999999999,0.988559799382716,674.4166666666667,0.9947961676954732,1036.8333333333333,0.9919997427983539,1399.799999986884,0.9895474910395246,1795.8999999999999,0.9861427469135802,164.33333333333331,0.9987319958847736,321.8166666666666,0.9972409407864654,530.5833333333334,0.9960380575467941,946.95,0.9929289874551971,63.999999999999986,0.9994708994708995,0,1,0,1,0,1,0,1,0,1
741,BGL2205,BGL2205__PindiHashim,3,C4-MBD-08,20,,,0,1,3031.9500000000003,0.976605324074074,149.00000000000003,0.9988503086419753,445.9166666666667,0.9965592849794238,779.5833333333333,0.9939846965020576,517.5833333333334,0.9960063014403292,633.4166666666665,0.9951125257201646,1380.2499999999998,0.9896934737156511,628.9333333333333,0.9951471193415639,139.5,0.9989236111111112,440.8833333333333,0.9962201360310928,232.41666666666669,0.998264511150936,2546.4833333333336,0.9809850408203903,1439.0833333333335,0.9881028163580247,1143.0500000000002,0.9914646804062127,1482.2999999999997,0.9885625,2471.9500000000003,0.981541591995221,1757.15,0.9864417438271604,1474,0.9889934289127837
742,RUR4320,RUR4320__HKUNPahrianwali,3,C4-MBD-08,33+20,,,0,1,0,1,0,1,0,1,340.71666666666664,0.9973710133744856,0,1,150.41666666666669,0.9988393775720165,18.916666666666664,0.9998587465153325,0,1,15.25,0.9998823302469135,0,1,0,1,0,1,134.49999999999997,0.9988880621693121,0,1,0,1,0,1,32.58333333333333,0.9997485853909466,0,1
743,HWY3181,HWY3181__S_Khatala_ChanabWarid_MDGU4248,3,C4-GRT-04,30,,,962.6333333333334,0.9925722736625515,312.05,0.9975922067901234,590.7166666666666,0.9954420010288065,214.58333333333337,0.9983442644032923,2952.2,0.9772206790123457,7779.999999999998,0.9399691358024691,375.16666666666663,0.997105195473251,625.43333333799,0.9953297988848716,0,1,0,1,497.53333333333336,0.9957344535893918,208.8333333333334,0.998440611310235,1342.0833333333335,0.989978469733174,128.75,0.9989355985449735,58.58333333333332,0.9995625497809638,1608.1666666666665,0.9875913065843622,167.58333333333334,0.9987486310234966,1027.8,0.9920694444444444,1146.1,0.9914419056152927
744,RUR5644,RUR5644__S_MariKhokhran,3,C4-GRT-04,,Enfrashare,EC1-GUT-02248,465,0.9964120370370371,708.5833333333333,0.9945325360082304,24.249999999999996,0.9998128858024691,388.6333333333333,0.9970012860082305,352.9166666666667,0.9972768775720166,0,1,0,1,3332.233333333334,0.9751177319792912,0,1,40.58333333333333,0.9996868569958848,0,1,0,1,0,1,15.75,0.9998697916666667,788.75,0.9941102897252091,0,1,0,1,876.9999999999999,0.993233024691358,0,1
745,RUR9651,RUR9651__VllgeDialprNoorKot_N,3,C4-NRW-05,,GLO,,1384.666666666667,0.9893158436213991,0,1,0,1,3491.833333333333,0.973056841563786,2769.1666666666665,0.9786329732510288,575.6666666666666,0.9955581275720164,1159.0833333333333,0.991056455761317,8380.233333333332,0.9374235862206293,1189.3833333333332,0.9908226594650206,612,0.9952777777777777,1427.466666666667,0.9877617741197988,1178.9999999999998,0.9911962365591398,1659.5499999999997,0.9876079002389485,206.25,0.9982948908730158,547.3,0.9959132317801672,465.08333333333326,0.9964113940329219,2696.2833333333338,0.9798664625647153,157.16666666666669,0.9987872942386831,213.83333333333331,0.9984032755874154
746,GUJ6288,GUJ6288__S_WaniaWala,3,C4-GUJ-01,,E.co,e.coPK018434PU,1013.6666666666667,0.9921784979423869,3335.55,0.9742627314814815,118.91666666666669,0.9990824331275721,1648.866666666667,0.9872772633744856,803.6666666666666,0.9937988683127572,536.9999999999999,0.9958564814814815,855.3333333333334,0.9934002057613169,983.6666666666667,0.9926548187972919,451.23333333333335,0.9965182613168725,2036.883333333334,0.9842833076131687,1049.9166666666665,0.9909986568358482,1790.7999999999997,0.9866278375149343,3147.05,0.9765005227001194,509.3333333333332,0.995789241622575,492.91666666666663,0.996319319992035,2557.666666666667,0.9802649176954732,2632.833333333333,0.980340252887296,3489.8,0.9730725308641975,9894.416666666668,0.9261169603743528
747,RUR8314,RUR8314__S_DomalaTown_Warid_MR525366,3,C4-NRW-05,,GLO,,123.75,0.9990451388888889,721.1666666666666,0.9944354423868313,0,1,0,1,176.25,0.9986400462962963,445.9166666666667,0.9965592849794238,1431.4333333333334,0.9889549897119342,239.99999999999997,0.9982078853046594,0,1,41.49999999999999,0.9996797839506173,272.25,0.9976658950617283,0,1,1388.25,0.9896337365591399,0,1,1195.25,0.9910748954599761,1936.1666666666667,0.9850604423868313,294.5,0.997800925925926,1987.883333333333,0.9846613940329217,1399.9166666666663,0.9895466198725608
748,GUJ3616,GUJ3616__Dhullay,3,C4-GUJ-02,,,,459.25,0.9964564043209876,998.8333333333334,0.9922929526748971,13.25,0.999897762345679,1624.2499999999998,0.9874672067901235,6000.4333333333325,0.9537003600823045,4416.833333333334,0.9659194958847737,4443.866666666668,0.9657109053497942,299.91666666666663,0.9977604788928714,533.55,0.9958831018518518,1607.8833333333334,0.987593492798354,4913.5,0.957874657064472,3537.1000000000004,0.9735879629629629,196.66666666666669,0.998531461569096,103.74999999999999,0.9991422784391534,1120.3833333333337,0.9916339356829948,2642.7333333333327,0.9796085390946502,881.4999999999998,0.9934177120669057,2493.833333333333,0.9807574588477367,2345.0833333333335,0.9824889237355636
749,RUR0408,RUR0408__S_BOODA_DOHALA_RD_Warid_MDQH1593,3,C4-NRW-05,13,,,454.0000000000001,0.996496913580247,918.7833333333333,0.9929106224279834,0,1,30.58333333333334,0.999764017489712,1547.1833333333332,0.9880618569958848,3548.2166666666667,0.9726217849794239,3764.2000000000007,0.9709552469135803,508.5000000000001,0.9962029569892473,13.916666666666668,0.9998926183127572,265.5833333333333,0.9979507458847736,399.83333333333337,0.9965720736168266,0,1,3098.283333333333,0.9768646704500199,0,1,1890.5,0.9858833632019116,1942.0500000000002,0.9850150462962963,301.98333333333335,0.997745046794106,2039.916666666666,0.9842599022633745,1333.2500000000002,0.9900444295101554
750,SKT5834,SKT5834 LTE_SKT5834_H_Rehman Road Sahowali Sialkot,3,C4-SKT-03,,Enfrashare,EC1-SKT-07863,1288.25,0.990059799382716,77.16666666666667,0.9994045781893004,0,1,564.1666666666666,0.9956468621399176,4730.95,0.9634957561728394,118.24999999999997,0.9990875771604938,806.6666666666666,0.993775720164609,5659.700000024214,0.9577382019114081,286.3333333333333,0.9977906378600824,106.99999999999997,0.9991743827160494,1789.0833333333335,0.9846614940557842,2202.1499999999996,0.9835562275985663,1305.5666666666668,0.9902511449621665,1424,0.9882275132275131,613.3333333333333,0.9954201513341299,2134.166666666667,0.9835326646090534,18,0.9998655913978495,0,1,10,0.9999253285543608
751,GUJ5575,GUJ5575_H_Gondlan Wala Rd Model Town,3,C4-GUJ-02,,Enfrashare,EC1-GUJ-07834,0,1,263.08333333333337,0.9979700360082304,1810.25,0.9860320216049382,2968.066666666667,0.9770982510288065,3096.4166666666665,0.9761078960905349,4170.083333333334,0.9678234310699588,2286.3166666666666,0.9823586676954733,1828.25,0.9863481929510155,1329.6333333333334,0.9897404835390947,2720.7,0.9790069444444444,4919.183333333333,0.9578259316415181,4014.05,0.9700265083632018,2610.6,0.9805062724014337,3039.833333333333,0.9748691027336861,1888.4166666666665,0.9858989197530864,7225.050000000001,0.9442511574074074,0,1,288.85,0.9977712191358025,1067.6666666666665,0.9920275786539228
752,RUR1061,RUR1061__Dhunni,3,C4-HFZ-06,9,,,271.08333333333337,0.9979083076131687,16.25,0.9998746141975309,84.58333333333334,0.9993473508230453,121.5,0.9990625,1090.9333333333334,0.991582304526749,5.583333333333333,0.9999569187242798,639.7500000000001,0.9950636574074074,379.8,0.9971639784946237,1455.75,0.9887673611111112,3457.7000000000003,0.9733202160493828,2719.716666666667,0.976682813214449,1830.2166666666672,0.9863335075667066,1651.1666666666665,0.9876704998008762,771.9166666666667,0.9936184138007055,26.916666666666668,0.9997990093588212,1207.25,0.990684799382716,2226.5666666666666,0.9833739048187973,1424.333333333333,0.9890097736625515,273.33333333333337,0.9979589804858623
753,RUR0456,RUR0456_BarilaSharif_New,3,C4-GRT-04,27,,,96.16666666666669,0.9992579732510287,0,1,32.5,0.9997492283950618,34.5,0.9997337962962963,3078.9666666666667,0.9762425411522634,0,1,0,1,3703.9,0.9723424432497013,1887.65,0.985434799382716,1780.5666666666666,0.9862610596707819,0,1,0,1,3651.3333333333335,0.9727349661489447,374.1666666666667,0.9969066909171076,0,1,1357.4166666666667,0.9895261059670781,1860.8333333333335,0.9861048884906412,1067,0.991766975308642,2803.216666666667,0.9790679759060136
754,RUR6176,RUR6176__S_Dhol_Ranjha_MDPH1532,4,C4-MBD-08,9,,,3113.666666666666,0.9819810956790124,2062.016666666667,0.9880670331790123,2740.0000000000005,0.9841435185185184,5479.583333333333,0.9682894483024691,4453.216666666668,0.9742290702160494,2204.0833333333335,0.987244888117284,2946.0000000000005,0.9829513888888889,3686.616666705083,0.9793536252984707,3057.45,0.9823064236111111,4014.0000000000005,0.9767708333333333,3463.0833333333335,0.9777322316529492,2709.7166666666667,0.9848246154420549,4185.349999999999,0.9765605398745519,1373,0.9914868551587301,4171.666666666667,0.9766371714456392,1635.2333333333333,0.9905368441358025,234.66666666666674,0.9986857825567503,1068.25,0.9938179976851852,2053.083333333333,0.9885019974611708
755,SKT5699,SKT5699__S_BijliMohalla,3,C4-SKT-03,,Enfrashare,EC1-SKT-02541,335.25,0.9974131944444444,0,1,0,1,0,1,28.75,0.999778163580247,0,1,0,1,2390.616666666667,0.9821489197530865,0,1,0,1,0,1,37,0.999723715651135,1357.5,0.9898633512544802,1369.25,0.9886801421957672,2564,0.9808542413381123,1075.1666666666665,0.9917039609053497,16.166666666666668,0.9998792811628833,381.91666666666663,0.9970531121399177,0,1
756,RUR0748,RUR0748__CivilCourts_NEW,3,C4-MBD-08,27,,,33,0.9997453703703704,0,1,0,1,311.8333333333333,0.9975938786008229,661.5,0.9948958333333333,270.5,0.9979128086419753,742.55,0.9942704475308642,674.55,0.9949630376344086,218.9333333333333,0.9983106995884774,328.5833333333333,0.9974646347736624,0,1,45.75,0.9996583781362007,254.55,0.9980992383512545,246.16666666666669,0.9979648919753086,0,1,799.5333333333333,0.9938307613168724,175.5,0.9986895161290323,418.75000000000017,0.9967689043209876,749.75,0.9944015083632018
757,KRW8773,KRW8773__KarianwalaCity,3,C4-GRT-04,20,,,320.83333333333326,0.9975244341563786,30.75,0.9997627314814815,7.250000000000001,0.9999440586419753,0,1,306.25,0.9976369598765431,710.4999999999999,0.9945177469135803,623.8333333333335,0.9951864711934156,1283.4666666747382,0.9904161688569688,307.91666666666663,0.9976240997942386,32.16666666666667,0.9997518004115226,13,0.9998885459533607,1209.4166666666667,0.9909691109119872,861.3666666666666,0.9935680505774591,46.25000000000001,0.9996176421957672,612.4999999999998,0.9954263739545998,555.6666666666667,0.9957124485596708,177.58333333333334,0.9986739595778574,266.5833333333333,0.997943029835391,581.25,0.9956597222222223
758,RUR5643,RUR5643__S_Ajnala,3,C4-GRT-04,,Enfrashare,EC1-GUT-02247,2311.616666666667,0.9821634516460905,1308,0.9899074074074075,1086.65,0.9916153549382716,14.75,0.9998861882716049,3037.95,0.9765590277777778,245.16666666666669,0.998108281893004,544.2833333333333,0.9958002829218107,585.9166666666667,0.9956248755475906,1553.083333333333,0.9880163323045268,155.33333333333331,0.998801440329218,216.45,0.9981442901234568,3222.2833333333333,0.9759387445240939,2249.333333333333,0.9832039028275588,15.75,0.9998697916666667,2282.883333333333,0.9829533801274393,2913.466666666667,0.9775195473251028,0,1,0,1,114.25,0.9991468787335722
759,HMP9712,HMP9712__Kotli_Nagra,3,C4-GUJ-01,31,,,594.75,0.9954108796296296,633.9999999999999,0.995108024691358,0,1,149.74999999999997,0.9988445216049382,834.6166666666667,0.9935600565843622,63.58333333333333,0.9995093878600824,113.25,0.9991261574074075,988.0000000000002,0.9926224611708483,0,1,0,1,158.41666666666663,0.9986418324188386,32.25,0.9997591845878137,51.75,0.9996135752688172,0,1,0,1,1045.2833333333333,0.9919345421810699,1347.1166666666666,0.9899408851055357,668.0833333333335,0.9948450360082305,2323.116666666667,0.982652952011151
760,Rur3735,Rur3735__Gjrmuhallahkhokhar,3,C4-GRT-04,30,,,906,0.9930092592592592,484.6166666666667,0.9962606738683129,287.56666666666666,0.997781121399177,1558.1499999999999,0.987977237654321,2548.6666666666665,0.9803343621399176,1414.416666666667,0.9890862911522633,559.3333333333334,0.9956841563786009,294.0000000342261,0.9978046594979523,1977.1499999999996,0.984744212962963,389.4166666666667,0.9969952417695473,194.75,0.9983303326474623,363.58333333333326,0.9972850706889687,1530.1333333333334,0.988574273197929,558.3333333333334,0.9953841490299824,0,1,1104.3333333333335,0.9914789094650206,500.75,0.9962608273596177,1618.1333333333334,0.9875144032921811,2239.2166666666667,0.9832794454400637
761,RUR0764,RUR0764_SandraKhurd_NEW,3,C4-SKT-03,,UFONE,3442,1921.5833333333333,0.985172968106996,5640.333333333332,0.9564789094650206,0,1,0,1,3991.866666666667,0.969198559670782,523.0833333333334,0.9959638631687242,1618.25,0.9875135030864197,45962.79999999751,0.6567891278375336,20520.78333333334,0.8416606224279835,19403.800000000007,0.8502793209876544,6666.5,0.9428455075445816,7558.916666666668,0.9435564765033851,32280.766666666663,0.7589548486658703,2610.2166666666667,0.9784208278218695,1227.7166666666667,0.9908324621664676,965.9333333333333,0.9925468106995885,3358.45,0.9749219683393071,2505.8333333333335,0.980664866255144,6716.333333333334,0.9498481680605336
762,GJR6281,GJR6281__S_NoorPur_Sharqi_MDGU4241,3,C4-GRT-04,30,,,187.75000000000003,0.9985513117283951,700.5333333333333,0.9945946502057613,0,1,0,1,1525.9999999999995,0.9882253086419753,226.08333333333334,0.998255529835391,123,0.9990509259259259,90.30000000000001,0.9993257168458781,122.15,0.9990574845679012,0,1,0,1,325.75,0.9975675776583034,2244.116666666667,0.9832428564317006,0,1,180.00000000000003,0.9986559139784945,1746.4499999999998,0.9865243055555556,342.49999999999994,0.9974425029868579,263.8333333333333,0.9979642489711934,697.6999999999998,0.994790173237754
763,RUR2762,RUR2762__Jatheke,3,C4-WZD-07,20,,,1230,0.9905092592592593,1067.0833333333335,0.9917663323045268,3723.8333333333335,0.9712667181069959,8816.816666666666,0.9319690072016461,3667.6166666666663,0.9717004886831276,1144.9166666666667,0.9911657664609054,5970.866666666667,0.9539284979423869,2397.5166666666664,0.9820973964555954,112.94999999999999,0.9991284722222222,1424.7999999999997,0.9890061728395062,1577.8333333333335,0.9864726223136716,688.55,0.9948584976105137,2998.8,0.9776075268817205,0,1,0,1,1267.4666666666667,0.9902201646090535,3236.1499999999996,0.9758352001194743,2349.75,0.9818692129629629,2851.5,0.9787074372759856
764,RUR5972,RUR5972__S_Mundikay chowk Warid_475349,4,C4-WZD-07,27,,,131.5,0.9992390046296297,981.3333333333334,0.994320987654321,323.46666666666664,0.998128086419753,3005.016666666667,0.9826098572530865,3834.266666666667,0.9778109567901234,1690.0833333333333,0.990219425154321,415.3333333333333,0.997596450617284,5.333333333333333,0.9999701314217444,13594.866666666663,0.9213260030864199,1376.0666666666668,0.9920366512345679,1102.9833333333333,0.9929077717764061,3937.0666666666666,0.9779510155316606,3759.9333333333343,0.9789430256869772,352.33333333333337,0.9978153935185184,5541.483333333333,0.9689657071385902,1657.5,0.9904079861111111,1050.7666666666669,0.9941153300477897,1626.8333333333335,0.9905854552469135,1485.666666666667,0.9916797341696535
765,SPB9660,SPB9660__DaryaPur,4,C4-NRW-05,27,,,199.91666666666663,0.998843074845679,709.5,0.9958940972222223,143.66666666666666,0.9991685956790124,361.41666666666663,0.9979084683641974,153.00000000000003,0.9991145833333333,430.08333333333326,0.9975110918209876,2795.7000000000007,0.9838211805555556,2268.3166666668994,0.987296613649939,865.7999999999998,0.9949895833333333,1164.483333333333,0.9932610918209877,574.35,0.9963069058641975,398.33333333333337,0.9977691905615294,631.4666666666667,0.996463560334528,3.416666666666667,0.9999788153108465,121.45,0.9993198364695339,100.25,0.9994198495370371,528.4666666666667,0.9970403972520908,577.2666666666667,0.9966593364197531,87.91666666666666,0.9995076351553166
766,CHW4937,CHW4937__KhasChawinda,3,C4-NRW-05,30,,,675.75,0.9947858796296296,436.58333333333337,0.9966313014403292,206.7,0.9984050925925927,336.75,0.9974016203703704,2879.333333333333,0.9777829218106996,587.4166666666666,0.9954674639917696,1052.75,0.9918769290123457,1170.966666666667,0.9912562226204699,1227.4833333333331,0.9905286779835392,855.3166666666667,0.9934003343621398,575.9166666666667,0.9950624428440787,1840.5666666666666,0.9862562226204699,3250.916666666666,0.9757249352847471,239.25,0.9980220734126983,321.8333333333333,0.9975968239745121,4132.266666666666,0.9681152263374486,2887.3166666666666,0.9784399890481881,707.7833333333333,0.9945387088477367,3975.733333262864,0.9703126244529356
767,GUJ9728,GUJ9728__Khyali_BypassGujwala,4,C4-HFZ-06,20,,,3606.766666666667,0.9791275077160493,558.1666666666667,0.9967698688271605,185.66666666666663,0.9989255401234568,1143.583333333333,0.9933820408950618,2301.833333333333,0.9866792052469135,653.9166666666667,0.9962157600308642,567.3333333333334,0.9967168209876544,1264.0333333333333,0.9929209602747909,1113.9666666666665,0.9935534336419753,120.24999999999999,0.9993041087962964,0,1,364.16666666666663,0.9979605361409797,1632.333333333333,0.9908583482676225,1476.3000000000002,0.9908463541666667,967.8333333333331,0.9945797864396654,3134.666666666667,0.9818595679012345,1490.666666666667,0.9916517323775388,3579.733333333334,0.9792839506172839,1528.0000000000002,0.9914426523297492
768,RUR4413,RUR4413__DNGMojianwala,3,C4-MBD-08,20,,,236.41666666666666,0.9981757973251029,154.75,0.9988059413580247,198.16666666666669,0.9984709362139919,201.31666666666663,0.9984466306584362,1118.0833333333333,0.9913728137860082,437.41666666666663,0.996624871399177,2370.133333333333,0.9817119341563786,2314.999999977647,0.982713560334695,1862.516666666666,0.9856287294238684,0,1,685.0166666666667,0.9941270861911293,0,1,21.5,0.9998394563918758,0,1,0,1,486.5,0.9962461419753086,206.83333333333334,0.9984555455993628,276.83333333333337,0.9978639403292181,0,1
769,JPS8768,JPS8768__H_Peershah_New,3,C4-GRT-04,,GLO,,2699.133333333333,0.979173353909465,2442.3,0.9811550925925926,1679.8000000000002,0.9870385802469136,2251.983333333333,0.9826235853909465,11165.049999999997,0.9138499228395063,4167.233333333334,0.9678454218106995,4727.400000000001,0.9635231481481482,6060.35000000458,0.9547464904420209,1674.4666666666667,0.987079732510288,9110.8,0.9297006172839507,1595.4333333333332,0.9863217306812986,1636.45,0.9877803912783751,1652.0333333333328,0.9876640282755873,120.75,0.9990017361111111,100.25000000000001,0.9992514187574671,134.95,0.9989587191358025,988.0833333333336,0.9926218389088013,132.75,0.9989756944444445,536.4166666666667,0.9959944992035045
770,GUJ3195,GUJ3195__BilalPura,3,C4-GUJ-01,9,,,0,1,0,1,0,1,237.25,0.9981693672839507,571.5000000000002,0.9955902777777778,320.91666666666663,0.9975237911522633,13,0.9998996913580247,435.66666666666674,0.9967468140183193,0,1,200.25,0.9984548611111111,329.75,0.9971729252400549,0,1,0,1,264.1666666666667,0.9978160824514991,212.8,0.9984109916367981,288.75,0.9977719907407407,799.1666666666667,0.994032506969335,136.75000000000003,0.9989448302469135,643.2166666666667,0.9951970081640781
771,GJR4902,GJR4902__NewMarghazar,3,C4-GRT-04,33,,,268,0.9979320987654322,187.99999999999997,0.9985493827160493,0,1,0,1,696.0000000000002,0.9946296296296296,41.00000000000001,0.9996836419753086,0,1,895.7499999362044,0.9933113052573461,0,1,214.08333333333337,0.9983481224279835,13.25,0.99988640260631,652.25,0.995129554958184,175.41666666666666,0.9986901383910792,0,1,310.3333333333333,0.9976826961369971,226,0.9982561728395062,101.41666666666667,0.9992427070888092,86.91666666666667,0.9993293467078189,741.1333333333336,0.9944658502588609
772,RUR9984,RUR9984__S_DhamtalSankhatraRd_Warid_MDSK4336,4,C4-NRW-05,20,,,507,0.9970659722222223,747.5833333333334,0.9956737075617283,2784.733333333333,0.9838846450617283,3467.5833333333335,0.9799329668209876,6017.683333333332,0.9651754436728395,1376.0833333333337,0.9920365547839506,2678.0833333333335,0.9845018325617283,2665.6833333333334,0.9850712178912784,4073.2166666666676,0.9764281442901235,208.83333333333331,0.9987914737654322,1978.0833333333335,0.9872808427640604,832.0000000000001,0.9953405017921148,1466.95,0.9917845542114695,258.24999999999994,0.9983987475198413,23.833333333333332,0.99986652479092,856.833333333333,0.9950414737654322,2489.866666666667,0.986055854241338,685.4166666666665,0.9960334683641975,1459.3999999999999,0.9918268369175627
773,RUR9205,RUR9205__Hazara,3,C4-GRT-04,27,,,0,1,0,1,36.75,0.9997164351851852,0,1,317.3333333333333,0.997551440329218,28.666666666666668,0.9997788065843622,443.44999999999993,0.9965783179012345,527.8833333333333,0.9960582188371166,0,1,26.999999999999996,0.9997916666666667,0,1,73.83333333333333,0.9994486758263641,862.7166666666667,0.9935579699322978,16,0.9998677248677248,0,1,65.25,0.9994965277777778,0,1,0,1,10.416666666666668,0.9999222172441259
774,MIR2209,MIR2209_Dahu,3,C4-MBD-08,,GLO,,392.75,0.9969695216049382,419.3333333333333,0.9967644032921811,0,1,2065.866666666667,0.984059670781893,33.99999999999999,0.9997376543209876,35.75000000000001,0.9997241512345678,822.0833333333334,0.9936567644032922,1975.2,0.9852508960573476,1484.9833333333331,0.9885417952674896,248.16666666666669,0.998085133744856,3368.9666666666662,0.9711165409236396,584.75,0.9956335872162485,1786.9833333333331,0.9866563371166867,660.7500000000001,0.9945374503968254,0,1,0,1,0,1,312.91666666666663,0.9975855195473251,1452.3833333333332,0.9891548436877738
775,HFZ9797,HFZ9797__Mohalah_pir_kaly,3,C4-HFZ-06,27,,,810.4000000000001,0.9937469135802469,1681.9666666666667,0.9870218621399176,814.0833333333334,0.9937184927983539,2555.6666666666665,0.9802803497942386,1924.85,0.985147762345679,366.75,0.9971701388888888,3788.533333333333,0.970767489711934,1621.3666666666668,0.987893020708881,334.65,0.9974178240740741,1007.4166666666667,0.9922267232510288,613.3833333333333,0.9947412265660722,457.66666666666663,0.9965825368379132,1703.0833333333335,0.9872828305455994,289.41666666666663,0.9976073357583775,189.58333333333331,0.9985843538430905,3190.7166666666662,0.9753802726337448,512.7833333333333,0.996170972720032,401.9166666666667,0.9968987911522633,1226.0666666666664,0.9908447829549981
776,HFZ9402,HFZ9402__S_City Police Station Warid_HF4298,3,C4-HFZ-06,30,,,10.5,0.9999189814814815,159.16666666666663,0.9987718621399176,184.24999999999997,0.9985783179012345,95.49999999999999,0.9992631172839507,411.99999999999994,0.996820987654321,0,1,1279.4500000000003,0.990127700617284,797.4499999999998,0.994045325567503,1184.3166666666666,0.9908617541152264,0,1,480.5,0.9958804869684499,35.833333333333336,0.999732427319793,874.7333333333333,0.9934682397451214,0,1,0,1,0,1,804.8333333333335,0.9939901931501395,45.58333333333332,0.9996482767489713,458.0999999999999,0.9965793010752688
777,MBN6231,MBN6231__S_BastiPeer_Geelani_MDMB3284,3,C4-MBD-08,30,,,107.25,0.9991724537037037,0,1,1529.5500000000002,0.9881979166666666,57.666666666666664,0.9995550411522633,2254.9833333333327,0.9826004372427984,0,1,0,1,182.75,0.9986353793309438,32.49999999999999,0.9997492283950618,284.65000000000003,0.9978036265432099,10.5,0.9999099794238683,448.75,0.9966491188769414,0,1,253.33333333333331,0.997905643738977,0,1,0,1,0,1,973.9833333333332,0.9924846965020576,413.1666666666667,0.9969148247710077
778,RUR0803,RUR0803__Khar,3,C4-HFZ-06,,GLO,,0,1,42.41666666666667,0.9996727109053498,745.2500000000001,0.9942496141975309,0,1,1498.3000000000002,0.9884390432098765,74.25,0.9994270833333333,12,0.9999074074074075,1316.6,0.9901687574671446,0,1,0,1,323.0000000000001,0.9972307956104253,0,1,1727,0.9871042413381123,0,1,493.7500000000001,0.9963130973715651,1004.3500000000003,0.9922503858024692,0,1,26.25,0.9997974537037037,29.75,0.9997778524492235
779,DNG3989,DNG3989__ComplexroadDinga,3,C4-MBD-08,27,,,127.00000000000003,0.9990200617283951,2100.4333333333334,0.9837929526748971,243.58333333333334,0.9981204989711934,61.250000000000014,0.9995273919753086,223.28333333333333,0.9982771347736626,13,0.9998996913580247,996.0666666666666,0.9923143004115227,14270.200000005276,0.8934423536439272,5478.733333333332,0.9577258230452675,463.4,0.9964243827160495,467.6666666666667,0.9959905121170552,363.99999999999994,0.9972819593787335,284.49999999999994,0.9978755973715652,3.75,0.999968998015873,895.1166666666666,0.993316034448427,1920.0166666666664,0.9851850565843621,1112.7333333333333,0.9916910593389088,712.2833333333331,0.9945039866255143,4554.900000013194,0.9659879032257079
780,GUJ9454,GUJ9454__S_OPP Jinah Park Warid_MDGJ4224,3,C4-GUJ-01,30,,,0,1,1634.5000000000002,0.9873881172839506,998.75,0.9922935956790124,416.0000000000001,0.9967901234567901,4473.25,0.9654841820987654,884.1666666666667,0.9931777263374485,84.7,0.9993464506172839,2436.0833333484675,0.9818094135801338,562.1166666666668,0.9956626800411523,69.41666666666667,0.9994643775720164,173.91666666666666,0.9985089449016918,720.2166666666667,0.9946220380326564,643.25,0.9951967592592592,43.66666666666667,0.9996389991181658,0,1,201.49999999999997,0.9984452160493826,181.74999999999994,0.9986428464755077,7558.1500000000015,0.9416809413580246,8349.43333333757,0.9376535742731663
781,SKT9479,SKT9479__S_Mohalla_Bhankan_Sharif_MDSK4287,3,C4-SKT-03,30,,,282.91666666666663,0.9978170010288067,329.33333333333326,0.9974588477366255,768.8333333333333,0.9940676440329219,872.75,0.9932658179012346,1632.4833333333333,0.9874036779835391,60,0.9995370370370371,303.5,0.9976581790123457,7655.816666666667,0.9428329101951414,586.4166666666666,0.9954751800411523,307.16666666666663,0.9976298868312757,0,1,827.4166666666665,0.9938215601354042,764.4166666666666,0.9942919902429311,247,0.9979580026455026,681.4166666666666,0.9949117632417364,188.25,0.9985474537037037,1188,0.9911290322580645,1607.4666666666667,0.98759670781893,654.5,0.9951127538829152
782,RUR9505,RUR9505__S_Gil Wala_GJ7687,3,C4-GUJ-02,,Telenor,LGI001,528.2833333333333,0.9959237397119342,12298.433333333334,0.9051046810699589,13221.316666666666,0.8979836676954733,1312.5,0.9898726851851852,0,1,8040.699999999999,0.9379575617283951,71.00000000000001,0.9994521604938272,207.25,0.9984524342891278,0,1,0,1,13.75,0.9998821159122084,0,1,0,1,13.666666666666664,0.9998870149911816,0,1,1995.4,0.9846033950617284,6.249999999999999,0.9999533303464755,0,1,2177.3333333333335,0.9837415372361609
783,GML1221,GML1221__Off loadGML9904E,3,C4-NRW-05,,GLO,,403.0333333333333,0.9968901748971193,202.25,0.9984394290123457,0,1,909.4166666666667,0.992982896090535,4022.833333333333,0.9689596193415637,1704.6666666666665,0.98684670781893,1413.5500000000002,0.9890929783950617,3558.9166666666665,0.97342505475906,1119.1166666666668,0.9913648405349794,229.56666666666666,0.9982286522633745,313.1666666666667,0.9973151005944216,1154.25,0.9913810483870968,2095.916666666667,0.9843494872560733,201.25000000000003,0.9983362268518519,13.5,0.9998991935483871,127.91666666666666,0.9990129886831275,92.75000000000001,0.9993074223416966,1237.75,0.9904494598765432,1089.6166666666668,0.9918636748307448
784,GUJ9999,GUJ9999__MohallIslam_Pura,3,C4-GUJ-01,30,,,436.9166666666667,0.9966287294238683,1141.9166666666667,0.9911889146090535,190.74999999999997,0.998528163580247,3141.7333333333336,0.9757582304526748,3560.7,0.972525462962963,1166.0833333333333,0.9910024434156378,3024.95,0.9766593364197531,1641.0166666666669,0.9877462913181999,1758.5666666666668,0.9864308127572017,393.4166666666667,0.9969643775720165,900.2499999999999,0.9922818072702332,1087.1666666666665,0.9918819693349263,1368.9,0.9897782258064517,1497.9833333333331,0.9876158785273368,780.75,0.9941700268817205,1218.25,0.9905999228395062,1445.916666666667,0.9892031312226205,1642.6333333333332,0.9873253600823045,6078.699999995809,0.9546094683393384
785,RUR9170,RUR9170_RorasVillage,3,C4-WZD-07,20,,,319.83333333333337,0.9975321502057614,86.66666666666667,0.9993312757201646,0,1,1336.5833333333335,0.9896868569958848,9823.849999999999,0.924198688271605,3967.7166666666662,0.9693849022633745,485.16666666666674,0.9962564300411523,5511.533333333334,0.9588445838311429,11638.93333333333,0.9101934156378602,838.3000000000001,0.9935316358024692,663.05,0.994315414951989,317.41666666666663,0.9976298038630028,197.08333333333337,0.9985283502588611,0,1,11.5,0.999914127837515,152.50000000000003,0.9988233024691359,460.2166666666666,0.9965634956192752,843.3,0.9934930555555556,311,0.9976777180406212
786,RUR0756,RUR0756__DehlaChattah,3,C4-HFZ-06,,UFONE,3996,533.95,0.9958800154320987,0,1,26.25,0.9997974537037037,0,1,5.000000000000001,0.9999614197530865,92.00000000000001,0.9992901234567901,708.5333333333333,0.9945329218106995,268.3333333333333,0.9979963162086818,0,1,123.08333333333334,0.9990502829218108,3261.5166666666664,0.972037751486054,631.4,0.9952852449223417,2824,0.9789127837514934,25.25,0.9997912533068783,0,1,0,1,287.6666666666667,0.9978519514137794,1625.7833333333324,0.9874553755144033,1123.4166666666665,0.9916112853444843
787,GUJ9442,GUJ9442__S_Rahmanpura Warid_MDGJ4215,3,C4-GUJ-02,30,,,340.83333333333337,0.9973701131687243,1016.6666666666669,0.9921553497942387,100.99999999999997,0.9992206790123457,0,1,2039.9999999999998,0.9842592592592593,191.08333333333334,0.9985255915637861,811.6666666666666,0.9937371399176955,1884.499999985332,0.9859281660694046,659.0833333333333,0.9949144804526749,1374.9166666666667,0.9893910751028807,157.83333333333334,0.9986468335619569,1520.8333333333335,0.9886437176423736,3041.7166666666667,0.9772870619275189,130.71666666666667,0.9989193397266314,485.25,0.9963765681003584,3116.2833333333338,0.975954603909465,872.7500000000001,0.9934830495818399,10317.483333333334,0.9203897890946502,10574.68333333333,0.9210373108323376
788,RUR6240,RUR6240__S_ Dolat_Nagar_Chowk_Kotla_BhimberRoad_MR745461,4,C4-GRT-04,27,,,0,1,236.25000000000006,0.9986328125,9.333333333333332,0.999945987654321,121.00000000000001,0.9992997685185184,0,1,308.3833333333333,0.9982153742283951,2.5,0.9999855324074075,0,1,0,1,36,0.9997916666666667,541.3333333333333,0.9965192043895748,0,1,0,1,72.23333333333333,0.9995521246693122,25.333333333333332,0.9998581242532856,0,1,191.0666666666667,0.9989299581839904,0,1,1226.8166666666668,0.9931293869474312
789,RUR6131,RUR6131__S_DingayWarid_MR1R3579,3,C4-SKT-03,20,,,0,1,0,1,1579.0833333333337,0.9878157150205762,5778.600000000001,0.955412037037037,15960.150000000001,0.8768506944444444,6170.116666666667,0.9523910751028807,4650.0166666666655,0.9641202417695474,8269.899999956848,0.9382474611711704,4505.533333333333,0.9652350823045268,3471.05,0.9732172067901235,2103.55,0.9819654492455419,3.833333333333334,0.9999713759458383,2459.633333333333,0.9816335623257666,265.59999999999997,0.9978042328042328,0,1,2228.116666666667,0.9828077417695473,812.1,0.9939359318996417,1711.8166666666666,0.9867915380658436,1734.1999999999998,0.9870504778972521
790,GJR5647,GJR5647__S_NearIkramHospital,3,C4-GRT-04,,Enfrashare,EC1-GUT-02328,10.5,0.9999189814814815,226,0.9982561728395062,106.5,0.9991782407407408,51.75000000000001,0.9996006944444444,3233.2166666666662,0.9750523405349795,32.25,0.9997511574074075,1365.4166666666667,0.9894643775720166,803.633333332635,0.9939991537236214,3.25,0.9999749228395062,145.58333333333331,0.9988766718106996,1437.5833333333333,0.987675040009145,44.800000000000004,0.9996654719235365,1304.1666666666665,0.990261598964556,9.5,0.9999214616402117,0,1,1523.8833333333332,0.988241640946502,0,1,14.166666666666668,0.9998906893004116,349.3333333333333,0.9973914774990044
791,HWY6909,HWY6909__ChakMurtazaGJR,3,C4-GRT-04,20,,,563.25,0.9956539351851852,805.25,0.9937866512345679,1147.1666666666667,0.9911484053497942,129,0.9990046296296297,4127.016666666666,0.9681557355967079,517.4999999999998,0.9960069444444444,366.74999999999994,0.9971701388888888,1127.0000000183936,0.9915845280763262,234.5,0.998190586419753,171,0.9986805555555556,803.4666666666666,0.9931115683584819,341.54999999999995,0.9974495967741936,163.41666666666666,0.9987797441258462,501.49999999999994,0.9958540013227513,0,1,1506.8166666666664,0.9883733281893003,0,1,101.08333333333331,0.9992200360082305,2706.633333333333,0.9797891776184787
792,JPJ3113,JPJ3113__Kashmirmahaljalalpu,3,C4-GRT-04,27,,,273.8,0.9978873456790123,937.6833333333334,0.9927647890946503,6.999999999999999,0.999945987654321,0,1,308.24999999999994,0.9976215277777777,261.58333333333337,0.9979816100823045,58.75,0.9995466820987654,51.68333333333333,0.9996140730784547,0,1,345.75,0.9973321759259259,407.75000000000006,0.9965042009602194,73.75000000000001,0.999449298088411,2044.1,0.9847364097968936,15.75,0.9998697916666667,0,1,433.45000000000005,0.9966554783950617,0,1,785.25,0.9939409722222223,1484.2166666666667,0.9889171395858224
793,GJR3431,GJR3431__MohallahEidGah,3,C4-GRT-04,,GLO,,185.74999999999997,0.9985667438271605,346.83333333333337,0.9973238168724279,0,1,420.2500000000001,0.9967573302469135,417.74999999999994,0.9967766203703704,0,1,13.5,0.9998958333333333,0,1,0,1,0,1,1116.8000000000002,0.9904252400548696,0,1,379.78333333333336,0.9971641029470331,27.166666666666664,0.9997754078483245,28.249999999999996,0.9997890531660693,7.5,0.9999421296296296,52.99999999999999,0.9996042413381123,4590.983333333333,0.9645757458847737,1832.1500000000003,0.9863190710872162
794,AMG9500,AMG9500__S_Masjid_Bilal_2J3779,3,C4-HFZ-06,,GLO,,536,0.9958641975308642,0,1,431.43333333333334,0.9966710390946503,777.3666666666666,0.9940018004115226,1177.75,0.9909124228395062,92.91666666666667,0.9992830504115225,548.2499999999999,0.9957696759259259,206.9,0.9984550477897253,235.66666666666669,0.9981815843621399,123.08333333333334,0.9990502829218108,1040.25,0.9910815329218107,0,1,674.3166666666667,0.9949647799681403,0,1,0,1,0,1,287.3333333333333,0.9978544404619673,1703.7666666666667,0.9868536522633745,1469.2,0.9890292712066906
795,RUR0866,RUR0866__KhojeChakBajwatRD,3,C4-SKT-03,27,,,1445.0833333333335,0.98884966563786,3233.116666666667,0.9750531121399177,1278.7166666666662,0.9901333590534979,5372.383333333333,0.9585464248971194,6324.516666666666,0.9511997170781893,2211.5666666666666,0.9829354423868313,316.91666666666663,0.9975546553497943,7399.933333338455,0.9447436280366006,5780.1833333333325,0.9553998199588477,738.1666666666667,0.9943042695473251,1086.5,0.9906850137174211,265.95,0.9980141129032257,825.7833333333332,0.9938337564715254,357.08333333333337,0.9970479221781305,1479.8333333333335,0.9889498705694941,1839.7499999999998,0.9858043981481481,835.3333333333334,0.9937624452409399,1683.6166666666666,0.9870091306584362,649.2833333333333,0.995151707487057
796,RUR4664,RUR4664__GUJDhodhapind,3,C4-NRW-05,31,,,280.75,0.9978337191358025,190.24999999999997,0.9985320216049383,129.65,0.9989996141975308,0,1,0,1,0,1,0,1,0,1,33.16666666666666,0.9997440843621399,17.416666666666664,0.9998656121399176,0,1,0,1,321.75,0.9975974462365592,0,1,527.3333333333333,0.9960623257666269,94.5,0.9992708333333333,115.99999999999997,0.9991338112305854,0,1,335.65,0.9974936529271207
797,RUR0903,RUR0903__Ferozepur,3,C4-NRW-05,20,,,0,1,32.833333333333336,0.9997466563786008,0,1,145.33333333333334,0.9988786008230452,2321.5833333333335,0.9820865483539094,34.66666666666667,0.9997325102880659,495.4166666666667,0.9961773405349794,3226.566666666666,0.9759067602548785,3162.583333333333,0.9755973508230453,1323.1499999999999,0.9897905092592594,1724.6999999999994,0.9852134773662552,2039.5833333333333,0.9847701363998407,177.58333333333334,0.9986739595778574,0,1,0,1,0,1,1231.6666666666667,0.99080296694544,0,1,347.5333333333333,0.9974049183592194
798,DDL3415,DDL3415__KaryalMore,3,C4-NRW-05,20,,,106.24999999999997,0.9991801697530864,1050.75,0.9918923611111111,175,0.9986496913580247,926.9999999999999,0.9928472222222223,2811.833333333333,0.9783037551440329,719.4166666666666,0.994448945473251,929.0833333333334,0.9928311471193416,4169.6,0.9688649940262843,1239.0666666666666,0.9904393004115226,2663.4166666666674,0.979448945473251,1697.6333333333337,0.9854455304069503,1630.4333333333332,0.987825318598168,1261.5833333333333,0.9905795748705696,0,1,83.83333333333333,0.9993740043807249,1004.7833333333332,0.99224704218107,1037.25,0.9922547043010752,2923.1833333333334,0.9774445730452674,3170.416666666666,0.9763260404221425
799,ALC9648,ALC9648__MuhallaHaiderabad,3,C4-HFZ-06,30,,,3844.483333333333,0.9703357767489712,1096.833333333333,0.991536779835391,1237.333333333333,0.9904526748971193,1171.9166666666667,0.9909574331275721,1795.1999999999998,0.9861481481481482,4583.949999999999,0.9646300154320988,2476.4999999999995,0.9808912037037036,3603.3333333043843,0.973093389088229,1382.0833333333335,0.9893357767489712,1498.083333333333,0.9884407150205762,2153.8500000000004,0.9815342078189301,2255.5166666666664,0.9831577309836719,2481.8500000000004,0.9814676672640382,488.91666666666674,0.9959580302028219,2198.666666666667,0.9835822381521306,7105.266666666666,0.9451754115226337,2847.0333333333338,0.9787407905217045,5150.000000000002,0.9602623456790123,3005.599999966395,0.9775567502989366
800,PHA5663,PHA5663_H_Ghanian Road Phalia Mandi Bahauddin,3,C4-MBD-08,,ATL,ATMDN5,0,1,0,1,0,1,0,1,21179.71666666667,0.8365762602880659,9698.016666666666,0.9251696244855967,10485.35,0.9190945216049383,9094.616666672797,0.9320891825965293,11958.03333333333,0.9077312242798353,17632.166666666668,0.8639493312757202,3544.633333333333,0.9696104823959761,2949.2166666666667,0.9779777727996815,7384.900000000001,0.9448558841099164,2583.4666666666662,0.978641975308642,7775.033333333331,0.9419427021107128,7241.916666666666,0.9441210133744856,4822.15,0.9639923088410991,6060.249999999999,0.9532388117283951,12067.85,0.909887619474313
801,KAH9488,KAH9488__S_Village_Kot_Hara_1M3549,3,C4-HFZ-06,30,,,0,1,0,1,0,1,0,1,65.23333333333333,0.9994966563786007,53.08333333333335,0.9995904063786009,844.5833333333335,0.9934831532921811,1395.8000000000002,0.9895773596176822,0,1,49.749999999999986,0.9996161265432099,2011.9500000000003,0.9827507716049382,3693.55,0.9724197281959378,1452.9666666666667,0.9891504878534448,0,1,240.23333333333335,0.9982061429709279,889.9499999999999,0.9931331018518519,801.3666666666666,0.9940160792512942,673.45,0.9948036265432099,1096,0.9918160095579451
802,RUR0719,RUR0719_Qadirabad_colony_NEW,3,C4-HFZ-06,13,,,382.71666666666664,0.9970469393004114,151.99999999999997,0.9988271604938272,246.54999999999998,0.9980976080246914,0,1,128.75,0.9990065586419753,11,0.9999151234567901,72.41666666666666,0.9994412294238683,0,1,21.25,0.9998360339506174,1558.6999999999998,0.9879729938271605,339.24999999999994,0.9970914780521263,405.33333333333337,0.9969733174034249,31.75,0.9997629181600957,18.75,0.9998449900793651,390.08333333333337,0.9970871913580247,0,1,398.6,0.997023596176822,606.8333333333335,0.9953176440329219,8.5,0.9999365292712067
803,KTN9622,KTN9622__MalikpurShakargarh,3,C4-NRW-05,30,,,0,1,172.91666666666669,0.9986657664609053,0,1,428.91666666666663,0.9966904578189301,137.74999999999997,0.9989371141975308,48.16666666666666,0.9996283436213992,820.4166666666666,0.9936696244855967,342.28333333333336,0.99744412086818,418.2666666666667,0.9967726337448559,0,1,58.166666666666664,0.9995013145861911,171.83333333333334,0.9987168956590999,240.5,0.9982041517323775,0,1,0,1,0,1,0,1,502.4166666666667,0.9961233281893004,260.0833333333333,0.9980579201513341
804,Skt3422,Skt3422__Hammad_Arcade,3,C4-SKT-03,20,,,0,1,996.0833333333334,0.9923141718106996,25.916666666666664,0.9998000257201646,90.75,0.9992997685185184,668.25,0.99484375,262.91666666666663,0.9979713220164609,152.25,0.9988252314814815,3343.6333333356615,0.975032606531245,1295.0166666666667,0.9900075874485598,0,1,236.75,0.9979702503429355,31.5,0.9997647849462364,3035.8666666666672,0.9773307447232179,940.6666666666663,0.9922233245149912,397.16666666666663,0.9970342990840302,2220.9333333333334,0.9828631687242799,55.333333333333336,0.9995868180007964,2701.2000000000003,0.9791574074074074,3912.0166666666673,0.9707884060135404
805,RUR6174,RUR6174__S_Adda kang chanan phaila road Gujrat_MR335300,3,C4-MBD-08,30,,,0,1,246.16666666666663,0.9981005658436214,146.25,0.9988715277777778,312.0666666666666,0.9975920781893004,1154.0833333333335,0.9910950360082305,0,1,477.50000000000006,0.996315586419753,738.000000035592,0.9944892473115623,0,1,0,1,0,1,108.75,0.9991879480286738,810.9166666666666,0.9939447680207089,138.16666666666666,0.9988577491181658,146.71666666666667,0.9989044454400637,289.25,0.9977681327160494,821.25,0.9938676075268817,1366.9833333333331,0.9894522890946501,612.3833333333334,0.9954272451214655
806,GUJ6380,GUJ6380__S_FeroazewalaRoadChenabParkTowerWalaBazar,3,C4-GUJ-01,,CMPak,43037,0,1,276.5,0.997866512345679,17.333333333333332,0.9998662551440328,134.33333333333331,0.9989634773662551,460.5,0.9964467592592592,0,1,0,1,0,1,1729.9999999999998,0.9866512345679013,3522.4000000000005,0.972820987654321,558.25,0.9952139060356653,5248.716666666667,0.9608070738749502,6727.716666666665,0.9497631670649145,1263.3833333333334,0.989555362654321,2640.95,0.9802796445639187,11551.033333333333,0.9108716563786008,7703.933333333334,0.9424736160892075,1687.1000000000001,0.9869822530864198,13424.083333333334,0.8997604291119076
807,MBN9681,MBN9681__RailwayMandiBah,3,C4-MBD-08,30,,,47.25000000000001,0.9996354166666667,99,0.9992361111111111,101.75,0.9992148919753086,50.25,0.9996122685185185,734.55,0.9943321759259259,389.0666666666666,0.9969979423868313,150.25,0.9988406635802469,793.3166666666667,0.9940761897650339,289.7,0.9977646604938272,448.6500000000001,0.9965381944444445,1136.5,0.9902563443072703,136.03333333333336,0.9989842194344882,57.08333333333333,0.9995737504978096,0,1,0,1,2221.05,0.9828622685185185,1933.3166666666664,0.9855636449621664,267.1666666666667,0.9979385288065843,891.8500000000001,0.9933404271206691
808,HFZ9634,HFZ9634__MadinaClnyHafizabad,3,C4-HFZ-06,,Enfrashare,EC1-HFZ-00442,118.80000000000001,0.9990833333333333,1504.1666666666665,0.9883937757201646,33.24999999999999,0.9997434413580247,177.39999999999998,0.9986311728395062,2300.133333333333,0.9822520576131687,795.9166666666666,0.9938586676954732,1306.4499999999998,0.9899193672839506,2211.9500000000003,0.9834830495818399,171.41666666666666,0.9986773405349794,413.30000000000007,0.9968109567901234,1538.9666666666665,0.9868058413351624,23,0.9998282556750299,2063.5833333333335,0.9845909249303066,369.58333333333337,0.9969445822310405,0,1,5308.333333333333,0.9590406378600824,0,1,572.5833333333334,0.9955819187242798,623.5833333333334,0.9953436131023498
809,RUR6968,RUR6968__IttehadColony,3,C4-NRW-05,30+30,,,14.75,0.9998861882716049,0,1,20.5,0.9998418209876543,131.58333333333331,0.9989846965020576,0,1,364.33333333333326,0.9971887860082305,0,1,1.666666666666667,0.9999875547590601,307.58333333333326,0.9976266718106995,0,1,0,1,0,1,0,1,114.49999999999997,0.9990534060846561,0,1,503.1333333333333,0.9961177983539095,0,1,48.56666666666667,0.9996252572016461,0,1
810,GJR5750,RUR5750__S_Mudkey,3,C4-GRT-04,,Enfrashare,EC1-GUT-08182,679.5,0.9947569444444444,1348.7166666666667,0.9895932355967078,62.83333333333334,0.9995151748971193,0,1,3310.600000000001,0.9744552469135803,435.1333333333335,0.9966424897119341,32.75000000000001,0.9997472993827161,3131.05,0.9766199970131422,235.65,0.998181712962963,586.7333333333333,0.9954727366255145,1505.3166666666666,0.987094335848194,118.99999999999997,0.9991114097968936,2350.2833333333333,0.982450094583831,123.25,0.9989810681216932,37.75,0.999718115292712,0,1,737.0000000000002,0.9944967144563919,466.3333333333333,0.9964017489711934,1384.6666666666667,0.9896604938271605
811,SKT3352,SKT3352__SublimeChowk,3,C4-SKT-03,,GLO,,703.6666666666667,0.9945704732510288,350.33333333333337,0.9972968106995884,1511.75,0.988335262345679,2564.933333333333,0.9802088477366255,5554.749999999998,0.957139274691358,861.25,0.9933545524691358,10164.66666666667,0.9215689300411521,5907.549999999999,0.9558874701314218,1440.6666666666667,0.9888837448559671,2247.9666666666667,0.9826545781893005,1741.5166666666669,0.985069301554641,276.5,0.9979353345280765,704.4833333333335,0.9947395211071286,0,1,3453.7000000000003,0.9742107228195939,3006.6,0.9768009259259258,97.24999999999997,0.999273820191159,0,1,1274.1166666666668,0.9904859866587017
812,GUJ4660,GUJ4660__ClnyKalarAbadi,3,C4-GUJ-02,30,,,94.16666666666666,0.9992734053497943,124.83333333333336,0.999036779835391,73.83333333333333,0.9994302983539094,199.01666666666668,0.9984643775720164,807.2500000000002,0.9937712191358024,743.0833333333334,0.9942663323045268,1208.7333333333336,0.990673353909465,3457.2000000041903,0.9741845878135887,533.4999999999999,0.995883487654321,591.5833333333333,0.9954353137860081,535.8333333333333,0.9954060928212162,1005.2166666666665,0.9924939018319395,2734.9166666666665,0.9795779818797291,1521.8,0.9874189814814816,352.33333333333337,0.9973690760653127,2575.7,0.9801257716049383,14278.250000000002,0.893382243130227,633.4166666666666,0.9951125257201646,5456.099999999999,0.9592585125448029
813,GUJ3778,GUJ3778__HondaSalesCentre,3,C4-GUJ-01,9,,,565.4166666666666,0.9956372170781893,145.91666666666669,0.9988740997942387,1031.3333333333333,0.9920421810699588,141.33333333333337,0.9989094650205762,1857.2833333333333,0.9856691100823045,1428.316666666666,0.9889790380658436,4646.2,0.9641496913580246,488.0333333341871,0.9963557845479825,795.1500000000001,0.9938645833333334,1309.8333333333333,0.9898932613168725,1073,0.990800754458162,0,1,859.2500000000003,0.9935838560334528,185.41666666666669,0.9984671241181658,99.66666666666667,0.999255774591796,562.1666666666667,0.995662294238683,81.91666666666669,0.9993883164078057,447.5833333333333,0.9965464248971193,1334.0833333333335,0.9900382068896855
814,HWY0204,HWY0204__S_KotlaArb_AliKhan_Kharian_MR745460,3,C4-GRT-04,30,,,318.9166666666667,0.9975392232510287,0,1,409.91666666666663,0.9968370627572017,0,1,0,1,0,1,32.66666666666667,0.9997479423868313,437.5,0.9967331242532856,0,1,174.75,0.9986516203703704,46.016666666666666,0.9996054812528579,0,1,829.8833333333333,0.9938031411788133,185.58333333333334,0.9984657462522045,0,1,0,1,0,1,502.66666666666674,0.9961213991769547,0,1
815,KGR8995,KGR8995__MohallaSiddiqpura,3,C4-NRW-05,31,,,994,0.9923302469135803,182.41666666666666,0.9985924639917695,0,1,41.49999999999999,0.9996797839506173,166.33333333333331,0.9987165637860081,112.66666666666667,0.999130658436214,4456.283333333334,0.9656150977366255,1095.4666666666665,0.9918199920350458,700.7833333333334,0.9945927211934156,1155.7166666666665,0.9910824331275719,7.833333333333334,0.9999328417924097,306.33333333333337,0.9977125647152529,0,1,0,1,46.25,0.9996546445639187,43.5,0.9996643518518519,193.08333333333337,0.9985582188371167,222.08333333333337,0.9982863940329219,216.33333333333334,0.9983846077260056
816,RUR5880,RUR5880_H_Paropi Arayian Sialkot,3,C4-SKT-03,,Enfrashare,EC1-SKT-08180,1618.4999999999998,0.9875115740740741,3133.0499999999997,0.9758252314814814,1313.8333333333335,0.9898623971193417,1527.5833333333335,0.988213091563786,8687.816666666664,0.9329643775720164,1789.466666666667,0.9861923868312757,44.25,0.9996585648148149,8947.883333362282,0.9331848616087046,1084.5666666666666,0.9916314300411523,575.25,0.9955613425925925,0,1,1213.666666666667,0.9909373755475905,1661.7499999999998,0.987591472520908,0,1,41.75000000000001,0.9996882467144564,4185.616666666667,0.9677035751028806,536.7,0.9959923835125448,4453.616666666666,0.9656356738683128,587.5833333333333,0.9956124303066507
817,GJR9887,GJR9887__MohallaNoorPur,3,C4-GRT-04,20,,,117.08333333333334,0.999096579218107,769.4166666666666,0.9940631430041152,93.75,0.9992766203703703,0,1,634.4166666666667,0.995104809670782,177,0.9986342592592592,231.25,0.9982156635802469,175.75000000000003,0.9986876493428913,99.25000000000003,0.9992341820987655,42,0.9996759259259259,76.16666666666667,0.9993469935985368,1401.1833333333338,0.9895371614894464,671.6666666666667,0.9949845679012346,13.5,0.9998883928571429,138.73333333333335,0.9989640581441657,809.6666666666667,0.9937525720164609,739.8333333333333,0.9944755575467942,730.0999999999999,0.9943665123456791,653.75,0.9951183542413381
818,SKT4148,SKT4148__AirportRd,3,C4-SKT-03,30,,,64.08333333333333,0.999505529835391,431.50000000000006,0.996670524691358,6440.666666666666,0.9503034979423869,1905.5,0.9852970679012345,1266.2833333333333,0.9902292952674897,20.5,0.9998418209876543,519.9166666666666,0.9959882973251029,3650.2666666547148,0.9727429311032354,883.7,0.9931813271604938,101.75000000000001,0.9992148919753086,21,0.9998199588477367,20.583333333333332,0.9998463012743926,20,0.9998506571087217,66.75,0.9994481646825396,0,1,0,1,0,1,13.25,0.999897762345679,0,1
819,KPD8889,KPD8889__S_JassarVillage_Warid_MDSK1972,3,C4-NRW-05,30,,,0,1,0,1,0,1,5.25,0.9999594907407408,0,1,0,1,14.833333333333336,0.9998855452674897,52.5,0.9996079749103943,157.5,0.9987847222222223,753.05,0.9941894290123457,559.3166666666667,0.9952047610882488,0,1,406.75,0.996962738948626,0,1,0,1,46.5,0.9996412037037037,905.0666666666667,0.9932417363600159,175.33333333333334,0.9986471193415638,1311.3833333333332,0.9902077110712864
820,QDS4170,QDS4170__HFZRdQilaDidarSingh,3,C4-HFZ-06,20,,,252.16666666666669,0.9980542695473251,186.33333333333334,0.9985622427983539,101.33333333333334,0.9992181069958848,208.25,0.9983931327160493,490.75000000000006,0.9962133487654321,49.66666666666667,0.9996167695473251,1607.9500000000003,0.9875929783950618,724.3333333333334,0.9945912982875349,137.25,0.9989409722222223,1029.4166666666667,0.992056970164609,278.3833333333333,0.9976133116140832,357.58333333333337,0.997329873556352,495.16666666666663,0.9963025189167662,0,1,13.25,0.9999010603345281,781.3666666666667,0.9939709362139918,33.50000000000001,0.9997498506571086,466.5333333333333,0.9964002057613169,1213.6666666666665,0.9909373755475905
821,RUR5506,RUR5506__S_Jaidpur,3,C4-GRT-04,,E.Co,e.coPK001078PU,952.1666666666667,0.9926530349794238,1341.75,0.9896469907407408,1050.5,0.9918942901234569,207.83333333333331,0.9983963477366256,6954.199999999999,0.946341049382716,4209.116666666668,0.9675222479423868,2609.916666666667,0.9798617541152264,2905.5333333116805,0.9783039625648768,0,1,2173.7166666666667,0.983227494855967,1255.1666666666665,0.9892389689071789,2164,0.9838410991636798,11381.666666666668,0.9150114496216646,2019.25,0.98330646494709,1374.6500000000003,0.9897352897252091,1994.5,0.9846103395061728,1989.5,0.9851441158900837,774.8833333333334,0.9940209619341565,2387.666666666667,0.9821709478295501
822,RUR5489,RUR5489__S_Dhaunkal_CMPak7703,3,C4-WZD-07,,CMPak,7703,4339.75,0.966514274691358,1102.9166666666667,0.9914898405349795,16.75,0.9998707561728395,0,1,4352.650000000001,0.966414737654321,906.1500000000001,0.9930081018518518,320.4999999999999,0.9975270061728395,1234.3333333333333,0.9907830545599363,1417.8333333333335,0.989059927983539,2125.5333333333333,0.983599279835391,2983.8833333333337,0.9744180098308185,0,1,2633.583333333334,0.980334652528873,2407.883333333333,0.9800935570987654,740.7333333333335,0.9944688371166867,966.3499999999997,0.9925435956790123,2041.25,0.9847576911589009,2198.383333333333,0.9830371656378601,3086.9999999897555,0.9769489247312593
823,GUJ5476,GUJ5476__S_FaizAlamTown,3,C4-GUJ-02,,Enfrashare,EC1-GUJ-01752,356.6666666666667,0.9972479423868313,1169.5000000000002,0.9909760802469135,19.5,0.999849537037037,609.7499999999999,0.9952951388888889,1059.1,0.9918279320987655,0,1,0,1,1628.55,0.9878393817204301,2209.9333333333334,0.9829480452674898,2280.4166666666665,0.9824041923868313,2834.8166666666666,0.9756960162322816,3512.8500000000004,0.973769041218638,2443.416666666667,0.9817546545201116,818.7666666666668,0.9932310956790125,434.0000000000001,0.9967592592592592,711.75,0.9945081018518519,252.5,0.9981145459976105,2134.3333333333335,0.983531378600823,6934.383333333334,0.9482199571883712
824,GUJ9463,GUJ9463__S_Canal Pasrur Rd Warid_MDGJ3790,3,C4-GUJ-01,20,,,1974,0.9847685185185184,889.2499999999997,0.9931385030864197,174.5,0.9986535493827161,6.500000000000001,0.9999498456790125,4881.599999999999,0.9623333333333334,1780.6166666666668,0.9862606738683128,2411.166666666667,0.9813953189300412,816.8166666666667,0.9939007118677817,2747.4833333333336,0.9788002829218106,722.6666666666666,0.9944238683127573,281.33333333333337,0.9975880201188844,1894.7,0.985852001194743,471.1666666666668,0.9964817303863004,259.5,0.9978546626984126,1815.5,0.9864433990442055,4142.666666666667,0.9680349794238683,1409.083333333333,0.9894781710473914,1385.4166666666665,0.9893100565843622,14482.766666666665,0.8918550876144963
825,SKT3223,SKT3223__Rangpur2,4,C4-SKT-03,30,,,0,1,1439.9166666666667,0.991667148919753,908.6666666666667,0.994741512345679,4.166666666666667,0.999975887345679,4996.700000000001,0.971083912037037,1262.666666666667,0.9926929012345679,21013.36666666667,0.8783948688271604,40286.21666666666,0.7743827471624851,8503.25,0.9507913773148148,384.4166666666667,0.9977753665123457,0,1,1316.0833333333328,0.992629461618877,3777.8333333333344,0.9788427792712067,1319.1500000000003,0.9918207465277777,1561.6666666666665,0.9912541069295102,578.0166666666667,0.9966549961419753,656.2833333333334,0.9963245781063321,2159.6833333333334,0.9875018325617284,2163.2500000000005,0.987885024641577
826,RUR9206,RUR9206__DhaSirihali,3,C4-GRT-04,27,,,382.08333333333337,0.9970518261316873,320,0.9975308641975309,45.25,0.9996508487654322,235.66666666666663,0.9981815843621399,649.75,0.9949864969135802,7.5,0.9999421296296296,368.91666666666663,0.997153420781893,445.55,0.996673013739546,818.8999999999997,0.9936813271604938,177.99999999999997,0.9986265432098765,221.75,0.9980988511659808,235.16666666666663,0.9982439765033851,2440.2166666666667,0.981778549382716,15.75,0.9998697916666667,0,1,236.25,0.9981770833333333,0,1,79.24999999999999,0.9993885030864198,149.16666666744277,0.9988861509358763
827,WZB9967,WZB9967__Barkat_Town,3,C4-WZD-07,,GLO,,396.00000000000006,0.9969444444444444,1701.2166666666667,0.9868733281893004,12528.899999999996,0.9033263888888889,259.4166666666667,0.9979983281893005,4877.199999999999,0.9623672839506173,924.0833333333335,0.9928697273662551,9670.033333333333,0.9253855452674897,7819.566666675204,0.9416101652727359,4274.383333333333,0.9670186471193415,3071.7833333333338,0.9762979681069959,6151.783333333333,0.9472583733424783,8839.033333333331,0.9339976602947033,2403.983333333333,0.9820491089207488,333.5,0.9972428902116403,1961,0.9853569295101553,16029,0.8763194444444444,6611.7,0.9506294802867383,7314.083333333335,0.9435641718106996,2750.7666666666664,0.979459627638391
828,SKT0816,SKT0816__RangPura,3,C4-SKT-03,27,,,377.08333333333337,0.9970904063786008,143.25,0.998894675925926,0,1,194.20000000000005,0.9985015432098766,1838.0666666666668,0.9858173868312757,343.83333333333326,0.9973469650205762,2167.483333333333,0.983275591563786,1148.5,0.9914239844683393,630.6833333333333,0.9951336162551441,824.1666666666666,0.9936406893004116,0,1,1432.2999999999997,0.9893048088410992,170.16666666666669,0.9987293409000398,328.55000000000007,0.9972838128306879,0,1,456.15000000000003,0.9964803240740742,0,1,1022.75,0.9921084104938273,0,1
829,RUR5356,RUR5356__S_RijadhayWali_PTCL_GTRP2092,3,C4-NRW-05,,PTCL,GTRP2092,96.25000000000003,0.9992573302469135,0,1,0,1,9.666666666666668,0.9999254115226337,0,1,0,1,72.75000000000001,0.9994386574074074,0,1,0,1,0,1,117.08333333333333,0.9989961991312301,0,1,23,0.9998282556750299,0,1,0,1,0,1,0,1,0,1,161.39999999999998,0.9987948028673835
830,MLL3801,MLL3801__MozGhughiat_Miani,3,C4-MBD-08,20,,,213.73333333333335,0.9983508230452675,250.08333333333334,0.9980703446502058,1112.3166666666664,0.9914173096707819,2046.7833333333335,0.9842069187242798,1643.75,0.9873167438271605,988.3000000000001,0.9923742283950616,469.6666666666665,0.9963760288065844,349.29999998960017,0.9973917264039008,203.96666666666664,0.9984261831275719,0,1,65.49999999999999,0.9994384430727024,166.75,0.9987548536439665,330.50000000000006,0.9975321087216248,15.75,0.9998697916666667,526.8333333333333,0.9960660593389088,1899.7333333333331,0.9853415637860082,890.8833333333333,0.9933476453604142,315.3333333333333,0.9975668724279835,298.7500000242144,0.9977691905613484
831,GUJ0731,GUJ0731__OldDhulayChowk,3,C4-GUJ-02,,GLO,,106.93333333333331,0.9991748971193415,561.0333333333333,0.9956710390946502,2088.5,0.9838850308641974,3914.1999999999994,0.9697978395061729,4252.783333333335,0.9671853137860081,592.75,0.995426311728395,898,0.993070987654321,56.833333333333336,0.9995756172839506,684.4666666666667,0.9947186213991769,642.75,0.9950405092592592,3065.55,0.9737178497942387,2448.7166666666667,0.9817150786539227,1471.3833333333332,0.9890129679410593,89.75000000000001,0.9992580191798942,12,0.999910394265233,1352.9666666666667,0.9895604423868314,1394.4833333333333,0.9895871913580246,610.6666666666667,0.9952880658436214,7039.466666666665,0.9474352847471127
832,GUJ9444,GUJ9444__S_Prince Rd Warid_MDGJ1837,3,C4-GUJ-02,20,,,531.5833333333333,0.9958982767489712,1855.2500000000002,0.985684799382716,0,1,734.5833333333333,0.9943319187242798,933.5000000000001,0.9927970679012346,541.3333333333335,0.9958230452674897,578.1666666666666,0.9955388374485596,538.0833333333334,0.9959820539625648,1675.9666666666667,0.987068158436214,772,0.9940432098765432,1043.0000000000002,0.9910579561042525,1563.5833333333333,0.9883244972122661,422.75,0.9968432646356034,796.3333333333335,0.9934165564373898,922.9166666666666,0.99310844782955,2164.2,0.9833009259259259,223.41666666666669,0.9983317154520112,2008.2166666666667,0.9845045010288065,386.83333333333337,0.9971114595778574
833,RUR1097,RUR1097__ChakSaidan,3,C4-MBD-08,9,,,145.25,0.9988792438271605,836.9833333333332,0.9935417952674896,244.25,0.9981153549382716,0,1,428.5,0.9966936728395062,8.5,0.9999344135802469,2800.666666666667,0.9783899176954732,955.0166666743967,0.9928687524889905,801.4166666666667,0.9938162294238683,463.7499999999999,0.9964216820987655,456.3333333333333,0.9960876771833561,195.25000000000003,0.9985420400238948,943.8833333333332,0.9929518866985265,16,0.9998677248677248,507.96666666666664,0.996206939466348,1261.75,0.9902642746913579,116.41666666666666,0.9991306999203505,878.3000000000001,0.9932229938271605,4344.8499999948,0.9675563769414964
834,WND5005,WND5005__S_Wandoh Warid_MDIK4147,3,C4-GUJ-01,,GLO,,831.5833333333335,0.9935834619341564,2140,0.9834876543209876,852.8333333333333,0.9934194958847736,265.5833333333333,0.9979507458847736,4482.016666666666,0.9654165380658436,4708.149999999999,0.9636716820987654,1670.4166666666667,0.9871109825102881,115.83333333333331,0.9991350557546794,929.2833333333333,0.992829603909465,25.666666666666664,0.9998019547325103,900.8500000000001,0.9922766632373115,1749.6666666666667,0.9869349860613302,2341.8333333333335,0.9825131919553962,1360.75,0.9887504133597883,1633.25,0.9878042861409797,1762.4166666666663,0.9864011059670781,8156.116666666669,0.9390970977698129,19294.883333333335,0.8511197273662552,20166.183333333338,0.849416193747511
835,RUR6177,RUR6177__S_Hailan_MR4W4343,3,C4-MBD-08,20,,,52.16666666666667,0.9995974794238682,0,1,6.999999999999999,0.999945987654321,0,1,333.78333333333336,0.9974245113168725,262.8666666666667,0.99797170781893,335.91666666666663,0.9974080504115226,247.74999999999997,0.9981500149342891,351.9333333333334,0.9972844650205761,210.16666666666669,0.9983783436213991,58.583333333333336,0.9994977423411064,670.6666666666666,0.9949920350457986,248.75000000000003,0.9981425477897252,134.66666666666666,0.998886684303351,0,1,540.2,0.9958317901234568,491.16666666666686,0.9963323874950218,0,1,1434.1833333333334,0.9892907457188371
836,KMK5931,KMK5931__S_City Thana Warid_15253,3,C4-GUJ-01,30,,,259.4,0.9979984567901234,893.4166666666667,0.9931063528806584,802.3333333333333,0.9938091563786009,0,1,1573.6666666666665,0.9878575102880659,359.25,0.9972280092592593,1201.8333333333333,0.9907265946502057,789.9666666666667,0.994101204699323,1196.4,0.9907685185185185,75.99999999999999,0.9994135802469135,2209.6333333333337,0.9810559556470051,141.16666666666669,0.9989458880923935,1413.1500000000003,0.9894478046594982,412.41666666666674,0.9965904706790124,634.4166666666666,0.9952627190362405,1264.5,0.9902430555555556,780.5833333333333,0.9941712714058144,1862.3833333333332,0.9856297582304526,3617.8,0.9729853643966547
837,GUJ3066,GUJ3066__inkRdMalikPark,3,C4-GUJ-02,9,,,597.0833333333335,0.9953928755144033,1420.9833333333333,0.9890356224279836,2469.6833333333334,0.9809438014403292,4389.416666666667,0.9661310442386831,65,0.9994984567901234,0,1,866.8166666666665,0.9933115997942388,2846.9833333715183,0.9787411638786476,380.85,0.9970613425925926,0,1,316.08333333333337,0.9972900948788295,0,1,231.41666666666669,0.9982719782954997,5.25,0.9999565972222223,28.08333333333334,0.9997902976901633,1745.9166666666665,0.986528420781893,36.50000000000001,0.9997274492234169,897.7999999999997,0.9930725308641974,1684.5,0.9874215949820788
838,KHR0295,KHR0295__FruitMandi,3,C4-MBD-08,"31, 31",,,959.3333333333334,0.9925977366255144,674.4166666666667,0.9947961676954732,3547.016666666667,0.9726310442386832,33.41666666666667,0.9997421553497943,410.5,0.9968325617283951,494.08333333333337,0.996187628600823,658.5833333333334,0.9949183384773663,5953.3,0.9555458482676226,2588.7000000000003,0.980025462962963,207.75,0.9983969907407407,241.25,0.997931670096022,91.58333333333333,0.9993161340103545,357.08333333333337,0.9973336071286341,654.6166666666668,0.9945881558641975,645.2833333333333,0.9951815760653127,2309.416666666667,0.9821804269547324,890.9999999999999,0.9933467741935483,7,0.999945987654321,568.1333333333332,0.995757666268419
839,GJR6294,GJR6294__S_UmerPalaza_MirzaAkram_Hospital_MDGU4240,3,C4-GRT-04,27,,,824,0.9936419753086421,987,0.9923842592592592,432.75,0.9966608796296296,118.49999999999999,0.999085648148148,927.6666666666665,0.9928420781893004,153.66666666666666,0.9988143004115225,605.75,0.9953260030864197,1243.9499999927048,0.9907112455197677,379.15,0.9970744598765432,629.5500000000001,0.9951423611111112,681.1666666666667,0.994160093735711,354.4,0.9973536439665471,802.6333333333333,0.99400662086818,520.4166666666666,0.9956976135361552,321.5833333333333,0.9975986907606531,3012.0666666666675,0.976758744855967,359.03333333333336,0.9973190461967344,62.416666666666664,0.9995183899176955,100.16666666666666,0.999252041019514
840,RUR5761,RUR5761_H_Ucha Khalwan Narowal,3,C4-NRW-05,,ATL,ATNRW4,0,1,0,1,26,0.9997993827160494,671.2,0.994820987654321,1766.3666666666663,0.9863706275720164,150.16666666666669,0.9988413065843622,227.58333333333331,0.998243955761317,3564.0333333333333,0.9733868478693748,14618.616666666665,0.8872020318930041,20.25,0.99984375,75.08333333333334,0.9993562814357567,1534.2500000000005,0.9885435334528077,2807.6000000000004,0.9790352449223417,0,1,0,1,854.6666666666667,0.9934053497942387,316.25000000000006,0.9976385155316606,328.33333333333337,0.9974665637860082,181.33333333333334,0.9986459577857427
841,QDS9513,QDS9513__S_Qila Didar Singh_315322,3,C4-HFZ-06,27,,,603.1666666666666,0.9953459362139918,1249.6666666666667,0.9903575102880658,23.083333333333336,0.9998218878600824,500.41666666666663,0.9961387602880659,610.7833333333333,0.99528716563786,159.16666666666666,0.9987718621399176,3167.2,0.9755617283950617,333.24999999317026,0.997511574074125,426.3666666666667,0.996710133744856,519.3,0.9959930555555556,517.1666666666667,0.995566129401006,190.66666666666669,0.9985762644364794,916.0833333333334,0.9931594733174035,273.58333333333337,0.9977382330246914,0,1,243.91666666666663,0.9981179269547326,3591.9333333333334,0.9731785145360413,559.25,0.995684799382716,1012.8333333312381,0.9924370270808599
842,WZB9816,WZB9816__MohahlaAllbad,4,C4-WZD-07,20,,,1920.2333333333333,0.9888875385802468,683.1666666666667,0.9960464891975309,468.15000000000003,0.9972907986111111,578.6666666666667,0.9966512345679013,6668.216666666667,0.9614107831790123,5083.749999999999,0.9705801504629629,5296.5666666666675,0.9693485725308641,5023.0833333382225,0.9718689329450144,3218.833333333333,0.9813724922839506,1350.5666666666666,0.9921842206790124,893.8333333333334,0.994252614883402,2191.4999999999995,0.987726814516129,3446.1166666666663,0.9807005114994027,703.3333333333331,0.9956390542328042,460.08333333333337,0.9974233684289128,1847.8166666666666,0.9893066165123457,4010.916666666666,0.9775374290621266,2555.3166666666666,0.9852122878086419,2791.4833333286765,0.9843666928016986
843,MUS9612,MUS9612__LakhaMusaKhurd,3,C4-MBD-08,9,,,0,1,19.25,0.9998514660493827,0,1,124.24999999999997,0.9990412808641974,995.5,0.9923186728395063,0,1,155.08333333333334,0.9988033693415638,68.58333333333334,0.9994878783353246,2603.3500000000004,0.9799124228395061,39.15,0.9996979166666666,0,1,790.5,0.9940972222222223,3098.383333333334,0.9768639237355634,15.5,0.9998718584656084,156.74999999999997,0.9988295250896058,1125.55,0.991315200617284,950.4166666666672,0.9929031013540423,596.2500000000001,0.9953993055555556,1052.25,0.9921426971326164
844,GUJ0724,GUJ0724__Garjakh,4,C4-GUJ-02,30,,,49,0.9997164351851852,1425.75,0.9917491319444445,0,1,579.4166666666665,0.9966468942901234,4736.166666666667,0.9725916280864197,5875.083333333333,0.966000675154321,3032.9166666666665,0.982448398919753,1839.200000007994,0.9896998207884857,2416.5166666666664,0.9860155285493828,1576.8999999999999,0.9908744212962963,1521.7499999999998,0.9902150848765432,1777.9999999999998,0.9900425627240144,2663.5666666666666,0.9850830719832736,2647.716666666667,0.9835831059854497,432.50000000000006,0.9975778449820788,2931.9000000000005,0.9830329861111111,2022.4333333333334,0.9886736484468339,1562.4166666666665,0.9909582368827161,13115.033333333333,0.92655111260454
845,RUR5764,RUR5764_H_Miani Madharian Wala Kalar Sialkot,3,C4-SKT-03,,Enfrashare,EC1-SKT-03413,880.3333333333335,0.993207304526749,573.5833333333333,0.9955742026748972,74.25,0.9994270833333333,950.45,0.9926662808641976,1913.1666666666665,0.9852379115226337,579,0.9955324074074074,0,1,1782.1999999999998,0.986692054958184,804.4833333333333,0.993792566872428,0,1,428.75,0.9963241598079562,860.9833333333332,0.9935709129828753,893.6500000000001,0.993326986260454,190.5,0.9984250992063493,56.750000000000014,0.9995762395459977,668.7333333333333,0.9948400205761316,63,0.9995295698924731,366.75,0.9971701388888888,1272.8833333333334,0.9904951961369971
846,RUR0178,RUR0178__Sharakot,3,C4-HFZ-06,30,,,697.9166666666666,0.9946148405349794,2408.616666666667,0.9814149948559671,161.49999999999997,0.9987538580246914,152.91666666666666,0.9988200874485597,1416.2500000000005,0.9890721450617284,342.9166666666667,0.9973540380658436,874.1666666666667,0.9932548868312757,699.8,0.9947744922341697,372.9,0.9971226851851851,1384.25,0.9893190586419753,554.8833333333333,0.9952427697759488,47.66666666666666,0.9996440661091199,454.8333333333333,0.996603693747511,0,1,101.16666666666666,0.9992445738749502,983.6500000000001,0.9924101080246913,2696.516666666667,0.9798647202309837,1499.1666666666665,0.9884323559670781,2573.3,0.9807847968936678
847,RUR6920,RUR6920__High_School,3,C4-MBD-08,30,,,1075.9166666666667,0.9916981738683127,1170.833333333333,0.99096579218107,11579.616666666667,0.9106511059670782,19239.86666666666,0.8515442386831276,0,1,0,1,0,1,0,1,0,1,0,1,0,1,0,1,0,1,0,1,0,1,0,1,0,1,0,1,0,1
848,Ghk0384,Ghk0384__Gakkarmandi,3,C4-GUJ-02,30,,,699.7499999999999,0.9946006944444444,411.41666666666663,0.9968254886831275,364.5,0.9971875,1091.8833333333334,0.9915749742798354,0,1,320.23333333333335,0.9975290637860083,542.983333333333,0.9958103137860083,1151.3,0.9914030764635604,541.9499999999999,0.9958182870370371,735.4833333333333,0.9943249742798353,145.08333333333331,0.9987561442615456,57.75000000000001,0.9995687724014337,232.00000000000003,0.9982676224611708,142.00000000000003,0.9988260582010582,493.91666666666663,0.9963118528474711,8346.033333333333,0.9356015946502058,1182.6833333333334,0.9911687325766627,3829.8499999999995,0.970448688271605,1131.1666666666665,0.9915534149741139
849,DIL2203,DIL2203__KALAS,3,C4-GRT-04,,GLO,,488.5833333333335,0.9962300668724279,211.66666666666666,0.9983667695473251,174.08333333333331,0.9986567644032922,953.1666666666667,0.9926453189300412,1715.3333333333333,0.9867644032921811,360.5833333333333,0.9972177211934157,875.1666666666667,0.993247170781893,21.083333333333336,0.9998425677021108,206.41666666666666,0.9984072788065843,0,1,123.9,0.9989377572016461,23.75,0.9998226553166069,0,1,21.75,0.9998201884920636,32.00000000000001,0.9997610513739547,0,1,0,1,1282.0333333333333,0.990107767489712,437.3999999999999,0.9967338709677419
850,GUJ9430,GUJ9430__S_Nusrat Colony Warid_MDGJ4642,3,C4-HFZ-06,,Ufone,3904,1762.916666666667,0.9863972479423869,1535.5833333333335,0.9881513631687242,24,0.9998148148148148,889.1999999999998,0.9931388888888888,12610.699999999999,0.9026952160493827,32.49999999999999,0.9997492283950618,23.25,0.999820601851852,756.9666666666666,0.9943476204699323,1177.25,0.9909162808641975,569.5333333333333,0.9956054526748972,1502.1333333333334,0.9871216278006402,851.25,0.9936435931899642,1637.9166666666665,0.987769439466348,842.0833333333333,0.9930383322310405,674.6666666666665,0.9949621664675428,3743.766666666667,0.9711129115226338,1385.666666666667,0.9896530266825966,983.4333333333335,0.9924117798353909,851.2833333333333,0.9936433442851453
851,SKT0721,SKT0721__HajiPura,3,C4-SKT-03,27,,,192.25,0.9985165895061727,89.33333333333334,0.9993106995884774,28.583333333333332,0.9997794495884774,96.58333333333333,0.9992547582304526,30.833333333333332,0.9997620884773663,34.083333333333336,0.9997370113168725,14,0.999891975308642,15.75,0.9998823924731183,0,1,89.83333333333334,0.999306841563786,0,1,152.41666666666663,0.9988618827160494,0,1,0,1,0,1,0,1,0,1,0,1,0,1
852,GUJ0387,GUJ0387__Model Town,3,C4-GUJ-02,13,,,159.91666666666663,0.9987660751028806,597.5,0.9953896604938273,0,1,30.249999999999993,0.9997665895061728,65.50000000000001,0.9994945987654321,147.33333333333334,0.9988631687242798,1467.1666666666667,0.9886792695473251,918.9166666666667,0.9931383164078056,669.4333333333334,0.9948346193415638,0,1,0,1,177.58333333333334,0.9986739595778574,110.75,0.999173013739546,308.75,0.9974475033068784,194.25,0.9985495071684588,1603.4166666666665,0.9876279578189301,1413.4166666666663,0.9894458134209478,1102.75,0.9914911265432099,2962.7000000000003,0.9778770908004779
853,SKG4023,SKG4023__MuhallahSulariah,3,C4-NRW-05,20,,,634.0833333333334,0.9951073816872428,859.9333333333333,0.9933647119341563,270.55,0.9979124228395062,841.3333333333333,0.9935082304526749,2457,0.9810416666666667,292.0833333333333,0.9977462705761317,1273.75,0.9901716820987655,409.41666665603407,0.9969428265632017,725.1166666666666,0.9944049639917695,476.33333333333337,0.9963245884773663,219.0333333333333,0.9981221422039322,252.64999999999998,0.998113425925926,839,0.9937350657108722,132.66666666666666,0.9989032186948853,602.2166666666667,0.9955031610911987,3830.366666666667,0.9704447016460905,563.2499999999999,0.9957941308243727,2895.3999999999996,0.977658950617284,2444.5000000209548,0.9817465651133442
854,RUR1033,RUR1033__Pindi_Siyana,3,C4-NRW-05,20,,,0,1,329.08333333333337,0.9974607767489713,96.75,0.9992534722222223,1415.8333333333335,0.9890753600823046,1769,0.9863503086419754,1402.8333333333333,0.9891756687242799,1840.1666666666665,0.985801183127572,3705.8666666666663,0.9723277578653922,1115.4500000000003,0.9913931327160493,829.6666666666665,0.9935982510288066,84.74999999999999,0.9992734053497943,91.5,0.9993167562724014,948.5833333333335,0.9929167911190762,0,1,139.75000000000003,0.9989564665471923,0,1,173,0.9987081839904421,558.0833333333335,0.9956938014403292,445.21666666666675,0.9966755027877339
855,Guj4649,Guj4649__Loyawalabazar,3,C4-GUJ-02,30,,,535.8333333333334,0.9958654835390947,75.83333333333333,0.999414866255144,952.3333333333335,0.9926517489711933,261,0.9979861111111111,38.25,0.9997048611111111,11.25,0.9999131944444444,0,1,237.749999957392,0.9982246863802464,0,1,130.25,0.9989949845679013,132,0.9988683127572017,0,1,0,1,0,1,69.24999999999999,0.9994829002389486,536.25,0.9958622685185184,455.58333333333326,0.996598093389088,979.6666666666667,0.9924408436213992,2500,0.9813321385902032
856,GJR6908,GJR6908__GujratWestBypassGJR,4,C4-GRT-04,30+27,,,765,0.9955729166666667,2951.1499999999996,0.9829215856481481,756.75,0.9956206597222222,78,0.9995486111111112,2200.116666666667,0.9872678433641976,586.5333333333332,0.9966057098765433,685.5000000000001,0.9960329861111111,3182.099999958246,0.9821790994625994,1008.7500000000001,0.9941623263888889,824.4166666666666,0.9952290702160493,0,1,1047.5833333333335,0.994133157855436,2535.0666666666666,0.9858027180406213,847.4166666666665,0.9947456803902116,984.9166666666665,0.9944841136499403,2091.2,0.9878981481481481,381.43333333333334,0.997863836618877,3599.9666666666667,0.9791668595679012,941.7500000167637,0.9947258624551033
857,GUJ3887,GUJ3887__ChandDaQila,3,C4-GUJ-01,30,,,1448.833333333333,0.9888207304526749,1667.5,0.987133487654321,1876.4999999999998,0.9855208333333333,1016.6666666666666,0.9921553497942387,3519.983333333334,0.9728396347736625,2706.4166666666665,0.9791171553497943,2962.866666666667,0.9771383744855967,3112.60000003314,0.9767577658300991,2483.5000000000005,0.9808371913580247,3327.966666666667,0.974321244855967,3967.233333333333,0.9659873685413808,3269.8,0.9755839307048985,290.41666666666663,0.9978314167662287,290.6333333333333,0.9975972773368607,791.3,0.994091248506571,1769.5,0.9863464506172839,1654.8000000000002,0.9876433691756273,1887.65,0.985434799382716,1957.700000027241,0.9853815710870129
858,GUJ8921,GUJ8921__princeCinema,3,C4-GUJ-02,9,,,417.83333333333337,0.9967759773662551,2080.033333333333,0.9839503600823045,886.5833333333334,0.9931590792181071,1095.9166666666667,0.9915438528806584,1069.5,0.9917476851851852,1827.4833333333331,0.9858990483539095,2506.1000000000004,0.9806628086419754,1066.3166666626312,0.9920376592991141,2487.45,0.9808067129629631,1729.0166666666669,0.9866588220164608,1036.4333333333334,0.9911142546867856,1641.5833333333328,0.9877420599362804,1378.5833333333335,0.989705918956591,274.6,0.9977298280423281,998.2499999999991,0.9925459229390681,849.5999999999999,0.9934444444444445,28.5,0.9997871863799282,870.5833333333333,0.9932825360082305,3537.350000000001,0.9735860961768219
859,RUR0786,RUR0786__BaddoRattan,3,C4-HFZ-06,9,,,212.83333333333337,0.998357767489712,815.0833333333334,0.9937107767489712,2021.8333333333335,0.9843994341563785,1079.3333333333335,0.9916718106995884,4828.166666666667,0.9627456275720165,1874.1666666666665,0.9855388374485596,4161.85,0.9678869598765432,7892.783333333334,0.9410634458383115,2787.6666666666665,0.9784902263374485,912.1999999999999,0.9929614197530864,317.4999999999999,0.9972779492455419,1640.9166666666667,0.9877470380326564,0,1,310.66666666666663,0.9974316578483245,204.25,0.9984748357228196,1512.7999999999995,0.9883271604938271,5102.35,0.9619000149342891,292.1666666666667,0.9977456275720165,2637.3,0.980306899641577
860,GUJ4651,GUJ4651__Imranclny,3,C4-GUJ-02,20,,,0,1,817.9166666666667,0.9936889146090535,48.66666666666667,0.9996244855967078,0,1,111.91666666666669,0.9991364454732511,32.333333333333336,0.9997505144032922,49.25,0.9996199845679012,3404.3833333333328,0.9745789774990044,1113.8666666666666,0.9914053497942387,807.25,0.9937712191358026,325.33333333333337,0.9972107910379515,505.8833333333333,0.9962224960175229,0,1,281.41666666666663,0.997673473324515,30.333333333333336,0.9997734966148945,324.95000000000005,0.9974926697530865,548.4166666666667,0.9959048934687376,3221.933333333333,0.975139403292181,4605.433333333333,0.9656105635205097
861,RUR0714,RUR0714_LoharanWallNEW,3,C4-WZD-07,9,,,793.6666666666665,0.9938760288065843,624.5,0.9951813271604938,0,1,434.33333333333337,0.9966486625514404,769.5,0.9940625,807.25,0.9937712191358026,2454.9999999999995,0.9810570987654321,2612.6666666930546,0.9804908403024711,851.4000000000001,0.9934305555555555,3241.166666666667,0.9749909979423869,2053.083333333333,0.9823981195701874,3062.4666666666662,0.9771321186778177,2249.7,0.983201164874552,816.9166666666665,0.9932463899911816,583.5833333333333,0.9956422988849064,514.8333333333333,0.9960275205761318,163.75000000000003,0.9987772550776584,553.9666666666666,0.9957255658436215,1160.0833333333333,0.9913374900438072
862,HWY0112,HWY0112__P_Pindi_Bhattian_M2Warid_25262,4,C4-HFZ-06,30,,,0,1,147.33333333333334,0.9991473765432098,81.16666666666666,0.9995302854938273,452.1666666666668,0.9973832947530865,1064.4166666666665,0.9938401813271605,72.66666666666667,0.999579475308642,377.8666666666667,0.9978132716049383,348.16666668249917,0.998050141875658,36,0.9997916666666667,73.58333333333333,0.9995741705246914,172.25,0.9988924254115226,9.416666666666668,0.9999472632915173,92.43333333333332,0.9994823402031063,66.66666666666669,0.9995866402116402,0,1,224.26666666666665,0.9987021604938272,568.3333333333333,0.9968171296296297,164.25,0.9990494791666668,559.3333333333334,0.9968675328554361
863,HFZ9399,HFZ9399_Ghora_Chowk_Hafizabad,3,C4-HFZ-06,20,,,0,1,157.58333333333334,0.9987840792181071,311.08333333333337,0.9975996656378601,484.2666666666667,0.9962633744855967,635.7666666666665,0.9950943930041153,355.75,0.9972550154320987,1555.5833333333333,0.98799704218107,4713.316666666667,0.9648049830744724,385.25,0.9970273919753087,204.38333333333333,0.9984229681069959,528.6333333333333,0.995467821216278,572,0.9957287933094385,1554.1333333333334,0.9883950617283951,108,0.999107142857143,851.2166666666667,0.9936438420947828,2255.0333333333338,0.9826000514403291,724.9166666666667,0.9945869424532059,93.66666666666664,0.9992772633744856,1293.1333333333332,0.9903439864595778
864,HWY8837,HWY8837__11KMAttawaStop,5,C4-GUJ-01,30,,,101.00000000000001,0.9995324074074073,305.1666666666667,0.9985871913580248,740.083333333333,0.996573688271605,596.8333333333331,0.9972368827160494,2225.9166666666665,0.9896948302469135,0,1,316.2500000000001,0.9985358796296296,542.3333333333334,0.9975701911589009,0,1,0,1,0,1,0,1,953.8333333333335,0.9957265531660693,0,1,0,1,575.3333333333331,0.9973364197530864,443.58333333333337,0.998012619474313,455.83333333333337,0.9978896604938272,3844.633333333333,0.9827749402628434
865,HWY3259,HWY3259__JINNAH_ABADIwarid_MR1V3639,4,C4-MBD-08,20,,,140.25000000000003,0.9991883680555556,655.1833333333334,0.9962084297839506,677.1666666666667,0.996081211419753,0,1,1464.6666666666665,0.9915239197530865,11,0.9999363425925926,644.0000000000001,0.996273148148148,2249.2166666660455,0.9874035804958219,990.8833333333334,0.9942657214506173,974.8333333333333,0.9943586033950618,87,0.9994405864197531,65,0.9996359767025089,731.333333333333,0.9959042712066907,792.8333333333335,0.9950841187169313,485.3333333333332,0.9972819593787335,2529.7166666666667,0.9853604359567902,1120.1333333333337,0.9937268518518519,1655.0666666666666,0.9904220679012345,5363.383333327047,0.9699631309737508
866,DSK5669,DSK5669_H_Gaga Daska Sialkot,3,C4-WZD-07,,Enfrashare,EC1-DSK-06497,61.749999999999986,0.9995235339506173,479.2500000000002,0.9963020833333333,0,1,0,1,1742.95,0.986551311728395,0,1,0,1,796.5500000000002,0.9940520459976105,0,1,642.0833333333333,0.9950456532921811,1980.65,0.9830191186556927,6774.533333333333,0.9494135802469136,2937.5499999999993,0.9780648894862604,2016.2333333333331,0.9833314043209875,3353.2666666666664,0.97496067303863,1033,0.9920293209876543,1792.9,0.9866121565113501,1414.9666666666665,0.9890820473251029,4231.95,0.968399417562724
867,SKT3406,SKT3406__ZohralHospitalChwk,3,C4-SKT-03,31,,,518.0833333333333,0.9960024434156378,281.75,0.9978260030864198,1762.183333333333,0.9864029063786007,80.25,0.9993807870370371,475.08333333333337,0.9963342335390947,1002.5833333333333,0.9922640174897119,536.0833333333334,0.9958635545267489,5246.9833333333345,0.9608200169255277,390.95,0.9969834104938272,351.25,0.997289737654321,26.5,0.99977280521262,9,0.9999327956989248,259.25,0.9980641427718041,0,1,0,1,913.5000000000001,0.9929513888888889,0,1,1819.25,0.9859625771604938,0,1
868,MBI9714,MBI9714__Marri_Khurd,3,C4-HFZ-06,9,,,99.08333333333333,0.9992354681069959,0,1,256.5,0.9980208333333332,0,1,33.50000000000001,0.999741512345679,855.6666666666666,0.993397633744856,509.6333333333333,0.9960676440329217,14.333333333333332,0.9998929709279172,0,1,170.74999999999997,0.9986824845679013,0,1,88.5,0.9993391577060932,0,1,0,1,0,1,1066.3666666666668,0.9917718621399177,671.3000000000001,0.9949873058542412,701.9166666666666,0.9945839763374485,1731.1833333333334,0.9870730037833532
869,LLM5926,LLM5926_H_Mohalla Chiraghpura Lalamusa,3,C4-GRT-04,,Enfrashare,EC1-LLM-08113,1135.0666666666668,0.991241769547325,1685.3999999999996,0.9869953703703703,117.66666666666664,0.9990920781893005,1595.5500000000002,0.9876886574074074,1230.1333333333332,0.9905082304526749,0,1,0,1,0,1,0,1,26.999999999999996,0.9997916666666667,43.833333333333336,0.9996241998171009,0,1,423.5000000000001,0.9968376642771805,945.9000000000001,0.9921800595238095,248.5,0.9981444145758662,988.75,0.9923707561728395,0,1,3.166666666666666,0.9999755658436215,3384.3999999999996,0.9747281959378733
870,SKL9911,SKL9911__PindHasana,3,C4-GRT-04,20,,,58.000000000000014,0.9995524691358025,395.16666666666674,0.9969508744855967,6.999999999999999,0.999945987654321,0,1,1335.2833333333333,0.9896968878600824,404.8333333333335,0.9968762860082304,0,1,0,1,14,0.999891975308642,44.08333333333334,0.9996598508230453,41.16666666666666,0.9996470621856425,0,1,486.1166666666667,0.9963700965750697,15.75,0.9998697916666667,302.4,0.997741935483871,785.9833333333332,0.9939353137860083,118.08333333333333,0.9991182546794106,54.166666666666664,0.9995820473251028,0,1
871,WZB9742,WZB9742__S_WazirabadWarid_MDWA4191,3,C4-WZD-07,27,,,805.1666666666666,0.9937872942386831,1165.75,0.9910050154320987,7.5,0.9999421296296296,0,1,6537.85,0.94955362654321,725.4166666666666,0.9944026491769548,2194.6,0.9830663580246913,4295.083333318665,0.9679279918360315,2718.5,0.9790239197530864,3538.649999999999,0.9726956018518519,1128.5,0.9903249314128943,1411.0166666666667,0.9894637345679013,3316.7166666666667,0.9752335971724412,465.1666666666667,0.9961543761022927,262.66666666666663,0.9980386300278774,1602.9999999999995,0.9876311728395062,2223.1166666666663,0.9833996664675427,740.75,0.994284336419753,590.6999999999998,0.9955891577060931
872,SKT3809,SKT3809__RailwayStationSKT,3,C4-SKT-03,27,,,74.25,0.9994270833333333,598.9166666666666,0.9953787294238683,1610.5500000000002,0.9875729166666666,2636.616666666667,0.9796557355967078,795.0833333333333,0.9938650977366256,2326.75,0.9820466820987654,2376.1166666666663,0.9816657664609053,3400.399999966783,0.9746087216250987,2887.633333333333,0.9777188786008231,1952.583333333333,0.9849337705761317,654.8333333333334,0.9943858596250571,294.5000000000001,0.997800925925926,1370.45,0.9897666517323774,1248.8333333333335,0.9896756503527336,384.98333333333335,0.9971252737953007,2415.0666666666666,0.9813652263374486,691.4166666666665,0.9948370917960971,2553.1833333333334,0.9802995113168724,2478.5,0.9814926821983273
873,SKT9850,SKT9850__MohallIslamPura,3,C4-SKT-03,,GLO,,930.9166666666665,0.9928170010288067,554.7500000000001,0.9957195216049383,0,1,405.7499999999999,0.9968692129629629,1065.4166666666665,0.9917791923868313,690.75,0.9946701388888889,4891.650000000001,0.9622557870370371,1240.0833333333335,0.9907401184786937,370.5,0.9971412037037036,885.5833333333334,0.9931667952674897,0,1,336.3333333333333,0.9974885503783354,81,0.9993951612903226,0,1,0,1,730.2500000000001,0.9943653549382716,28,0.9997909199522103,707.3333333333333,0.9945421810699588,865.5000000000001,0.9935371863799283
874,RUR6526,RUR6526__S_ShrineSyedSadiqAliShah,3,C4-GUJ-01,,ATL,ATKMK2,22.5,0.9998263888888889,971.2833333333335,0.992505529835391,1722.6166666666666,0.9867082047325103,7394.433333333334,0.9429441872427984,1565.9166666666665,0.987917309670782,58.583333333333336,0.9995479681069959,517,0.9960108024691359,4051.9333333333334,0.9697436280366388,611.7166666666666,0.9952799639917695,9950.58333333333,0.9232208076131687,2854.7833333333338,0.9755248342478281,1898.1999999999998,0.9858258661887694,5702.05,0.957421968339307,7752.316666666667,0.9359100804673721,1441.8333333333333,0.9892336220629231,6091.700000000001,0.9529961419753086,9092.400000000001,0.9321057347670251,6704.850000000001,0.9482650462962963,5585.766666666666,0.9582902727996815
875,GUJ0081,GUJ0081__MetalWorks,3,C4-GUJ-02,20,,,654.5,0.9949498456790125,1159.8333333333333,0.9910506687242798,4633.500000000001,0.9642476851851852,1644.4166666666665,0.9873115997942387,4562.566666666665,0.9647950102880658,167,0.9987114197530864,1687.4,0.9869799382716049,151.33333333333334,0.9988699721226603,1543.666666666667,0.9880889917695473,662.6666666666666,0.9948868312757202,975.9666666666666,0.9916326588934613,793.7833333333333,0.9940727050975707,183.25,0.9986316457586619,109.41666666666666,0.9990954309964727,23.75,0.9998226553166069,1777.1666666666667,0.9862872942386831,859.75,0.9935801224611709,1179.5833333333333,0.9908982767489712,0,1
876,TDA3941,TDA3941__BusStandTanda,3,C4-GRT-04,20,,,0,1,0,1,33.5,0.999741512345679,0,1,2160.75,0.9833275462962964,606.8333333333333,0.9953176440329219,331.5,0.9974421296296296,27.25,0.9997965203106333,0,1,57.249999999999986,0.9995582561728394,0,1,0,1,0,1,754.5,0.9937624007936507,0,1,0,1,23.5,0.9998245221027479,0,1,0,1
877,RUR0512,RUR0512__Surukhpur_new,3,C4-GRT-04,,Telenor,LSU002,4040.416666666667,0.968823945473251,63.25000000000001,0.9995119598765432,32.75,0.9997472993827161,0,1,2275.75,0.9824402006172839,727.6666666666666,0.9943852880658436,449.6666666666667,0.9965303497942386,3485.666666666666,0.9739720230983672,0,1,75.41666666666666,0.9994180812757202,0,1,0,1,1054.6333333333332,0.9921249004380726,15.75,0.9998697916666667,0,1,0,1,47.66666666666667,0.9996440661091199,25.833333333333336,0.9998006687242799,706.2500000000001,0.9947263291517323
878,DMK6997,DMK6997__TalharaDaska,3,C4-WZD-07,30,,,20.499999999999996,0.9998418209876543,0,1,0,1,0,1,1018.6666666666665,0.9921399176954732,253.25,0.9980459104938272,2165.05,0.9832943672839507,0,1,5.25,0.9999594907407408,0,1,195.25,0.9983260459533608,29.25,0.9997815860215055,2282.983333333334,0.9829526334129828,142.08333333333334,0.9988253692680776,0,1,100.75000000000003,0.9992226080246914,24.750000000000004,0.9998151881720431,190.08333333333334,0.9985333076131687,38.58333333333333,0.9997118926722421
879,GUJ3303,GUJ3303_Mubarak Colony,3,C4-GUJ-02,9,,,99.58333333333331,0.9992316100823045,1196.9999999999998,0.9907638888888889,193.5,0.9985069444444444,248.33333333333326,0.9980838477366255,0,1,0,1,26.416666666666668,0.9997961676954732,17.75,0.9998674581839905,122.08333333333333,0.9990579989711934,850.6666666666664,0.9934362139917695,606.6666666666666,0.9947988111568358,8.75,0.9999346624850657,2443.4166666666665,0.9817546545201116,790.0833333333333,0.9934682264109347,2921.0000000000005,0.9781884707287933,2220.1166666666663,0.982869470164609,4119.566666666667,0.9692386001592991,290.41666666666663,0.9977591306584362,1575.9666666666667,0.9882320290720829
880,KMK0969,KMK0969__Ittehad Store,1,C4-GUJ-01,,,,0,1,0,1,1060.9333333333334,0.9754413580246912,0,1,40.583333333333336,0.9990605709876543,0,1,326.08333333333326,0.9924517746913579,0,1,0,1,21.08333333333333,0.9995119598765432,0,1,29.41666666666667,0.9993410244922342,0,1,0,1,0,1,0,1,0,1,0,1,0,1
881,RGA9707,RGA9707__BudhGoraya,3,C4-HFZ-06,9,,,95.41666666666666,0.9992637602880658,350.45,0.9972959104938272,0,1,980.75,0.9924324845679012,1818.3333333333337,0.9859696502057613,0,1,0,1,203.16666666666669,0.9984829251294305,102.36666666666665,0.999210133744856,354.1666666666668,0.997267232510288,0,1,292,0.9978195937873358,230.41666666666666,0.9982794454400638,621.6666666666667,0.9948605599647266,42.75,0.9996807795698924,172.24999999999997,0.9986709104938272,0,1,254.00000000000003,0.9980401234567902,417.1333333333334,0.9968852050975707
882,GFG9668,GFG9668__S_LubbanPulyStop_Warid_MR485355,4,C4-NRW-05,30,,,916.1666666666664,0.9946981095679013,3744.750000000001,0.9783289930555555,1535.4499999999998,0.9911142939814814,2920.916666666667,0.9830965470679013,3473.016666666666,0.9799015239197532,496.6833333333333,0.9971256751543209,1477.4166666666665,0.9914501350308642,2716.583333333333,0.9847861596475508,1454.4333333333332,0.9915831404320987,11829.233333333335,0.9315437885802469,1912.8333333333333,0.9877004029492455,1928.5333333333335,0.9891995221027479,1027.5833333333335,0.9942451650238948,1892.8333333333337,0.9882636822089946,666.1666666666666,0.9962692278972521,2444.3333333333335,0.9858545524691358,3009.5499999999993,0.9831454413082438,2313.266666666667,0.9866130401234569,5370.049999999999,0.9699257952508961
883,GUJ6267,GUJ6267__S_MasterCityHousingScheme,3,C4-GUJ-01,,Enfrashare,EC1-GUJ-02839,231.58333333333331,0.998213091563786,754.7333333333333,0.9941764403292181,54.333333333333336,0.9995807613168725,127.49999999999997,0.9990162037037037,0,1,29.749999999999996,0.9997704475308642,0,1,562.4833333333333,0.9957998556352051,33,0.9997453703703704,849.2166666666667,0.9934474022633745,32.41666666666667,0.9997220793324189,334.5,0.9975022401433692,0,1,78.16666666666666,0.9993537808641975,14.799999999999999,0.999889486260454,0,1,619.75,0.9953722371565114,20.75,0.9998398919753086,615.1666666666666,0.9954064615690961
884,KHR5760,KHR5760__S_BismillahPlaza,3,C4-MBD-08,,Enfrashare,EC1-KHR-02341,1822.8166666666668,0.9859350565843621,964.9166666666665,0.9925546553497943,5342.016666666666,0.9587807355967078,32.00000000000001,0.999753086419753,513.0833333333334,0.9960410236625514,4.749999999999999,0.9999633487654321,50.16666666666668,0.9996129115226338,84.83333333333331,0.9993665372361609,134.08333333333331,0.9989654063786009,66.50000000000001,0.9994868827160494,726.3333333333333,0.9937728623685413,946.25,0.9929342144563919,641.6666666666667,0.9952085822381521,833.5,0.9931092923280422,139.83333333333334,0.9989558442851454,0,1,0,1,397.58333333333326,0.9969322273662552,165.49999999999997,0.9987641875746714
885,NRW5589,NRW5589__S_BijliGharChowk_CMPak4799,3,C4-NRW-05,,CMPak,4799,1271.6666666666667,0.9901877572016461,802.9166666666665,0.9938046553497942,640.0000000000001,0.9950617283950618,6158.000000000001,0.9524845679012346,4170.9333333333325,0.9678168724279835,422.24999999999994,0.9967418981481481,4399.933333333333,0.9660498971193415,4475.566666682344,0.966580296694427,2068.9333333333334,0.9840360082304527,2208.05,0.9829625771604938,1207.75,0.9896454903978052,2725.3500000000004,0.979649417562724,5427.283333333333,0.9594736907606531,649.7499999999999,0.9946283895502646,2189.383333333333,0.9836515581441657,6610.000000000001,0.948996913580247,11658.816666666668,0.9129419305057747,8130.116666666665,0.9372676183127573,2122.45,0.9841513590203107
886,GJR4909,GJR4909__ChahtotayWalaGJR,3,C4-GRT-04,30,,,0,1,99.75,0.9992303240740741,2.583333333333333,0.9999800668724279,218.16666666666669,0.9983166152263375,160.78333333333333,0.9987593878600823,0,1,0,1,0,1,19.416666666666668,0.9998501800411523,13.5,0.9998958333333333,0,1,0,1,21.75,0.9998375896057348,0,1,103.5,0.9992271505376344,22.333333333333336,0.9998276748971193,0,1,1182.45,0.9908761574074074,650.55,0.9951422491039427
887,GUJ6260,GUJ6260_S_GMagnoliaPark,3,C4-GUJ-01,,E.Co,e.coPK018339PU,1091.25,0.9915798611111112,416.9166666666666,0.9967830504115226,86.5,0.999332561728395,0,1,30.666666666666668,0.9997633744855967,42,0.9996759259259259,464.8333333333335,0.9964133230452674,55.499999999999986,0.9995855734767025,2727.5499999999997,0.9789540895061728,784.75,0.9939448302469135,60.500000000000014,0.9994813100137175,449.2166666666667,0.9966456342094783,1164.5,0.9913045101553166,225,0.998139880952381,0,1,1746.4333333333334,0.9865244341563786,11.25,0.9999159946236559,501.2499999999999,0.9961323302469135,39,0.9997087813620071
888,GUJ3803,GUJ3803__Usman_Colony,3,C4-GUJ-01,,GLO,,285.24999999999994,0.9977989969135802,2199.3333333333335,0.9830298353909466,50.08333333333333,0.9996135545267489,271.66666666666663,0.9979038065843622,1758.3666666666666,0.9864323559670782,546.5,0.9957831790123457,586.75,0.9954726080246914,652.183333365852,0.9951300527675788,480.40000000000003,0.9962932098765432,1236.75,0.990457175925926,675.9166666666665,0.9942051040237768,1302.8833333333332,0.9902711818000796,1118,0.9916517323775388,269,0.9977761243386243,148.41666666666666,0.9988917512943051,192.24999999999997,0.9985165895061727,110.58333333333334,0.9991742582636399,1149,0.9911342592592592,1435,0.9892846475507766
889,NKW6941,NKW6941__NakkayWalaChwkGojra,3,C4-MBD-08,,GLO,,3938.366666666667,0.9696113683127572,1860.9833333333331,0.9856405606995885,208.6,0.9983904320987655,1269.6166666666668,0.9902035751028806,25.916666666666664,0.9998000257201646,0,1,2598.4,0.9799506172839506,657.3333333333336,0.9950915969733174,12.416666666666668,0.9999041923868313,72,0.9994444444444445,220.75000000000003,0.9981074245541838,283.05,0.9978864247311827,2810.7,0.9790120967741935,15.5,0.9998718584656084,0,1,80.75,0.9993769290123456,1001.3333333333334,0.9925228992433294,1636.7666666666667,0.9873706275720164,3063.3166666666666,0.9771257716049382
890,GUJ9431,GUJ9431__S_Mian Sansi Rd Warid_MDGJ4201,5,C4-GUJ-02,30,,,113.33333333333331,0.9994753086419753,1168.416666666667,0.9945906635802468,792.6666666666666,0.9963302469135803,1775.9166666666667,0.9917781635802468,2196.4000000000005,0.9898314814814815,87.16666666666666,0.999596450617284,83.75,0.9996122685185185,840.3333333333334,0.9962350657108722,768.9166666666665,0.996440200617284,1054.1666666666665,0.9951195987654322,3891.1833333333334,0.9799836248285323,753.8333333333333,0.9966226105137396,1443.8833333333332,0.9935309886499403,292.5,0.998549107142857,6268.733333333331,0.9719142771804062,3047.9333333333334,0.9858891975308641,2493.6333333333337,0.988827807646356,45.25,0.9997905092592593,2188.7500000000005,0.9901937724014337
891,GJR6257,GJR6257__S_Shaheen_Chowk_Gujrat_Bypass_MDGU4247,3,C4-GRT-04,27,,,350.00000000000006,0.9972993827160493,249.83333333333331,0.9980722736625515,97.83333333333334,0.9992451131687242,70.25000000000001,0.9994579475308641,1455.7500000000002,0.9887673611111112,1122.7499999999998,0.9913368055555556,448.1666666666667,0.9965419238683126,373.3333333466047,0.9972122660293712,81.83333333333331,0.9993685699588477,324,0.9975,423.2166666666666,0.9963715992226794,321.75,0.9975974462365592,79,0.9994100955794504,0,1,367.56666666666666,0.9972553265631222,996.8833333333332,0.9923079989711934,429.08333333333337,0.996795972720032,827.7499999999999,0.9936130401234569,362.33333332689165,0.9972944046197216
892,GOW6984,GOW6984__Ghughanwali_Phalia,4,C4-MBD-08,20,,,79.49999999999999,0.9995399305555556,0,1,131.08333333333331,0.9992414158950618,98.5,0.9994299768518519,0,1,762.1333333333333,0.9955895061728396,7885.283333333333,0.9543675733024692,2722.283333333333,0.9847542376045401,1783.2166666666662,0.9896804591049383,300.16666666666663,0.9982629243827161,3063.8,0.9802996399176955,64,0.9996415770609319,932.9166666666667,0.994775332287933,179.66666666666663,0.9988859953703704,0,1,177.49999999999997,0.998972800925926,299.0833333333333,0.998325026135006,187.33333333333337,0.9989158950617284,2600.866666666667,0.9854342144563918
893,PND9859,PND9859__P_Pattan_Road,3,C4-HFZ-06,30,,,183.16666666666669,0.9985866769547325,218.58333333333331,0.9983134002057613,119.41666666666667,0.9990785751028807,208.3,0.9983927469135803,309.00000000000006,0.9976157407407408,177.33333333333334,0.9986316872427983,89.49999999999999,0.9993094135802469,119.25,0.9991095430107526,0,1,285.08333333333326,0.9978002829218107,186.16666666666666,0.9984039208962048,0,1,297.75,0.9977766577060931,0,1,0,1,50.000000000000014,0.9996141975308642,307.16666666666663,0.997706342094783,4.833333333333333,0.999962705761317,152.66666666666666,0.9988600159299084
894,GUJ6295,GUJ6295_S_Yousafpura,3,C4-GUJ-02,,E.Co,e.coPK018440PU,1326.3333333333335,0.9897659465020575,2504.5,0.9806751543209876,0,1,4904.766666666667,0.9621545781893004,7318.416666666667,0.9435307355967077,2351.116666666667,0.9818586676954734,0,1,0,1,383.85,0.9970381944444445,188.33333333333334,0.9985468106995884,164.33333333333331,0.9985911065386374,367.75,0.9972539575866189,2031.5166666666667,0.9848303713659896,30.91666666666667,0.9997444058641974,80.49999999999999,0.9993988948626046,476.65,0.9963221450617284,3397.2166666666662,0.9746324920350458,645.6666666666666,0.9950180041152263,4136.083333333334,0.9691152678215851
895,RUR5511,RUR5511__S_Marjal,3,C4-NRW-05,,Enfrashare,EC1-NRW-01653,2110.5833333333335,0.9837146347736625,3695.833333333333,0.971482767489712,1243.3333333333335,0.990406378600823,1251.3333333333335,0.9903446502057613,8756.933333333332,0.9324310699588477,2381.75,0.9816222993827161,606.5833333333333,0.9953195730452675,1398.0999999999997,0.9895601851851852,16515.600000000002,0.8725648148148147,1282.8166666666666,0.9901017232510289,1947.8999999999999,0.9832998971193416,6874.966666666667,0.9486636300278773,8179.95,0.9389191308243727,3426.5333333333333,0.9716721781305115,3054.233333333333,0.9771935981680605,3956.05,0.9694749228395062,3793.983333333333,0.9716697779769017,3712.166666666666,0.9713567386831276,3280.199999999999,0.9755062724014337
896,GUJ3019,GUJ3019__TabarakColony,3,C4-GUJ-02,20,,,1551.0833333333335,0.9880317644032922,903.1666666666666,0.993031121399177,1605.4166666666665,0.9876125257201646,1622.75,0.9874787808641975,6102.066666666667,0.9529161522633746,2342.5833333333335,0.9819245113168725,2018.8500000000001,0.9844224537037037,1584.3,0.9881698028673835,1326.1666666666667,0.989767232510288,3657.4499999999994,0.9717789351851852,2846.0833333333335,0.9755994227251944,752.4166666666667,0.9943815959776982,927.05,0.9930775836320191,9.75,0.9999193948412699,40.25,0.9996994474313022,1363.4,0.9894799382716049,577.1333333333333,0.9956904619673437,338.5666666666667,0.9973876028806585,286.49999999774934,0.9978606630824541
897,QDS9645,QDS9645__BohktlaRd,4,C4-HFZ-06,30,,,0,1,0,1,20.249999999999996,0.9998828125,0,1,1708.316666666667,0.9901139081790123,0,1,691.4166666666665,0.9959987461419754,0,1,518.3666666666666,0.9970001929012345,244.66666666666663,0.9985841049382717,91.99999999999999,0.9994084362139918,28,0.9998431899641577,296.40000000000003,0.9983400537634408,6.083333333333333,0.9999622809193122,228.66666666666666,0.9987193847072879,0,1,0,1,3.25,0.9999811921296297,197.24999999999997,0.9988953293010752
898,SKT4633,SKT4633__RorasRoad,3,C4-SKT-03,31,,,46.83333333333334,0.9996386316872428,710.25,0.9945196759259259,339.4166666666667,0.9973810442386831,229.08333333333331,0.9982323816872427,2424.0333333333333,0.9812960390946501,2240.0000000000005,0.9827160493827161,8334.533333333331,0.935690329218107,6255.366666660752,0.9532902727997254,1621.5499999999997,0.9874880401234567,1649.1166666666668,0.9872753343621399,0,1,230,0.9982825567502986,13.5,0.9998991935483871,661.7333333333332,0.9945293209876543,0,1,469.91666666666663,0.9963740997942386,932.6666666666669,0.9930356431700518,0,1,661.0000000000001,0.9950642174432497
899,GUJ3816,GUJ3816__Mohallah_Shaheenabad,4,C4-GUJ-02,20,,,745.6666666666665,0.995684799382716,1755.3333333333333,0.9898418209876543,259.25,0.9984997106481481,433.1,0.9974936342592592,657.9166666666671,0.9961926118827161,3770.666666666666,0.9781790123456789,941.0166666666668,0.9945543016975309,1251.75,0.9929897513440861,643.3666666666666,0.9962768132716049,988.4166666666671,0.9942799961419753,360.83333333333337,0.9976798268175583,819.7499999999999,0.9954091061827957,213.16666666666666,0.9988061902628435,716.35,0.9955583457341269,267.2,0.9985035842293907,4726.983333333332,0.9726447723765432,5403.733333333333,0.9697371565113501,10577.266666666666,0.9387889660493828,32217.250000015643,0.8195718525984788
900,GJR3437,GJR3437__DrRabaniRaod,3,C4-GRT-04,30,,,126.75,0.9990219907407407,735.3,0.9943263888888889,82.41666666666667,0.9993640689300411,2726.95,0.9789587191358025,1501.1000000000001,0.988417438271605,169.58333333333331,0.9986914866255144,89.33333333333334,0.9993106995884774,1045.4,0.9921938470728793,0,1,65.00000000000001,0.9994984567901234,0,1,1.916666666666667,0.9999856879729191,315.5,0.9976441158900836,88,0.9992724867724868,152,0.9988649940262843,579.1666666666666,0.995531121399177,125.58333333333333,0.9990622510951812,1197.1166666666666,0.9907629886831276,698.55,0.9947838261648745
901,RUR8823,RUR8823__Pagala,3,C4-NRW-05,30,,,81.16666666666667,0.9993737139917696,496.9166666666665,0.9961657664609054,83.08333333333333,0.9993589248971193,711.5,0.9945100308641974,1821.5833333333335,0.9859445730452674,8.083333333333334,0.999937628600823,204.41666666666666,0.9984227109053498,5629.3166666727975,0.9579650786538769,731.4666666666667,0.9943559670781893,129.41666666666666,0.9990014146090535,985.9666666666665,0.9915469250114312,35.00000000000001,0.9997386499402628,144.41666666666666,0.9989216198725608,371.55,0.9969283234126983,175.24999999999997,0.9986913829151733,550,0.9957561728395062,1192.8333333333333,0.9910929410593389,761.6666666666666,0.9941229423868313,2174.866666666667,0.9837599561927519
902,RUR4623,RUR4623__BosalMandiBah,3,C4-MBD-08,20,,,62,0.9995216049382717,0,1,0,1,21,0.9998379629629629,107,0.9991743827160494,61.583333333333336,0.9995248199588477,1026.6666666666665,0.9920781893004116,0,1,148.70000000000002,0.99885262345679,244.58333333333331,0.9981127829218107,441.58333333333337,0.9962141346593508,327.5833333333333,0.9975538878932696,0,1,15.5,0.9998718584656084,0,1,44.49999999999999,0.9996566358024691,401.2499999999999,0.9970038082437276,287.7,0.9977800925925926,204.08333333333331,0.9984760802469136
903,Guj3745,Guj3745__Mainmktsatellite,3,C4-GUJ-01,,GLO,,2006.3833333333332,0.9845186471193415,2058.5833333333335,0.9841158693415637,0,1,35.66666666666667,0.9997247942386831,516,0.9960185185185185,622.8000000000001,0.9951944444444445,0,1,0,1,113.91666666666667,0.9991210133744857,56.499999999999986,0.9995640432098766,1228.1666666666667,0.9894704503886602,1942.833333333333,0.9854925826363998,2220.05,0.9834225657108722,1077.3833333333334,0.9910930610670193,590,0.9955943847072879,1127.05,0.9913036265432099,3777.4833333333336,0.9717929858622063,312.80000000000007,0.9975864197530865,1930,0.9855884109916369
904,RUR4398,RUR4398__MLLBagowalPindMa,3,C4-MBD-08,31,,,0,1,80.83333333333331,0.9993762860082305,0,1,1.583333333333333,0.9999877829218107,104.50000000000003,0.9991936728395062,0,1,1098.6666666666665,0.9915226337448559,844.5999999999999,0.9936932497013141,253.25,0.9980459104938272,0,1,165,0.9985853909465021,166.24999999999997,0.9987585872162486,787.2166666666666,0.9941217393468738,16,0.9998677248677248,470.2500000000001,0.9964885752688173,544.9,0.995795524691358,527.75,0.9960592144563918,1337.05,0.9896832561728395,477.4166666666667,0.9964350607327758
905,RUR5937,RUR5937__S_Karial-NVKWarid_SH7649,3,C4-HFZ-06,,CMPak,4332,481,0.9962885802469136,488.2499999999999,0.9962326388888889,3939.4499999999994,0.9696030092592592,452.25,0.9965104166666667,292.91666666666663,0.9977398405349794,1750.3333333333335,0.986494341563786,1463.0833333333335,0.9887107767489712,1384.4833333333333,0.9896618628036639,1102.7,0.991491512345679,1598.8833333333332,0.9876629372427983,1499.3500000000001,0.9871454903978052,392.08333333333326,0.9970722570688969,659.6666666666666,0.9950741736360016,599.1666666666666,0.9950465718694885,2073.25,0.9845187425328554,5379.483333333334,0.9584916409465021,2478.616666666667,0.9814918110314617,659.6666666666667,0.9949099794238683,923.6666666666667,0.993102847471127
906,GUJ6809,GUJ6809__S_UniversityOfKotli_CMPak43241,3,C4-GUJ-01,,CMPak,43241,0,1,0,1,0,1,0,1,4757.633333333333,0.963289866255144,366.8333333333334,0.9971694958847737,166.08333333333337,0.9987184927983539,15909.05,0.8812048237753883,14405.583333333332,0.8888458076131687,937.7166666666667,0.9927645318930041,19.75,0.9998306755829904,454.21666666666664,0.9966082984866587,2891.100000000001,0.9784117383512545,238,0.9980324074074075,1948.4999999999998,0.9854502688172043,298,0.9977006172839507,0,1,11.25,0.9999131944444444,13928.499999984866,0.8959938769415706
907,RUR4794,RUR4794__QDHPFBaseChamber,4,C4-HFZ-06,9,,,346.24999999999994,0.997996238425926,80.66666666666669,0.9995331790123457,493.16666666666674,0.9971460262345678,0,1,1254.1,0.9927424768518519,0,1,177.33333333333331,0.9989737654320987,1252,0.9929883512544803,776.6166666666667,0.9955056905864197,3955.083333333334,0.9771117862654322,886.5833333333334,0.9942992326817559,2303.633333333333,0.9870988276583035,1062.3166666666668,0.9940506459080047,519.6,0.9967782738095238,395.33333333333337,0.9977859916367982,1430.3666666666666,0.9917224151234568,409.0833333333333,0.9977089867084827,612.5999999999999,0.9964548611111111,264.9999999999999,0.9985159050179212
908,RUR5930,RUR5930_H_USF_USLK001_Mojianwala,2,C4-MBD-08,20,Jazz,Solar+DG,384.5333333333333,0.9955493827160494,701.25,0.9918836805555555,386.4166666666667,0.9955275848765431,81.33333333333331,0.9990586419753086,2029.3999999999999,0.9765115740740741,1718.7666666666669,0.9801068672839506,3395.7,0.9606979166666666,409.66666666666674,0.995411439665472,212.1,0.997545138888889,809.9666666666668,0.9906253858024691,1380.3000000000002,0.9881661522633745,608.7833333333333,0.9954541268418957,862.7666666666667,0.9935575965750697,0,1,99,0.999260752688172,1210.0166666666669,0.9906634516460905,625.45,0.995329674432497,646.1,0.9950146604938271,2724.0333333333338,0.9796592493030666
909,RUR4032,RUR4032__SKTWellRiseFactory,3,C4-WZD-07,30,,,700.0833333333333,0.9945981224279835,539.1666666666667,0.9958397633744857,29.666666666666668,0.9997710905349794,58.08333333333333,0.9995518261316874,1948.5333333333333,0.9849650205761317,1014,0.992175925925926,369.24999999999994,0.9971508487654321,21.33333333333334,0.9998407009159698,5.083333333333334,0.9999607767489712,786.9833333333333,0.9939275977366254,1074.8333333333333,0.9907850365797897,27.166666666666668,0.9997971425726802,126,0.9990591397849462,0,1,707.1333333333334,0.9947197331740343,1457.1999999999998,0.9887561728395062,882.4166666666666,0.9934108671843888,896.3333333333334,0.9930838477366255,151.33333333333331,0.9988699721226603
910,GUJ0278,GUJ0278__RahwaliAC,4,C4-GUJ-02,30,,,451,0.9973900462962964,0,1,0,1,0,1,158.83333333333331,0.999080825617284,170.16666666666669,0.9990152391975309,326.83333333333337,0.9981086033950618,0,1,635.3666666666666,0.9963231095679013,123.58333333333336,0.9992848186728395,0,1,0,1,125.58333333333334,0.9992966883213859,8.166666666666668,0.999949363425926,427.9833333333333,0.9976031399342891,1221.15,0.9929331597222222,45.333333333333336,0.9997461170848267,426.50000000000006,0.9975318287037037,1414.1666666666665,0.9920801597968937
911,GUJ5776,GUJ5776__S_Gobandgarh,3,C4-GUJ-02,,Enfrashare,EC1-GUJ-02349,1290.1666666666665,0.9900450102880659,1829.1833333333334,0.9858859310699589,0,1,961.0833333333333,0.9925842335390946,998.6666666666665,0.9922942386831275,0,1,0,1,1389.5833333333335,0.989623780366388,2066.8999999999996,0.9840516975308643,2428.333333333333,0.9812628600823046,1882.7166666666665,0.9838587391403749,398,0.9970280764635604,2709.083333333334,0.979770883114297,0,1,493.2500000000001,0.9963168309438472,464.75,0.9964139660493827,269.25,0.9979894713261649,843.0500000000001,0.9934949845679013,572.3000000000002,0.9957265531660693
912,SKG4022,SKG4022__RailwayRoad,4,C4-NRW-05,33,,,99,0.9994270833333333,0,1,0,1,1452,0.9915972222222222,1215.25,0.9929673032407408,821.4166666666667,0.9952464313271605,1893.9333333333334,0.989039737654321,783.0833333333334,0.9956144526583034,356.05,0.9979395254629629,515.4833333333333,0.9970168788580247,1851.8333333333333,0.9880926354595335,458.90000000000003,0.9974299955197132,1777.8666666666668,0.9900433094384706,2,0.9999875992063493,591.8666666666666,0.9966853345280765,735.3333333333331,0.9957445987654322,670.5833333333333,0.996244492980884,2210.5,0.9872077546296296,1479.8500000000001,0.9917123095878136
913,RUR3411,RUR3411__SKTUggoki,4,C4-WZD-07,30,,,0,1,0,1,0,1,125.83333333333334,0.9992717978395063,100.91666666666669,0.9994159915123457,0,1,0,1,443.58333333333337,0.9975157743428913,3.833333333333334,0.9999778163580246,424,0.9975462962962963,440.6666666666667,0.9971664951989025,152.16666666666666,0.9991478121266428,1494.7500000000002,0.9916288642473119,126.2,0.999217509920635,0,1,167.08333333333331,0.9990330825617284,0,1,49.66666666666668,0.9997125771604938,390.25000000000006,0.997814460125448
914,RUR5412,RUR5412__S_ModelTownUgoke,3,C4-WZD-07,,Enfrashare,EC1-SKT-02972,0,1,825.5,0.9936304012345678,0,1,0,1,1056.9499999999998,0.9918445216049383,88.25000000000001,0.9993190586419753,0,1,1059.4166666666665,0.9920891825965751,460.80000000000007,0.9964444444444445,153.74999999999997,0.9988136574074075,1257.716666666667,0.989217106767261,769,0.9942577658303464,3641.266666666666,0.9728101354042213,59.750000000000014,0.99950603505291,0,1,451.95,0.9965127314814815,2084.75,0.9844328703703704,3543.766666666667,0.9726561213991769,2171.0000000000005,0.9837888291517324
915,RUR5470,RUR5470__S_Dulchike,3,C4-WZD-07,,E.Co,e.coPK016942PU,900.7500000000001,0.9930497685185184,454.91666666666663,0.9964898405349794,238.5,0.9981597222222223,1170.2499999999998,0.9909702932098766,1656.75,0.9872164351851852,1511.75,0.988335262345679,7.25,0.9999440586419753,1186.5833333333335,0.9911396107128634,1142.0833333333333,0.991187628600823,2121.416666666667,0.9836310442386831,1326.5833333333333,0.98862668609968,2936.95,0.9780693697729989,574.1666666666667,0.9957126144962166,0,1,0,1,1063.15,0.9917966820987654,442.41666666666674,0.9966964107925129,1764.6666666666665,0.9863837448559671,3923.5,0.9707026583034647
916,HFZ9401,HFZ9401_Mubarak_Colony,3,C4-HFZ-06,20,,,38.5,0.9997029320987655,604.4166666666666,0.9953362911522633,108.91666666666666,0.9991595936213992,26.75,0.9997935956790124,1116.5833333333333,0.9913843878600823,0,1,1194.3333333333333,0.9907844650205762,2179.4166666666665,0.9837259806849861,545.8,0.9957885802469135,965.5999999999999,0.9925493827160494,363.75000000000006,0.9968814300411524,373.6500000000001,0.9972099014336918,2266.816666666667,0.9830733522500995,407.41666666666674,0.9966318066578483,596.8333333333333,0.9955433592194345,1734.0500000000002,0.9866199845679013,1133.4166666666667,0.9915366138988451,581.6666666666666,0.9955118312757202,1090.3,0.9918585722819594
917,MLL8916,MLL8916__Miani,4,C4-MBD-08,31,,,233.83333333333331,0.9986467978395062,155.24999999999997,0.9991015625,31.666666666666668,0.9998167438271605,485.8,0.9971886574074074,1435.8000000000002,0.9916909722222222,166.83333333333334,0.9990345293209876,665.5333333333336,0.9961485339506173,427.75000000000006,0.9976044466845877,352.1666666666667,0.9979619984567901,434.51666666666665,0.9974854359567901,462.16666666666663,0.9970282493141289,496.08333333333337,0.997221755525687,129.33333333333337,0.9992756869772998,20.833333333333336,0.9998708250661376,627.7499999999999,0.996484375,3825.3333333333335,0.9778626543209876,2387.8333333333335,0.9866272774790921,3051.5999999999995,0.9823402777777779,1176.0333333333335,0.9934137918160095
918,KMK4008,KMK4008__SalamatPura,3,C4-GUJ-01,30,,,0,1,121.5,0.9990625,239.75,0.9981500771604938,522.5833333333334,0.9959677211934157,2322.5833333333335,0.9820788323045267,618.6666666666667,0.9952263374485597,2317.9166666666665,0.9821148405349794,72.99999999999999,0.9994548984468339,503.73333333333335,0.9961131687242798,709.1333333333333,0.99452829218107,269.16666666666663,0.9976923296753543,246.91666666666669,0.9981562375547591,506.83333333333337,0.9962154022301871,556.25,0.9954013723544973,69.58333333333333,0.9994804111907607,1334.1833333333334,0.9897053755144033,673.25,0.9949727449223417,5143.216666666665,0.9603146862139919,4159.966666670159,0.9689369275188906
919,GUJ5105,GUJ5105__S_Jamal Market Warid_MDGJ4151,3,C4-GUJ-01,27,,,1205.8500000000001,0.9906956018518518,1628.1833333333334,0.9874368569958848,1599.5333333333333,0.9876579218106996,2072.083333333333,0.9840117026748971,4531.066666666666,0.9650380658436214,1860.25,0.9856462191358025,4674.2666666666655,0.9639331275720164,3468.1500000103224,0.9741028225805681,2091.2166666666662,0.9838640689300412,2187.1833333333334,0.9831235853909465,3383.283333333333,0.9709937985825331,910.3333333333335,0.9932024093986459,206.0833333333333,0.9984611459577857,853.0000000000001,0.992948082010582,437,0.9967368578255674,3576.95,0.9724000771604938,1220.166666666667,0.9908888391079251,648.9666666666666,0.9949925411522633,6661.633333333332,0.95025662086818
920,GUJ8145,GUJ8145__MeenaBazar,2,C4-GUJ-02,,,,0,1,531.6666666666665,0.9938464506172839,0,1,0,1,2746.3,0.9682141203703704,3342.05,0.9613188657407408,5528.483333333333,0.936012924382716,3469.166666666667,0.9611428464755077,2289.716666666667,0.9734986496913581,3833.699999999999,0.9556284722222221,251.16666666666663,0.996769975994513,591.8666666666666,0.9933706690561529,19.5,0.9997815860215055,23.416666666666668,0.9997096147486773,0,1,3132.866666666667,0.9637399691358024,468.4999999999999,0.9947524641577061,66.16666666666667,0.9992341820987655,369.5000000000001,0.995861335125448
921,JPB4945,JPB4945__Pindibhatianrd,3,C4-HFZ-06,30+30,,,324.16666666666663,0.9974987139917695,573.8666666666667,0.9955720164609053,283.16666666666674,0.9978150720164609,663.0500000000001,0.9948838734567902,613.9166666666666,0.9952629886831275,1830.083333333333,0.9858789866255144,2445.5666666666666,0.9811298868312757,253.74999999743886,0.9981052120669247,0,1,0,1,0,1,0,1,0,1,0,1,104.66666666666669,0.9992184388689764,111.00000000000003,0.9991435185185185,9.5,0.9999290621266428,151.5,0.9988310185185185,33.33333333333333,0.9997510951812028
922,GUJ6582,"Madina, Jamia , Alkaram Market",1,C4-GUJ-02,,,,0,1,0,1,0,1,0,1,0,1,10.33333333333333,0.9997608024691358,13.33333333333333,0.9996913580246914,0,1,0,1,0,1,0,1,0,1,0,1,0,1,0,1,0,1,0,1,6.916666666666667,0.9998398919753086,0,1
923,GUJ0317,GUJ0317__Jinnahmarket,1,C4-GUJ-02,,,,0,1,0,1,0,1,0,1,13.91666666666667,0.9996778549382717,434.4166666666667,0.9899440586419753,2138.016666666667,0.9505088734567901,6218.850000017231,0.8606888440856355,3259.983333333333,0.9245374228395061,5113.316666666667,0.881636188271605,6406.299999999999,0.8352289094650206,2418.4833333333336,0.9458225059737156,1378.516666666667,0.9691192502986857,0,1,0,1,0,1,0,1,6.583333333333333,0.9998476080246914,6377.549999999999,0.8571337365591398
924,SKT1603,SKT1603__S_Haji Pura_MDSK4180,3,C4-SKT-03,27,,,2.083333333333333,0.9999839248971193,369.25,0.9971508487654321,0,1,4184.85,0.9677094907407406,2485.3333333333335,0.9808230452674898,7408.65,0.9428344907407407,367.9166666666667,0.9971611368312757,2222.9833333135425,0.9834006620869659,107.75000000000003,0.9991685956790124,106.99999999999997,0.9991743827160494,366.83333333333337,0.9968549954275262,0,1,213.41666666666669,0.9984063868976503,103.5,0.9991443452380951,56.166666666666664,0.9995805953803266,1059.5666666666666,0.9918243312757201,63.08333333333334,0.9995289476304261,1235.0833333333335,0.9904700360082305,269.91666666666663,0.997984493229789
925,SKT4630,SKT4630__AbikRoad,4,C4-SKT-03,20,,,2423.866666666667,0.9859729938271604,4279.583333333332,0.9752338927469135,1701.35,0.990154224537037,2311.183333333334,0.9866250964506174,9925.533333333333,0.9425605709876543,4109.25,0.9762196180555556,760.4166666666667,0.9955994405864197,15298.883333346057,0.9143207698625332,6613.049999999999,0.9617300347222222,7544.800000000001,0.9563379629629629,4986.199999999999,0.9679385288065844,4985.85,0.9720774529569893,4597.299999999999,0.9742534722222222,1230.5,0.9923704117063492,3220.416666666667,0.9819645123954599,5808.383333333334,0.9663866705246913,3398.6833333333334,0.980966155167264,1367,0.9920891203703703,663.1666666666667,0.9962860289725209
926,GUJ9730,GUJ9730__MozaMaufiwalaGujnwla,4,C4-GUJ-01,30,,,24,0.9998611111111111,1390.716666666667,0.9919518711419754,2762.75,0.984011863425926,1286.8333333333333,0.9925530478395062,14.333333333333332,0.9999170524691359,246.16666666666663,0.9985754243827161,0,1,941.5833332889404,0.9947267958485162,482.6499999999999,0.9972068865740741,172.66666666666663,0.9990007716049383,0,1,256.91666666666663,0.9985611745818399,1783.7166666666667,0.9900105473416966,595.8333333333334,0.9963055968915344,536.8333333333334,0.9969935409199522,1796.6833333333332,0.9896025270061729,2790.0499999999997,0.9843747199820788,0,1,2615.6499999999996,0.9853514224910395
927,STR4035,STR4035__WadalaSindhuSatrah,3,C4-NRW-05,20,,,0,1,0,1,0,1,615.9166666666667,0.9952475565843621,1372.25,0.9894116512345679,335.25,0.9974131944444444,1780.5833333333335,0.9862609310699588,0,1,4.916666666666667,0.9999620627572017,0,1,268.9166666666667,0.9976944730224051,29.75,0.9997778524492235,3727.05,0.9721695788530467,0,1,0,1,578.0000000000001,0.9955401234567901,86.74999999999999,0.99935222520908,623.5,0.9951890432098766,338.5,0.9974723715651135
928,KMK8981,KMK8981__MohalaDarveshpura,3,C4-GUJ-01,20,,,430.7499999999999,0.9966763117283951,702.6666666666665,0.9945781893004115,716.8333333333334,0.994468878600823,802.0833333333335,0.9938110853909465,254.58333333333331,0.9980356224279835,364,0.9971913580246914,2423.416666666667,0.9813007973251028,654.1666666666666,0.9951152429311031,689.7666666666665,0.9946777263374486,124.49999999999997,0.9990393518518519,1448.3333333333333,0.9875828760859625,536.9666666666667,0.9959903922739944,1003.8333333333335,0.9925042313819197,78.58333333333333,0.9993503361992946,426.5833333333333,0.9968146405814418,910.7666666666668,0.9929724794238683,1361.8999999999999,0.9898304958183991,1406.533333333333,0.9891471193415637,1085.65,0.9918932945041816
929,MUS9610,MUS9610__SyedVillageMusaKhur,3,C4-MBD-08,27,,,55.5,0.9995717592592592,544.0833333333335,0.9958018261316873,0,1,288.9166666666667,0.9977707047325103,1373.25,0.9894039351851852,136.33333333333331,0.9989480452674897,807.8833333333332,0.9937663323045267,670.9666666666667,0.9949897949024293,564.9833333333332,0.9956405606995885,0,1,0,1,0,1,1132.1166666666666,0.9915463211867782,15.75,0.9998697916666667,412.73333333333335,0.996918060533652,93.41666666666667,0.9992791923868313,0,1,41.75000000000001,0.9996778549382717,531.8,0.9960289725209079
930,RUR8070,RUR8070__KharanayMoreBazzar,3,C4-SKT-03,27,,,35.166666666666664,0.9997286522633745,156.5,0.9987924382716049,372.25,0.997127700617284,1009.1166666666667,0.9922136059670783,939.1166666666666,0.9927537294238684,490.6666666666667,0.9962139917695474,380.0833333333333,0.9970672582304526,489.4666666666666,0.9963450816407806,0,1,154.5,0.9988078703703703,68.75000000000001,0.9994105795610424,264.75,0.9980230734767025,119.33333333333334,0.9991089207487057,162.41666666666666,0.9986572696208112,81.05,0.9993947879330943,351.74999999999994,0.9972858796296297,0,1,2418.266666666667,0.9813405349794239,595.700000020101,0.9955518219831235
931,GUJ0348,GUJ0348_DC Colony,4,C4-GUJ-02,30,,,283.0833333333333,0.9983617862654321,0,1,1350.7500000000002,0.9921831597222223,1149.1,0.9933501157407407,358.0833333333333,0.9979277584876542,884.1666666666665,0.9948832947530865,2563.2500000000005,0.9851663773148148,688.5,0.9961441532258064,1006.0333333333333,0.9941780478395061,484.33333333333326,0.9971971450617283,1392.8166666666666,0.9910441315157751,4090.5833333333335,0.9770912671744325,4136.999999999999,0.9768313172043012,5008.816666666667,0.9689433490410053,0,1,2489.7333333333336,0.9855918209876543,0,1,1170.7166666666667,0.9932250192901235,408.4333333333334,0.9977126269414576
932,GUJ8794,GUJ8794__S_SalimColony_CMPak6746,3,C4-GUJ-01,,CMPak,6746,,,,,0,1,8.916666666666666,0.9999311985596708,2118.366666666667,0.9836545781893004,3208.066666666666,0.9752463991769547,2428.0000000000005,0.9812654320987655,1738.4166665767943,0.9870189914383454,7158.116666666667,0.9447676183127572,1863.4833333333336,0.9856212705761317,1645.1,0.9858959190672154,694.8333333333335,0.9948115790521704,3114.5500000000006,0.9767432048984469,288,0.9976190476190476,935.25,0.993016353046595,2419.9833333333336,0.9813272890946502,1589.75,0.9881291069295102,1781.9500000000012,0.986250385802469,5188.1833333333325,0.9612590850258862
933,SKT5806,SKT5806__S_Kharkana,3,C4-SKT-03,,Enfrashare,EC1-SKT-03282,428.4166666666667,0.9966943158436214,0,1,93.16666666666667,0.999281121399177,0,1,2817.583333333334,0.9782593878600824,0,1,0,1,11288.249999999998,0.9157090053763441,8260.466666666665,0.9362618312757202,4255.816666666667,0.9671619084362141,5078.333333333332,0.9564614769090077,4491.85,0.9664587066905616,3431.899999999996,0.9743735065710872,2362.3333333333335,0.9804701278659611,6378.616666666667,0.9523699472321785,3680.2333333333336,0.9716031378600823,0,1,0,1,0,1
934,RUR4977,RUR4977__STRChecharWali,3,C4-NRW-05,,GLO,,0,1,7138.783333333334,0.9449167952674897,1564.25,0.9879301697530865,0,1,1241.7166666666665,0.9904188528806585,0,1,22.5,0.9998263888888889,29.5,0.9997797192353645,5.166666666666667,0.999960133744856,365.58333333333337,0.9971791409465021,150.16666666666666,0.9987125628715136,0,1,756.5833333333334,0.9943504828753484,0,1,0,1,32.66666666666666,0.9997479423868313,3213.05,0.9760076911589008,2685.4333333333334,0.9792790637860083,26.75,0.9998002538829153
935,GUJ5482,GUJ5482__S_MohafizTown,3,C4-GUJ-01,,Enfrashare,EC1-GUJ-02584,349.75,0.9973013117283951,1275.4166666666667,0.9901588220164609,0,1,100.5,0.9992245370370371,4824.483333333334,0.9627740483539093,529.1666666666666,0.9959169238683127,526.75,0.9959355709876543,90.75,0.9993223566308244,4631.916666666668,0.9642599022633744,304.58333333333337,0.9976498199588477,54.500000000000014,0.9995327503429355,1932.3,0.9855712365591398,3142.6666666666674,0.9765332536837913,734.5833333333333,0.993927055776014,163.33333333333331,0.9987803663878932,437.96666666666664,0.9966206275720165,128.91666666666669,0.9990373606133015,1956.416666666667,0.9849041923868314,5482.9333333333325,0.9590581441656711
936,GUJ9421,GUJ9421__S_Bakhteywala Warid_GJ1833,3,C4-GUJ-02,20,,,0,1,16.583333333333332,0.99987204218107,1502.6666666666667,0.9884053497942387,666,0.9948611111111112,1520.3666666666663,0.9882687757201646,468.4166666666666,0.9963856738683127,618.6666666666666,0.9952263374485597,332.9166666804037,0.9975140631221595,319.75,0.9975327932098765,979.6666666666667,0.9924408436213992,1147.0833333333335,0.9901656092821216,0,1,1153.3333333333335,0.9913878932696137,19.583333333333332,0.9998381007495591,0,1,1049.2833333333333,0.9919036779835391,143.33333333333331,0.9989297092791716,311.33333333333337,0.9975977366255144,519.3166666666666,0.9961221873755476
937,RUR5698,RUR5698__S_Malikpur,3,C4-GRT-04,,Enfrashare,EC1-GUT-02516,427.08333333333337,0.996704603909465,589.1666666666667,0.9954539609053498,0,1,2948.45,0.9772496141975309,6681.033333333334,0.948448816872428,316.33333333333337,0.9975591563786008,211.91666666666666,0.9983648405349794,5318.533333309724,0.9602857427321555,607.5166666666665,0.9953123713991769,0,1,522.3833333333334,0.9955214048925468,661.8833333333333,0.9950576214655515,6513.900000000001,0.9513597670250895,15.75,0.9998697916666667,0,1,0,1,1011.9999999999999,0.9924432497013141,463.5,0.9964236111111111,1952.1666666738845,0.9854228892870828
938,RUR8805,RUR8805__QilaMian,4,C4-HFZ-06,9,,,0,1,213.83333333333334,0.998762538580247,18,0.9998958333333333,82.41666666666667,0.9995230516975309,1832.0666666666668,0.989397762345679,3457.400000000001,0.9799918981481481,7799.500000000001,0.9548640046296296,4154.750000004191,0.9767319108422704,3405.0666666666666,0.9802947530864198,3096.5,0.9820804398148149,1493.8166666666666,0.9903946973593964,217,0.9987847222222223,2812.6666666666674,0.9842480585424134,513.9166666666667,0.9968135127314816,359.8333333333333,0.9979848043608125,926.1999999999999,0.9946400462962963,271.83333333333337,0.998477635902031,2559.5166666666664,0.9851879822530865,773.3166666666667,0.9956691494922342
939,RUR8824,RUR8824__LadhaWalaGUJ,3,C4-HFZ-06,30,,,2669.0000000000005,0.9794058641975308,3839.9999999999995,0.9703703703703703,3816.3166666666657,0.9705531121399177,1180.5,0.9908912037037036,6515.783333333334,0.9497238940329218,916.8666666666668,0.9929254115226337,5040.383333333333,0.9611081532921811,490.3833333409391,0.9963382367582068,462.05000000000007,0.9964347993827161,570.9166666666667,0.9955947788065843,383.33333333333337,0.9967135345221765,0,1,0,1,0,1,123.05000000000001,0.9990811678614098,0,1,0,1,0,1,2138.05,0.9840348715651135
940,NRW9048,NRW9048__S_MedinaTownPark,3,C4-NRW-05,,Enfrashare,EC1-NRW-09100,1375.7833333333335,0.9893843878600823,199.91666666666669,0.9984574331275721,101.74999999999997,0.9992148919753086,39.24999999999999,0.9996971450617284,688.2500000000001,0.9946894290123457,161.25000000000003,0.998755787037037,1521.4166666666667,0.9882606738683127,143.08333333333331,0.9989315760653126,2806.0333333333338,0.9783485082304527,1545.4166666666665,0.9880754886831276,841.9999999999999,0.992781207133059,718.1666666666666,0.9946373456790124,1499.0500000000002,0.9888063769414576,610.9666666666667,0.9949490189594355,530.5,0.9960386798088411,383.5,0.9970408950617283,285.75,0.9978662634408602,6.333333333333332,0.9999511316872427,0,1
941,GUJ9416,GUJ9416__S_Muhammad Pura Warid_GJ4216,3,C4-GUJ-02,20,,,0,1,1737.0833333333335,0.9865965792181071,659.8166666666668,0.9949088220164609,3039.5333333333338,0.9765468106995884,2506.25,0.9806616512345678,1122.6166666666668,0.9913378343621398,652.0833333333333,0.9949684927983539,1138.55,0.9914982825567503,264.84999999999997,0.9979564043209876,719.1666666666666,0.9944508744855968,1178.0833333333333,0.989899834247828,824.9666666666668,0.9938398546395858,4264.8,0.9681541218637993,1056.6666666666667,0.9912643298059964,76,0.9994324970131422,1902.3833333333337,0.9853211162551441,2171.083333333333,0.9837882068896855,4311.116666666666,0.9667352109053498,588.9166666666666,0.9956024741138988
942,GUJ5850,GUJ5850_H_Muslim Town Rehmanpura,3,C4-GUJ-02,,Enfrashare,EC1-GUJ-07827,0,1,221.5,0.9982908950617283,0,1,488.06666666666666,0.9962340534979424,0,1,239.08333333333331,0.9981552211934157,0,1,0,1,86.95,0.9993290895061729,0,1,0,1,140.50000000000003,0.9989508661887695,1364.4166666666667,0.9898117035045799,488.35,0.99596271494709,462.9999999999999,0.9965427120669057,0,1,100.5,0.9992495519713261,21,0.9998379629629629,496.25,0.9962944295101553
943,GUJ5922,GUJ5922_H_Abdullah Colony Gujranwala,3,C4-GUJ-01,,E.co,e.coPK019604PU,0,1,281.6666666666667,0.997826646090535,3373.950000000001,0.9739664351851851,902.6500000000001,0.9930351080246913,250.25,0.9980690586419754,449.25,0.9965335648148148,27.333333333333336,0.9997890946502058,1267.516666666667,0.9905352698128236,0,1,0,1,0,1,0,1,576.3166666666666,0.9956965601354042,0,1,71.00000000000001,0.9994698327359618,0,1,0,1,20.75,0.9998398919753086,3481.849999999999,0.9740005227001195
944,KHR2593,KHR2593_0295 Offload,3,C4-MBD-08,20,,,602.3333333333333,0.995352366255144,28.083333333333336,0.9997833076131687,0,1,156.75,0.9987905092592593,256.5,0.9980208333333332,505.83333333333337,0.9960969650205762,200.24999999999997,0.9984548611111111,538.75,0.9959770758661888,275.31666666666666,0.9978756430041151,317.25,0.9975520833333333,148.41666666666666,0.9987275663008688,632,0.9952807646356034,101.74999999999997,0.9992402180406212,15.75,0.9998697916666667,298.08333333333337,0.9977741686579052,232,0.9982098765432099,345.16666666666663,0.9974225906013541,231.41666666666669,0.9982143775720165,392.25,0.9970710125448029
945,GUJ9843,GUJ9843__MohallaIsbGuran,3,C4-GUJ-02,9,,,0,1,625.4166666666667,0.9951742541152264,173.83333333333331,0.9986586934156378,74.25,0.9994270833333333,980.3333333333333,0.9924356995884774,745.1666666666666,0.9942502572016462,450.00000000000006,0.9965277777777777,447.0000000000001,0.9966621863799283,162.91666666666669,0.9987429269547324,1023.3333333333333,0.9921039094650206,388.05,0.9966730967078189,20.75,0.9998450567502987,691.3666666666667,0.9948374651533254,169.05000000000004,0.9986024305555555,23,0.9998282556750299,1817.3666666666663,0.985977109053498,1855.0833333333337,0.9861478245718837,4651.8833333333305,0.9641058384773663,2107.416666657431,0.9842636150936572
946,MNZ9889,MNZ9889__Manzoor_PuraPlot,3,C4-NRW-05,9,,,47.33333333333335,0.9996347736625515,724.7500000000001,0.9944077932098766,0,1,592.4166666666665,0.9954288837448559,1771.9999999999998,0.9863271604938272,951.3666666666668,0.99265920781893,2151.0333333333333,0.9834025205761318,8487.749999999998,0.9366207437275986,3972.3500000000004,0.9693491512345679,757.5500000000001,0.9941547067901234,506.7500000000001,0.9956554355281207,3361.1000000000004,0.9749021804062127,464.4166666666667,0.9965321336121068,0,1,193.33333333333334,0.9985563520509757,22.25,0.9998283179012346,0,1,726.25,0.9943962191358026,1007.8000000000002,0.9924746117084827
947,GUJ3742,GUJ3742__HafizPlaza,3,C4-GUJ-01,30,,,0,1,246.25,0.9980999228395062,116.50000000000003,0.9991010802469136,0,1,4.083333333333334,0.9999684927983539,0,1,1735.3333333333335,0.9866100823045268,507.4166666666668,0.9962110463958582,349.58333333333337,0.9973025977366256,67.66666666666667,0.9994778806584362,28.166666666666664,0.9997585162322816,19.916666666666668,0.9998512793707687,0,1,0,1,0,1,0,1,89.91666666666666,0.9993285792512943,8.916666666666666,0.9999311985596708,61.58333333333333,0.999540148347272
948,GUJ9437,GUJ9437__S_B3-wapda Town Warid_MDGJ4163,8,C4-GUJ-01,27,,,1024.9166666666672,0.9970343846450618,259.66666666666663,0.999248649691358,280.25,0.9991890914351852,666.7499999999998,0.9980707465277777,6517.783333333335,0.9811406732253086,1288.5,0.9962717013888889,1738.1666666666663,0.9949705825617283,1453.7666666666664,0.9959291928016727,532.8166666666667,0.9984582851080246,1634.2833333333338,0.9952711709104938,627.5833333333334,0.997982306670096,2211.816666666667,0.9938065169504182,2476,0.9930667562724014,1110.6,0.9965569196428571,2333.5833333333335,0.9934655484617682,24679.383333333335,0.9285897472993827,3959.250000000001,0.9889133904569892,10244.283333333335,0.9703579764660494,3481.7499999642228,0.990250476030566
949,HFZ9403,HFZ9403__S_Alipur Rd Warid_HF4172,3,C4-HFZ-06,27,,,29.583333333333332,0.9997717335390947,1658.4333333333336,0.9872034465020576,276.00000000000006,0.9978703703703704,2402.7,0.9814606481481483,787.25,0.9939255401234568,278.25000000000006,0.9978530092592592,0,1,25.5,0.9998095878136201,0,1,581.1666666666666,0.9955156893004116,290.8333333333333,0.9975065729309557,1077.8666666666668,0.9919514137793708,314.3333333333333,0.9976528275587415,151.66666666666666,0.9987461419753086,0,1,1551.1833333333338,0.9880309927983539,722.8333333333334,0.9946024990043807,63.416666666666664,0.9995106738683127,185.58333333333337,0.9986142224213461
950,GUJ9450,GUJ9450__S_Gulshanabad Warid_MDGJ4155,3,C4-GUJ-02,27,,,1233,0.9904861111111112,710.9999999999999,0.9945138888888888,0,1,1218.583333333333,0.9905973508230452,619.8333333333333,0.9952173353909466,6,0.9999537037037036,1264.75,0.9902411265432098,705.1666666666667,0.9947344185583432,116.25000000000003,0.9991030092592592,352.5,0.9972800925925925,50.25,0.9995691872427983,545.9166666666667,0.9959235613301474,883.0000000000002,0.9934065113500598,428.4666666666666,0.9964577821869489,863.8500000000003,0.9935495071684588,3295.75,0.9745698302469136,114.49999999999997,0.9991450119474312,156.08333333333334,0.9987956532921811,2432.8833333333337,0.9818333084428515
951,BGA6989,BGA6989__Chak3MandiBaudin,3,C4-MBD-08,20,,,142.25,0.9989023919753086,0,1,129.75,0.9989988425925925,241,0.9981404320987655,821.3333333333333,0.9936625514403292,1080.8333333333333,0.9916602366255144,512.4166666666667,0.9960461676954732,319.3333333333333,0.9976154918359219,117.24999999999997,0.9990952932098766,97.00000000000001,0.9992515432098766,690.8333333333333,0.9940772176497485,0,1,182.25,0.9986391129032257,0,1,10.083333333333334,0.9999247062923138,1536.4000000000003,0.988145061728395,8,0.9999402628434886,50.58333333333333,0.9996096965020576,262.75,0.9980380077658303
952,RUR6099,RUR6099__S_SaidPur(NikkaSidhra)Warid_MDSK4000,3,C4-SKT-03,,CMPak,5844,0,1,7999.349999999999,0.9382766203703704,7399.9,0.9429020061728395,5612.249999999999,0.9566956018518519,6905.533333333334,0.9467165637860083,571.6666666666666,0.9955889917695474,1206.9833333333333,0.9906868569958847,22647.98333333333,0.8308842343687775,12036.116666666667,0.9071287294238684,5743.7666666666655,0.9556808127572016,2725.583333333333,0.976632516003658,160.74999999999997,0.99879965651135,2478.6000000000004,0.981491935483871,4260.6,0.9647767857142857,0,1,1816.0500000000002,0.9859872685185185,1314.083333333333,0.9901875497809638,421.3333333333334,0.9967489711934157,380.5,0.9971587514934289
953,RUR1309,RUR1309__Khai_LBMR07TP,3,C4-MBD-08,,Telenor,LBMR07,142,0.9989043209876542,0,1,149.25000000000003,0.9988483796296296,0,1,815.5500000000002,0.993707175925926,10171.700000000004,0.9215146604938272,5613.233333333334,0.9566880144032922,142.58333332045007,0.9989353096376908,0,1,194.66666666666669,0.9984979423868313,94.41666666666666,0.9991905292638318,0,1,1207.9833333333333,0.9909798138191955,238.08333333333331,0.9980317184744268,0,1,4057.8,0.9686898148148149,72.91666666666669,0.999455520708881,47.75000000000001,0.9996315586419753,453.65000000000003,0.9966125298685783
954,RUR6208,RUR6208__S_GaliNamber_wali_KhutialaSheikhan_MR335302,3,C4-MBD-08,30,,,305.6666666666667,0.9976414609053498,241.75,0.9981346450617283,327.8333333333333,0.9974704218106996,60.500000000000014,0.9995331790123457,0,1,290.91666666666663,0.9977552726337449,162.5,0.9987461419753086,579.6333333248739,0.995671794105997,153.49999999999997,0.998815586419753,420.16666666666663,0.9967579732510288,425.25000000000006,0.9963541666666668,267.08333333333337,0.9980056501393867,519.8,0.996118578255675,135.58333333333334,0.9988791060405644,579.4333333333333,0.9956732875348467,2094.866666666667,0.9838359053497941,7.833333333333333,0.9999415073675826,49.5,0.9996180555555556,2558.766666666667,0.9808933193946635
955,SKT6122,SKT6122_S_Pakkikotli,3,C4-SKT-03,,Enfrashare,EC1-SKT-03565,0,1,274.8333333333333,0.9978793724279835,260.1666666666667,0.9979925411522633,0,1,2007.7833333333333,0.9845078446502058,848.1666666666667,0.9934555041152264,297.5,0.997704475308642,2042.05,0.9847517174432496,3236.7499999999995,0.9750250771604938,3561.766666666667,0.9725172325102881,210,0.9981995884773663,1976.5500000000002,0.9852408154121863,3678.016666666667,0.9725357178414974,2521.833333333334,0.9791515101410934,1173.4833333333333,0.9912374303066507,746.4833333333333,0.9942400977366255,577.9166666666665,0.9956846127041019,0,1,1185.2833333333333,0.9911493180007964
956,CHW6458,CHW6458__S_ButtMarket_CMPak4481,3,C4-NRW-05,,CMPak,4481,0,1,5643.166666666668,0.9564570473251028,4656.866666666667,0.9640673868312757,0,1,1104.4166666666665,0.9914782664609053,115.16666666666666,0.9991113683127573,165.08333333333337,0.9987262088477367,74.25,0.999445564516129,204.91666666666666,0.9984188528806583,1554.4833333333333,0.9880055298353909,577.75,0.9950467249657065,172.25,0.9987137843488649,833.9166666666667,0.9937730236957387,130.4,0.9989219576719577,1250.75,0.9906604689366786,198.33333333333334,0.9984696502057614,0,1,21.75,0.999832175925926,23.75,0.9998226553166069
957,MIR2210,MIR2210__Sheikhatahir,3,C4-MBD-08,20,,,743.0833333333334,0.9942663323045268,620.6666666666667,0.9952109053497942,0,1,1536.716666666667,0.9881426183127572,34.25000000000001,0.9997357253086421,65.83333333333334,0.9994920267489712,1165.4166666666667,0.9910075874485597,1790.250000005122,0.9866319444444062,969.1333333333332,0.9925221193415638,264.5,0.9979591049382717,1261.2,0.9891872427983539,82.74999999999999,0.9993820937873358,1298.4166666666665,0.9903045350457985,24.25,0.9997995205026454,370.3333333333333,0.997234667463162,1448.8333333333335,0.9888207304526749,1144.5833333333333,0.991453230784548,1022.8333333333334,0.992107767489712,4882.266666666668,0.9635434090003983
958,RUR0755,RUR0755_PharianWalNEW,3,C4-MBD-08,9,,,0,1,69.24999999999999,0.999465663580247,0,1,0,1,228.28333333333333,0.9982385545267489,0,1,305.75,0.9976408179012346,18.25,0.9998637246117085,5.000000000000001,0.9999614197530865,0,1,0,1,31.75,0.9997629181600957,116.91666666666666,0.9991269663480685,137.5,0.9988632605820107,12.5,0.999906660692951,242.63333333333333,0.9981278292181069,84.24999999999999,0.9993708930704898,957.6666666666669,0.9926105967078189,171,0.9987231182795699
959,RUR6081,RUR6081__S_Bheko_Mor warid_MR4V4340,3,C4-MBD-08,9,,,1525.5833333333335,0.9882285236625514,181.75,0.9985976080246914,0,1,0,1,818.4166666666666,0.9936850565843622,1157.0833333333335,0.9910718878600824,218.16666666666669,0.9983166152263375,392.69999999805975,0.9970676523297637,26,0.9997993827160494,0,1,425.6666666666667,0.9963505944215821,0,1,0,1,134.74999999999997,0.9988859953703704,0,1,1268.416666666667,0.9902128343621399,270,0.9979838709677419,599.5833333333333,0.9953735853909466,724.25,0.9945919205495818
960,DDL9709,DDL9709__SarjalDhadyal,3,C4-NRW-05,31,,,0,1,0,1,0,1,696.6666666666669,0.9946244855967078,0,1,38.083333333333336,0.9997061471193416,43.58333333333333,0.9996637088477367,2146.6666666666665,0.9839705296694544,581.1833333333334,0.9955155606995885,0,1,14.25,0.9998778292181071,0,1,0,1,0,1,0,1,451.2500000000001,0.9965181327160494,10.083333333333332,0.9999247062923138,115.08333333333333,0.9991120113168726,165.41666666666669,0.9987648098367184
961,RUR6254,RUR6254__S_LAKHWAN_WALA_MR1R3577,4,C4-GRT-04,20,,,4492.8,0.9740000000000001,3934.6833333333325,0.9772298418209877,2132.916666666667,0.9876567322530865,1447.2333333333333,0.9916248070987654,2938.15,0.9829968171296296,2249.6,0.9869814814814815,2673.5,0.9845283564814815,1833.7333333181218,0.9897304360813277,3374.616666666667,0.9804709683641976,2209.6166666666663,0.9872128665123456,1330.0000000000002,0.9914480452674898,1741.1666666666667,0.9902488425925925,5029.866666666668,0.9718309438470729,2481.9333333333334,0.9846110284391534,1827.1333333333334,0.9897673984468339,6263.766666666665,0.963751350308642,1512.1999999999998,0.9915311379928314,2377.9500000000003,0.9862387152777778,4069.350000081103,0.9772101814511587
962,RUR9063,RUR9063__S_Doga_CMPak4824,3,C4-MBD-08,,CMPak,4824,327.66666666666663,0.99747170781893,3019.283333333333,0.9767030606995886,21354.016666666663,0.8352313528806584,8149.033333333332,0.9371216563786008,4374.116666666667,0.9662490997942386,513.4166666666666,0.9960384516460905,12519.916666666666,0.9033957047325103,38876.816666666666,0.7097011897650338,3977.966666666667,0.9693058127572016,837.8333333333333,0.9935352366255144,552.4166666666667,0.9952639174668495,7224.483333333334,0.9460537385503784,702.2499999999999,0.9947561977299881,1427.5666666666666,0.9881980268959435,1823.0833333333333,0.986386773197929,49.5,0.9996180555555556,2073.5,0.9845168757467144,689.0833333333333,0.9946829989711934,1714.4500000000003,0.9871979540023895
963,GUJ5319,GUJ5319__S_JalilTown_CMPak40268,3,C4-GUJ-01,,CMPak,40286,849.166666666667,0.9934477880658436,174.75,0.9986516203703704,22.5,0.9998263888888889,0,1,4185.366666666667,0.9677055041152264,0,1,1633.75,0.9873939043209876,2509.8500000000004,0.9812585872162485,1446.4833333333333,0.9888388631687244,2348.15,0.9818815586419752,1091.55,0.9906417181069959,2188.833333333334,0.9836556650736759,4385.533333333333,0.9672525886101155,2774.566666666666,0.9770621141975309,6521.666666666666,0.9513017722023099,11195.816666666666,0.9136125257201647,11946.3,0.9107952508960574,38765,0.7008873456790125,27898.0833333435,0.7916809786936716
964,HFZ3892,HFZ3892__MuhalahuzafrKhn,3,C4-HFZ-06,31,,,274.33333333333337,0.9978832304526749,562.4999999999999,0.9956597222222223,264.9166666666667,0.9979558899176955,89.83333333333333,0.999306841563786,722.6666666666666,0.9944238683127573,0,1,424.5,0.9967245370370371,1179.266666666667,0.9911942453205894,227.16666666666666,0.998247170781893,536.5833333333334,0.9958596965020575,560,0.99519890260631,629.6666666666666,0.9952981879729191,1012.6166666666667,0.9924386449621665,150.58333333333334,0.9987550981040565,135.75,0.9989863351254481,328.96666666666664,0.9974616769547324,109.03333333333333,0.999185832337714,4.749999999999999,0.9999633487654321,606.6666666666666,0.9954699322978893
965,GUJ9441,GUJ9441__S_Mominabad Warid_MDGJ4221,3,C4-GUJ-02,30,,,44.58333333333333,0.9996559927983539,514,0.996033950617284,459.75,0.9964525462962963,407.41666666666663,0.9968563528806584,694.3333333333333,0.9946424897119341,51.75,0.9996006944444444,160.83333333333331,0.9987590020576131,163.5,0.9987791218637994,362.33333333333337,0.9972042181069959,1525,0.988233024691358,2200.433333333334,0.9811348308184727,1695.9166666666663,0.9873363450816407,2744.866666666667,0.9795036837913181,1361.3999999999999,0.9887450396825396,1982.7666666666669,0.9851943946634808,8593.383333333335,0.9336930298353908,4517.133333333334,0.9662699123855037,3356.416666666666,0.9741017232510287,7586.950000015135,0.9433471475506636
966,GUJ0729,GUJ0729__KalarAbadiNowshera,3,C4-GUJ-02,20,,,0,1,21.5,0.9998341049382716,13.75,0.9998939043209876,463.5833333333332,0.9964229681069959,16.916666666666664,0.999869470164609,43.33333333333333,0.9996656378600823,41.91666666666667,0.9996765689300412,242.83333333333331,0.9981867283950617,554.3000000000001,0.9957229938271606,239.33333333333331,0.99815329218107,1696.1666666666667,0.985458104709648,172.5,0.9987119175627239,718.8333333333333,0.9946323675826363,45.833333333333336,0.9996210868606703,538,0.9959826762246117,4717.266666666667,0.9636013374485597,3037.4666666666667,0.9773187972919156,1501.7333333333333,0.9884125514403292,3501.2333333333336,0.9738557845479889
967,GUJ3304,GUJ3304__IhasanHospNowshera,3,C4-GUJ-02,9,,,0,1,833.25,0.9935706018518519,142.25,0.9989023919753086,2870.8333333333335,0.9778485082304527,960.0833333333335,0.9925919495884774,823.5833333333333,0.993645190329218,112.91666666666666,0.9991287294238682,438.95000000000005,0.9967222968936679,70.41666666666667,0.9994566615226337,243.08333333333331,0.9981243569958848,367.58333333333337,0.996848565386374,553.5000000000001,0.9958669354838711,553.8333333333334,0.995864446435683,125.91666666666667,0.998959022266314,0,1,2731.016666666667,0.9789273405349794,628.5,0.995306899641577,6,0.9999537037037036,1086.9166666666665,0.9918838361210673
968,RUR0906,RUR0906__HabibPur_MuranWali,3,C4-NRW-05,13,,,0,1,0,1,0,1,327.9166666666667,0.9974697788065844,3095.8666666666663,0.9761121399176954,197.41666666666666,0.9984767232510288,2387.9166666666665,0.9815747170781893,3390.4000000000005,0.9746833930704898,6276.933333333333,0.9515668724279835,0,1,1039.416666666667,0.9910886774119798,163.5,0.9987791218637994,0,1,506.99999999999994,0.9958085317460318,1037.3333333333335,0.9922540820390283,779.0833333333333,0.993988554526749,994.9166666666667,0.9925708134209478,434.65,0.9966462191358025,832.9999999999999,0.9937798685782556
969,GUJ4178,GUJ4178__Mohallah_Zahid,3,C4-GUJ-02,30,,,0,1,625.1,0.9951766975308642,1627.7666666666667,0.9874400720164609,0,1,213,0.9983564814814815,183.00000000000003,0.9985879629629629,1486.5333333333335,0.9885298353909465,2087.7833333333333,0.9844102200318597,850.9000000000001,0.9934344135802469,705.2833333333333,0.9945579989711935,3884.099999999999,0.9667001028806584,324.5,0.9975769115890084,570.0833333333334,0.9957431053365192,206.25,0.9982948908730158,1147.7500000000005,0.9914295848267622,3566.8333333333335,0.9724781378600824,164.16666666666666,0.9987741437674234,846.5000000000001,0.9934683641975309,2590.866666666666,0.9806536240541617
970,HWY5796,HWY5796_H_Itwaar bazar more_Eminabad More Gujranwala,3,C4-GUJ-01,,PTCL,GTRP2001,0,1,2153.05,0.9833869598765432,0,1,0,1,9943.066666666664,0.9232788065843621,0,1,0,1,0,1,0,1,1566.3000000000002,0.9879143518518518,1198.25,0.9897269375857338,3570.8,0.973336320191159,2852.5,0.9786999701314216,1551.2999999999997,0.9871750992063493,2057.9833333333336,0.9846327409398645,961.2500000000001,0.9925829475308642,3639.95,0.972819967144564,1240.4666666666667,0.9904284979423867,0,1
971,WZB0029,WZB0029__S_SuiGasTower_AhmedNasarRoadWarid_MDWA1510,3,C4-WZD-07,13,,,1237.3,0.9904529320987655,371.9166666666667,0.9971302726337449,239.5,0.9981520061728395,1830.6166666666668,0.985874871399177,767.0833333333333,0.9940811471193416,428.33333333333337,0.9966949588477366,2415.033333333332,0.9813654835390946,2810.5166666666664,0.9790134657506969,523,0.9959645061728395,2491.55,0.9807750771604938,644.1666666666666,0.9944773090992227,189.33333333333334,0.9985862206292313,750.1666666666667,0.994398397052967,7.416666666666667,0.9999386849647266,167.75,0.9987473864994026,121.5,0.9990625,1338.25,0.9900070937873358,1017.7499999999995,0.9921469907407408,4235.100000000001,0.9683758960573476
972,RUR6337,"
RUR6337__S_AhdiSharif",3,C4-MBD-08,30,Jazz,Solar+DG,1267.6666666666665,0.990218621399177,649.3,0.9949899691358024,2599.1666666666665,0.9799447016460906,0,1,12026.283333333333,0.907204603909465,17785.35,0.8627673611111112,10767.633333333333,0.9169164094650206,12230.916666666664,0.9086699771007567,8971.783333333335,0.9307732767489711,1644,0.9873148148148148,202,0.9982681755829904,29.75,0.9997778524492235,0,1,0,1,14.75,0.9998898596176822,256.6333333333333,0.998019804526749,141.8,0.9989411589008362,0,1,54.41666666666666,0.9995936628833134
973,RUR9550,RUR9550__S_Attawa_CMPak5629,3,C4-GUJ-01,,CMPak,5629,64.00000000000001,0.9995061728395062,360.83333333333326,0.9972157921810699,188.83333333333334,0.9985429526748972,257.4166666666667,0.9980137602880659,5739.783333333333,0.9557115483539094,440.1666666666666,0.9966036522633744,1888.8333333333337,0.9854256687242798,1697.6,0.9873237753882915,1068.0833333333335,0.991758616255144,1681.4333333333334,0.9870259773662552,571.8333333333333,0.9950974508459076,2645.416666666667,0.9802462913182,1457.9,0.9891136499402629,686.9166666666666,0.9943211254409171,6600.4333333333325,0.9507136101154918,715.3666666666667,0.9944801954732511,12693.333333333332,0.9052170450019912,6306.350000000001,0.9513398919753087,6195.1833333386885,0.95373967044998
974,MLL4167,MLL4167__ParachaPtrlPump,4,C4-MBD-08,30,,,0,1,161.33333333333337,0.9990663580246913,0,1,0,1,238.66666666666663,0.9986188271604938,0,1,520,0.9969907407407408,0,1,0,1,246.66666666666669,0.9985725308641975,0,1,198.25,0.9988897289426524,1072,0.9939964157706094,109.83333333333333,0.9993189897486772,258.5,0.9985523073476702,660.85,0.996175636574074,30,0.9998319892473119,330.9,0.9980850694444444,1935.4166666666667,0.9891609729689367
975,MLL8787,MLL8787__GreenTown,3,C4-MBD-08,,GLO,,0,1,0,1,28.500000000000004,0.9997800925925925,58.75,0.9995466820987654,308.66666666666663,0.9976183127572017,176.16666666666669,0.9986406893004116,2211.15,0.9829386574074074,0,1,0,1,54.583333333333336,0.9995788323045268,589.3333333333334,0.9949474165523549,5.499999999999999,0.9999589307048984,43.25000000000001,0.9996770459976105,13,0.9998925264550265,107.25,0.9991991487455197,211.5,0.9983680555555555,0,1,0,1,1403.1999999999998,0.9895221027479092
976,WZB9635,WZB9635__Bagri_PlazaWazirabad,3,C4-WZD-07,,GLO,,0,1,0,1,0,1,0,1,1284.2833333333333,0.9900904063786008,675.4166666666665,0.9947884516460905,0,1,13.5,0.9998991935483871,71.58333333333333,0.9994476594650206,336.16666666666663,0.9974061213991771,0,1,0,1,4005.0666666666666,0.9700935882118678,421.4166666666667,0.9965160659171076,1334.2500000000002,0.9900369623655914,210.24999999999997,0.9983777006172839,2160.6,0.9838664874551971,0,1,1040.0833332904926,0.9922335473917974
977,GUJ3089,GUJ3089__Satellitetown,4,C4-GUJ-01,9,,,0,1,634.5833333333334,0.9963276427469135,559.1666666666666,0.9967640817901234,1193.5,0.9930931712962964,3600.7000000000003,0.9791626157407407,947.0833333333333,0.9945191936728395,897.1,0.9948084490740741,1872.75,0.9895119287634409,795.15,0.9953984375,1181.0833333333335,0.9931650270061728,3094.1499999999996,0.9801044881687243,1342.8166666666666,0.9924797453703704,2665.033333333333,0.9850748581242533,2745.1666666666665,0.9829788773148148,432.3333333333333,0.9975787783751494,1477.6666666666667,0.9914486882716049,1872.9333333333336,0.9895109020310633,2972.75,0.9827965856481481,1408.1,0.9921141353046594
978,GUJ9413,GUJ9413__S_Moh Raitanwala Warid_GJ4234,3,C4-GUJ-02,30,,,514.75,0.9960281635802469,184.66666666666666,0.9985751028806584,470,0.9963734567901235,214,0.9983487654320987,918.6666666666665,0.9929115226337448,3091.866666666667,0.9761430041152264,4706.666666666667,0.9636831275720165,4002.800000014513,0.9701105137394376,1725.6000000000004,0.9866851851851852,6282.450000000002,0.9515243055555556,1014.2500000000001,0.9913044410150892,1150.1666666666667,0.9914115392273994,2541.616666666666,0.9810213809239348,1016.0499999999998,0.9916001157407408,1773.666666666667,0.9867557745917961,4293.433333333333,0.9668716563786007,317.25,0.9976310483870968,1548.5833333333333,0.9880510545267489,250.25000000000006,0.9981313470728793
979,RUR3201,RUR3201__Gngohar,3,C4-NRW-05,,Telenor,LNWR07,409.16666666666674,0.9968428497942387,0,1,0,1,0,1,921.8666666666669,0.9928868312757202,0,1,92.33333333333333,0.9992875514403292,127.08333333333334,0.9990510503783354,345.23333333333335,0.9973361625514403,2737.7333333333336,0.9788755144032922,115.49999999999997,0.9990097736625515,284.75,0.9978737305854242,1052.8666666666666,0.9921380923934687,43.74999999999999,0.9996383101851852,0,1,0,1,84.08333333333333,0.9993721375945839,1985.9166666666663,0.9846765689300412,373.24999999999994,0.9972128882915173
980,RUR5621,RUR5621__S_Lalwan,4,C4-NRW-05,,Enfrashare,EC1-SKG-02046,4096.166666666667,0.9762953317901234,2019.0166666666669,0.988315875771605,2271.616666666667,0.9868540702160494,4796.8,0.9722407407407406,24824.983333333326,0.8563369020061729,2900.699999999997,0.9832135416666666,9076.9,0.9474716435185185,7210.833333333333,0.9596167488052569,2438.6833333333334,0.985887249228395,6157.083333333333,0.9643687307098766,550.8333333333334,0.9964581189986282,2381.666666666667,0.9866618130227002,3144.733333333333,0.9823883661887695,44.83333333333334,0.9997220155423281,424.58333333333326,0.9976221811529271,235.25,0.998638599537037,1099,0.9938452060931899,2613.416666666666,0.9848760609567901,13400.216666666667,0.9249539837216249
981,RUR8874,RUR8874__HazratKelainWala,3,C4-HFZ-06,9,,,0,1,0,1,0,1,41.41666666666667,0.9996804269547325,250.31666666666663,0.9980685442386832,0,1,70.25000000000001,0.9994579475308641,66.00000000000001,0.9995071684587813,2.416666666666667,0.9999813528806584,0,1,221.96666666666664,0.9980969935985368,843.8000000000001,0.9936992234169654,975.5666666666666,0.9927153026682596,0,1,339.41666666666674,0.9974655266825966,190.16666666666666,0.9985326646090534,146.83333333333331,0.998903574273198,53.25,0.9995891203703704,726.25,0.994576986260454
982,RUR9486,RUR9486__S_Warpal_Khurd_1M3548,4,C4-HFZ-06,20,,,1842,0.9893402777777777,332.9166666666667,0.998073398919753,253.99999999999997,0.9985300925925925,202.75,0.9988266782407408,760.1666666666666,0.995600887345679,87.16666666666666,0.9994955632716049,1110.2499999999998,0.9935749421296296,116.91666666666667,0.9993452247610515,430.74999999999994,0.9975072337962964,0,1,520.9999999999999,0.9966499485596708,198.49999999999997,0.9988883288530467,692,0.9961245519713262,96.66666666666667,0.9994006283068784,364.0833333333333,0.997961002837515,943.3333333333333,0.9945408950617284,83.58333333333336,0.9995319033751494,1369.1666666666667,0.9920765817901234,1822.9,0.9897911066308244
983,GUJ5771,GUJ5771__S_Fazalpura_CMPak42630,3,C4-GUJ-02,,CMPak,42630,92.08333333333334,0.9992894804526748,778.6666666666667,0.9939917695473252,0,1,0,1,113.49999999999999,0.9991242283950618,0,1,0,1,0,1,808.6166666666666,0.9937606738683128,645.2499999999999,0.9950212191358025,3878.7999999999997,0.9667455418381344,2544.5000000000005,0.9809998506571087,0,1,0,1,0,1,1639.1166666666666,0.9873524948559671,14561.133333333331,0.8912699123855038,460.16666666666674,0.9964493312757202,1246.25,0.9906940710872162
984,GUJ8150,GUJ8150__GeneralBusStand,2,C4-GUJ-02,,,,0,1,669.5833333333333,0.9922501929012345,0,1,0,1,1705.8833333333334,0.9802559799382716,149.75,0.9982667824074075,418.66666666666663,0.9951543209876543,720.45,0.991930443548387,604.5166666666665,0.9930032793209876,466.83333333333337,0.994596836419753,719.5333333333334,0.9907467421124828,926.5833333333335,0.9896216024492235,586,0.9934363799283155,0,1,3104.2,0.965230734767025,7696.7333333333345,0.9109174382716049,3958.4666666666662,0.9556623357228196,3340.9666666666662,0.9613314043209877,12489.31666667753,0.8601107004180385
985,MBN6233,MBN6233__S_Main_City_Bazar_MDMB4173,3,C4-MBD-08,27,,,46,0.9996450617283951,667.9166666666667,0.994846322016461,294.75,0.9977256944444445,0,1,0,1,0,1,0,1,154.49999999999997,0.9988463261648746,959.5666666666666,0.9925959362139918,108.33333333333336,0.9991640946502058,146.75000000000003,0.9987418552812072,370.33333333333337,0.997234667463162,1656.166666666667,0.9876331640780566,367.66666666666663,0.9969604276895943,560.4166666666666,0.9958152877339705,1403.666666666667,0.9891692386831274,1766.3666666666668,0.9868102847471127,672.8333333333335,0.9948083847736625,2826.3333333325418,0.9788953604141836
986,MBN6918,MBN6918__CivilCourtMndiBhudin,3,C4-MBD-08,20,,,287.5833333333333,0.9977809927983539,1109.0833333333333,0.9914422582304526,665.05,0.9948684413580247,1102.6999999999998,0.991491512345679,3614.016666666667,0.9721140689300412,2365.8833333333337,0.9817447273662552,3734.9833333333336,0.9711806841563786,7923.16666667061,0.9408365690959483,1110.65,0.9914301697530864,595.4166666666669,0.9954057355967078,10.833333333333334,0.9999071216278007,46.25000000000001,0.9996546445639187,342.5,0.9974425029868579,791.3333333333333,0.9934578924162257,892.3333333333333,0.9933368180007964,2,0.9999845679012346,147.24999999999997,0.9989004629629629,1982.6833333333332,0.9847015174897119,480.85,0.9964094235364397
987,MBN9682,MBN9682__PhaliaRdMandiBah,3,C4-MBD-08,30+31+31,,,428.25,0.9966956018518519,0,1,0,1,0,1,0,1,0,1,269.33333333333337,0.9979218106995884,0,1,27.75,0.9997858796296296,449.8333333333334,0.9965290637860081,0,1,0,1,174.58333333333334,0.9986963610115492,113.75000000000001,0.9990596064814815,0,1,0,1,0,1,0,1,28.5,0.9997871863799282
988,GUJ6449,GUJ6449__S_Rasulpura,3,C4-GUJ-02,,Enfrashare,EC1-GUJ-04625,1130.1666666666665,0.9912795781893005,1074.1666666666667,0.9917116769547324,0,1,450.75,0.9965219907407408,970.1999999999999,0.9925138888888888,5581.95,0.9569293981481483,0,1,0,1,246.40000000000003,0.9980987654320989,1477.9333333333332,0.9885961934156379,3075.5333333333333,0.9736322588020119,1513,0.9887022102747909,1579.2499999999998,0.9882075119474313,1713.8333333333335,0.9858314043209876,1428.4333333333334,0.9893336818000796,6040.916666666666,0.9533879886831275,591.0833333333333,0.9955862953006771,894.5833333333335,0.9930973508230453,623.8833333333334,0.9953413729589805
989,GUJ6549,GUJ6549__S_KotliRustam,3,C4-GUJ-02,,Enfrashare,EC1-GUJ-05054,0,1,2006.250000000003,0.9845196759259259,1114.083333333333,0.9914036779835391,2366.533333333333,0.9817397119341564,286.83333333333337,0.997786779835391,0,1,916.8333333333335,0.9929256687242798,1338.5666666666666,0.9900047291915571,16.166666666666668,0.9998752572016462,0,1,121.25,0.998960476680384,0,1,49.5,0.999630376344086,199.13333333333333,0.9983537257495592,683.5,0.9948962066905616,396.2499999999999,0.9969425154320988,328.5833333333333,0.9975464207487057,1039.5833333333333,0.9919785236625515,15587.633333333333,0.8836048884906412
990,HFZ5863,HFZ5863_H_Ali Town Hafizabad,3,C4-HFZ-06,,Enfrashare,EC1-HFZ-08176,329.08333333333337,0.9974607767489713,462.3833333333333,0.9964322273662551,1197.1999999999998,0.9907623456790123,0,1,486.75,0.996244212962963,0,1,1530.5666666666668,0.9881900720164609,1407.7333333333331,0.9894882516925527,1315.5166666666664,0.989849408436214,1423,0.9890200617283951,3920.783333333333,0.966385602423411,5396.516666666666,0.9597034299084031,2141.3333333333335,0.984010354440462,2925.15,0.9758172123015874,152.74999999999997,0.9988593936678615,1895.3833333333332,0.985375128600823,2513.5833333333335,0.9812307098765432,2575.55,0.9801269290123458,5788.95,0.9567730734767025
991,GUJ9447,GUJ9447__S_Hafizabad Rd Warid_MDGJ4164,3,C4-GUJ-02,30,,,0,1,258.3333333333333,0.9980066872427983,0,1,216.75,0.9983275462962964,201.91666666666666,0.9984420010288066,17.25,0.9998668981481481,638.9999999999999,0.9950694444444445,232.83333333333334,0.998261399840701,123.81666666666665,0.9990446244855967,136.91666666666669,0.998943544238683,0,1,340,0.9974611708482677,197.5,0.998525238948626,6.833333333333333,0.9999435074955909,0,1,0,1,1445.083333333333,0.9892093538430905,0,1,114.5,0.9991450119474312
992,DSK1138,DSK1138__Offload DSK0321C,3,C4-WZD-07,31,,,329.25,0.9974594907407408,1220.5,0.9905825617283951,0,1,655.8666666666667,0.9949393004115227,4805.283333333333,0.9629221965020577,118.08333333333334,0.9990888631687243,3363.0000000000005,0.9740509259259259,0,1,307.7,0.9976257716049384,548.0666666666666,0.9957710905349795,67.75000000000001,0.9994191529492455,2727.4500000000003,0.9796337365591399,2652.4,0.9801941457586619,378.3333333333333,0.9968722442680776,565.9666666666666,0.9957738450816407,1583.3,0.9877831790123457,1234.5,0.9907818100358423,812.0333333333334,0.9937343106995885,3188.6833333333334,0.9761896405814418
993,DSK6921,DSK6921__FarooqiaMosque,3,C4-WZD-07,,GLO,,147.49999999999997,0.9988618827160494,0,1,0,1,127.58333333333336,0.9990155606995884,1471.5833333333335,0.988645190329218,1602.5833333333337,0.9876343878600824,562.2500000000001,0.9956616512345678,0,1,0,1,0,1,1840.9666666666667,0.984216678097851,2125.916666666667,0.9841254729191558,1668.4833333333333,0.987541193747511,3079.8666666666663,0.9745381393298059,332.4999999999999,0.997517174432497,2037.7333333333336,0.9842767489711934,191.74999999999997,0.9985681750298686,17.583333333333336,0.9998643261316873,958.0833333333335,0.9928458532457188
994,RUR5006,RUR5006__S_Dera Mutwan Warid_MR1N3555,3,C4-NRW-05,20,,,0,1,0,1,0,1,3624.7,0.9720316358024691,3541.45,0.9726739969135803,21.25,0.9998360339506174,239.91666666666666,0.9981487911522633,51.416666666666664,0.9996160643170051,340.2499999999999,0.9973746141975309,0,1,37.58333333333333,0.99967778349337,336.75,0.9974854390681004,755.2500000000001,0.9943604390681005,0,1,2544.083333333333,0.9810029619673436,575.7500000000001,0.9955574845679013,419.9999999999999,0.9968637992831542,134.50000000000003,0.9989621913580247,290.21666666666664,0.9978329101951414
995,DSK9637,DSK9637__Gali_College,3,C4-WZD-07,,GLO,,748.9999999999999,0.9942206790123457,17.333333333333332,0.9998662551440328,0,1,0,1,794.45,0.9938699845679012,16.5,0.9998726851851852,0,1,116.58333333333331,0.9991294553962565,15.5,0.9998804012345679,36.333333333333336,0.9997196502057614,1075.9666666666667,0.9907753200731595,2550.5333333333333,0.9809547988849064,1397.4166666666667,0.9895652877339706,1772.3166666666664,0.9853479111552028,1683.533333333333,0.987428813221824,1129.8166666666666,0.9912822788065845,355.5833333333333,0.9973448078454799,1371.033333333333,0.9894210390946502,1719.4499999999998,0.9871606182795699
996,MBN6232,MBN6232__S_Ghori_abad_MDMB4303,3,C4-MBD-08,,,,48.74999999999999,0.9996238425925925,0,1,0,1,0,1,0,1,0,1,0,1,0,1,0,1,0,1,0,1,0,1,270.4166666666667,0.997980759657507,0,1,103.5,0.9992271505376344,100.33333333333334,0.9992258230452675,0,1,0,1,536.7500000000001,0.9959920101553166
997,FRP9896,FRP9896__MeluNau,3,C4-MBD-08,20,,,167.50000000000003,0.998707561728395,3379.133333333333,0.973926440329218,0,1,385.08333333333337,0.9970286779835391,4442.033333333334,0.9657250514403292,32.49999999999999,0.9997492283950618,2956.666666666667,0.9771862139917695,3891.2166666666667,0.9709437226204699,943.2333333333333,0.9927219650205761,2670.733333333333,0.9793924897119343,3280.8166666666666,0.9718722850937357,217.56666666666666,0.9983753982477102,4060.616666666667,0.969678788331342,512.5,0.9957630621693121,1530.4499999999998,0.9885719086021506,3967.6666666666665,0.9693852880658436,1203.6666666666665,0.9910120469932298,2196.0333333333333,0.9830552983539094,1964.0500000000002,0.9853341547192354
998,RUR0713,RUR0713_Watalian,3,C4-WZD-07,9,,,58.33333333333332,0.9995498971193416,641.9999999999999,0.9950462962962964,1.916666666666667,0.9999852109053498,1306,0.9899228395061728,663.4166666666667,0.9948810442386831,687.8333333333334,0.9946926440329219,422,0.9967438271604938,5.583333333333333,0.9999583084428515,520.1166666666666,0.9959867541152263,78.08333333333334,0.9993975051440329,330.91666666666663,0.997162922953818,412.16666666666663,0.9969222919155715,1370.1166666666666,0.9897691407805655,342.83333333333326,0.997165729717813,1158,0.991353046594982,1330.6166666666666,0.9897328960905349,1238.6166666666668,0.9907510702907208,6164.399999999999,0.9524351851851851,4649.166666666666,0.9652840003982477
999,RUR9992,RUR9992__HafizabadRoad,3,C4-HFZ-06,30,,,438.41666666666663,0.9966171553497942,26.25,0.9997974537037037,311.33333333333337,0.9975977366255144,0,1,130.41666666666666,0.9989936985596708,0,1,792.0833333333333,0.9938882458847736,202.7500000054327,0.9984860364396249,685.7666666666667,0.9947085905349795,1582.9999999999998,0.9877854938271605,1934.7833333333335,0.9834123513946045,419.75,0.996865666069295,488.80000000000007,0.9963500597371565,437.33333333333337,0.9963844797178131,317.45000000000005,0.9976295549581841,567.0833333333334,0.9956243569958848,350.75,0.9973808990442055,1169.8,0.9909737654320988,124.75,0.9990684737156511
1000,GUJ9407,GUJ9407__S_Usman Gill Cnly Warid_GJ4152,3,C4-GUJ-01,27,,,0,1,49.66666666666666,0.9996167695473251,0,1,0,1,0,1,19.5,0.999849537037037,84.24999999999999,0.9993499228395062,0,1,0,1,0,1,0,1,0,1,0,1,0,1,0,1,126.91666666666666,0.9990207047325103,0,1,0,1,54,0.9995967741935483
1001,DSK3494,DSK3494__GreenlandDaska,3,C4-WZD-07,,GLO,,354.0833333333333,0.9972678755144032,13036.783333333333,0.8994075360082304,2549.25,0.9803298611111111,2064.316666666666,0.9840716306584362,5203.533333333334,0.9598492798353909,123.66666666666666,0.9990457818930041,7702.900000000001,0.9405640432098765,553.2833333333333,0.9958685533651932,44.75,0.9996547067901234,150.9,0.9988356481481482,1437.25,0.9876778978052125,2895.816666666667,0.9783765183193947,3552.7000000000003,0.9734714755077658,116.83333333333331,0.9990341159611993,0,1,42,0.9996759259259259,484.25,0.9963840352449224,718.5833333333334,0.9944553755144032,1870.4999999999998,0.9860327060931899
1002,HWY9044,HWY9044__S_Salar_CMPak7118,3,C4-GUJ-01,,CMPak,7118,0,1,161.50000000000003,0.9987538580246914,16.083333333333336,0.9998759002057613,6963.3166666666675,0.9462707047325103,431.4999999999999,0.996670524691358,713.1666666666666,0.9944971707818929,0,1,61.25,0.9995426373954599,6319.0999999999985,0.951241512345679,531.75,0.9958969907407408,1801.3166666666666,0.9845566129401006,2774.5833333333335,0.9792817851453605,1642.2166666666667,0.9877373307447231,1399.1833333333334,0.9884326774691359,8751.049999999997,0.9346546445639189,3127.7999999999997,0.9758657407407408,659.1666666666665,0.9950779072082835,269.75,0.9979185956790124,976.4166666666666,0.9927089555953803
1003,GUJ9443,GUJ9443__S_Sultanpura Warid_MDGJ3916,3,C4-GUJ-02,,Ufone,3304,0,1,0,1,0,1,0,1,0,1,0,1,0,1,0,1,55.083333333333336,0.9995749742798354,0,1,79.75,0.9993162722908093,0,1,0,1,6.5,0.9999462632275131,159.00000000000006,0.998812724014337,169.45000000000002,0.9986925154320987,0,1,3073.416666666667,0.9762853652263374,308.0000000000001,0.997700119474313
1004,GUJ0723,GUJ0723__ShahinAbad,4,C4-GUJ-02,30+20+20,,,0,1,0,1,0,1,52.33333333333332,0.9996971450617284,0,1,0,1,0,1,0,1,240.40000000000003,0.9986087962962964,76.75000000000001,0.9995558449074075,0,1,0,1,0,1,0,1,0,1,143.83333333333331,0.9991676311728395,125.33333333333334,0.9992980884109915,97.73333333333333,0.9994344135802469,258.65000000000003,0.9985514672939069
1005,HFZ3846,HFZ3846__AddaShahJamalJalalP,3,C4-HFZ-06,20,,,922,0.9928858024691358,310.25000000000006,0.9976060956790124,1098.6666666666665,0.9915226337448559,5204.549999999999,0.9598414351851852,1843.1833333333332,0.9857779063786007,2037.6500000000003,0.9842773919753087,1413.0666666666666,0.98909670781893,646.7166666786187,0.995170873158015,608.4000000000001,0.9953055555555556,79.08333333333333,0.9993897890946503,403.41666666666663,0.9965413523090991,245.88333333333335,0.9981639536041418,1102.6666666666667,0.9917662285941856,28.083333333333336,0.999767829585538,771.7333333333335,0.9942373556352051,2077.5333333333333,0.9839696502057613,2692.75,0.9798928464755078,1908.95,0.9852704475308641,4035.416666667303,0.9698669603743482
1006,HFZ4067,HFZ4067__RailwayHafizabad,3,C4-HFZ-06,30+20,,,20.58333333333334,0.9998411779835391,0,1,0,1,0,1,0,1,0,1,0,1,151.91666666666666,0.9988656162883314,82,0.9993672839506174,294.5,0.9977276234567901,923.5,0.9920824759945129,161.5,0.9987940561529272,437.4166666666667,0.9967337465153325,99.75000000000001,0.9991753472222222,347.58333333333337,0.9974045450019912,62.83333333333333,0.9995151748971193,0,1,7.916666666666665,0.9999389146090535,0,1
1007,HFZ9826,HFZ9826__Hakim_Colony,3,C4-HFZ-06,20,,,899.5666666666666,0.9930588991769547,709.0833333333334,0.9945286779835391,2836.4500000000003,0.9781138117283951,1199.9666666666667,0.9907409979423868,2711.1999999999994,0.9790802469135802,2469.9,0.9809421296296296,1364.5500000000002,0.9894710648148148,2186.7,0.9836715949820788,2422.5333333333333,0.9813076131687243,1180.5833333333335,0.9908905606995885,667.0666666666667,0.9942809785093736,1972.6666666666667,0.9852698128235763,945.2833333333333,0.992941432696137,617,0.9948991402116403,2071.0666666666666,0.9845350457984867,2595.25,0.9799749228395062,1780.2833333333335,0.9867063669852648,343.33333333333337,0.9973508230452675,1218.2666666666669,0.9909030266825966
1008,DSK0321,DSK0321__Daska,3,C4-WZD-07,27+31,,,239.83333333333334,0.9981494341563786,103.16666666666666,0.9992039609053498,128.16666666666666,0.999011059670782,76.66666666666666,0.9994084362139918,25.5,0.9998032407407408,490.25,0.9962172067901234,504.1666666666666,0.9961098251028807,90.66666666666667,0.9993229788928715,117.61666666666665,0.9990924639917695,504.5833333333334,0.9961066100823045,100.41666666666667,0.9991390889346137,287.75,0.9978513291517324,823.2500000000001,0.993852673237754,0,1,0,1,0,1,0,1,2,0.9999845679012346,272.99999999999994,0.9979614695340502
1009,DSK9833,DSK9833__MohallBanwala,3,C4-WZD-07,20,,7214,687.8333333333333,0.9946926440329219,1320.9166666666665,0.9898077417695474,0,1,1565.2500000000005,0.9879224537037037,848.8333333333333,0.9934503600823045,2074.833333333333,0.9839904835390947,2415.3333333333335,0.9813631687242799,1002.2,0.9925164277180406,1864.2666666666669,0.9856152263374486,1483.9166666666667,0.9885500257201646,1664.9833333333333,0.9857254515317787,1414.3666666666666,0.9894387196336121,22,0.9998357228195939,471.31666666666666,0.9961035328483245,299.23333333333335,0.9977655814416567,521.9166666666667,0.9959728652263375,227.91666666666666,0.9982981133014736,1581.3,0.9877986111111112,33.50000000000001,0.9997498506571086
1010,RUR8929,RUR8929__BWLChowkMiana,3,C4-MBD-08,20,,,0,1,284.9,0.9978016975308642,0,1,0,1,46.75,0.9996392746913579,0,1,51.24999999999999,0.9996045524691358,0,1,13.083333333333332,0.9998990483539094,246.91666666666666,0.9980947788065844,0,1,644.8333333333335,0.9951849362803664,210.08333333333331,0.9984312773795301,15.75,0.9998697916666667,0,1,230.5,0.998221450617284,0,1,568.95,0.9956099537037036,762.5166666666665,0.9943061778176027
1011,RUR5579,RUR5579__S_RajputTown,3,C4-GUJ-02,,Enfrashare,EC1-GUJ-02585,154.99999999999997,0.998804012345679,662.4166666666667,0.9948887602880658,36.24999999999999,0.9997202932098765,272.75,0.9978954475308641,1698.25,0.9868962191358025,1324.25,0.9897820216049382,1522.0833333333335,0.988255529835391,0,1,1652.0833333333335,0.9872524434156378,2123.2166666666667,0.9836171553497942,816.4166666666667,0.9930005429812528,19,0.9998581242532856,1076.5,0.9919616188769415,0,1,543.4166666666667,0.9959422291915572,1626.5,0.9874498456790124,444,0.99668458781362,162.5,0.9987461419753086,47.75000000000001,0.9996434438470729
1012,GUJ5469,GUJ5469__S_Jagna,3,C4-GUJ-01,,Enfrashare,EC1-GUJ-01734,502.5833333333334,0.9961220421810699,444.9999999999999,0.9965663580246914,0,1,0,1,678.9999999999999,0.9947608024691358,26,0.9997993827160494,80.83333333333333,0.9993762860082305,177.49999999999997,0.9986745818399043,422.65,0.996738811728395,422.4666666666667,0.9967402263374485,799.75,0.9931434327846366,833.8333333333335,0.9937736459577857,1445.4166666666667,0.9892068647949024,316,0.9973875661375661,0,1,131.74999999999997,0.9989834104938272,0,1,0,1,3009.3833333333337,0.9775284996017523
1013,DSK5782,DSK5782__S_FarooqiaStreetIslampura,3,C4-WZD-07,,Enfrashare,EC1-DSK-02395,87.75000000000001,0.9993229166666667,32.49999999999999,0.9997492283950618,0,1,99.49999999999997,0.9992322530864197,1828.5,0.9858912037037036,939.5833333333333,0.992750128600823,1303.9166666666665,0.9899389146090535,285.75,0.9978662634408602,1214.7666666666669,0.9906268004115226,4387.583333333333,0.9661451903292181,4108.633333333333,0.9647750914494742,5299.000000000002,0.9604316009557945,3037.616666666667,0.9773176772202309,4409.45,0.9635462136243386,5002.583333333333,0.9626449870569495,4545.766666666666,0.9649246399176955,1590.7,0.9881220131421745,2981.7833333333338,0.9769924125514403,11401.516666666665,0.914863226802071
1014,DSK5650,DSK5650__S_HaqPura,3,C4-WZD-07,,Enfrashare,EC1-DSK-02503,207.24999999999997,0.9984008487654321,19.5,0.999849537037037,0,1,17.5,0.9998649691358026,0,1,0,1,0,1,0,1,213.16666666666669,0.998355195473251,0,1,1614.9166666666665,0.9861546925011432,2684.133333333333,0.9799571883711669,273.16666666666663,0.9979602250099562,2550.8999999999996,0.9789112103174604,2184.8,0.9836857825567503,3488.2166666666662,0.9730847479423868,712.0500000000001,0.9946830197132617,1167.6666666666667,0.9909902263374485,1000.5833333333333,0.9925284996017523
1015,RUR9498,RUR9498__S_Abadi_Ramgarh_Gujranwala_Road_313556,4,C4-HFZ-06,30,,,0,1,0,1,0,1,0,1,2370.4333333333334,0.9862822145061729,629.9166666666666,0.996354648919753,1299.8666666666666,0.99247762345679,43.41666666666666,0.9997568511051373,0,1,858.1166666666668,0.9950340470679012,389.24999999999994,0.9974971064814815,1025.9999999999998,0.9942540322580645,927.6666666666666,0.9948047341696535,322.1666666666667,0.9980024388227513,0,1,0,1,0,1,0,1,113.41666666666666,0.9993648260155317
1016,RUR0806,RUR0806_Chak_BusawNEW,3,C4-MBD-08,,UFONE,3636,0,1,8,0.9999382716049382,0,1,0,1,0,1,244.88333333333333,0.9981104681069959,499.08333333333326,0.9961490483539095,54.25000000000001,0.9995949074074075,1413.3333333333333,0.9890946502057614,10,0.9999228395061728,249.16666666666669,0.9978637974394147,1343.3000000000002,0.9899693847072879,2579.5833333333335,0.9807378783353247,828,0.9931547619047619,1190.916666666667,0.9911072530864198,263.5,0.9979668209876543,0,1,354,0.9972685185185185,691.8,0.9948342293906811
1017,RUR0744,RUR0744__Rerkabala,3,C4-MBD-08,,Enfrashare,EC1-MBD-08626,409.24999999999994,0.9968422067901234,1364.7333333333333,0.9894696502057613,0,1,537.6666666666666,0.9958513374485597,632.25,0.9951215277777777,2607.8666666666663,0.9798775720164609,621.4000000000001,0.9952052469135801,1557.5833333333335,0.9883693000796495,244.08333333333337,0.9981166409465021,392.0833333333333,0.9969746656378601,705.9166666666665,0.9939479023776863,1270.2166666666662,0.990515108522501,5460.716666666667,0.9592240392273994,15.75,0.9998697916666667,175.66666666666669,0.9986882716049382,1748.9166666666667,0.9865052726337449,89.41666666666666,0.9993323128235763,2198.0499999999997,0.9830397376543211,1195.7500000000005,0.9910711618876941
1018,DNG9646,DNG9646__ShahTakiyaDinga,3,C4-MBD-08,31,,,0,1,899.75,0.9930574845679012,0,1,645.8833333333334,0.9950163323045267,121.00000000000003,0.9990663580246913,694.2,0.9946435185185186,1585.466666666667,0.9877664609053498,604.65,0.9954849910394264,21.500000000000004,0.9998341049382716,1516.0500000000002,0.9883020833333334,65.33333333333334,0.9994398719707361,0,1,726.3333333333334,0.994576363998407,318.08333333333337,0.9973703428130511,415.16666666666663,0.9968998904818797,235.41666666666666,0.9981835133744856,191.74999999999997,0.9985681750298686,130.5,0.9989930555555556,162.74999999999997,0.9987847222222223
1019,RUR0176,RUR0176__Jamkey_CheemNEW,3,C4-WZD-07,20,,,1163.7,0.9910208333333334,1113.55,0.9914077932098765,0,1,0,1,943.9166666666667,0.9927166923868314,3157.316666666666,0.9756379886831276,3351.1166666666695,0.9741426183127573,630.0333333333333,0.9952954500199124,0,1,302.9000000000001,0.9976628086419752,0,1,0,1,640.3333333333333,0.995218538430904,118.58333333333333,0.9990196483686067,1092.1666666666667,0.9918446336121067,1630.3833333333332,0.9874198816872428,897.9833333333333,0.9932946286340103,121.66666666666666,0.9990612139917695,218.41666666666663,0.9983690511748307
1020,SMB2422,SMB2422__S_Opposite_DryportWarid_MDSK1583,3,C4-WZD-07,30,,,146.16666666666666,0.9988721707818929,0,1,0,1,38.75000000000001,0.9997010030864197,331.9166666666667,0.9974389146090534,227.75,0.9982426697530865,761.5833333333335,0.9941235853909466,1225.5000000000002,0.9908490143369175,0,1,515.3333333333334,0.9960236625514404,0,1,81,0.9993951612903226,11.583333333333332,0.999913505575468,0,1,1428.866666666667,0.9893304460374353,0,1,269,0.9979913381123059,218.49999999999997,0.9983140432098766,2473.0833333333335,0.9815331292313819
1021,BGA6219,BGA6219__S_Village_Bagga_MR2X3604,3,C4-MBD-08,20,,,214.66666666666669,0.998343621399177,89.08333333333333,0.999312628600823,249.63333333333333,0.9980738168724279,462.66666666666663,0.9964300411522633,2781.116666666667,0.9785407664609054,1138.3666666666668,0.9912163065843622,1675,0.9870756172839507,1897.9333333398522,0.9858278574272711,138.33333333333331,0.9989326131687243,958.3333333333333,0.9926054526748972,112.33333333333334,0.9990369227251944,620.8666666666668,0.9953638988450817,206.83333333333337,0.9984555455993628,449.15,0.9962867890211641,1130.2333333333331,0.9915603843090401,2280.683333333333,0.9824021347736626,4218.383333333333,0.9685007218239745,455.2499999999999,0.9964872685185184,189.25,0.9985868428912784
1022,DNG3509,DNG3509__MaladChwk,3,C4-MBD-08,30+27,,,0,1,159.49999999999997,0.9987692901234568,0,1,240.83333333333331,0.9981417181069959,114.66666666666666,0.9991152263374485,0,1,528.5833333333334,0.9959214248971193,326.01666666666665,0.997565586419753,0,1,0,1,21.25,0.9998178155006859,52.83333333333333,0.9996054858622062,0,1,71.49999999999999,0.9994088955026454,0,1,10.916666666666668,0.9999157664609054,4.083333333333333,0.9999695091596973,0,1,130.83333333333334,0.9990230485862206
1023,RUR9493,RUR9493__S_Ghalla_Mandi_QD1595,4,C4-HFZ-06,,GLO,,0,1,0,1,0,1,0,1,1691.8000000000004,0.9902094907407407,1041,0.9939756944444444,585.5666666666665,0.9966113040123458,66.91666666666664,0.9996252426821983,0,1,0,1,0,1,241.41666666666669,0.9986479801373954,0,1,601.5833333333333,0.9962699446097883,305.50000000000006,0.998289090501792,715.1666666666667,0.9958613040123457,0,1,0,1,809.6666666666667,0.9954655764635604
1024,SKG9387,SKG9387__S_DinPur_CMPak40720,3,C4-NRW-05,,CMPak,40720,1948.0333333333335,0.984968878600823,3446.366666666667,0.9734076646090535,649.7500000000001,0.9949864969135802,2040,0.9842592592592593,8878.566666666666,0.9314925411522634,693,0.9946527777777777,6492.666666666666,0.9499022633744856,5394.816666666666,0.9597161240541616,7882.666666666667,0.9391769547325103,841,0.9935108024691358,1735.6666666666665,0.9851194558756288,1786.283333333333,0.9866615641178814,4384.150000000001,0.9672629181600957,398.4666666666667,0.9967057980599647,1409.3000000000002,0.9894765531660693,3160.2,0.9756157407407408,2824.2333333333336,0.9789110414177619,1390.916666666667,0.9892676183127572,2305.9666666666662,0.9827810135404222
1025,BPW8989,BPW8989_SBDKRD_BhopalwalACD,4,C4-WZD-07,27,,,2355.75,0.9863671875,1688.833333333333,0.9902266589506173,968.1666666666667,0.9943971836419753,311.00000000000006,0.9982002314814815,4070.8333333333335,0.9764419367283951,4343.183333333333,0.9748658371913581,3208.8500000000004,0.9814302662037037,5079.866666666668,0.971550925925926,231.24999999999997,0.9986617476851852,1833.3333333333335,0.9893904320987654,1881.9833333333336,0.9878987697187928,659.3166666666666,0.9963075903524492,3318.916666666667,0.9814128770908005,50.16666666666667,0.9996889467592592,1070.233333333334,0.9940063097371565,2097.6833333333334,0.9878606288580246,635.3333333333334,0.9964419056152927,1637.6000000000001,0.9905231481481482,2349.8333333097394,0.9868400910992957
1026,HWY0367,HWY0367__JasarwalNEW,4,C4-WZD-07,27,,,0,1,0,1,0,1,0,1,0,1,504.2666666666666,0.9970817901234568,229.74999999999991,0.9986704282407408,0,1,158,0.999085648148148,0,1,5.75,0.9999630272633745,0,1,23.58333333333333,0.9998679248805257,0,1,0,1,21.583333333333336,0.9998750964506173,229.91666666666669,0.9987123842592592,294.24999999999994,0.9982971643518519,764.0000000000001,0.9957213261648745
1027,RUR6533,RUR6533__S_Beknanwala,3,C4-MBD-08,,ATL,ATGRT10,0,1,487.83333333333326,0.996235853909465,0,1,0,1,445.0833333333333,0.9965657150205761,0,1,4753.816666666668,0.9633193158436214,31.58333335382243,0.9997641626840366,0,1,0,1,1.583333333333333,0.9999864254686786,1085,0.9918981481481481,0,1,0,1,0,1,871.75,0.9932735339506173,0,1,5.833333333333334,0.9999549897119341,252.75,0.9981126792114695
1028,RUR5661,RUR5661_S__ JarChikah,3,C4-HFZ-06,,Enfrashare,EUC-NKN-06893,264.91666666666663,0.9979558899176955,0,1,496.89999999999986,0.9961658950617285,0,1,0,1,3533.8166666666666,0.9727328960905349,205.66666666666669,0.9984130658436214,765.05,0.994287261051374,1334.6000000000001,0.9897021604938271,0,1,1108,0.9905006858710563,1253.0666666666664,0.9906431700517722,546,0.9959229390681004,0,1,770.8,0.9942443249701314,7.416666666666667,0.9999427726337449,490.58333333333326,0.9963367433293508,1903.0166666666664,0.9853162294238683,2885.3499999999995,0.978454674432497
1029,HWY5970,HWY5970_H_Qila Ram Kaur Hafizabad,3,C4-HFZ-06,,Enfrashare,EC1-HFZ-08177,360.24999999999983,0.9972202932098766,72.75,0.9994386574074074,433.7499999999999,0.9966531635802469,134,0.998966049382716,979.3833333333333,0.992443029835391,884.4999999999999,0.9931751543209876,542.9,0.9958109567901235,512.25,0.9961749551971326,2374.433333333334,0.9816787551440329,244.5,0.998113425925926,211.49999999999994,0.9981867283950617,0,1,2051.2,0.9846833930704898,0,1,1445.8000000000004,0.9892040023894864,6.999999999999999,0.999945987654321,0,1,1794.0666666666666,0.9861568930041151,63.58333333333334,0.9995252140581442
1030,KHZ6976,KHZ6976__MonaSyedanMalikwal,3,C4-MBD-08,20,,,527.6666666666667,0.9959284979423869,184.49999999999994,0.9985763888888889,23.666666666666668,0.9998173868312757,339.6666666666667,0.9973791152263375,5265.966666666667,0.9593675411522633,0,1,578.9166666666667,0.9955330504115225,814.7333333227939,0.9939162684190354,203.66666666666669,0.9984284979423869,400.6500000000001,0.9969085648148147,981.5333333333333,0.9915849336991311,1083.2999999999997,0.9919108422939068,496.9166666666667,0.9962894514137794,15.5,0.9998718584656084,785.6666666666666,0.9941333134209478,1415.8666666666663,0.9890751028806585,808.3333333333335,0.9939640581441657,1240.0833333333333,0.990431455761317,164.25000000000006,0.9987735215053763
1031,SKT5255,SKT5255__S_KotlaAmbanwalaVillage_CMPak42756,3,C4-SKT-03,,CMPak,,,,,,,,,,,,,,,,5214.350000018208,0.9610636947429942,13956.249999999996,0.8923128858024691,736.25,0.9943190586419753,753.9166666666665,0.9935363797439415,2116.583333333333,0.984195166268419,9367.85,0.9300489097968936,2076.8833333333337,0.9828299988977072,1089.75,0.9918626792114695,387.9999999999999,0.9970061728395062,1307.7833333333328,0.9902345927917164,3008.3166666666666,0.9767876800411522,314.5,0.9976515830346476
1032,SMB4149,SMB4149__S_MalkhanwalaWarid_MDSK5094,3,C4-WZD-07,,Telenor,LMH001,2.083333333333333,0.9999839248971193,6115.2,0.9528148148148148,5596.916666666666,0.9568139146090534,5222.950000000001,0.9596994598765431,20381.833333333336,0.842732767489712,7037.400000000001,0.9456990740740742,8229.449999999999,0.9365011574074075,9608.399999982694,0.9282526881721722,2897.8999999999996,0.9776396604938271,2460.633333333333,0.9810136316872428,45.833333333333336,0.9996070530406951,0,1,0,1,0,1,0,1,0,1,1228.816666666667,0.9908242483074473,39.50000000000001,0.9996952160493826,14.5,0.9998917264038232
1033,RUR4641,RUR4641__HumberPhalia,3,C4-MBD-08,,GLO,,208,0.9983950617283951,3291.8500000000004,0.9745999228395061,0,1,135,0.9989583333333333,3930.0999999999995,0.9696751543209876,0,1,3718.5833333333335,0.9713072273662552,3363.2666666370196,0.9748860015932123,487.16666666666674,0.9962409979423869,4317.033333333333,0.9666895576131687,0,1,1213.2333333333336,0.9909406113102349,3011.533333333333,0.9775124452409399,15.5,0.9998718584656084,0,1,114.75,0.9991145833333333,259.49999999999994,0.9980622759856631,980.2833333333334,0.9924360853909465,1099.9833333333331,0.9917862654320987
1034,ALC3447,ALC3447__IkalGarhAlipurChat,4,C4-HFZ-06,30+31,,,282.75,0.9983637152777777,109.74999999999999,0.9993648726851851,806.4166666666667,0.9953332368827161,2212.8333333333335,0.9871942515432098,841.9833333333332,0.995127411265432,416.6666666666667,0.9975887345679013,1381.25,0.9920066550925926,259.16666666666663,0.9985485737753883,374.8500000000001,0.9978307291666667,1.916666666666667,0.9999889081790124,744.9166666666665,0.9952101551783266,356.24999999999994,0.998004872311828,459.41666666666663,0.9974271020011948,0,1,68.33333333333333,0.9996173088410991,627.9999999999998,0.9963657407407408,1102.8833333333334,0.9938234580346476,0,1,0,1
1035,RGA9706,RGA9706__Sadu_Goraya,3,C4-HFZ-06,9,,,94.5,0.9992708333333333,3205.6666666666674,0.9752649176954732,675.0833333333334,0.9947910236625515,18.666666666666668,0.9998559670781892,3560.7499999999995,0.9725250771604937,1521.4499999999998,0.9882604166666666,1145.1666666666665,0.9911638374485596,619.2333333333333,0.9953760951812027,5117.833333333334,0.9605105452674897,2191.266666666667,0.9830920781893004,787.3333333333335,0.9932498856881573,523,0.9960946833930704,546.3333333333333,0.9959204500199124,2322.7166666666667,0.9807976466049382,530.3333333333333,0.9960399243329351,2274.4166666666674,0.9824504886831275,1463.2499999999998,0.9890737007168459,2920,0.9774691358024691,3706.616666666667,0.9723221575069694
1036,RUR4494,RUR4494__WaraichRiceMillGlot,3,C4-WZD-07,20,,,130.58333333333331,0.9989924125514403,11.916666666666668,0.9999080504115225,0,1,0,1,692.7499999999997,0.9946547067901235,0,1,0,1,68.75000000000001,0.9994866338112306,5.25,0.9999594907407408,284.8333333333333,0.9978022119341564,0,1,0,1,0,1,0,1,0,1,53.25,0.9995891203703704,0,1,0,1,591.2166666666667,0.9955852996814017
1037,ALC3049,ALC3049__JamiaMuhammadia,3,C4-HFZ-06,,GLO,,1370.166666666667,0.9894277263374485,1722.1833333333334,0.9867115483539095,0,1,2065.2333333333336,0.9840645576131688,3917.783333333333,0.9697701903292182,4247.75,0.9672241512345678,2873.616666666667,0.977827031893004,2551.7166666666667,0.980945962763839,1604.7499999999998,0.9876176697530865,1224.7166666666665,0.9905500257201646,1974.2499999999998,0.9830739883401921,2166.2166666666667,0.9838245469932297,3328.9666666666662,0.9751421246515332,499.0000000000001,0.9958746693121694,2916.5333333333333,0.9782218239745122,5619.883333333335,0.9566367026748971,2391.4666666666667,0.982142572680207,2297.2499999999995,0.9822743055555556,2503.9999999999995,0.9813022700119474
1038,TKW9894,TKW9894__TalwandiKhajorWali,4,C4-GUJ-02,30,,,779.4166666666665,0.9954894868827161,0,1,0,1,0,1,39,0.9997743055555556,421.1666666666667,0.9975626929012346,9518.066666666664,0.9449185956790123,9603.383333329839,0.9462176112604737,2444.4666666666662,0.9858537808641975,180.16666666666669,0.9989573688271605,0,1,2626.383333333334,0.9852913119772998,1404,0.9921370967741936,0,1,385.16666666666674,0.997842928614098,523.9166666666667,0.996968074845679,1360,0.992383512544803,1519.6499999999999,0.9912057291666666,535.5833333333333,0.9970005413679809
1039,ALC8810,ALC8810__ChoriGali,3,C4-HFZ-06,9,,,254.31666666666666,0.9980376800411522,1446.3333333333335,0.9888400205761317,293.8833333333333,0.9977323816872428,431.91666666666663,0.996667309670782,1754.3666666666668,0.986463220164609,751.3333333333335,0.9942026748971193,1150.25,0.9911246141975308,169.5,0.9987343189964157,1253.2833333333335,0.990329603909465,0,1,311.41666666666663,0.9973301040237769,759.0833333333335,0.9943318150139386,462.41666666666674,0.9965470679012346,147.75,0.9987785218253968,193.05,0.9985584677419355,739.7499999999999,0.9942920524691359,2408.7999999999997,0.9820131421744326,152.66666666666666,0.9988220164609054,0,1
1040,QDS8933,QDS8933__NoorPurRdQilaDedarS,3,C4-HFZ-06,"30, 9",,,0,1,49.23333333333333,0.9996201131687243,0,1,0,1,0,1,40.25000000000001,0.9996894290123457,0,1,0,1,104.50000000000003,0.9991936728395062,0,1,0,1,2.25,0.9999831989247312,0,1,0,1,0,1,19,0.9998533950617283,51.416666666666664,0.9996160643170051,0,1,0,1
1041,RUR5556,RUR5556__S_Dhidowali,3,C4-WZD-07,,E.Co,e.coPK000061PU,35.49999999999999,0.9997260802469136,164.50000000000003,0.9987307098765431,0,1,0,1,0,1,229.83333333333334,0.9982265946502058,1206.9166666666667,0.9906873713991771,68.75,0.9994866338112306,482.4833333333333,0.9962771347736625,0,1,33.50000000000001,0.9997127914951989,974.8166666666665,0.9927209030266826,1232.5,0.9907967443249701,685.6666666666665,0.9943314594356261,0,1,1745,0.9865354938271605,2107.083333333333,0.9842661041417762,3633.5833333333326,0.971963091563786,12982.166666678853,0.9030602847470217
1042,QDS5748,QDS5748__S_LarriAdda,3,C4-HFZ-06,,Enfrashare,EC1-QDS-01335,1966.2499999999998,0.9848283179012346,86.58333333333333,0.9993319187242798,0,1,263.1666666666667,0.9979693930041152,13.75,0.9998939043209876,1408.75,0.9891300154320988,20.333333333333332,0.9998431069958847,62.73333333333333,0.9995315611310235,165.43333333333337,0.9987235082304526,734.2499999999999,0.9943344907407408,0,1,0,1,0,1,193.16666666666669,0.99840305335097,230.41666666666663,0.9982794454400638,7.250000000000001,0.9999440586419753,0,1,0,1,216.25000000814907,0.9983852299879917
1043,GUJ5757,GUJ5757__S_CMHGujranwala,3,C4-GUJ-02,20,,,338.4999999999999,0.9973881172839506,529.7499999999999,0.9959124228395062,366.25000000000017,0.9971739969135802,0,1,966.5333333333332,0.9925421810699588,327.58333333333337,0.9974723508230453,13.083333333333332,0.9998990483539094,685.8333333333333,0.9948787833532456,1019.2500000000001,0.9921354166666667,0,1,843.0833333333334,0.9927719192958391,0,1,0,1,438.8333333333333,0.9963720789241622,383.5,0.9971363500597371,931.4666666666666,0.9928127572016462,0,1,34.5,0.9997337962962963,54.500000000000014,0.9995930406212665
1044,SKK3610,SKK3610__InayatpuraHafiz,3,C4-HFZ-06,9,,,94.25000000000001,0.999272762345679,0,1,1265.0333333333333,0.9902389403292182,5188.099999999999,0.9599683641975308,20521.266666666666,0.8416568930041152,10813.783333333331,0.9165603137860083,1681.083333333333,0.9870286779835391,624.5,0.9953367682198327,955.1499999999999,0.9926300154320988,1794.75,0.9861516203703704,2303.666666666667,0.9802497713763145,4249.266666666666,0.9682701115093589,2793.3166666666666,0.9791419006371963,501.3333333333334,0.9958553791887126,0,1,834.1999999999999,0.9935632716049383,0,1,205.91666666666669,0.9984111368312757,156.11666666666667,0.9988342542811628
1045,KQD1726,KQD1726__S_Adda Wali MasjidWarid_295293,3,C4-HFZ-06,27,,,21.583333333333336,0.9998334619341565,167.33333333333337,0.9987088477366255,517.6666666666666,0.9960056584362139,35.75000000000001,0.9997241512345678,0,1,503.91666666666663,0.9961117541152263,20.25,0.99984375,71.91666666666667,0.9994629878534448,376.83333333333326,0.9970923353909465,472.58333333333326,0.9963535236625515,0,1,352.4166666666667,0.9973684538032656,85.25000000000001,0.999363425925926,196.25,0.9983775628306879,906.4,0.993231780167264,159.33333333333331,0.9987705761316873,255.16666666666677,0.9980946336121067,1049.6666666666667,0.9919007201646091,374.3833333333333,0.9972044255276782
1046,QDS9514,QDS9514__S_Mian Sahab_Riaz Hospital_QD1535,3,C4-HFZ-06,20,,,325.08333333333337,0.9974916409465021,1049.6666666666667,0.9919007201646091,99.91666666666669,0.9992290380658436,428.8333333333333,0.9966911008230452,1010.1666666666665,0.9922055041152263,173.91666666666666,0.9986580504115226,257,0.9980169753086421,44.75,0.9996658452807646,90.18333333333334,0.999304140946502,67.49999999999999,0.9994791666666667,19.083333333333332,0.9998363911751258,428.6333333333333,0.9967993329350857,970.1333333333334,0.9927558741537236,1744.7499999999995,0.9855758101851851,2958.5333333333338,0.9779082039028276,4116.7,0.9682353395061729,3434.1666666666665,0.974356581043409,4262.066666666666,0.9671136831275721,6421.68333337369,0.9520483622059909
1047,PHA6218,PHA6218__S_LariAdda_ChowkPhalia_MR335301,4,C4-MBD-08,27+33,,,0,1,46.33333333333333,0.9997318672839506,133,0.9992303240740741,65.66666666666669,0.9996199845679012,555.4000000000001,0.9967858796296296,114.83333333333331,0.9993354552469136,315.33333333333337,0.9981751543209876,473.3333333497867,0.9973491636797166,0,1,44.66666666666667,0.999741512345679,126.64999999999998,0.9991856352880659,220.33333333333337,0.9987660543608124,61.66666666666668,0.9996546445639187,379.74999999999994,0.9976453993055556,162,0.9990927419354838,232.01666666666665,0.9986573109567901,11.666666666666668,0.9999346624850657,581.25,0.9966362847222223,843.1833333636012,0.9952778711169153
1048,SKK3103,SKK3103__SHKSukheki,3,C4-HFZ-06,20,,,2824.4166666666665,0.9782066615226337,630.8333333333334,0.9951324588477367,2176.2333333333336,0.9832080761316873,48.08333333333333,0.9996289866255144,5636.233333333333,0.9565105452674897,1913.4833333333331,0.9852354681069958,1593.9666666666667,0.9877008744855966,411.5,0.9969272700119474,457.6,0.9964691358024692,26.300000000000004,0.9997970679012346,11.25,0.9999035493827161,2520.433333333333,0.9811795599362805,5730.95,0.9572061678614098,0,1,0,1,141.25000000000003,0.9989101080246914,357.6666666666667,0.9973292512943052,422.41666666666663,0.9967406121399176,2774.6666666666665,0.9792811628833133
1049,QDS5492,                                  QDS35492__S_NearBilalMasjid,3,C4-HFZ-06,,Enfrashare,EC1-GUJ-01750,412.6666666666667,0.9968158436213992,1532.4833333333333,0.9881752829218107,0,1,56.24999999999999,0.9995659722222223,303.83333333333326,0.9976556069958847,216.91666666666666,0.9983262602880658,1645.3333333333335,0.9873045267489712,0,1,178.56666666666663,0.9986221707818931,386.8833333333333,0.9970147890946502,593.0000000000001,0.9949159807956104,204.16666666666674,0.9984754579848666,1481.8000000000002,0.9889351851851852,234.33333333333334,0.9980627204585538,348,0.9974014336917563,2850.2166666666685,0.9780075874485596,42.5,0.9996826463560334,995.6666666666667,0.9923173868312758,284.25000001800555,0.9978774641575717
1050,GUJ5467,GUJ5467__S_RaviBlockDCColony,3,C4-GUJ-02,,Enfrashare,EC1-GUJ-02110,338.1666666666667,0.9973906893004115,581.4166666666665,0.9955137602880658,0,1,0,1,545,0.9957947530864197,2556.35,0.9802750771604939,36,0.9997222222222223,0,1,4.749999999999999,0.9999633487654321,639.4999999999999,0.9950655864197531,6558.049999999997,0.9437752914951989,38.16666666666667,0.9997150039824771,923.2166666666669,0.9931062076861807,0,1,0,1,277.0833333333333,0.9978620113168725,0,1,675.8,0.9947854938271605,957.5,0.9928502090800478
1051,SMB6385,SMB6385__S_NadraOffice_TPLSM001,3,C4-WZD-07,,Telenor,LSM001,156.25000000000003,0.9987943672839507,0,1,0,1,72.50000000000001,0.9994405864197531,0,1,229.66666666666663,0.9982278806584363,0,1,0,1,3446,0.9734104938271605,562.9166666666666,0.9956565072016461,1.583333333333333,0.9999864254686786,158.25,0.9988183243727599,110.25,0.999176747311828,0,1,0,1,0,1,449.33333333333326,0.9966447630426125,160.91666666666666,0.9987583590534979,0,1
1052,SKT6137,SKT6137__S_AzamTower_TPLSK116,3,C4-SKT-03,,Telenor,LSK116,190.50000000000003,0.9985300925925925,0,1,0,1,6195.799999999999,0.9521929012345679,446.8333333333335,0.9965522119341564,0,1,919,0.9929089506172839,3400.2166666666662,0.9746100906013541,0,1,7.250000000000001,0.9999440586419753,121.25,0.998960476680384,125.00000000000003,0.9990666069295102,487.0833333333334,0.9963628783353247,537.6666666666667,0.995555004409171,1105.75,0.9917432048984469,24.299999999999997,0.9998125,333.2499999999999,0.9975115740740741,4324.399999999999,0.9666327160493827,0,1
1053,KQD1725,KQD1725_S_NearmandiWarid_KD1612,3,C4-HFZ-06,20,,,527.5833333333333,0.9959291409465021,720.6333333333334,0.9944395576131687,164.74999999999997,0.9987287808641975,467.7500000000001,0.9963908179012345,370.6166666666667,0.9971403034979425,1129.15,0.9912874228395061,19.25,0.9998514660493827,717.6333333333336,0.9946413281561131,377.33333333333326,0.9970884773662552,312.33333333333337,0.9975900205761318,1282.0000000000002,0.9890089163237312,33,0.9997535842293906,0,1,0,1,1111.6666666666665,0.9916990242931104,1133.5,0.9912538580246913,207.75,0.9984487007168458,143.50000000000003,0.9988927469135802,0,1
1054,GUJ3359,GUJ3359__DeltaRd,3,C4-GUJ-01,9,,,57.83333333333333,0.9995537551440329,11.833333333333334,0.9999086934156378,7.916666666666667,0.9999389146090535,159.5,0.9987692901234568,667.8666666666668,0.99484670781893,646.5833333333333,0.9950109310699589,999.5833333333331,0.9922871656378601,1327.4999999805198,0.9900873655915433,843.7500000000001,0.9934895833333333,1872.4999999999998,0.9855516975308641,3522.766666666667,0.9697979538180155,1881.5166666666669,0.9859504430505774,17.5,0.9998693249701315,1398.0333333333338,0.9884421847442681,0,1,307.5,0.9976273148148148,0,1,0,1,3289.333333333334,0.9754380724810833
1055,TKW9895,TKW9895__kotAsadUllah,3,C4-GUJ-02,9,,,338.25,0.9973900462962964,633,0.9951157407407407,88.83333333333334,0.9993145576131687,404.1666666666667,0.9968814300411524,2289.2833333333333,0.9823357767489712,208.25,0.9983931327160493,911.9999999999999,0.9929629629629629,138.76666666666665,0.9989638092393469,5.25,0.9999594907407408,277.5833333333333,0.9978581532921811,940.0000000000001,0.9919410150891632,280.8833333333333,0.9979026035444046,211.49999999999997,0.9984206989247312,0,1,956.1666666666667,0.9928601652727997,543.3333333333333,0.9958076131687242,1012.7499999999999,0.9924376493428914,999.0833333333333,0.9922910236625515,1971.0000000000002,0.9852822580645162
1056,SKK4727,SKK4727__KKDSukhikirailwayrd,3,C4-HFZ-06,30+30,,,0,1,0,1,64.58333333333334,0.9995016718106996,0,1,317.48333333333335,0.9975502829218107,833.9999999999999,0.9935648148148148,0,1,0,1,30.833333333333332,0.9997620884773663,182.49999999999994,0.9985918209876543,72.99999999999999,0.9993741426611797,653.9166666666669,0.9951171097172441,445.0833333333332,0.9966764984070092,0,1,0,1,4.166666666666667,0.9999678497942387,1.916666666666667,0.9999856879729191,0,1,0,1
1057,RUR5722,RUR5722__S_ChittiSheikhan_CMPak4992,3,C4-SKT-03,,CMPak,4992,0,1,674.5000000000001,0.994795524691358,0,1,0,1,852.2833333333333,0.9934237397119341,33.83333333333334,0.9997389403292181,50.91666666666667,0.9996071244855967,487.33333336771466,0.9963610115489269,16.416666666666668,0.9998733281893004,448,0.9965432098765432,405.8333333333332,0.9965206332876086,0,1,8650.050000000001,0.9354088261648745,20650.550000000003,0.8292778604497354,0,1,3617.6000000000004,0.9720864197530864,1746.583333333333,0.9869580097570689,4.833333333333333,0.999962705761317,604.3333333333333,0.9954873556352051
1058,GUJ0233,GUJ0233_C2 Water Tank,3,C4-GUJ-02,,CMPak,C-GRN-5632,383.4166666666666,0.9970415380658436,476.0833333333333,0.996326517489712,0,1,351.5000000000001,0.9972878086419753,27.75,0.9997858796296296,485.00000000000006,0.9962577160493826,149.91666666666666,0.9988432355967077,381,0.9971550179211469,0,1,412,0.996820987654321,1859.9333333333332,0.9840540695016005,821,0.9938694743130227,734.7500000000002,0.9945135155316607,145.05,0.9988008432539682,504.6666666666667,0.996231581043409,510.1333333333333,0.9960637860082305,290.5833333333333,0.9978301722421347,1045.2833333333333,0.9919345421810699,1264.5833333333335,0.9905571734368778
1059,RUR1051,RUR1051__Nizampur,3,C4-GUJ-01,9,,,430.7499999999999,0.9966763117283951,240,0.9981481481481481,492.55000000000007,0.9961994598765432,285.24999999999994,0.9977989969135802,46.58333333333333,0.9996405606995884,255,0.9980324074074075,1281.0166666666667,0.9901156121399177,1175.183333358603,0.9912247361607034,1855.4333333333336,0.9856833847736626,869.6333333333334,0.993289866255144,49.5,0.9995756172839506,130.40000000000003,0.999026284348865,2224.25,0.9833912037037037,0,1,0,1,2697.166666666667,0.9791885288065844,2826.95,0.9788907556750298,56.000000000000014,0.9995679012345678,3989.3666666666663,0.9702108223815213
1060,RUR3946,RUR3946__GhakharMandi3,3,C4-WZD-07,,GLO,,0,1,26,0.9997993827160494,0,1,4772.366666666667,0.963176183127572,5657.75,0.9563445216049382,985.5833333333334,0.9923951903292181,1462.7999999999997,0.988712962962963,537.5000000000001,0.9959864097968937,360.23333333333335,0.9972204218106995,0,1,201.85,0.9982694615912209,1334.7333333333331,0.9900333532457188,379.2,0.997168458781362,49,0.9995949074074075,1233.4999999999998,0.9907892771804062,2030.0833333333337,0.9843357767489712,904.0833333333331,0.9932490790521704,1097.9166666666667,0.991528420781893,4886.1833333333325,0.9635141626841895
1061,GUJ1188,GUJ1188__OppOfficerColony,3,C4-GUJ-02,,UFONE,3315,0,1,77.66666666666667,0.999400720164609,0,1,23.583333333333332,0.9998180298353909,0,1,0,1,0,1,90.66666666666666,0.9993229788928715,0,1,0,1,0,1,0,1,0,1,0,1,0,1,0,1,0,1,0,1,0,1
1062,GUJ3302,GUJ3302__PindiBypass,3,C4-GUJ-02,27,,,0,1,0,1,0,1,20.75,0.9998398919753086,0,1,0,1,89.25,0.9993113425925926,0,1,0,1,0,1,13.25,0.99988640260631,0,1,0,1,0,1,0,1,0,1,0,1,47.58333333333334,0.9996328446502057,382.2499999999999,0.9971456839904421
1063,Guj3740,Guj3740__SultanPura,3,C4-GUJ-02,30,,,320.41666666666663,0.9975276491769547,136.75,0.9989448302469135,0,1,146.74999999999997,0.9988676697530865,1341.416666666667,0.9896495627572017,0,1,443.5,0.9965779320987654,43.71666666666667,0.9996735613301473,35.75000000000001,0.9997241512345678,298.5,0.9976967592592593,354.41666666666674,0.9969614483310472,13.166666666666668,0.9999016825965751,682.25,0.9949055406212665,283.7166666666667,0.9976544587742504,65.00000000000001,0.9995146356033453,2286.6666666666665,0.9823559670781893,690.5,0.9948439366786141,1000.7500000000002,0.992278163580247,2296.9999999999995,0.9828479689366786
1064,HWY9737,HWY9737__MoreAmenabad2,3,C4-GUJ-01,31+30,,,0,1,0,1,0,1,0,1,0,1,0,1,0,1,0,1,0,1,0,1,178.25,0.9984717935528121,0,1,0,1,0,1,0,1,0,1,0,1,0,1,19.5,0.9998543906810036
1065,RUR3081,RUR3081_Offload RUR9651A,3,C4-NRW-05,30,,,273.41666666666663,0.9978903034979425,0,1,2413.15,0.9813800154320989,3976.966666666666,0.9693135288065844,3936.666666666667,0.9696244855967078,797.7500000000001,0.9938445216049382,2323.416666666666,0.9820724022633744,2216.9500000000003,0.9834457138590202,284.83333333333337,0.9978022119341564,1381.2833333333335,0.9893419495884774,602.0833333333335,0.9948381058527663,34.74999999999999,0.9997405167264038,485.4666666666667,0.9963749502190362,0,1,73.5,0.999451164874552,863.2333333333335,0.9933392489711934,725.4166666666667,0.9945832088809239,1391.3,0.9892646604938271,1478.1000000000001,0.9889628136200718
1066,RUR0179,RUR0179__Badomali,4,C4-NRW-05,20,,,823.2499999999998,0.9952358217592593,0,1,0,1,0,1,1503.0833333333333,0.991301601080247,679.4166666666667,0.9960681905864197,646.25,0.9962601273148148,0,1,0,1,445.5833333333334,0.9974213927469135,0,1,201.74999999999997,0.998870127688172,271.99999999999994,0.9984767025089606,395.9166666666667,0.9975451595568784,390.3333333333333,0.9978139934289127,859.1500000000001,0.9950280671296297,808.4833333333331,0.9954722035543608,485.16666666666674,0.9971923225308642,671.1666666666664,0.9962412261051373
1067,KHR1734,KHR1734__NorthColony,3,C4-MBD-08,30,,,0,1,1747.8666666666668,0.9865133744855967,0,1,0,1,1216.8500000000004,0.9906107253086419,257.25,0.9980150462962963,843.4499999999998,0.9934918981481482,15.5,0.9998842592592593,109.75000000000003,0.999153163580247,15.583333333333332,0.9998797582304526,0,1,20.5,0.9998469235364397,0,1,1411.15,0.9883337466931217,0,1,208,0.9983950617283951,12.5,0.999906660692951,0,1,255.75000000000006,0.9980902777777777
1068,RUR9428,RUR9428__S_Butala Warid_MDGJ4493,3,C4-GUJ-01,,Ufone,3959,0,1,23814.8,0.8162438271604938,0,1,0,1,1856.2833333333333,0.9856768261316873,37,0.9997145061728395,847.0833333333333,0.9934638631687243,74.75,0.9994418309438471,6,0.9999537037037036,329.0499999999999,0.9974610339506172,113.25,0.9990290637860082,713.9166666666667,0.994669081043409,2862.6499999999996,0.978624178614098,0,1,0,1,30.249999999999993,0.9997665895061728,2490.25,0.9814049432497014,1567.2999999999997,0.9879066358024692,1161.466666666667,0.9913271604938272
1069,RUR5143,RUR5143__S_Kalahrawan Warid_MDSK7567,3,C4-SKT-03,,PTCL,GTRP2085,4154.2,0.9679459876543209,10675.283333333331,0.9176289866255144,1391.4,0.9892638888888889,1436.2333333333333,0.9889179526748971,336.41666666666663,0.9974041923868313,4373.366666666667,0.9662548868312757,81.33333333333331,0.9993724279835391,3056.1666666550254,0.9771791616886573,17,0.9998688271604937,13.75,0.9998939043209876,20.5,0.9998242455418381,1532.4,0.9885573476702508,10045.183333333332,0.9249911638789327,10894.633333333331,0.9099319334215167,0,1,0,1,0,1,0,1,112.00000000000003,0.999163679808841
1070,QSG1616,QSG1616__S_ChotaChowk_QilaSobaSingh_Warid_MDQH4295,3,C4-NRW-05,30,,,0,1,338.00000000000006,0.997391975308642,101.58333333333334,0.9992161779835391,30,0.9997685185185184,1991.8666666666666,0.9846306584362139,0,1,397.91666666666663,0.9969296553497942,32.58333332254551,0.9997566955397061,599.4333333333333,0.9953747427983539,448.5,0.9965393518518519,301.08333333333337,0.9974186957018748,89.9,0.9993287037037036,1062.75,0.9920642921146954,256.41666666666663,0.9978801532186949,186.88333333333333,0.9986045151334131,493.3666666666667,0.9961931584362139,74.25,0.999445564516129,941.8833333333334,0.9927323816872428,1808.8166666666666,0.9864933044603744
1071,GUJ9425,GUJ9425__S_PTCL Exchange GPO Warid_GJ3804,3,C4-GUJ-02,20,,,254.99999999999994,0.9980324074074075,1665.4166666666665,0.9871495627572017,22,0.9998302469135802,64.25000000000001,0.9995042438271605,1529.916666666667,0.9881950874485597,674.3666666666667,0.9947965534979424,717.6666666666665,0.9944624485596708,1561.783333333333,0.9883379380724812,6.75,0.9999479166666667,944.8333333333333,0.9927096193415638,1025.4166666666665,0.9912087048468221,337.66666666666663,0.9974785941855835,1471.3333333333335,0.9890133412982876,1095,0.9909474206349206,1673.916666666667,0.987500622262047,3941.7999999999997,0.9695848765432099,1286.25,0.9903953853046594,1785.6333333333334,0.9862219650205762,5515.066666666667,0.9588181999203504
1072,GUJ3344,GUJ3344__MuslimTown,3,C4-GUJ-02,30,,,0,1,123,0.9990509259259259,0,1,0,1,1609.5333333333333,0.9875807613168724,798.75,0.9938368055555555,3891.8333333333326,0.9699704218106996,246.66666666666666,0.9981581043409001,317.24999999999994,0.9975520833333333,140.41666666666669,0.9989165380658436,0,1,539.3333333333333,0.9959727200318598,466.38333333333344,0.9965174482277978,90.00000000000001,0.9992559523809524,539.5,0.9959714755077659,142.08333333333331,0.9989036779835391,1681.0000000000002,0.9874477299880526,293.08333333333337,0.997738554526749,189.24999999999997,0.9985868428912784
1073,RUR8812,RUR8812__SKGMozaQila,3,C4-NRW-05,33,,,150.58333333333334,0.998838091563786,0,1,0,1,201.5,0.9984452160493826,324.66666666666663,0.9974948559670781,39.58333333333333,0.9996945730452675,187.91666666666666,0.9985500257201646,0,1,59.41666666666666,0.9995415380658436,27,0.9997916666666667,0,1,0,1,567.0833333333333,0.995765506770211,167.4166666666667,0.9986159336419753,1093.5166666666667,0.9918345529669454,575.3333333333333,0.9955606995884775,0,1,963.0666666666667,0.9925689300411523,0,1
1074,KHR1738,KHR1738__AbrarColony,4,C4-MBD-08,31,,,274.58333333333337,0.998410976080247,59,0.9996585648148149,925.8333333333335,0.9946421682098766,7615.75,0.9559273726851852,203.86666666666667,0.9988202160493828,2365.333333333335,0.9863117283950618,1404.916666666667,0.9918696952160494,217.24999999999997,0.9987833221326164,1384,0.9919907407407408,19,0.9998900462962963,0,1,0,1,0,1,524.8166666666666,0.9967459284060847,0,1,0,1,274.6666666666667,0.9984617682198328,241,0.9986053240740741,19.666666666666668,0.9998898596176822
1075,RUR5144,RUR5144__DCONarowal,1,C4-NRW-05,,,,1316.1166666666668,0.9695343364197531,1980.5166666666667,0.9541547067901235,1488.2666666666667,0.9655493827160494,20.583333333333332,0.9995235339506173,426.75,0.9901215277777777,0,1,0,1,0,1,0,1,0,1,0,1,0,1,0,1,2.5,0.999937996031746,0,1,0,1,16.66666666666667,0.9996266427718041,371.6666666666667,0.9913966049382716,2893.3166666666666,0.9351855585424134
1076,RUR3101,RUR3101__S_Kassesy,3,C4-HFZ-06,,Enfrashare,EC1-HFZ-00443,0,1,0,1,0,1,0,1,746.1333333333333,0.9942427983539095,688.9833333333333,0.9946837705761317,3370.65,0.9739918981481481,123,0.999081541218638,29.25,0.9997743055555556,26.25,0.9997974537037037,0,1,235.5,0.998241487455197,0,1,0,1,5101.183333333333,0.961908726602947,3487.9,0.9730871913580246,1034.3333333333335,0.9922764834727201,1.583333333333333,0.9999877829218107,4335.533333333335,0.9676259458383114
1077,SKT4627,SKT4627__OHWT_GojraJAIL,4,C4-SKT-03,30,,,116,0.9993287037037036,144.25000000000003,0.9991652199074075,0,1,0,1,155.25,0.9991015625,0,1,0,1,1402.5000000025611,0.9921454973118137,328.98333333333335,0.998096161265432,0,1,0,1,0,1,374.49999999999994,0.9979026657706094,0,1,0,1,281.3333333333333,0.998371913580247,0,1,0,1,0,1
1078,GUJ6135,GUJ6135__S_NabiPura_CMPak4087,3,C4-GUJ-01,,CMPak,CMPak4087,2621.1666666666665,0.9797749485596708,6197,0.9521836419753086,5861.566666666667,0.9547718621399177,861.0000000000001,0.9933564814814815,2628.366666666667,0.9797193930041153,549.0833333333334,0.9957632458847736,697.4166666666666,0.9946186985596708,901.0666666454017,0.9932716049384304,535.8333333333334,0.9958654835390947,365.5,0.9971797839506173,1654.966666666667,0.9858113283036123,825.2499999999998,0.993837738948626,2120.5333333333333,0.9841656710473914,1091.5,0.9909763558201058,4096.999999999999,0.9694071087216248,29808.499999999993,0.7699961419753087,8616.966666666667,0.9356558641975309,8478.216666666665,0.9345816615226338,15941.20000001147,0.8809647550775727
1079,RUR0510,RUR0510__S_MittranWaliWarid_MDDK1993,3,C4-WZD-07,20,,,286.75,0.9977874228395062,0,1,0,1,0,1,364.96666666666664,0.9971838991769547,0,1,752.3333333333334,0.9941949588477367,1733.4833333248894,0.9870558293509193,2313.5000000000005,0.9821489197530865,0,1,32.75000000000001,0.9997192215363512,0,1,386.69999999999993,0.9971124551971325,28.333333333333336,0.9997657627865961,82.74999999999999,0.9993820937873358,280.75,0.9978337191358025,2782.5833333333335,0.979222047988849,59.499999999999986,0.9995408950617284,297.75,0.9977766577060931
1080,WZB9803,WZB9803__FazalColony,3,C4-WZD-07,20,,,0,1,106.29999999999998,0.9991797839506172,0,1,0,1,4144.2333333333345,0.9680228909465021,9.75,0.9999247685185185,638.0833333333333,0.995076517489712,1643.4500000080557,0.9877281212663676,1263.6666666666667,0.9902494855967078,0,1,21.91666666666667,0.9998120999085505,224.16666666666666,0.9983261150935883,13.833333333333336,0.9998967045001992,80.98333333333333,0.9993304949294533,456.2499999999999,0.9965931152927121,1214.4666666666667,0.9906291152263375,259.16666666666663,0.998064765033851,2237.8333333333335,0.982732767489712,2712.383333333333,0.9797462415372361
1081,PPW3211,PPW3211__PuliRansikey,3,C4-MBD-08,,GLO,,0,1,246.91666666666666,0.9980947788065844,0,1,2591.7500000000005,0.9800019290123457,293.33333333333337,0.9977366255144032,781.25,0.9939718364197531,413.58333333333337,0.9968087705761317,1658.1666666772217,0.9876182297888499,157.91666666666669,0.9987815072016462,11.75,0.999909336419753,105.75,0.9990933641975309,36.24999999999999,0.999729316009558,477,0.9964381720430108,134.58333333333331,0.9988873732363315,0,1,135.25000000000003,0.9989564043209875,0,1,290.15000000000003,0.9977611882716049,0,1
1082,RUR8157,RUR8157_Chohke,3,C4-NRW-05,30,,,44.83333333333333,0.9996540637860082,1083.1666666666667,0.991642232510288,39.50000000000001,0.9996952160493826,182.08333333333331,0.9985950360082305,486.25,0.9962480709876543,602.8666666666667,0.9953482510288066,2136.5,0.9835146604938272,4179.9,0.9687880824372761,2029.5500000000002,0.9843398919753086,492.83333333333337,0.9961972736625515,405.25,0.9965256344307271,656.1666666666667,0.9951003086419753,467.33333333333326,0.996510354440462,0,1,78.33333333333331,0.9994150736758263,654.7,0.9949483024691358,312.16666666666663,0.9976690063719633,1909.7833333333333,0.9852640174897119,1450.216666666667,0.9891710225009956
1083,PSR4061,PSR4061__Railwayrdpasroor,4,C4-NRW-05,30,,,256.5,0.998515625,673.5,0.9961024305555556,930.5,0.9946151620370371,565.0166666666667,0.9967302276234569,1265.9166666666665,0.9926740933641974,5563.35,0.9678046874999999,12958.683333333334,0.9250076195987654,2206.000000030423,0.987645609318826,4498.466666666666,0.9739672067901235,1440.333333333333,0.9916647376543211,0,1,787.0833333333333,0.9955920512246117,338.6666666666667,0.9981033452807647,298.9166666666667,0.9981465980489418,332.5,0.9981378808243727,342.91666666666674,0.9980155285493827,371.9166666666667,0.9979171333632019,3305.9666666666667,0.9808682484567902,1718.0833333333335,0.9903781175328554
1084,WZB0571,WZB0571__S_ChemaColonyWarid_MDWA1512,3,C4-WZD-07,,GLO,,0,1,784.7333333333333,0.9939449588477366,0,1,1581.5,0.9877970679012346,0,1,925.3333333333331,0.9928600823045268,0,1,2660.749999982383,0.9801317951016847,0,1,279.8833333333333,0.9978404063786008,530.25,0.9954539609053498,0,1,217.33333333333337,0.9983771405814417,43.33333333333334,0.9996417548500882,0,1,5211.816666666667,0.9597853652263375,172.75000000000003,0.9987100507765831,6055.7,0.9532739197530864,1287.4999999999998,0.9903860513739546
1085,RUR1968,RUR1968__Kingra_New,3,C4-NRW-05,30,,,53.916666666666664,0.9995839763374486,1111.6666666666665,0.9914223251028806,204.08333333333334,0.9984252829218108,437.24999999999994,0.9966261574074075,1626.2000000000003,0.9874521604938272,2958.95,0.9771685956790124,3169,0.9755478395061727,1785.8500000000001,0.9866647998805257,1802.7499999999998,0.9860898919753086,1493.3333333333335,0.988477366255144,762.3333333333334,0.9934642203932327,1234.6333333333332,0.9907808144165671,2707.5333333333333,0.9797824571883712,33.083333333333336,0.9997264936067018,597.8166666666666,0.99553601652728,822.2833333333332,0.9936552211934156,489.25,0.9963466995221028,464.3333333333333,0.9964171810699588,544.7499999899883,0.99593227299888
1086,KHR1736,KHR1736__Panjwari,3,C4-MBD-08,,GLO,,0,1,654.8333333333333,0.9949472736625515,0,1,0,1,3501.199999999999,0.9729845679012346,15,0.9998842592592593,352.75,0.997278163580247,27.083333333333332,0.9997977648347272,267.25,0.9979378858024691,16.25,0.9998746141975309,0,1,22.5,0.9998319892473119,0,1,205.50000000000003,0.9983010912698412,0,1,208,0.9983950617283951,12.5,0.999906660692951,0,1,2157.9166666666665,0.9838865242931104
1087,RUR1130,RUR1130__OffloadRUR1968A,3,C4-NRW-05,27,,,273.00000000000006,0.9978935185185185,564.5,0.9956442901234568,0,1,732.15,0.9943506944444445,968.7333333333335,0.9925252057613169,3287.999999999999,0.9746296296296296,1741.0000000000005,0.9865663580246914,190.58333333333337,0.9985768866985265,3843.0333333333324,0.9703469650205762,333.71666666666664,0.9974250257201647,3907.7833333333338,0.9664970564700504,2336.266666666667,0.9825547590601355,2838.983333333333,0.978800901035444,604.3333333333335,0.9950038580246914,1411.3166666666666,0.989461494424532,707.6333333333334,0.994539866255144,423.7166666666667,0.9968360463958582,2030.8000000000002,0.9843302469135803,891.5999999999999,0.9933422939068101
1088,RUR0192,RUR0192__S_KandanSianWarid_MDDK7678,3,C4-WZD-07,,Telenor,LWZ004,0,1,25.75,0.999801311728395,0,1,405,0.996875,97.5,0.9992476851851851,0,1,14909.483333333332,0.8849576903292181,104,0.9992234169653524,0,1,0,1,0,1,0,1,0,1,0,1,817.0000000000001,0.9938993428912783,0,1,340.16666666666663,0.9974599263241737,7.833333333333333,0.9999395576131687,0,1
1089,RUR3270,RUR3270__DolatPur,3,C4-NRW-05,13,,,52.250000000000014,0.999596836419753,0,1,0,1,0,1,2833.5833333333335,0.9781359310699588,14.25,0.9998900462962963,0,1,0,1,443.65000000000003,0.9965767746913581,272.9166666666667,0.9978941615226337,340.75,0.9970786179698217,187.91666666666666,0.9985967990840302,0,1,0,1,0,1,418.2,0.9967731481481482,153.49999999999997,0.9988537933094385,690.4166666666667,0.9946727109053498,1560.2666666666669,0.9883492632417363
1090,GUJ9953,GUJ9953__PearyHouse,2,C4-GUJ-02,,,,12.333333333333332,0.9998572530864197,2274.4,0.9736759259259259,723.1333333333333,0.9916304012345679,0,1,8488.983333333334,0.9017478780864198,5466.083333333333,0.9367351466049382,10373.516666666666,0.879936149691358,5069.416666666667,0.9432188993428913,3578.2,0.9585856481481482,8648.766666666668,0.8998985339506173,13901.083333333332,0.8212309242112482,4389.066666666667,0.9508393070489845,53.33333333333334,0.9994026284348866,108.83333333333333,0.9986503802910053,0,1,91.91666666666667,0.998936149691358,2431,0.9727710573476702,13.833333333333334,0.9998398919753086,3131.333333333333,0.9649268219832736
1091,GML1220,GML1220__OffloadGML9905A,3,C4-NRW-05,13,,,1224.9166666666665,0.990548482510288,124.91666666666669,0.9990361368312758,356.5,0.9972492283950618,126.49999999999997,0.9990239197530865,1873.0833333333335,0.9855471965020576,580.9166666666665,0.9955176183127573,1137.8333333333337,0.9912204218106996,1027,0.9923312425328554,4596.716666666666,0.9645315072016462,74.83333333333334,0.9994225823045269,602.5666666666666,0.9948339620484683,768.6666666666665,0.9942602548785345,369.1666666666667,0.9972433791318199,0,1,0,1,857.8833333333332,0.993380529835391,208.33333333333331,0.9984443448825169,811.5333333333333,0.9937381687242798,640.3333333333333,0.995218538430904
1092,GUJ8144,GUJ8144__Baghbnpura,2,C4-GUJ-02,,,,818.9166666666667,0.9905217978395062,6160.083333333332,0.9287027391975309,997.6666666666665,0.9884529320987654,2146.3833333333328,0.975157600308642,3299.266666666667,0.9618140432098765,2418.433333333334,0.9720088734567901,3202.983333333333,0.9629284336419753,7013.583333321691,0.9214428390084936,1831.3333333333335,0.9788040123456789,6790.616666666666,0.921404899691358,3767.0500000000006,0.9515554269547324,1081.5,0.9878864247311827,205.75000000000003,0.9976954525089606,47.66666666666666,0.9994088955026454,240,0.9973118279569892,101.16666666666667,0.9988290895061728,2858.0333333333333,0.9679879778972521,66.66666666666666,0.9992283950617283,0,1
1093,GUJ9733,GUJ9733__SamnabadGuranwala,4,C4-GUJ-02,30,,,356.66666666666663,0.9979359567901234,664.8333333333334,0.9961525848765431,724.4166666666666,0.9958077739197531,0,1,366.43333333333334,0.9978794367283951,3603.2333333333336,0.9791479552469136,779.2666666666667,0.9954903549382716,935.1333333240201,0.9947629181601478,63.83333333333334,0.9996305941358026,905.75,0.9947583912037037,707.4166666666665,0.9954512817215364,442.41666666666674,0.9975223080943847,474.8333333333333,0.9973407631421745,0,1,1012.2833333333333,0.9943308505077658,5220.2,0.9697905092592594,1670.8333333333337,0.9906427344683394,3215.5833333333326,0.981391300154321,7108.24999998721,0.960191252240215
1094,RUR5010,RUR5010__S_Qila Kalarwala Warid_MDNR1590,4,C4-NRW-05,30,,,196.58333333333331,0.9988623649691358,0,1,0,1,0,1,1442.9833333333336,0.9916494020061728,0,1,0,1,0,1,0,1,0,1,0,1,14.75,0.9999173947132617,0,1,0,1,0,1,269.3333333333333,0.9984413580246914,0,1,0,1,279.25,0.9984360999103943
1095,NVK4974,NVK4974__Dtenosheravirkan,3,C4-HFZ-06,,GLO,,73.33333333333333,0.9994341563786009,307.24999999999994,0.9976292438271606,0,1,0,1,992.75,0.9923398919753086,0,1,0,1,15.25,0.9998861260454003,0,1,221.75,0.9982889660493827,193.75,0.9983389060356653,122.25,0.9990871415770609,0,1,0,1,0,1,20.083333333333332,0.9998450360082305,0,1,25.75,0.999801311728395,0,1
1096,PSR0269,PSR0269_MainRoadPasroor,3,C4-NRW-05,30+30,,,5.916666666666667,0.9999543467078189,283.3333333333333,0.9978137860082305,393.33333333333326,0.9969650205761318,173.99999999999994,0.9986574074074075,242.91666666666666,0.9981256430041152,0,1,43.99999999999999,0.9996604938271605,0,1,143.23333333333335,0.9988948045267491,0,1,0,1,0,1,0,1,0,1,243.83333333333331,0.9981792612504978,0,1,0,1,0,1,0,1
1097,RUR4998,RUR4998__Skgaddasheikhpur,3,C4-NRW-05,30,,,0,1,0,1,52.91666666666667,0.9995916923868313,126.83333333333334,0.9990213477366255,140.25,0.998917824074074,501.83333333333326,0.996127829218107,0,1,255.49999999006587,0.9980921445639929,82.75,0.9993614969135802,62.75000000000001,0.9995158179012346,46.25000000000001,0.9996034807956105,0,1,103.00000000000003,0.9992308841099163,0,1,0,1,504.58333333333326,0.9961066100823045,674.6666666666666,0.9949621664675428,11.25,0.9999131944444444,0,1
1098,SKT0416,SKT0416__NaikaPura,3,C4-SKT-03,27,,,13.25,0.999897762345679,64.91666666666667,0.9994990997942387,157.75,0.9987827932098766,0,1,92.99999999999999,0.9992824074074075,192.75,0.9985127314814816,116.75,0.9990991512345678,252.51666665432663,0.9981144215452933,164.79999999999998,0.9987283950617284,125.83333333333334,0.9990290637860082,0,1,0,1,0,1,54.16666666666666,0.9995521935626103,60.999999999999986,0.9995445041816009,155.83333333333331,0.9987975823045268,0,1,0,1,0,1
1099,GUJ8151,GUJ8151__SikandarKursiHouse,2,C4-GUJ-02,,,,0,1,0,1,34.66666666666666,0.9995987654320987,67.33333333333333,0.9992206790123457,418.0833333333333,0.9951610725308642,6571.750000000001,0.9239380787037037,4949.833333333334,0.942710262345679,3431.483333346341,0.9615649268218376,2168.5666666666666,0.974900848765432,2281.9500000000003,0.9735885416666666,6341.5,0.9184477880658436,5400.999999999999,0.9395049283154122,9720.916666666666,0.8911187649342891,7278.883333333333,0.9097360697751323,6975.199999999998,0.921872759856631,8731.016666666666,0.8989465663580247,877.1666666666666,0.9901751045400239,660.8666666666668,0.9923510802469135,5402.783333333334,0.9394849537037037
1100,RUR3173,RUR3173__Barak_Pind,3,C4-NRW-05,20,,,62.75,0.9995158179012346,114.58333333333331,0.9991158693415637,261.91666666666663,0.9979790380658435,455.1666666666667,0.9964879115226337,2188.6666666666674,0.9831121399176955,856.5,0.9933912037037037,438.66666666666674,0.9966152263374485,1281.3333333333335,0.9904320987654321,1303.8333333333333,0.9899395576131687,238.05,0.9981631944444445,941.3500000000001,0.9919294410150892,1805.166666666667,0.9865205595380327,618.6666666666666,0.9953803265631223,0,1,150.5,0.9988761947431303,1287.0833333333335,0.9900688014403292,665.1166666666667,0.9950334776981282,1742.033333333333,0.9865583847736626,931.75,0.9930424880525688
1101,GUJ9422,GUJ9422__S_Meena bazar Warid_GJ4233,3,C4-GUJ-01,,,,39.5,0.9996952160493826,659.4166666666667,0.9949119084362139,240.75,0.9981423611111111,1057.0333333333335,0.9918438786008231,347.66666666666674,0.9973173868312757,568.25,0.9956153549382717,3421.583333333334,0.9735988940329219,3747.2,0.9720191158900836,3267.75,0.9747858796296296,12538.949999999999,0.9032488425925926,6013.116666666667,0.94844721650663,7260.433333333333,0.9457852947033055,2666.5333333333338,0.9800886101154919,3549.9833333333336,0.9706515928130511,305.25,0.9977206541218638,997.4666666666666,0.9923034979423868,21.25,0.9998413231780167,40,0.9996913580246914,2752.6833333333334,0.9794453156113103
1102,RUR1575,RUR1575__haqiqa,3,C4-MBD-08,20,,,2434.3333333333335,0.9812165637860082,696.7500000000001,0.9946238425925925,15,0.9998842592592593,948.9166666666667,0.9926781121399176,825.6666666666665,0.9936291152263376,374.25,0.9971122685185185,482.41666666666663,0.9962776491769547,670.1166666666666,0.9949961419753086,525.5833333333334,0.9959445730452674,2104.916666666667,0.9837583590534978,744.5333333333333,0.9936168267032464,94.5,0.9992943548387097,1293.8166666666666,0.9903388839107925,234.91666666666663,0.9980578979276896,0,1,78.58333333333334,0.9993936471193416,914.9499999999998,0.9931679360812425,4775.616666666667,0.9631511059670782,613.6499999999999,0.9954177867383512
1103,GUJ9453,GUJ9453__S_Chuhanwala Warid_MDGJ1834,3,C4-GUJ-02,,GLO,,0,1,79.16666666666667,0.999389146090535,0,1,0,1,669.4166666666667,0.9948347479423869,55.749999999999986,0.9995698302469136,0,1,724.9166666666667,0.9945869424532059,0,1,0,1,0,1,0,1,70.16666666666667,0.9994760553564316,0,1,0,1,727.1666666666666,0.994389146090535,0,1,0,1,609,0.9954525089605736
1104,PSR4155,PSR4155__ChurchRoadpasroor,4,C4-NRW-05,30,,,327.9999999999999,0.9981018518518519,128,0.9992592592592593,0,1,0,1,273.01666666666665,0.9984200424382716,681.0000000000001,0.9960590277777777,1318.333333333333,0.9923707561728395,351.3333333091966,0.9980324074075426,358.1666666666667,0.9979272762345679,421.66666666666663,0.9975597993827161,203.25000000000003,0.9986930941358025,282.3333333333333,0.9984188321385902,752.5666666666666,0.9957853569295102,0,1,25.833333333333336,0.9998553240740741,8094.266666666666,0.9531581790123457,2963.0166666666673,0.9834060446535244,2681.3333333333326,0.984483024691358,4157.249999999999,0.9767179099462366
1105,KHR0035,KHR0035__S_Pind _Paira _Cantt_MDKN3306,3,C4-MBD-08,9,,,0,1,785.1666666666667,0.9939416152263375,0,1,572.0833333333335,0.9955857767489712,608.0000000000001,0.9953086419753086,91.74999999999999,0.9992920524691358,465.6666666666668,0.9964068930041152,1481.5833333333333,0.9889368030665073,478.1333333333333,0.9963106995884773,16,0.9998765432098766,462.5000000000001,0.9960348079561042,21.583333333333336,0.9998388341298288,66.91666666666667,0.9995003235762644,95.75000000000001,0.999208416005291,0,1,670.9999999999999,0.9948225308641975,881.0000000000001,0.9934214456391876,826.7833333333331,0.9936204989711935,660.4166666666667,0.9950685732775787
1106,RUR0403,RUR0403__S_MUHALLARAHMANIA_Warid_MDPR4148,3,C4-NRW-05,,GLO,,707.75,0.9945389660493826,534.1333333333332,0.9958786008230454,279.4166666666667,0.9978440072016461,437.0000000000001,0.996628086419753,344.9166666666667,0.9973386059670781,756.8333333333335,0.9941602366255143,0,1,119.91666666666666,0.9991045649143767,1509.0333333333335,0.9883562242798354,67.74999999999999,0.9994772376543211,32.49999999999999,0.999721364883402,1265.6666666666667,0.9905490840302669,2425.9166666666665,0.9818853295499801,411.5,0.996598048941799,87.50000000000001,0.9993466248506572,1011.9000000000001,0.9921921296296295,145.83333333333334,0.9989110414177618,3043.2833333333338,0.9765178755144034,1683.6333333333334,0.9874280665073676
1107,JPJ5679,JPJ5679__S_QamarAbadRd,3,C4-GRT-04,,CMPak,Zong |42673,739.8166666666667,0.9942915380658437,1112.4166666666665,0.9914165380658436,6.999999999999999,0.999945987654321,0,1,591.7166666666667,0.9954342849794239,0,1,0,1,0,1,0,1,1390.9666666666667,0.989267232510288,944.2166666666667,0.9919048639689072,1030.3333333333335,0.9923063520509757,2327.9833333333336,0.9826166119076065,311.5833333333333,0.997424079585538,7.250000000000001,0.9999458632019116,807.1666666666667,0.9937718621399176,202.3333333333333,0.9984891477499005,1767.2166666666665,0.9863640689300412,0,1
1108,GUJ9465,GUJ9465__S_Qasim Town Warid_MDGJ1828,3,C4-GUJ-01,20,,,746.6666666666667,0.994238683127572,0,1,0,1,106.5,0.9991782407407408,1511.916666666667,0.9883339763374486,387.6666666666667,0.9970087448559671,17.583333333333336,0.9998643261316873,452.2666666666667,0.9966228594185583,17.083333333333332,0.9998681841563786,1417.9833333333336,0.9890587705761317,3606.766666666667,0.969077789208962,532.8333333333333,0.9960212564715253,210.58333333333331,0.9984275438072481,95.00000000000001,0.9992146164021165,849.8166666666668,0.9936542960971724,439.1666666666667,0.9966113683127573,591.6666666666667,0.995581939466348,1073.8,0.9917145061728395,6910.383333343034,0.9483991686578328
1109,RUR0875,RUR0875__Karariwala_Kalan,3,C4-MBD-08,20,,,1509.0833333333333,0.9883558384773663,2.166666666666667,0.9999832818930041,462.83333333333337,0.9964287551440328,147.66666666666666,0.9988605967078189,936.0833333333335,0.9927771347736625,55.91666666666667,0.999568544238683,584.5833333333333,0.9954893261316873,210.9666666666667,0.998424681401832,328.7499999999999,0.9974633487654322,336.25,0.9974054783950618,0,1,0,1,122.25,0.9990871415770609,16.75,0.9998615244708995,0,1,0,1,114.75,0.9991431451612904,106.5,0.9991782407407408,109.50000000000001,0.9991823476702508
1110,GHK4414,GHK4414__Hanjranwala,3,C4-GUJ-02,20,,,619.5833333333334,0.9952192644032922,0,1,29.5,0.9997723765432098,0,1,15.416666666666668,0.9998810442386831,0,1,505.4166666666667,0.9961001800411523,415.01666666666665,0.9969010105535644,135.41666666666669,0.9989551183127573,356.08333333333337,0.9972524434156378,158.33333333333331,0.9986425468678556,0,1,355.08333333333337,0.9973485414177619,18.25,0.9998491236772488,228.25,0.9982956242532857,682.9666666666666,0.994730195473251,119.16666666666669,0.9991101652727997,720.9333333333333,0.9944372427983539,1498.5499999999997,0.9888101105137396
1111,GUJ8945,GUJ8945__WahdatColony,3,C4-GUJ-01,9,,,213.25,0.9983545524691358,653.5833333333333,0.9949569187242798,304.9166666666667,0.9976472479423869,1304,0.9899382716049382,857.9500000000003,0.9933800154320988,367.75,0.9971624228395062,1305.5333333333338,0.9899264403292182,307.5999999664724,0.9977031063323889,255.08333333333337,0.9980317644032922,683.5500000000001,0.9947256944444445,117.25,0.9989947702331962,1196.3333333333335,0.9910668060533652,1083.0833333333335,0.991912460175229,53.999999999999986,0.9995535714285714,0,1,746.5666666666668,0.9942394547325102,390.3333333333333,0.9970853245718837,1035.5166666666667,0.9920099022633745,1634.5500000000002,0.9877945788530467
1112,SKT3399,SKT3399__ishatParkParisRd,3,C4-SKT-03,20,,,112.75,0.9991300154320988,57.5,0.9995563271604938,90.75,0.9992997685185184,247.25,0.9980922067901234,163.75,0.9987364969135802,500.83333333333337,0.9961355452674897,325.16666666666663,0.9974909979423869,3448.166666655724,0.9742520410195958,43.99999999999999,0.9996604938271605,748.0833333333334,0.9942277520576132,0,1,311.16666666666663,0.9976764735165272,18,0.9998655913978495,0,1,118.66666666666667,0.9991138988450817,2661.133333333333,0.9794665637860082,214.94999999999993,0.9983949372759856,587.9166666666666,0.9954636059670782,1092.9166666666665,0.9918390332536837
1113,SKT3357,SKT3357_UhallahShahabuddin,3,C4-SKT-03,20,,,0,1,6579.550000000001,0.9492318672839507,0,1,766.1999999999999,0.994087962962963,826.7499999999999,0.9936207561728395,1599.5833333333335,0.9876575360082305,0,1,3099.1,0.9768585722819594,637.4,0.9950817901234568,773.8333333333335,0.9940290637860082,456.3333333333333,0.9960876771833561,332.75000000000006,0.997515307646356,76.5,0.9994287634408602,1034.6666666666667,0.9914462081128748,0,1,1499.8333333333333,0.9884272119341564,0,1,0,1,13.416666666666668,0.9998998158104341
1114,RUR0832,RUR0832_SagaSports,4,C4-SKT-03,30,,,0,1,0,1,28.333333333333332,0.9998360339506174,0,1,122.99999999999999,0.9992881944444444,84.75,0.9995095486111112,337.5833333333333,0.9980463927469135,7540.783333339232,0.957768910543575,2528.133333333333,0.9853695987654321,764.5666666666666,0.9955754243827161,2006.6833333333332,0.9870969435871056,810.3333333333334,0.9954618428912784,946,0.9947020609318996,186.66666666666663,0.9988425925925926,311.5833333333333,0.9982550216547191,3844.516666666667,0.9777516396604937,387.03333333333336,0.9978324746117084,1010.4166666666666,0.9941526813271605,142.08333336375654,0.9992042824072371
1115,GUJ8233,GUJ8233__Thirty_Feet_Bazar_WP,3,C4-GUJ-02,,GLO,,345.91666666666663,0.9973308899176955,438.4,0.9966172839506173,0,1,317.7500000000001,0.9975482253086421,446.5833333333333,0.9965541409465021,0,1,0,1,1181.8333333333335,0.991175079649542,457.25,0.996471836419753,83.49999999999999,0.9993557098765432,0,1,0,1,657.6666666666665,0.9950891079251295,0,1,0,1,1247.1666666666667,0.9903768004115225,416.75,0.9968880675029869,3703.4333333333334,0.9714241255144033,4269.7,0.968117532855436
1116,WZB0817,WZB0817__NazimabadWazirabad,3,C4-WZD-07,27+30+31,,,0,1,0,1,0,1,0,1,0,1,22.416666666666668,0.999827031893004,0,1,0,1,0,1,0,1,33.58333333333333,0.9997120770461819,0,1,20.333333333333336,0.9998481680605336,97.24999999999999,0.9991960152116403,3.166666666666666,0.9999763540422143,4.083333333333333,0.9999684927983539,29.5,0.9997797192353645,29.250000000000004,0.9997743055555556,32.083333333333336,0.9997604291119075
1117,KNB9978,KNB9978__KotliNawab,4,C4-GUJ-01,30,,,1111.1666666666665,0.9935696373456789,2005.583333333334,0.9883936149691358,18.166666666666664,0.9998948688271605,363.75,0.9978949652777778,1026.4999999999998,0.9940596064814815,116.66666666666669,0.9993248456790124,186.25,0.9989221643518519,262.3,0.9985310259856631,27.75,0.9998394097222223,965.3333333333333,0.9944135802469135,1595.4333333333338,0.9897412980109739,2932.75,0.9835755488351254,698.0666666666667,0.9960905764635604,110.73333333333332,0.9993134093915345,8.666666666666668,0.9999514635603346,1282.9666666666667,0.992575424382716,9091.333333333334,0.94908527479092,7113.583333333333,0.9588334297839506,2462.35,0.986209957437276
1118,GUJ3342,GUJ3342__Chowkniayen,3,C4-GUJ-02,30,,,0,1,0,1,0,1,0,1,284.66666666666674,0.9978034979423869,0,1,38.66666666666667,0.999701646090535,0,1,0,1,0,1,0,1,0,1,0,1,0,1,0,1,0,1,0,1,20.75,0.9998398919753086,280.75,0.9979035991636798
1119,RUR1069,RUR1069__S_KalyanPur,3,C4-NRW-05,30,,,594.25,0.995414737654321,926.0833333333335,0.9928542952674897,0,1,1153.8333333333333,0.9910969650205762,646.2666666666667,0.9950133744855967,1879.3666666666666,0.9854987139917695,2851.6666666666674,0.9779963991769547,16468.766666666666,0.8770253385105536,2411.2166666666667,0.981394933127572,533.25,0.9958854166666667,2592.05,0.9777773491083676,1429.7999999999997,0.9893234767025089,2972.0166666666664,0.9778075219036241,122.50000000000003,0.9989872685185185,625.1500000000001,0.9953319145758662,605.9000000000002,0.9953248456790124,1195.6666666666667,0.9910717841497412,1552.9499999999998,0.9880173611111112,2034.5000000103996,0.9848080943846297
1120,SKT3810,SKT3810__PremnagarSialKt,3,C4-SKT-03,,GLO,,0,1,1931.0833333333335,0.9850996656378601,0,1,611.3333333333333,0.9952829218106996,59.750000000000014,0.9995389660493826,0,1,436.2500000000001,0.9966338734567901,11562.233333324952,0.9136631322183024,3953.7166666666667,0.9694929269547324,8681.733333333334,0.933011316872428,0,1,107.49999999999999,0.9991972819593787,5554.549999999999,0.9585233721624852,722.1666666666666,0.9940297067901234,1412.0833333333335,0.9894557696136996,1246,0.9903858024691359,0,1,0,1,170.74999999999997,0.998724985065711
1121,PSR9855,PSR9855__MohallahDoBurj,3,C4-NRW-05,20,,,84.91666666666666,0.9993447788065843,982.9166666666665,0.9924157664609053,0,1,140.08333333333331,0.9989191100823045,730.0000000000002,0.9943672839506174,537.9166666666666,0.995849408436214,677.9166666666667,0.9947691615226337,1409.6833332909582,0.9894736907609696,79.5,0.999386574074074,551,0.9957484567901234,462.61666666666673,0.9960338077274805,408.21666666666664,0.996951787136599,735.5333333333334,0.994507666268419,294,0.9975694444444444,110.16666666666666,0.9991773695738749,2095.4666666666667,0.9838312757201646,286.25,0.9978625298685784,1553.333333333333,0.9880144032921812,1288.2500000000002,0.9903804510155316
1122,SKT0315,SKT0315__IndustrialEstateSkt,3,C4-SKT-03,27,,,142.83333333333337,0.9988978909465022,0,1,399.34999999999997,0.9969185956790123,31.333333333333325,0.9997582304526749,6.833333333333334,0.9999472736625514,137.41666666666666,0.9989396862139919,427.49999999999994,0.9967013888888888,1764.6000000000004,0.9868234767025089,568.95,0.9956099537037036,58.08333333333333,0.9995518261316874,0,1,1246.5833333333333,0.9906915820390283,1765.4666666666667,0.9868170051772203,334.91666666666663,0.99723117835097,40.5,0.9996975806451612,1837.4833333333336,0.9858218878600823,752.1166666666669,0.9943838361210673,137.33333333333334,0.998940329218107,1433.4833333333331,0.9892959727200319
1123,SKT8134,SKT8134__BascoShoesRailwayRd,2,C4-SKT-03,,,,619.7000000000002,0.9928275462962963,2449.75,0.971646412037037,7600.766666666667,0.912028163580247,2352.7499999999995,0.9727690972222223,10231.066666666668,0.8815848765432099,7058.3166666666675,0.9183065200617284,10888.483333333332,0.873975887345679,11505.766666675978,0.8711271654718192,6651.633333333334,0.9230135030864197,3033.883333333333,0.9648856095679013,8712.75,0.8879533179012346,2148.05,0.9759403001792114,5361.033333333335,0.9399525836320192,0,1,0,1,556.1666666666666,0.9935628858024691,247.99999999999997,0.9972222222222222,3152.1833333333334,0.9635163966049383,736.6666666705471,0.9917488052568263
1124,GUJ9720,GUJ9720__Amir_Plaza,1,C4-GUJ-01,,,,0,1,0,1,0,1,0,1,667.25,0.984554398148148,1782.7,0.9587337962962963,2818.9166666666665,0.9347472993827161,2522.850000000295,0.9434845430107461,1650.7666666666667,0.9617878086419753,4121.25,0.9046006944444445,4004.833333333334,0.8969950274348423,2756.0833333333335,0.9382597819593788,4943.366666666668,0.8892614994026284,3637.3833333333328,0.9097871197089947,3551.7666666666664,0.9204353345280765,5301.416666666669,0.8772820216049382,1607.4833333333336,0.9639900686977301,1585.9000000000003,0.9632893518518518,4629.849999997207,0.8962847222222848
1125,RUR3736,RUR3736__GJRMangowalGharbi,4,C4-MBD-08,20,,,433.58333333333337,0.997490837191358,61,0.9996469907407408,150,0.9991319444444444,105.41666666666666,0.999389949845679,894.8666666666668,0.9948213734567901,0,1,485.1666666666667,0.9971923225308642,178.58333333333331,0.9989998693249702,0,1,0,1,0,1,149.33333333333337,0.999163679808841,85.4,0.9995217293906811,179.66666666666663,0.9988859953703704,0,1,0,1,239.83333333333331,0.9986568473715651,0,1,422.58333333333337,0.9976333818697729
1126,RUR0433,RUR0433_Marali Wala,4,C4-HFZ-06,20,,,0,1,8.833333333333332,0.9999488811728395,337.4166666666667,0.9980473572530865,873.7666666666669,0.9949434799382716,2028.683333333333,0.9882599344135802,2262.383333333333,0.9869075038580247,1153.5000000000005,0.9933246527777777,2530.466666698704,0.9858284796891874,723.5,0.9958130787037036,686.3499999999999,0.9960280671296295,0,1,1037.083333333333,0.994191961618877,0,1,2107.7666666666664,0.9869310102513228,764.3333333333334,0.9957194593787335,0,1,709.6666666666669,0.9960256123058542,1958.0833333333335,0.9886684992283951,164.6666666666667,0.999077807646356
1127,RUR0402,RUR0402__S_Ikhlas_Pur_Warid_MDNR7667,3,C4-NRW-05,,PTCL,GTRP2043,840.25,0.9935165895061728,724.8333333333333,0.9944071502057613,44.41666666666666,0.9996572788065844,182.16666666666663,0.9985943930041152,515.3333333333333,0.9960236625514404,2709.0666666666666,0.97909670781893,2257.7499999999995,0.9825790895061728,7737.283333333333,0.9422245868180008,3036.4666666666662,0.9765704732510287,1337.4166666666665,0.9896804269547326,436.33333333333326,0.9962591449474165,712,0.9946833930704898,774.9166666666666,0.9942135852250099,0,1,86.74999999999999,0.99935222520908,693.3333333333333,0.9946502057613169,344.0833333333333,0.997430680007965,1982.2833333333338,0.984704603909465,1555.8999999999999,0.9883818697729988
1128,RUR5919,RUR5919__S_Chandali-KMK Warid_IK5085,3,C4-GUJ-01,,Ufone,3396,0,1,14.583333333333332,0.9998874742798354,0,1,6163.45,0.9524425154320987,8386.116666666667,0.9352923096707819,0,1,0,1,0,1,9795.833333333334,0.924414866255144,0,1,860.1666666666667,0.9926254572473708,299.65,0.9977624701314217,0,1,0,1,0,1,41.83333333333333,0.9996772119341564,1009.0500000000002,0.9924652777777777,6536.1833333333325,0.9495664866255145,410.7499999999999,0.9969328703703704
1129,GUJ8149,GUJ8149__SrafaBazar,2,C4-GUJ-02,,,,1358.3333333333333,0.9842785493827161,5104.783333333334,0.9409168595679012,0,1,7445.833333333332,0.9138213734567902,4647.549999999998,0.946208912037037,3318.2999999999993,0.96159375,7408.766666666666,0.9142503858024692,14.666666666666666,0.9998357228195939,10518.716666666664,0.8782555941358026,2281.95,0.9735885416666668,3808.5999999999995,0.9510210905349794,3956.8999999999996,0.9556798835125448,3003.833333333334,0.966354913381123,0,1,0,1,191.83333333333331,0.9977797067901234,75.33333333333333,0.9991562126642772,2745.0333333333333,0.9682287808641975,851.5333333333331,0.9904622162485066
1130,GUJ9789,GUJ9789__MobilinkHouseGUJ,1,C4-GUJ-02,,,,905.75,0.9790335648148148,1446.6333333333334,0.9665131172839506,322.83333333333337,0.9925270061728395,642.5333333333333,0.9851265432098765,1570.9166666666665,0.9636361882716049,688.5000000000001,0.9840625,2119.4833333333336,0.9509378858024691,735.5833333315483,0.9835218787336123,90.58333333333333,0.997903163580247,601.4166666666666,0.9860783179012346,229.33333333333334,0.9941015089163237,160.83333333333331,0.9963971027479092,489.91666666666663,0.9890251642771805,697.9999999999999,0.9826884920634921,450.90000000000003,0.9898991935483871,996.9166666666665,0.9769232253086421,124.74999999999997,0.9972054211469533,318.1666666666667,0.9926350308641975,178.0833333333333,0.9960106780167264
1131,GUJ5194,GUJ5194__T_Gujranwala_FoodIndustries(JOJO),1,C4-GUJ-01,,,,0,1,63.5,0.9985300925925925,0,1,0,1,48.08333333333334,0.9988869598765432,8.833333333333334,0.999795524691358,0,1,1533.8500000000001,0.9656395609318996,1364.1833333333332,0.9684216820987654,114,0.9973611111111111,47.08333333333333,0.9987890089163237,236.91666666666669,0.9946927270011947,153.95,0.9965512992831542,103,0.9974454365079365,118.4166666666667,0.9973472968936679,481.58333333333337,0.9888522376543211,323.18333333333334,0.9927602299880526,768.2833333333334,0.9822156635802469,1260.4666666666667,0.9717637395459977
1132,SKG9840,SKG9840__Behind_GovtBoysHich,3,C4-NRW-05,30+30,,,0,1,0,1,0,1,128.08333333333337,0.9990117026748971,0,1,0,1,0,1,13.083333333333334,0.9999023048586221,266.8333333333333,0.9979411008230453,0,1,0,1,0,1,114.58333333333331,0.9991443896853843,1589.6499999999999,0.9868580522486772,0,1,1675.4333333333334,0.9870722736625513,0,1,9.499999999999998,0.9999266975308642,40.91666666666667,0.9996944693349263
1133,GUJ5226,GUJ5226__T_Imtiaz Store King Mall,1,C4-GUJ-01,,,,280.5,0.9935069444444444,831.5,0.9807523148148148,10.833333333333334,0.9997492283950618,54.75,0.9987326388888889,557.1500000000001,0.9871030092592592,16.333333333333332,0.999621913580247,7.666666666666667,0.9998225308641975,174.45000000000002,0.9960920698924731,0,1,206.68333333333334,0.9952156635802468,0,1,11.25,0.9997479838709676,0,1,3.916666666666667,0.9999028604497354,0,1,12.916666666666666,0.9997010030864197,0,1,0,1,0,1
1134,RUR1583,RUR1583__HassanPathan,3,C4-GRT-04,,GLO,,1387.4166666666667,0.9892946244855968,900.9166666666667,0.993048482510288,0,1,0,1,9086.649999999998,0.9298869598765432,2589.4999999999995,0.9800192901234568,2348.2,0.9818811728395062,1804.75,0.9865236708482676,22,0.9998302469135802,5671.266666666667,0.9562402263374485,3053.766666666666,0.9738188728852308,3142.8333333333335,0.9765320091596973,7258.183333333333,0.9458020957785743,4754.15,0.9606965112433862,787,0.9941233572281959,2145.083333333333,0.9834484310699588,927.5833333333333,0.9930736011549183,970.25,0.9925135030864197,4773.199999999999,0.9643578255675029
1135,RUR9207,RUR9207__Dhudra,3,C4-GRT-04,30,,,56.5,0.9995640432098766,674.4333333333333,0.9947960390946503,36.333333333333336,0.9997196502057614,0,1,1088.6666666666667,0.991599794238683,0,1,47.00000000000001,0.9996373456790124,11397.599999999999,0.9148924731182795,13359.466666666665,0.8969176954732511,464.3333333333333,0.9964171810699588,12.25,0.9998949759945129,530.4999999999999,0.9960386798088411,308.0833333333333,0.9976994972122661,16,0.9998677248677248,2654.4666666666662,0.9801787136598965,175.24999999999997,0.998647762345679,0,1,5.000000000000001,0.9999614197530865,26.25,0.999803987455197
1136,NVK3537,NVK3537__BaduRataRd,3,C4-HFZ-06,30,,,0,1,459.25,0.9964564043209876,303,0.997662037037037,0,1,1305.5333333333333,0.9899264403292182,292.5,0.9977430555555555,235.24999999999997,0.9981847993827161,573.9166666666665,0.9957144812823576,0,1,0,1,254.25,0.9978202160493826,254.25,0.9981014784946237,95.33333333333334,0.9992881322182398,15,0.999875992063492,0,1,754.1166666666666,0.9941811985596708,0,1,1788.8333333333335,0.9861972736625515,2713.3999999999996,0.9797386499402628
1137,BBK9607,BBK9607__MusalmaniaGoriaBobak,4,C4-NRW-05,31,,,238,0.9986226851851852,909.7499999999998,0.9947352430555556,0,1,216.85,0.9987450810185184,2161.35,0.9874921875,205.74999999999994,0.9988093171296296,123.41666666666669,0.9992857831790124,102,0.9994287634408602,233,0.9986516203703704,629.9,0.9963547453703704,313.24999999999994,0.9979857896090535,605.0833333333334,0.9966113164575866,198.58333333333334,0.9988878621565114,0,1,2,0.9999887992831542,189.5833333333333,0.9989028742283951,456,0.9974462365591399,88.74999999999999,0.9994864004629629,668.25,0.996257560483871
1138,DHN8757,DHN8757__Dhulanwala,3,C4-GRT-04,,GLO,,0,1,2052.8,0.9841604938271605,0,1,687.1666666666666,0.9946977880658436,6382.25,0.9507542438271606,562.6500000000001,0.9956585648148147,794.666666666667,0.9938683127572017,4354.750000006054,0.9674824522102295,6727.783333333334,0.948088091563786,494.66666666666663,0.9961831275720165,823.0000000000001,0.9929441015089163,280.75,0.9979035991636798,4744.35,0.964573252688172,1607.4833333333331,0.986710620590829,79.66666666666669,0.9994051174830745,1273.0666666666666,0.9901769547325102,2485.883333333333,0.9814375497809639,0,1,943.1333333333334,0.9929574870569495
1139,NVK4973,NVK4973__KarialRd,3,C4-HFZ-06,20+30,,,0,1,0,1,0,1,0,1,0,1,0,1,0,1,15.25,0.9998861260454003,0,1,0,1,0,1,0,1,69.83333333333333,0.9994785444046197,0,1,0,1,0,1,0,1,16.833333333333332,0.9998701131687242,141.75,0.9989415322580645
1140,GJR4903,GJR4903__FaizabadRialwa,4,C4-GRT-04,20,,,828.7499999999999,0.9952039930555556,952.6999999999998,0.9944866898148148,0,1,0,1,273.66666666666663,0.9984162808641974,0,1,347.51666666666665,0.9979889081790124,1964.6333333153275,0.9889973491637807,1104.5833333333333,0.9936077353395062,0,1,498.7500000000001,0.9967930169753086,0,1,1235.933333333333,0.9930783303464754,153.66666666666666,0.9990472056878307,163.33333333333337,0.99908527479092,0,1,82,0.9995407706093189,682.4166666666665,0.9960508294753087,1963.3833333333334,0.9890043496117085
1141,SKT4194,SKT4194__S_Sethi Plaza Sialkot_IESK0032,1,C4-SKT-03,,,,17.08333333333333,0.9996045524691358,119,0.9972453703703704,126.66666666666666,0.9970679012345678,30.5,0.9992939814814815,452.1666666666667,0.9895331790123457,1161.5166666666667,0.9731130401234567,1634.5333333333333,0.9621635802469136,2058.9666666659678,0.9538761947431459,326.83333333333337,0.992434413580247,638.7666666666668,0.9852137345679013,176.83333333333331,0.995451817558299,98.50000000000001,0.9977934587813619,442.49999999999994,0.9900873655913979,437.75000000000006,0.9891431051587302,142.16666666666666,0.9968152628434886,490.49999999999994,0.9886458333333333,231.39999999999998,0.9948163082437276,117.16666666666667,0.9972878086419753,380.25,0.9914818548387097
1142,RUR2110,RUR2110__KalaraKhasa,3,C4-GRT-04,,UFONE,3619,0,1,0,1,0,1,25.75,0.999801311728395,3960.9999999999995,0.9694367283950618,0,1,0,1,0,1,1360.75,0.9895003858024691,0,1,0,1,9.75,0.9999271953405018,0,1,0,1,0,1,0,1,1602.6666666666665,0.9880326563122261,0,1,1460.3166666666666,0.9890956043409002
1143,GJR3433,GJR3433__MuhellaChahBarywall,3,C4-GRT-04,20,,,672.9166666666665,0.9948077417695473,365.91666666666674,0.9971765689300411,868.8833333333334,0.9932956532921812,0,1,1077.8500000000001,0.9916832561728396,225.75,0.9982581018518519,16031.56666666667,0.8762996399176954,9534.7166666818,0.9288028922738815,5314.85,0.9589903549382716,330.58333333333337,0.9974492026748972,1544.3666666666668,0.986759545038866,222.96666666666664,0.9983350756670649,675.4166666666666,0.99495656610912,127.04999999999998,0.9989496527777777,0,1,365.41666666666663,0.9971804269547326,649.9000000000001,0.9951471027479092,278.5833333333333,0.9978504372427983,3112.166666666667,0.9767610015929908
1144,HWY0282,HWY0282__ChakSantharia,3,C4-GRT-04,27,,,0,1,305.1666666666667,0.9976453189300412,6.75,0.9999479166666667,0,1,765.9833333333333,0.9940896347736625,0,1,0,1,0,1,0,1,27.249999999999996,0.999789737654321,0,1,35.00000000000001,0.9997386499402628,758.0833333333335,0.9943392821585025,17.25,0.9998573908730158,0,1,0,1,116.83333333333331,0.9991275886101155,1.583333333333333,0.9999877829218107,0,1
1145,HWY1895,HWY1895__Chrirawla,4,C4-GRT-04,27,,,727.7500000000001,0.9957884837962964,636,0.9963194444444444,121.66666666666669,0.9992959104938273,0,1,198.33333333333334,0.998852237654321,0,1,0,1,953.5833333025222,0.9946595915473649,233.66666666666669,0.998647762345679,625.1333333333333,0.9963823302469136,1622.9500000000003,0.9895643647119341,0,1,1787.65,0.989988519265233,903.1500000000001,0.9944001116071429,0,1,603.3333333333333,0.996508487654321,0,1,0,1,732.9999999999998,0.9958949372759857
1146,GJR4905,GJR4905__CheemaCly_GJR,3,C4-GRT-04,,GLO,,0,1,0,1,73.91666666666667,0.9994296553497942,0,1,228.88333333333333,0.9982339248971194,172.24999999999997,0.9986709104938272,0,1,894.25,0.9933225059737157,594.3,0.9954143518518518,398.4166666666667,0.9969257973251028,0,1,0,1,0,1,0,1,0,1,20.25,0.99984375,14.75,0.9998898596176822,0,1,14.25,0.9998935931899642
1147,KHJ6979,KHJ6979__KhujianwalaGujrat,3,C4-MBD-08,,GLO,,0,1,313.75000000000006,0.9975790895061728,0,1,2665.3333333333335,0.9794341563786009,2489.1833333333334,0.9807933384773662,317,0.997554012345679,0,1,116.2499999718275,0.9991319444446547,3.833333333333334,0.9999704218106996,501.9999999999999,0.9961265432098766,1227.4666666666667,0.9894764517604024,254.74999999999997,0.9980977449223417,0,1,393.9999999999999,0.9967427248677247,138.49999999999997,0.9989658004778973,13.75,0.9998939043209876,445.19999999999993,0.9966756272401434,4943.466666666667,0.9618559670781893,1555.9166666666665,0.9883817453205894
1148,PSR4200,PSR4200__FaisalColony,4,C4-NRW-05,31,,,199,0.9988483796296296,96.91666666666667,0.9994391396604938,230.66666666666663,0.9986651234567901,284.3333333333333,0.9983545524691358,1848.85,0.989300636574074,634.7166666666666,0.9963268711419754,359.8666666666667,0.9979174382716048,459.9666666666667,0.9974240218040622,349.9,0.9979751157407408,24.333333333333332,0.9998591820987655,0,1,90.83333333333337,0.9994913007765831,863.9166666666667,0.9951617570191159,0,1,72.66666666666669,0.9995930406212665,584.5,0.9966174768518519,2561,0.9856574820788531,942.5,0.9945457175925925,1863.0666666666666,0.9895661589008362
1149,SKT3200,SKT3200__GaudPur,3,C4-SKT-03,27,,,510.58333333333337,0.9960603137860082,310.66666666666674,0.9976028806584363,909.5833333333335,0.9929816100823046,706,0.9945524691358025,1635.5,0.9873804012345678,451.16666666666663,0.9965187757201646,5756.733333333334,0.9555807613168724,956.0166666484283,0.9928612853446205,100.75,0.9992226080246914,923.1166666666668,0.9928771862139918,1211.1166666666668,0.9896166266575217,653.75,0.9951183542413381,808.75,0.9939609468339308,48.999999999999986,0.9995949074074075,1159.8666666666666,0.9913391079251295,2235.95,0.9827472993827161,411,0.9969310035842294,1246.85,0.9903792438271606,932.9166666666666,0.9930337763839109
1150,KRW8772,KRW8772__mohallahShomaliKRW,3,C4-GRT-04,31,,,171.91666666666666,0.998673482510288,258.41666666666663,0.9980060442386831,6.999999999999999,0.999945987654321,0,1,231.91666666666663,0.9982105195473251,505.5833333333333,0.9960988940329218,0,1,33.75,0.9997479838709676,0,1,41.33333333333334,0.9996810699588476,54,0.9995370370370371,2978.133333333333,0.9777618478693748,303.1666666666667,0.9977362106730386,15.75,0.9998697916666667,0,1,87.75,0.9993229166666667,504.41666666666663,0.99623344782955,0,1,27.49999999604188,0.9997946535245218
1151,SKT8138,SKT8138__MadniRestRlyRd,2,C4-SKT-03,,,,15.916666666666668,0.9998157793209876,6.916666666666667,0.9999199459876543,1410.25,0.9836776620370371,2698.9166666666665,0.968762538580247,0,1,730,0.991550925925926,2164.0499999999997,0.974953125,8896.149999984633,0.9003567428317133,484.1333333333334,0.9943966049382716,430.5833333333333,0.9950163966049382,0,1,106,0.998812724014337,157.5,0.9982358870967742,0,1,0,1,0,1,0,1,23.5,0.9997280092592592,2313.600000000001,0.9740860215053764
1152,SKT8137,SKT8137__BankAlHabibParsRd,2,C4-SKT-03,,,,16.5,0.9998090277777777,0,1,0,1,1433.4166666666663,0.9834095293209876,0,1,680.9999999999999,0.9921180555555555,2050.1333333333337,0.9762716049382716,4791.333333333333,0.9463336320191159,472.74999999999994,0.9945283564814815,1289.3666666666666,0.985076774691358,0,1,2746.5,0.9692372311827957,3665.4666666666662,0.9589441457586619,133.66666666666666,0.9983424272486772,0,1,0,1,907.8833333333333,0.9898310558542412,945.1666666666667,0.9890605709876543,2318,0.9740367383512545
1153,SKT8131,SKT8131__T_SarafaBazar,2,C4-SKT-03,,,,508.83333333333337,0.9941107253086421,318.3333333333333,0.996315586419753,2294.0833333333335,0.9734481095679013,5690.733333333334,0.9341350308641975,8795.15,0.8982042824074074,3536.2666666666682,0.959070987654321,4678.766666666666,0.9458476080246914,5124.133333330849,0.9426060334528354,2750.5999999999995,0.9681643518518519,3422.3999999999996,0.960388888888889,733.4166666666666,0.990568201303155,891.6666666666667,0.9900126941457588,1496.2,0.9832414874551971,620.5333333333334,0.9923048941798942,0,1,0,1,0,1,0,1,0,1
1154,GUJ9534,GUJ9534__BagdadTownAlamChowkPTCL_EXC,3,C4-GUJ-02,,PTCL,GTRP2052,0,1,0,1,0,1,0,1,0,1,0,1,0,1,0,1,71.75000000000001,0.9994463734567901,14.583333333333332,0.9998874742798354,2598.149999999999,0.9777250514403292,1007.1333333333333,0.9924795898048586,2018.0166666666667,0.9849311778176026,375.2500000000001,0.9968977347883597,1178.5,0.9911999701314217,2452.7166666666667,0.9810747170781893,11480.500000000002,0.9142734468339307,140.58333333333334,0.9989152520576131,14895.88333333333,0.888770285742732
1155,SKT2115,SKT2115__S_DaskaRoad,3,C4-SKT-03,,UFONE,3435,1141.4166666666665,0.9911927726337448,1988.4166666666667,0.9846572788065844,2065.833333333333,0.984059927983539,5323.4833333333345,0.9589237397119342,6261.066666666665,0.9516893004115227,2168.0333333333338,0.9832713477366255,3402.5833333333326,0.9737454989711933,8878.366666686843,0.9337039526083718,3804.733333333333,0.9706424897119342,1246.0833333333333,0.9903851594650206,3100.5166666666673,0.9734180669867398,3891.7166666666667,0.970939989048188,7436.283333333332,0.9444721973317404,13436.5,0.888917824074074,1033.1666666666665,0.9922851951413779,20720.13333333333,0.8401224279835391,13462.366666666665,0.899474561927519,27252.166666666664,0.7897209362139919,9931.066666665734,0.9258432895260921
1156,GJR0054,GJR0054__GujratC1C2,3,C4-GRT-04,20+30,,,598.5833333333334,0.9953813014403292,1259.5666666666666,0.9902811213991769,1417.8333333333335,0.989059927983539,594,0.9954166666666667,762.5833333333334,0.9941158693415637,244,0.9981172839506174,4549.833333333334,0.9648932613168725,2648.1,0.9802262544802868,0,1,0,1,0,1,0,1,0,1,0,1,0,1,0,1,36.833333333333336,0.999724960175229,3.166666666666666,0.9999755658436215,0,1
1157,GUJ0470,GUJ0470__WapdaTownGujwl,6,C4-GUJ-01,30,,,0,1,0,1,854.3333333333333,0.9967039609053497,192.08333333333334,0.9992589377572016,4240.15,0.9836413966049383,148.91666666666666,0.9994254758230453,217.66666666666669,0.9991602366255143,1446.35,0.9945999477299882,2160.416666666667,0.9916650591563786,6347.25,0.9755121527777777,0,1,721.5,0.9973062275985662,0,1,294.50000000000006,0.9987826554232804,0,1,431.5833333333333,0.9983349408436214,918.5,0.9965707138590203,0,1,161.33333333333337,0.9993976503385106
1158,GUJ9418,GUJ9418__S_Faqirpura Warid_GJ4231,3,C4-GUJ-01,27,,,263.75,0.9979648919753086,388.25,0.9970042438271605,332.75,0.9974324845679012,39.24999999999999,0.9996971450617284,2032.5,0.9843171296296296,1184.5833333333335,0.9908596965020575,1320.5833333333333,0.9898103137860081,49.91666666666667,0.999627265033851,314.48333333333335,0.9975734310699589,356.0833333333333,0.9972524434156378,103.91666666666669,0.9991090820759031,610.4666666666667,0.9954415571485464,1070.7,0.9920049283154122,54.25,0.9995515046296296,158.50000000000003,0.9988164575866189,1326.9499999999998,0.9897611882716049,3228.3333333333335,0.9758935682994823,1736.1666666666667,0.9866036522633744,1674.6166666666668,0.9874953952608523
1159,GUJ9414,GUJ9414__S_Sec Y-People Cnly Warid_GJ4197,3,C4-GUJ-01,30,,,55.58333333333332,0.999571116255144,0,1,0,1,218.58333333333326,0.9983134002057613,535,0.995871913580247,0,1,6.5,0.9999498456790125,0,1,0,1,0,1,23.5,0.999798525377229,0,1,0,1,0,1,0,1,0,1,92.25,0.9993111559139786,151.58333333333334,0.9988303755144032,204.75000000000006,0.9984711021505376
1160,GUJ9849,GUJ9849__Mohallah_Qadri,3,C4-GUJ-01,27,,,495.2500000000001,0.9961786265432099,0,1,0,1,282.33333333333337,0.9978215020576131,507.91666666666663,0.9960808899176955,23.833333333333336,0.9998161008230453,743.4999999999999,0.9942631172839507,555.0166666666668,0.9958556103146157,192.06666666666663,0.9985180041152263,3635.9666666666667,0.9719447016460906,1291.0000000000005,0.988931755829904,3144.5,0.9765195639187574,2917.083333333333,0.9782177170450019,3020.9,0.9750256283068783,648.2166666666667,0.9951596724412585,1195.2833333333333,0.9907771347736626,1297.8000000000002,0.9903091397849463,392.9,0.9969683641975309,2646.35,0.9802393219832736
1161,KMK4469,KMK4469__AlilHospitalGTRd,3,C4-GUJ-01,,GLO,,257.0833333333333,0.9980163323045268,1569.1666666666667,0.987892232510288,445.3333333333333,0.9965637860082305,0,1,3012.783333333334,0.9767532150205761,715,0.994483024691358,792.4166666666667,0.9938856738683127,681.3666666666667,0.9949121365989646,0,1,874.6666666666667,0.9932510288065843,1614.5,0.9861582647462277,2085.133333333333,0.9844300079649543,3115.766666666666,0.9767341198725608,2806.666666666667,0.9767967372134039,2043.0666666666668,0.9847441258462765,1361.166666666667,0.9894971707818929,868.8666666666668,0.9935120469932298,464.70000000000005,0.9964143518518519,1297.0833333333333,0.9903144912385504
1162,KMK4470,KMK4470__AliArcadeGTRoad,4,C4-GUJ-01,20,,,49.41666666666666,0.9997140239197531,682.1666666666667,0.9960522762345678,235.00000000000003,0.9986400462962963,1295.2500000000005,0.9925043402777777,779.5833333333333,0.9954885223765432,51.66666666666668,0.9997010030864197,727.25,0.9957913773148148,454.25,0.99745603718638,737.5,0.9957320601851852,21.833333333333332,0.999873649691358,1113.6666666666683,0.9928390775034294,931.3333333333335,0.9947841995221027,730,0.9959117383512545,1887.5166666666667,0.9882966476521164,38.33333333333333,0.9997853195937872,1664.1166666666666,0.9903696952160495,6723.95,0.9623434699820789,2030.1833333333332,0.9882512538580247,1608.7,0.9909907034050179
1163,KMK9799,KMK9799__MuhammadPura,3,C4-GUJ-01,20,,,1274.3333333333333,0.9901671810699588,3661.4166666666674,0.9717483281893005,163.66666666666666,0.9987371399176955,896.6166666666667,0.9930816615226337,3265.416666666667,0.974803883744856,492.75,0.9961979166666667,785.1666666666667,0.9939416152263375,3694.733333333333,0.9724108920748705,3423.9666666666662,0.9735805041152265,1037.3333333333333,0.9919958847736625,1998.75,0.9828639403292181,230.25000000000003,0.9982806899641576,965.5833333333334,0.9927898496614894,78.75,0.9993489583333333,584.0833333333334,0.9956385653126244,635.1333333333334,0.995099279835391,1850.8333333333333,0.9861795599362803,1720.1666666666667,0.9867271090534979,915.9166666666667,0.9931607178414974
1164,GUJ9515,GUJ9515__S_Rahwali _GJ4165,3,C4-GUJ-02,20,,,637.0833333333333,0.9950842335390946,1953.7500000000002,0.9849247685185185,207.66666666666666,0.998397633744856,3.75,0.9999710648148148,547.5,0.9957754629629629,95.00000000000001,0.9992669753086421,70.66666666666667,0.999454732510288,16.666666669072583,0.9998755475905834,374.1,0.9971134259259259,1006.9,0.9922307098765433,0,1,0,1,242.66666666666666,0.9981879729191557,0,1,261.1166666666667,0.9980502041019514,1633.5166666666667,0.9873957047325104,1447.9666666666665,0.9891878235762644,6653.9,0.9486581790123456,4884.166666662414,0.9635292214257585
1165,GHK6955,GHK6955__Suditown,3,C4-GUJ-02,30,,,337.65,0.9973946759259259,305.25,0.997644675925926,515.25,0.9960243055555555,423.5833333333333,0.9967316100823045,2666.916666666666,0.9794219393004115,3178.5833333333335,0.9754738940329218,185.39999999999998,0.9985694444444445,142.24999996600673,0.9989377986860365,291.41666666666663,0.9977514146090535,335.33333333333337,0.9974125514403291,162.75,0.9986046810699588,0,1,266.83333333333337,0.9980075169255277,0,1,494.8333333333333,0.9963050079649542,3297.416666666667,0.9745569701646091,0,1,626.1666666666667,0.9951684670781893,1110,0.9917114695340501
1166,GHK9864,GHK9864__Muhallahjinnah_Town,3,C4-GUJ-02,30,,,727.8833333333332,0.994383616255144,94.5,0.9992708333333333,31.5,0.9997569444444444,224.91666666666669,0.9982645318930041,541,0.9958256172839506,976.55,0.9924648919753086,1721.9666666666665,0.986713220164609,2300.3666666734184,0.9828228295499296,487.4166666666667,0.9962390689300412,673.0833333333335,0.9948064557613169,3837.9333333333334,0.967095907636031,13.333333333333336,0.9999004380724812,2121.9666666666662,0.9841549681401832,0,1,661.0833333333333,0.9950635951812028,8453.999999999998,0.9347685185185185,2641,0.9802792712066907,3611.416666666667,0.9721341306584362,643.7500000000002,0.9951930256869772
1167,GUJ0006,GUJ0006__Ghalla,3,C4-GUJ-02,"30, 20, 27",,,0,1,327.75,0.9974710648148148,196.00000000000003,0.9984876543209876,78.75,0.9993923611111112,131.74999999999997,0.9989834104938272,0,1,61.58333333333333,0.9995248199588477,0,1,181.14999999999998,0.998602237654321,0,1,0,1,0,1,202.75,0.9984860364396654,0,1,0,1,0,1,0,1,20.333333333333336,0.9998431069958847,2.25,0.9999831989247312
1168,GUJ0410,GUJ0410__SheranwalaBagh,3,C4-GUJ-01,27,,,241.9166666666667,0.9981333590534979,0,1,1925.6499999999999,0.9851415895061728,1138.5833333333333,0.9912146347736625,1156.0000000000002,0.9910802469135802,1845.9166666666665,0.9857568158436214,1431.2500000000005,0.9889564043209876,1242.2333333333333,0.9907240641178814,753.3333333333333,0.9941872427983539,798.4166666666666,0.9938393775720165,2139.166666666667,0.981660093735711,874.1666666666666,0.993472471127041,1428.9999999999998,0.9893294504181601,0,1,1161.3333333333333,0.9913281561131023,2260.833333333334,0.9825552983539094,886.833333333333,0.993377887295898,550.3000000000001,0.9957538580246914,1796.416666666667,0.986585897052967
1169,GUJ0726,GUJ0726_Fatomand,3,C4-GUJ-02,30,,,1038.5833333333335,0.9919862397119341,1708.9166666666667,0.9868139146090534,758.2499999999999,0.9941493055555556,930.0833333333333,0.9928234310699589,636.7499999999999,0.9950868055555556,1721.6333333333334,0.98671579218107,1749.5833333333333,0.986500128600823,1517.7999999976719,0.9886663679809016,1842.4499999999996,0.9857835648148148,691.8333333333334,0.994661779835391,3529.1333333333337,0.969743369913123,514.7166666666666,0.9961565362405416,1834.3833333333332,0.9863023944643569,1005.2500000000001,0.9916894014550265,47.49999999999999,0.9996453106332139,232.25,0.9982079475308642,256.5833333333333,0.9980840551573078,5.499999999999999,0.9999575617283951,704.9166666666666,0.9947362853444842
1170,GUJ3338,GUJ3338__ChaudhryPlaza,3,C4-GUJ-02,9,,,26.000000000000004,0.9997993827160494,586.1666666666665,0.9954771090534978,172.98333333333332,0.9986652520576133,718.5000000000001,0.9944560185185185,379.6666666666667,0.9970704732510288,587.25,0.99546875,631.75,0.9951253858024691,514.5,0.9961581541218638,398.98333333333335,0.9969214248971194,858.1666666666663,0.9933783436213992,1116.8333333333333,0.9904249542752629,631.8,0.9952822580645162,1211.5499999999997,0.9909531810035843,591.1666666666667,0.995112709435626,2206.166666666667,0.9835262345679012,3580.2000000000003,0.972375,768.9166666666666,0.9942583880923935,1379.5833333333335,0.9893550668724279,2287.3,0.9829204002389486
1171,GUJ3340,GUJ3340__LohewalaBazar,3,C4-GUJ-02,30,,,0,1,0,1,13.416666666666668,0.9998964763374485,0,1,0,1,540.3333333333334,0.9958307613168725,37.74999999999999,0.9997087191358025,0,1,0,1,0,1,66.24999999999999,0.99943201303155,82,0.9993876941457587,155.91666666666669,0.9988357477100758,139.91666666666669,0.9988432815255731,818.3333333333333,0.9938893866985264,0,1,0,1,34,0.9997376543209876,1208.4999999999998,0.9909759557945041
1172,Guj3351,Guj3351__Muhallahessayan,3,C4-GUJ-02,27,,,828.1333333333332,0.9936100823045266,4863.733333333334,0.9624711934156379,3167.883333333333,0.9755564557613168,879.0833333333334,0.9932169495884774,1570.6666666666663,0.987880658436214,3081.3666666666663,0.9762240226337449,5074.4,0.9608456790123456,2914.0833333272794,0.9782401184787389,1730.4333333333334,0.9866478909465021,1503.2499999999998,0.9884008487654321,1867.2166666666667,0.9839916266575217,761.6666666666667,0.9943125248904819,2668.0333333333338,0.9800774093986458,1667.9166666666665,0.9862110063932981,1815.1333333333332,0.9864461369972123,9316.5,0.9281134259259259,5785.116666666667,0.9568016975308642,5888.383333333332,0.9545649434156378,6723.8666666686695,0.9497919155714705
1173,SDL6964,SDL6964__FahadPlazaShadiwal,4,C4-GRT-04,27,,,0,1,79.66666666666669,0.9995389660493826,0,1,33.666666666666664,0.9998051697530864,0,1,0,1,0,1,331.74999995653826,0.9981420810934334,163.16666666666666,0.9990557484567901,0,1,0,1,0,1,62.33333333333333,0.9996509109916368,0,1,0,1,18,0.9998958333333333,0,1,7.916666666666665,0.9999541859567901,10.833333333333334,0.9999393294504182
1174,GUJ9462,GUJ9462__S_DC Rd Warid_MDGJ4212,5,C4-GUJ-01,13,,,411.25,0.9980960648148148,899.1166666666668,0.9958374228395062,0,1,1877.416666666667,0.9913082561728395,609.6666666666666,0.9971774691358024,756.6666666666669,0.996496913580247,1180.9166666666665,0.9945327932098764,1227.5,0.9945004480286738,800.5833333333334,0.9962935956790123,1409.4166666666674,0.9934749228395061,735.9166666666666,0.9962144204389576,228.33333333333337,0.9989770011947431,444.4999999999999,0.9980085125448029,421.0833333333333,0.9979112929894179,0,1,210.33333333333337,0.9990262345679013,0,1,2343.666666666667,0.9891496913580247,7200.416666666668,0.96774006869773
1175,SKT8946,SKT8946__ShabazClnyMhmdPur,3,C4-SKT-03,20,,,126.24999999999999,0.9990258487654322,57.5,0.9995563271604938,90.74999999999999,0.9992997685185184,1330.1666666666667,0.9897363683127572,164.5,0.9987307098765431,1049.75,0.9919000771604938,2626.616666666667,0.9797328960905349,6364.5666666557245,0.9524748606133833,608.4166666666667,0.9953054269547325,836.0833333333333,0.9935487397119341,0,1,390.70000000000005,0.9970825866188769,254.38333333333333,0.9981004828753484,0,1,0,1,731.0166666666668,0.9943594393004115,214.95,0.9983949372759856,479.0833333333332,0.9963033693415637,4503.9833333333345,0.9663681053365193
1176,SKT3091,SKT3091__S_Mubarak Pura_MDSK4184,3,C4-SKT-03,,GLO,,782.25,0.9939641203703704,1598.25,0.987667824074074,0,1,2391.666666666667,0.9815457818930041,3173.916666666667,0.9755099022633744,39,0.9996990740740741,3443.433333333333,0.9734302983539095,679.2166666666668,0.9949281909597769,398.25,0.9969270833333332,2459.05,0.9810258487654321,110.49999999999999,0.9990526406035666,331.08333333333337,0.9975277528872959,3922.7500000000005,0.9707082586618877,1260.3,0.9895808531746032,387,0.9971102150537635,283.66666666666663,0.9978112139917695,547.3000000000001,0.9959132317801672,1154.5,0.9910918209876542,594.4166666666667,0.9955614048187972
1177,HJW8769,HJW8769__Hajiwala,4,C4-GRT-04,27,,,0,1,714.4166666666667,0.9958656442901234,9.333333333333332,0.999945987654321,0,1,1181.6666666666665,0.9931616512345678,41.599999999999994,0.9997592592592592,0,1,70,0.9996079749103943,349.1333333333333,0.9979795524691357,253.91666666666669,0.998530574845679,795.1999999999998,0.9948868312757202,0,1,414.50000000000006,0.9976786514336918,20.916666666666668,0.9998703083664021,0,1,838.5166666666668,0.9951474729938272,0,1,1570.5500000000002,0.9909111689814815,2604.2499999999995,0.985415266577061
1178,RUR6235,RUR6235__S_Daulat_Nager_road_MDLM3311,4,C4-GRT-04,20,,,0,1,0,1,51.58333333333333,0.9997014853395062,0,1,2375.166666666667,0.9862548225308642,398.4166666666667,0.9976943479938272,155.56666666666666,0.9990997299382716,1848.7499999999998,0.9896463373655914,964.0833333333331,0.9944208140432099,593.4166666666666,0.9965658757716049,1234.333333333333,0.9920631858710562,1553.3333333333333,0.9913007765830346,7900.316666666666,0.9557553950119474,1056.5333333333333,0.993449074074074,2905.4166666666674,0.9837286252986859,1072.8166666666666,0.9937915702160494,163,0.9990871415770609,292.3666666666667,0.9983080632716049,0,1
1179,KHR0079,KHR0079__KharianCantt2,3,C4-MBD-08,,CMPak,C-KHA-7500,98.08333333333334,0.9992431841563786,652.0833333333334,0.9949684927983539,0,1,0,1,1479.4499999999998,0.9885844907407407,20.5,0.9998418209876543,72.74999999999999,0.9994386574074074,4055.9999999999995,0.9697132616487455,7822.7666666666655,0.939639146090535,295.4166666666667,0.9977205504115225,0,1,21.333333333333332,0.9998407009159698,5561.683333333332,0.9584701065312625,1202.3166666666666,0.9900602127425044,1.75,0.9999869324970132,530.9833333333333,0.9959029063786008,2663.766666666668,0.980109269215452,3262.5666666666666,0.9748258744855967,3037.0666666666666,0.9773217841497411
1180,GJR2114,GJR2114__MuhallahChahBeriWala,3,C4-GRT-04,,UFONE,CI-1001,0,1,212.25,0.9983622685185185,35.25,0.9997280092592592,0,1,45.75,0.9996469907407408,0,1,0,1,103.63333333333334,0.9992261549183593,1314.0333333333333,0.989860853909465,142.75000000000003,0.9988985339506173,0,1,89.25,0.9993335573476702,201.05,0.9984987305854242,0,1,5.499999999999999,0.9999589307048984,197.00000000000003,0.998479938271605,753.2499999999999,0.9943753733572283,87.16666666666667,0.9993274176954732,19.5,0.9998543906810036
1181,GJR6291,GJR6291__S_Boraywala_chowk_MDGU4203,3,C4-GRT-04,,GLO,,705.9166666666667,0.9945531121399176,414.61666666666673,0.996800797325103,0,1,0,1,786.8833333333333,0.9939283693415638,225.83333333333331,0.9982574588477366,0,1,382.7499999999999,0.9971419504181601,2989.3,0.9769344135802469,7467.049999999999,0.9423838734567902,800,0.9931412894375857,0,1,103.00000000000003,0.9992308841099163,111.16666666666667,0.9990809634038801,64.58333333333333,0.9995177469135803,1291.6666666666667,0.9900334362139919,0,1,165.83333333333334,0.9987204218106995,917.0500000169966,0.9931522550775314
1182,RUR0077,RUR0077__KakraliVillage_NEW,3,C4-GRT-04,27,,,63.249999999999986,0.9995119598765432,282,0.997824074074074,0,1,0,1,0,1,0,1,9.166666666666666,0.9999292695473251,1042.833333354754,0.9922130127437667,0,1,0,1,2010.7833333333333,0.9827607738911752,262.4166666666667,0.9980404968140184,610.6666666666666,0.9954400637196337,385.4166666666667,0.9968136849647266,29.25,0.9997815860215055,672.9166666666666,0.9948077417695473,896.8333333333336,0.9933032158502588,590.8,0.9954413580246915,1833.4166666666667,0.986309612704102
1183,JPJ6301,JPJ6301__S_Qadir_Colony_MDJJ1558,4,C4-GRT-04,"30,30",,,0,1,249.83333333333331,0.9985542052469135,12.166666666666668,0.9999295910493826,0,1,1047.8333333333335,0.993936149691358,0,1,0,1,0,1,0,1,201.58333333333334,0.9988334297839506,107.33333333333333,0.9993098422496571,0,1,531.6666666666666,0.9970224761051374,21.333333333333332,0.9998677248677248,0,1,0,1,0,1,377.5,0.9978153935185184,144.91666666666666,0.9991884147252091
1184,TDA3548,TDA3548__Bagowal,3,C4-GRT-04,20+30,,,0,1,400.41666666666674,0.9969103652263375,32.333333333333336,0.9997505144032922,0,1,0,1,0,1,0,1,0,1,0,1,26.999999999999996,0.9997916666666667,280.9166666666667,0.997591592363969,0,1,36.91666666666666,0.9997243379131819,16,0.9998677248677248,0,1,0,1,129.49999999999997,0.9990330047789725,0,1,0,1
1185,GJR3427,GJR3427__NewFurnitureMarket,3,C4-GRT-04,,GLO,,867.7833333333333,0.9933041409465021,1341.75,0.9896469907407408,297.45000000000005,0.9977048611111111,14.416666666666666,0.9998887602880658,1725.0666666666666,0.9866893004115227,0,1,1115.6666666666667,0.9913914609053498,342.58333333333337,0.9974418807248108,2502.7999999999993,0.9806882716049382,94.74999999999999,0.9992689043209876,846.6999999999998,0.9927409122085048,0,1,3332.75,0.9751138739545998,0,1,0,1,1692.05,0.9869440586419753,0,1,212.50000000000003,0.9983603395061728,0,1
1186,GJR6264,GJR6264__S_JalalPur_JattanRoad_MDGU4171,3,C4-GRT-04,,GLO,,18.166666666666664,0.9998598251028806,57.999999999999986,0.9995524691358025,467.0833333333333,0.9963959619341565,0,1,5442.349999999999,0.9580065586419754,4796.6833333333325,0.962988554526749,37.5,0.9997106481481481,90.54999999999998,0.9993238500597371,121.78333333333332,0.9990603137860083,536.5833333333335,0.9958596965020575,1173.0833333333335,0.9899427011888432,0,1,413.83333333333337,0.9969098466746316,0,1,0,1,6.166666666666666,0.9999524176954732,1048.6666666666665,0.9921694544006372,3.166666666666666,0.9999755658436215,0,1
1187,GJR0796,GJR0796__ZahoorPalace,3,C4-GRT-04,27,,,0,1,0,1,0,1,293.4166666666667,0.997735982510288,1953.15,0.9849293981481482,0,1,393.75,0.9969618055555556,177.16666666666663,0.9986770708880924,42.99999999999999,0.9996682098765431,0,1,0,1,0,1,297.5,0.9977785244922341,0,1,0,1,978.0499999999998,0.9924533179012346,296.58333333333337,0.9977853693747512,69.41666666666669,0.9994643775720164,143.41666666666669,0.9989290870171247
1188,GJR9716,GJR9716__Darbar_PandeyShah,3,C4-GRT-04,,GLO,,0,1,0,1,0,1,0,1,1089.0666666666666,0.99159670781893,0,1,216.86666666666667,0.9983266460905349,575.0333333125183,0.9957061429710834,0,1,41.33333333333333,0.9996810699588476,0,1,0,1,0,1,0,1,0,1,615.2500000000001,0.9952527006172839,0,1,0,1,3064.8999999963517,0.9771139486260726
1189,SKG3828,SKG3828__MohallahIsbSKG,3,C4-NRW-05,30,,,1779.5833333333333,0.9862686471193416,901.9833333333333,0.9930402520576131,529.95,0.9959108796296295,942.0833333333335,0.9927308384773663,2287.2500000000005,0.9823514660493826,980.5833333333331,0.9924337705761317,1819.8333333333335,0.9859580761316873,1730.1333333309274,0.9870808442851633,900,0.9930555555555556,618.75,0.9952256944444444,984.05,0.9915633573388203,1107.4666666666667,0.9917303863002788,1020.2500000000001,0.992381645758662,212.55,0.9982428075396825,1216.4999999999998,0.990916218637993,1717.9999999999998,0.9867438271604938,1949.6333333333334,0.9854418060533652,2972.1333333333323,0.9770668724279835,2092.9833333424135,0.9843713908800596
1190,GMW9713,GMW9713__Ghumawala,3,C4-HFZ-06,9,,,528.25,0.9959239969135802,632.6666666666666,0.9951183127572016,713.9166666666667,0.994491383744856,2153,0.9833873456790124,2580.2833333333333,0.9800904063786008,3182.366666666667,0.9754447016460905,4651.383333333334,0.9641096965020576,215.16666666666669,0.9983933193946635,231.31666666666666,0.9982151491769546,268.75000000000006,0.9979263117283951,524.2500000000001,0.9955054012345679,6.166666666666666,0.9999539526085225,462.58333333333337,0.9965458233771406,5.083333333333334,0.9999579750881834,10.75,0.9999197281959379,18.25,0.9998591820987655,58.66666666666667,0.9995619275189168,1139.8333333333333,0.9912049897119342,1887.9166666666665,0.9859026533253684
1191,HWY9394,HWY9394_Husayki_Pindi Bhattian,3,C4-HFZ-06,20+20,,,98.5,0.9992399691358025,8,0.9999382716049382,133.83333333333331,0.9989673353909465,170.33333333333334,0.9986856995884774,1903.7666666666664,0.9853104423868312,600.2666666666667,0.9953683127572016,1097,0.9915354938271606,178.66666666666663,0.9986658701712465,0,1,342.6666666666667,0.9973559670781893,568.0000000000001,0.9951303155006859,237.58333333333331,0.9982259309040223,307.1666666666667,0.997706342094783,0,1,168.66666666666666,0.9987405416168857,206.16666666666663,0.9984092078189301,0,1,30.25,0.9997665895061728,100.16666666666669,0.999252041019514
1192,KAH9974,KAH9974__Chak_Ghazi_D_new,4,C4-HFZ-06,9,,,0,1,0,1,0,1,0,1,0,1,0,1,0,1,0,1,0,1,523.5833333333333,0.9969700038580247,838.6499999999999,0.9946074459876543,820.05,0.9954074260752688,989.5833333333333,0.9944579786439666,461.83333333333337,0.9971364500661376,546.9166666666666,0.9969370706391875,1995.6666666666665,0.9884510030864198,2361.033333333333,0.9867773670848269,958.4166666666665,0.9944536072530865,426.41666666666674,0.9976119138291517
1193,RUR0780,RUR0780_MangokiVirkan,3,C4-HFZ-06,9,,,0,1,51.66666666666667,0.9996013374485596,152.83333333333334,0.9988207304526749,10.91666666666667,0.9999157664609054,2390.083333333333,0.9815579989711933,1048.6666666666665,0.9919084362139918,2540.433333333333,0.980397890946502,79.58333333333334,0.9994057397451215,63.66666666666668,0.9995087448559672,303.83333333333337,0.9976556069958847,0,1,392.25,0.9970710125448029,77.58333333333334,0.9994206740342493,0,1,108.91666666666667,0.9991867035045798,126.50000000000001,0.9990239197530865,242.41666666666669,0.9981898397052967,143.25,0.998894675925926,1338.8833333333332,0.9900023645957786
1194,RUR5942,RUR5942__S_Tatlay Ali-KMK Warid_305407,3,C4-HFZ-06,20,,,79.16666666666666,0.999389146090535,543.6666666666666,0.9958050411522633,497.75,0.9961593364197531,756.0833333333334,0.9941660236625515,1965.2833333333328,0.9848357767489712,382.25000000000006,0.9970505401234568,668.5833333333333,0.9948411779835391,186.08333333333337,0.9986104888490641,3728.5333333333333,0.9712304526748972,2572.1333333333328,0.98015329218107,54.75,0.9995306069958848,416.58333333333326,0.9968893120270809,253.58333333333331,0.9981064565909996,0,1,0,1,440.25,0.9966030092592593,125.8,0.999060633213859,620.3333333333334,0.9952134773662551,1149.166666666667,0.9914190063719633
1195,KHR1735,KHR1735__KharianCantt,3,C4-MBD-08,20,,,422.08333333333337,0.9967431841563785,927.6666666666667,0.9928420781893004,124.25000000000001,0.9990412808641974,87.74999999999999,0.9993229166666667,549.25,0.9957619598765431,490.08333333333337,0.9962184927983538,2262.666666666667,0.9825411522633745,1226.5,0.9908415471923536,1946.6833333333332,0.9849792952674897,1010.5833333333334,0.9922022890946502,2275.65,0.9804899691358026,608.9666666666667,0.9954527578653922,433.0833333333333,0.9967661041417761,47.75,0.9996052414021165,281.91666666666663,0.9978948874950219,457.83333333333337,0.9964673353909466,236.7,0.9982325268817205,0,1,310.66666666666663,0.9976802070888092
1196,RUR0650,RUR0650__DhoriaDingaRoad,4,C4-MBD-08,27,,,523.9166666666667,0.996968074845679,1172.4166666666665,0.9932151813271605,558.6333333333333,0.9967671682098765,776.9999999999998,0.9955034722222222,1586,0.9908217592592592,24.583333333333332,0.9998577353395062,2423.333333333333,0.9859760802469135,4647.55,0.9739720542114695,973.4166666666665,0.9943668016975309,1152.75,0.9933289930555556,4359.766666666666,0.9719665209190673,217.83333333333334,0.9987800552568697,6757.0166666666655,0.9621582847968937,79.91666666666666,0.9995044849537037,72.16666666666666,0.9995958408004779,752.3333333333333,0.9956462191358025,1849.65,0.9896412970430107,21.666666666666668,0.9998746141975309,2875.4999999999995,0.9838961693548387
1197,JPJ6290,JPJ6290__S_Mohallah_Shershah_Circular_Road_MDJJ1559,3,C4-GRT-04,20,,,216.91666666666666,0.9983262602880658,0,1,6.999999999999999,0.999945987654321,0,1,0,1,0,1,0,1,0,1,0,1,474.4166666666667,0.9963393775720165,122.9166666666667,0.9989461877000457,0,1,0,1,14.75,0.999878058862434,0,1,0,1,0,1,1087.3999999999996,0.9916095679012347,421.3,0.996854091995221
1198,PND1615,PND1615__P_Hussain_AbadWarid_PB1543,3,C4-HFZ-06,20,,,0,1,27,0.9997916666666667,153,0.9988194444444445,26.250000000000004,0.9997974537037037,68.49999999999999,0.9994714506172839,223.08333333333331,0.9982786779835391,0,1,0,1,637.6,0.9950802469135803,397.0833333333333,0.9969360853909466,142,0.9987825788751715,70.44999999999999,0.9994739396654719,2936.366666666667,0.9780737256073277,456,0.9962301587301587,54.75000000000001,0.9995911738351255,1219.9166666666665,0.9905870627572017,2120.8166666666666,0.9841635553564316,164.74999999999997,0.9987287808641975,98.50000000000001,0.9992644862604539
1199,HWY0394,HWY0394__H_PindiBhattian,3,C4-HFZ-06,"30, 30 , 31 , 31",,,49.75,0.9996161265432099,93.41666666666666,0.9992791923868313,29.75,0.9997704475308642,122.41666666666666,0.9990554269547325,105,0.9991898148148148,660.9,0.994900462962963,1785.7500000000002,0.9862210648148149,2381.316666666667,0.9822183641975308,1057.9,0.9918371913580246,0,1,0,1,0,1,0,1,0,1,0,1,0,1,68.9,0.999485513739546,3.166666666666666,0.9999755658436215,0,1
1200,PND1614,PND1614__P_Aqqal_wala,3,C4-HFZ-06,20,,,0,1,321.5666666666666,0.9975187757201646,288.9166666666667,0.9977707047325103,198.31666666666663,0.9984697788065844,654.3666666666666,0.9949508744855967,227.65000000000003,0.9982434413580247,310.0833333333333,0.9976073816872427,0,1,152.5,0.9988233024691359,606.9166666666667,0.9953170010288066,482.3166666666668,0.9958649119798811,583.5,0.9956429211469533,533.3333333333334,0.9960175228992434,370.5833333333332,0.9969363150352735,390.08333333333326,0.9970871913580247,385.28333333333336,0.9970271347736626,193.61666666666667,0.998554236360016,604.25,0.9953375771604938,113.83333333333334,0.9991499900438072
1201,HJN0014,HJN0014__P_Mustafaabad,3,C4-HFZ-06,9,,,836.6666666666667,0.9935442386831275,1395.5333333333333,0.9892319958847736,714.4166666666667,0.9944875257201646,1627.8166666666666,0.9874396862139918,2347.066666666667,0.9818899176954733,192,0.9985185185185185,1927.7333333333331,0.9851255144032922,2092.0666666666666,0.9843782357626444,22.333333333333336,0.9998276748971193,2677.8333333333335,0.979337705761317,416.56666666666655,0.9964286122542295,58.583333333333336,0.9995625497809638,1901.6999999999998,0.9857997311827957,400.25000000000006,0.9966910548941799,27.25,0.9997965203106333,511.79999999999995,0.996050925925926,1826.8666666666668,0.9863585225009956,598.8999999999999,0.9953788580246914,181.66666666666669,0.9986434687375548
1202,KHR0196,KHR0196__S_Jandialawala_GT_Rd_MDKN4196,3,C4-MBD-08,30+27,,,212.66666666666666,0.9983590534979424,258.8333333333333,0.998002829218107,0,1,179.75,0.9986130401234569,422.83333333333337,0.9967373971193416,4.749999999999999,0.9999633487654321,207.66666666666669,0.998397633744856,0,1,27.58333333333333,0.9997871656378601,75.75,0.9994155092592593,444.3333333333333,0.9961905578417923,504.8333333333333,0.996230336519315,1705.333333333333,0.9872660294703306,15.75,0.9998697916666667,592.1666666666666,0.9955782058940662,526.7500000000001,0.9959355709876543,0,1,21.25,0.9998360339506174,0,1
1203,WZB9389,WZB9389__S_AnsariTown_CMPak43334,3,C4-WZD-07,,CMPak,43334,0,1,226.41666666666669,0.9982529578189301,5.25,0.9999594907407408,61.5,0.9995254629629629,503.75,0.9961130401234568,1187.95,0.9908337191358025,3444.8,0.9734197530864198,6062.3,0.9547319295101553,180.75,0.9986053240740741,575.75,0.9955574845679013,1971.4666666666667,0.9830978509373571,376.75000000000006,0.9971867532855435,665.9166666666666,0.9950275039824771,646.5,0.994655257936508,1619.733333333333,0.9879052170450019,0,1,42.99999999999999,0.9996789127837515,1045.8666666666668,0.9919300411522635,382.33333333333337,0.997145061728395
1204,GJR8820,GJR8820__ShalimarTowerGJR,4,C4-GRT-04,30,,,140,0.9991898148148148,491.91666666666663,0.9971532600308641,406,0.9976504629629629,579.5666666666668,0.9966460262345679,1158.9166666666665,0.9932933063271605,984.4999999999999,0.9943026620370371,1099.8,0.9936354166666667,1829.5499999804422,0.9897538642474214,1182.8500000000001,0.9931548032407407,3437.916666666666,0.980104648919753,1371.0833333333333,0.9911838777434842,1340.2666666666667,0.9924940262843489,2478.7500000000005,0.9861181115591399,810.2500000000001,0.9949761284722223,0,1,0,1,0,1,1034.2833333333335,0.9940145640432099,0,1
1205,GUJ5481,GUJ5481__S_AwanChowk,3,C4-HFZ-06,,Enfrashare,EC1-GUJ-01755,0,1,189,0.9985416666666667,65.25,0.9994965277777778,0,1,1993.25,0.9846199845679012,146.25000000000003,0.9988715277777778,495.0000000000001,0.9961805555555556,257.85,0.9980745967741936,0,1,0,1,188,0.9983882030178326,91.74999999999999,0.9993148894862603,3978.5333333333333,0.9702917164476303,0,1,1025.8333333333333,0.9923399542015133,819.7333333333333,0.9936748971193415,2038.2166666666667,0.9847803414974113,234.58333333333331,0.9981899434156378,2938.266666666667,0.9780595380326563
1206,GUJ5490,GUJ5490__T_SiddiqSadiqHospital.,1,C4-GUJ-01,,,,0,1,216.24999999999997,0.9949942129629629,133.74999999999997,0.9969039351851852,0,1,129.58333333333334,0.9970003858024691,0,1,0,1,133.41666666666669,0.9970112753882916,119.66666666666667,0.9972299382716049,186.16666666666669,0.995690586419753,241.91666666666663,0.9937778635116598,38.5,0.9991375448028674,160.26666666666665,0.9964097968936678,34.41666666666666,0.9991464120370371,19.91666666666667,0.9995538381123059,400.76666666666677,0.9907229938271606,60.58333333333334,0.9986428464755077,11,0.9997453703703704,239.75000000000006,0.9946292562724014
1207,RUR6255,RUR6255__S_Sheikh_Chogany_MR1R2703,3,C4-GRT-04,,GLO,,0,1,0,1,27.083333333333336,0.9997910236625515,0,1,0,1,0,1,129.66666666666669,0.9989994855967077,2219.416666666667,0.9834272949024293,0,1,811.5499999999998,0.9937380401234567,0,1,19.583333333333336,0.9998537684189566,0,1,15.75,0.9998697916666667,0,1,501,0.9961342592592592,0,1,2378.0333333333338,0.9816509773662552,68.25,0.9994903673835125
1208,GUJ5444,GUJ5444__S_SehansraGoraya,3,C4-GUJ-01,,E.Co,e.coPK017911PU,2490.3333333333335,0.9807844650205761,878.5833333333334,0.9932208076131687,5419.433333333333,0.9581833847736625,7051.750000000001,0.9455883487654322,18149.68333333333,0.8599561471193417,7327.6,0.94345987654321,8890.083333333334,0.9314036779835391,5307.0499999955755,0.960371490442088,1760.65,0.986414737654321,2034.8500000000001,0.9842989969135804,1631.3333333333333,0.9860139460448103,10795.9,0.9193854540023895,8592.533333333333,0.9358383114297092,7163.850000000001,0.9407750496031746,3707.5666666666652,0.9723150637196336,9793.483333333334,0.9244329989711935,13425.950000000003,0.8997464904420549,8562.583333333334,0.9339306841563786,14597.600000011718,0.8909976105136521
1209,FTP8761,FTP8761__Gs_laravillage,3,C4-GRT-04,,GLO,,14.333333333333332,0.9998894032921811,147.49999999999997,0.9988618827160494,6.916666666666667,0.9999466306584363,28.75,0.999778163580247,3202.416666666667,0.9752899948559671,1317.75,0.989832175925926,19.5,0.999849537037037,4826.200000007606,0.9639620669055584,4122.549999999999,0.968190200617284,26.666666666666664,0.9997942386831276,39.21666666666667,0.9996637802926384,0,1,1057.0000000000002,0.9921072281959379,1330.9833333333333,0.9889965002204586,111,0.999171146953405,2709.9833333333336,0.9790896347736626,375.85,0.997193473715651,119.83333333333333,0.9990753600823045,1562.8333333333333,0.9883300975706889
1210,JPS8771,JPS8771__DelavurPur,3,C4-GRT-04,30+20,,,17.25,0.9998668981481481,33.66666666666667,0.9997402263374485,134.50000000000003,0.9989621913580247,0,1,80.00000000000001,0.9993827160493827,0,1,22.25,0.9998283179012346,0,1,0,1,86.41666666666666,0.9993332047325103,57.29999999999999,0.9995087448559672,0,1,0,1,15.5,0.9998718584656084,0,1,22.416666666666668,0.999827031893004,0,1,0,1,0,1
1211,RUR5623,RUR5623__S_DullamKahalwan,3,C4-NRW-05,,Enfrashare,EC1-PSR-02084,3129.75,0.9758506944444444,1665.3333333333333,0.987150205761317,26,0.9997993827160494,4040.15,0.9688260030864196,1347.666666666667,0.9896013374485597,4313.166666666667,0.9667193930041152,205.50000000000003,0.9984143518518519,981,0.9926747311827957,15900.3,0.8773125,349.8333333333333,0.9973006687242798,2178.1833333333334,0.98132558870599,3794.8999999999996,0.9716629330943847,4300.733333333333,0.9678858024691358,244.5,0.9979786706349206,60.999999999999986,0.9995445041816009,577.1166666666666,0.9955469393004115,3460.7833333333333,0.9741578305455993,1137.5833333333333,0.9912223508230453,10439.916666666664,0.9220436330147352
1212,GJR3335,GJR3335__GujratBypassShadiwa,4,C4-GRT-04,30+30+31,,,1778.9499999999998,0.989705150462963,920.8333333333335,0.9946711033950618,1250.416666666667,0.9927637924382716,380.58333333333337,0.997797550154321,1398.6666666666667,0.9919058641975309,79.66666666666669,0.9995389660493826,817.0833333333333,0.9952715084876543,653.399999978114,0.9963407258065742,0,1,259.91666666666663,0.9984958526234569,375.41666666666663,0.9975860553840877,79.8,0.9995530913978494,1260.9666666666667,0.992938134707288,9.166666666666666,0.9999431630291005,0,1,0,1,0,1,0,1,0,1
1213,GJR3401,GJR3401__JalalpurRdGujrat,3,C4-GRT-04,27,,,195,0.9984953703703704,752.4166666666667,0.9941943158436214,81.58333333333333,0.9993704989711933,0,1,2349.6666666666665,0.9818698559670781,913.25,0.9929533179012345,2014.5500000000002,0.9844556327160494,179.83333333333331,0.9986571585025886,881.9666666666665,0.9931947016460906,626.75,0.9951639660493826,0,1,675.1666666666667,0.9949584328952608,1442.2333333333333,0.9892306352050976,210.73333333333335,0.9982578262786597,357.08333333333337,0.9973336071286341,1876.8,0.9855185185185185,908.3999999999999,0.9932168458781362,1482.7833333333328,0.9885587705761317,648.3,0.9951590501792115
1214,GJR3403,GJR3403__RailwayStnGJR,4,C4-GRT-04,9,,,577,0.9966608796296296,262.9166666666667,0.9984784915123457,0,1,37,0.9997858796296296,957.1166666666667,0.9944611304012345,0,1,1313.7333333333331,0.9923973765432099,17.833333333333332,0.9999001269414576,1918.0833333333335,0.9888999807098766,940.7333333333333,0.9945559413580247,980.3333333333331,0.9936964163237312,0,1,1138.6,0.9936234318996416,0,1,479.00000000000006,0.9973174283154121,0,1,59,0.9996695788530466,1.583333333333333,0.999990837191358,0,1
1215,RUR5792,RUR5792__S_Romal,3,C4-NRW-05,,Enfrashare,EC1-NRW-02595,0,1,0,1,20.5,0.9998418209876543,126.41666666666669,0.9990245627572016,0,1,731.5833333333334,0.9943550668724279,1270.8333333333333,0.9901941872427983,1633.4666666666665,0.9878026682596576,18659.28333333333,0.8560240483539096,2928.9666666666667,0.9773999485596708,3705.75,0.9682291666666667,4425.333333333334,0.9669553962564715,4301.733333333334,0.9678783353245719,1931.2833333333333,0.9840337026014109,1596.6166666666663,0.9880778325368379,2512.3333333333335,0.9806147119341564,594.75,0.9955589157706093,11.25,0.9999131944444444,1379.2333333333331,0.9897010653126245
1216,RUR5728,RUR5728__S_Karmabad,3,C4-WZD-07,,Enfrashare,EC1-WZD-02326,0,1,0,1,0,1,0,1,1636.3333333333333,0.9873739711934156,76.41666666666667,0.9994103652263375,0,1,198.6166666606131,0.9985169006372415,600.9166666666665,0.9953632973251029,2006.0999999999995,0.9845208333333333,1923.1666666666667,0.9835119455875629,1215.4166666666667,0.9909243080446037,1521.2333333333333,0.988640730784548,62.750000000000014,0.9994812334656085,0,1,321.41666666666663,0.997519933127572,0,1,897.8666666666666,0.9930720164609054,263.41666666666663,0.9980330296694544
1217,KNJ3535,KNJ3535__PunghtaTalabKunjah,3,C4-GRT-04,30,,,56.333333333333336,0.999565329218107,471.2499999999999,0.996363811728395,0,1,29.5,0.9997723765432098,13.5,0.9998958333333333,13.25,0.999897762345679,0,1,33.99999999557622,0.9997461170848598,0,1,0,1,394.8333333333333,0.9966149405578417,0,1,357.75,0.997328629032258,95.33333333333333,0.9992118606701941,0,1,187.63333333333333,0.9985522119341564,0,1,0,1,447.75,0.9966565860215054
1218,SKL9913,SKL9913__RasheedaVillage,3,C4-GRT-04,20,,,544.9,0.995795524691358,1019.9166666666666,0.9921302726337449,544.1333333333334,0.9958014403292181,56.83333333333334,0.9995614711934157,1108.166666666667,0.9914493312757202,373.5000000000001,0.9971180555555555,0,1,0,1,11.833333333333334,0.9999086934156378,42.33333333333333,0.999673353909465,41.25,0.9996463477366255,626.6666666666667,0.9953205894066108,965.1666666666667,0.9927929609717245,67.75,0.9994398974867725,42.24999999999999,0.9996845131421744,313,0.9975848765432098,519.7166666666668,0.9961192005177221,27,0.9997916666666667,13.5,0.9998991935483871
1219,RUR5532,RUR5532__S_CitiHousing,3,C4-GUJ-01,,Enfrashare,EC1-GUJ-02153,0,1,0,1,9,0.9999305555555555,0,1,2852.2833333333338,0.977991640946502,0,1,1516.0333333333333,0.9883022119341563,2168.9,0.9838045101553167,1047.75,0.9919155092592592,5,0.9999614197530865,0,1,920.5833333333334,0.9931258711668657,0,1,0,1,182.41666666666663,0.9986378683791318,643.5,0.9950347222222223,342.4833333333334,0.9974426274392673,2404.4500000000003,0.9814471450617285,5.000000000000001,0.9999626642771804
1220,LLM6252,LLM6252__S_Lalamusa_GT_Rd_MDLM4189,3,C4-GRT-04,27,,,0,1,0,1,645.9666666666666,0.9950156893004114,0,1,806.3666666666668,0.9937780349794239,0,1,1893.5999999999997,0.9853888888888889,2731.783333369034,0.9796013789324296,2148.083333333333,0.9834252829218108,2372.05,0.9816971450617283,1341.5,0.9884987997256516,0,1,0,1,90,0.9992559523809524,0,1,0,1,0,1,280.5833333333333,0.9978350051440329,271.25,0.9979745370370371
1221,GUJ1501,GUJ1501__GMCnewmuslimColonyGUJ,3,C4-GUJ-01,,CMPak,5618,0,1,323.6666666666667,0.997502572016461,0,1,1110.8666666666666,0.9914284979423869,0,1,274,0.9978858024691358,1588.1666666666665,0.9877456275720164,0,1,1207.7333333333333,0.9906810699588477,320.58333333333337,0.9975263631687242,161,0.9986196844993142,921.4166666666667,0.9931196485463958,3388.4833333333336,0.9746977050975707,1188.533333333333,0.9901741622574955,2461.2166666666662,0.9816217393468737,6834.050000000001,0.9472681327160494,0,1,10000.133333333331,0.9228384773662551,54,0.9995967741935483
1222,SKT8756,SKT8756__S_BabaUmarShaheedGraveyard_CMPak43342,3,C4-SKT-03,,CMPak,43342,,,,,8987.949999999999,0.9306485339506173,3634.116666666667,0.9719589763374485,9938.300000000001,0.9233155864197531,4185.05,0.9677079475308642,1680.2000000000003,0.9870354938271605,5144.0666666666675,0.9615885105535643,35828.31666666666,0.7235469393004115,196,0.9984876543209876,1237.2166666666667,0.989392861225423,1030.5,0.9923051075268817,706.0000000000001,0.9947281959378733,4740.166666666666,0.9608121141975309,1929.8333333333335,0.9855896555157309,7686.2,0.940692901234568,15526.733333333334,0.8840596375945838,4808.016666666666,0.9629011059670782,30230.049999999996,0.7742678464755077
1223,SKT5805,SKT5805__S_AdalatGarh,3,C4-SKT-03,,Enfrashare,EC1-SKT-03279,243.99999999999997,0.9981172839506174,451.5833333333333,0.9965155606995885,895.6666666666667,0.9930889917695473,0,1,1170.8666666666666,0.9909655349794239,287.41666666666663,0.9977822788065843,1794.1666666666665,0.986156121399177,8782.88333328956,0.9344169404622942,6509.666666666668,0.9497710905349794,441.19999999999993,0.9965956790123457,99.08333333333333,0.9991505201188844,587.8833333333332,0.9956101901632816,4905.783333333334,0.9633678066507367,176.41666666666669,0.9985415288800705,1309.3833333333332,0.9902226453604142,4566.216666666666,0.964766846707819,515.4833333333332,0.9961508114297092,838.1000000000001,0.9935331790123456,15149.93333333333,0.8868732576662685
1224,SKT5746,SKT5746__S_Rangpura,3,C4-SKT-03,,Enfrashare,EC1-SKT-02135,220.33333333333331,0.9982998971193416,62.499999999999986,0.9995177469135803,10.75,0.9999170524691359,0,1,1886.283333333333,0.9854453446502057,743.4166666666667,0.9942637602880658,416.25,0.9967881944444444,3984.5000000000005,0.9702471624850656,381.74999999999994,0.9970543981481481,832.05,0.9935798611111112,0,1,2466.133333333333,0.9815850258861012,1243.5500000000002,0.9907142323775388,2006.4333333333334,0.9834124228395063,703.9999999999999,0.9947431302270011,1047.166666666667,0.9919200102880659,0,1,4114.083333333334,0.968255529835391,3156.3166666666666,0.9764313271604937
1225,SKG6077,SKG6077__S_SaeedMarketDarmanRd,3,C4-NRW-05,,Enfrashare,EC1-SKG-03694,2632.75,0.9796855709876543,6419.133333333334,0.9504696502057612,238.91666666666669,0.9981565072016462,3938.183333333334,0.9696127829218106,4057.2000000000003,0.9686944444444444,3518.083333333333,0.9728542952674897,1211.3333333333335,0.99065329218107,5871.866666666667,0.9561539227399443,1556.2166666666667,0.9879921553497942,3500.3666666666672,0.9729909979423869,2413.933333333333,0.9793044124371285,4325.616666666667,0.9676999950219036,2437.9666666666662,0.9817953504579848,512.9166666666667,0.9957596175044091,1949.2166666666667,0.9854449173636002,898.55,0.9930667438271605,541.4666666666667,0.9959567901234568,5436.633333333333,0.9580506687242799,550.6666666666666,0.9958880923934688
1226,GUJ0774,GUJ0774__S_ChiraghNagar_CMPak4926,3,C4-GUJ-02,,CMPak,4926,,,,,0,1,0,1,1915.8333333333335,0.9852173353909466,0,1,7.749999999999999,0.999940200617284,620.3333333333335,0.9953678813221823,276.5,0.997866512345679,494.13333333333327,0.9961872427983539,926.8333333333334,0.9920538980338363,25109.833333333332,0.8125012445240941,8668.9,0.9352680704898446,3543.6499999999996,0.9707039517195767,1641.6999999999998,0.9877411887694145,14228.35,0.8902133487654321,8168.349999999999,0.9390057497013141,5221.55,0.959710262345679,9042.666666665733,0.9324771007566777
1227,NRW5629,NRW5629__S_NarowalPark,3,C4-NRW-05,,Enfrashare,EC1-NRW-02268,1210.7500000000002,0.9906577932098766,565.9166666666667,0.9956333590534979,262.9166666666667,0.9979713220164609,814.3333333333333,0.9937165637860081,841,0.9935108024691358,550.75,0.9957503858024691,952.7500000000002,0.9926485339506174,1573.9,0.9882474611708483,1675.6333333333332,0.9870707304526749,1773.9666666666667,0.9863119855967077,273.91666666666663,0.99765160608139,1055,0.9921221624850657,2853.1499999999996,0.9786951164874551,1775.916666666667,0.9853181492504409,2416.883333333333,0.9819527827558742,1733.3833333333334,0.986625128600823,741.9166666666666,0.9944600009956193,1537.1000000000001,0.9881396604938272,2989.5,0.9776769713261649
1228,HJN1205,HJN1205__S_Hujan_ M3_CMPAK_7058,3,C4-HFZ-06,,CMPak,7058,93.00000000000001,0.9992824074074075,37.74999999999999,0.9997087191358025,333.9999999999999,0.9974228395061728,0,1,2818.9166666666665,0.9782490997942387,178.24999999999994,0.9986246141975309,100.25,0.9992264660493827,71.91666666666667,0.9994629878534448,0,1,150.00000000000003,0.9988425925925926,62.500000000000014,0.9994641632373115,0,1,2231.3999999999996,0.9833378136200718,1233.8000000000002,0.9897999338624339,0,1,980.5833333333331,0.9924337705761317,1232.25,0.9907986111111111,1307.2499999999998,0.9899131944444445,2466.9499999999994,0.9815789277180406
1229,NRW5877,NRW5877__S_PTCLExchange_PTCL2090,3,C4-NRW-05,,PTCL,GTRP2090,220.66666666666669,0.9982973251028807,0,1,0,1,231.16666666666666,0.9982163065843622,915.4166666666665,0.9929365997942387,3088.0833333333335,0.9761721965020576,1022.8333333333333,0.992107767489712,16228.766666666665,0.878817453205894,6622.816666666666,0.948898019547325,3127.0333333333333,0.9758716563786008,2897.633333333333,0.9751574645633287,1361.5,0.9898334826762246,5939.466666666666,0.9556491437674234,3818.499999999999,0.9684317129629629,1531.3833333333332,0.9885649392672242,4591.550000000001,0.9645713734567901,4550.866666666667,0.966018020708881,2406.7333333333336,0.9814295267489712,10313.166666666666,0.9229900935882118
1230,GUJ6134,GUJ6134__S_SectorYPeoplesColony_CMPak5222,3,C4-GUJ-01,,CMPak,CMPak5222,0,1,0,1,0,1,651.0333333333333,0.9949765946502057,1979.0833333333335,0.9847292952674898,0,1,14.25,0.9998900462962963,0,1,16.25,0.9998746141975309,196.15000000000003,0.9984864969135802,233.83333333333331,0.9979952560585277,162.3,0.998788082437276,279.91666666666663,0.9979098217841498,0,1,0,1,299,0.9976929012345679,112.75000000000003,0.9991580794504182,3882.4166666666665,0.9700430812757201,2404.583333333334,0.9820446286340103
1231,GUJ6293,GUJ6293_S_PipliwalaGoraya ,3,C4-GUJ-01,,E.Co,e.coPK018438PU,2153.95,0.9833800154320987,1294.0833333333333,0.9900147890946502,652.5,0.9949652777777778,675.3333333333333,0.9947890946502058,3741.9666666666667,0.9711268004115226,891.8333333333334,0.9931185699588476,2521.75,0.9805420524691358,4706.949999995732,0.9648525238948945,8771.666666666666,0.9323173868312757,1412,0.989104938271605,2733.7,0.9765629286694102,2162.4666666666667,0.9838525487853446,4143.450000000001,0.9690602598566308,1050.75,0.991313244047619,1154.0333333333335,0.991382666268419,1480.7500000000002,0.9885744598765431,3019.1499999999996,0.9774555704898447,1090.4166666666667,0.9915862911522634,1084.55,0.9919015083632019
1232,RUR6275,RUR6275_S_JamiaMasjidAsharfia,3,C4-NRW-05,,E.Co,e.coPK018413PU,2344.5,0.9819097222222223,3411.916666666667,0.973673482510288,1312.5833333333333,0.9898720421810699,1045.6666666666667,0.9919315843621399,784.6666666666667,0.9939454732510288,2489.833333333333,0.9807883230452675,0,1,611.0333333333334,0.9954373257666268,14748.633333333335,0.886198816872428,1204.1999999999998,0.9907083333333334,2188.8166666666666,0.9812344250114312,5707.799999999999,0.9573790322580645,8259.016666666666,0.9383287285941856,3044.333333333334,0.9748319003527337,675,0.9949596774193549,3607.866666666667,0.9721615226337448,2968.2166666666662,0.9778358970529669,3784.183333333334,0.970801054526749,4811.216666666667,0.9640739496216646
1233,RUR5689,RUR5689__S_GurahMahantan,3,C4-GRT-04,,Enfrashare,EC1-KHR-02512,837,0.9935416666666668,763.1666666666665,0.9941113683127573,0,1,2315.3333333333335,0.9821347736625515,1636,0.9873765432098766,1068.0333333333333,0.9917590020576132,415.4166666666668,0.9967946244855967,450.59999999999997,0.9966353046594982,0,1,0,1,101.1,0.9991332304526749,0,1,663.4166666666665,0.9950461718438869,21.75,0.9998201884920636,0,1,832.3333333333333,0.9935776748971193,0,1,1665.0000000000002,0.9871527777777778,411.6333333333333,0.9969262743926722
1234,RUR6206,RUR6206__S_BhikhiSharief_MDMB4981,3,C4-MBD-08,,CMPak,4846,1155.25,0.9910860339506173,1263.25,0.9902527006172839,0,1,227,0.9982484567901234,46.08333333333333,0.9996444187242798,0,1,169.74999999999997,0.998690200617284,259.99999999045394,0.9980585424134525,0,1,190.58333333333331,0.9985294495884774,71.58333333333334,0.9993862882944673,824.8333333333333,0.993840850258861,0,1,349.14999999999986,0.9971135085978835,0,1,1925.2333333333333,0.985144804526749,8.25,0.9999383960573476,765.5000000000001,0.9940933641975309,389.5,0.9970915471923536
1235,KHR5301,KHR5301__S_NearMTPark_CMPak7503,3,C4-MBD-08,,CMPak,7503,1430.75,0.988960262345679,3019.4166666666665,0.9767020318930041,8089.333333333332,0.937582304526749,21475.999999999996,0.8342901234567901,24226.599999999995,0.8130663580246914,14975.583333333336,0.8844476594650206,18584.166666666664,0.8566036522633744,31773.050000012343,0.7627460424132889,18700.666666666668,0.855704732510288,79.16666666666667,0.999389146090535,2641.5333333333333,0.9773531092821216,25,0.9998133213859021,0,1,612.0833333333335,0.9949397872574955,0,1,1956.1166666666666,0.9849065072016461,0,1,0,1,351.7500000000001,0.9973734318996417
1236,SKT6487,SKT6487__S_MahalKingra,3,C4-SKT-03,,ATL,ATSLK14,213.66666666666663,0.9983513374485596,11230.933333333332,0.9133415637860083,4181.783333333334,0.9677331532921811,0,1,1512.7000000000003,0.9883279320987655,1940.0833333333333,0.9850302211934157,1089.1166666666666,0.9915963220164609,13028.866666666665,0.9027115690959778,6081.05,0.9530783179012345,3336.5833333333335,0.9742547582304526,1426.066666666667,0.987773776863283,2187.5333333333333,0.9836653723616089,9435.116666666667,0.9295466198725607,631.3333333333334,0.9947806437389771,17.75,0.9998674581839905,10343.216666666665,0.9201912294238683,227.5,0.9983012246117084,328.30000000000007,0.9974668209876544,575.5000000000001,0.9957026583034647
1237,RUR5691,RUR5691__S_SookKalan,3,C4-GRT-04,,E.Co,e.coPK017060PU,1740.3333333333335,0.9865715020576131,936.7000000000002,0.9927723765432098,325.8833333333333,0.9974854681069959,957.9,0.9926087962962963,768.25,0.9940721450617284,2261.3333333333335,0.982551440329218,623.95,0.9951855709876543,1493.6666666666667,0.9888465750696933,443.58333333333337,0.9965772890946503,1193.083333333333,0.9907941100823046,510.83333333333337,0.9956204275262917,15.5,0.9998842592592593,438.2499999999999,0.9967275238948626,832.5,0.9931175595238095,797.4166666666665,0.9940455744723218,335.25,0.9974131944444444,139.5,0.9989583333333333,1838.0833333333335,0.9858172582304526,1826.3999999927823,0.9863620071685126
1238,RUR0468,RUR0468__S_SalehPur,4,C4-GUJ-01,,Ufone,7744,1049.083333333333,0.9939289158950618,4466.249999999999,0.9741536458333333,2093.483333333333,0.9878849344135803,6629.25,0.9616362847222223,14718.583333333332,0.9148230131172839,3885.0166666666664,0.9775172646604937,3160.666666666667,0.9817091049382717,1120.0833333333333,0.9937271318697729,6006.716666666667,0.9652389081790124,22575.4,0.8693553240740741,10651.816666666666,0.9315083804869684,9826.300000000001,0.9449691980286739,7758.849999999999,0.9565476590501792,2778.316666666666,0.9827733341600529,6436.066666666668,0.963955719832736,7037.083333333333,0.959276138117284,14412.85,0.9192828741039426,8425.733333333332,0.9512399691358024,9971.966666666667,0.9441534124850657
1239,GHA5646,GHA5646_H_USF_USLK015_Wali Pur Bur Narowal,3,C4-NRW-05,,Enfrashare,EC1-SKT-06956,35.75,0.9997241512345678,407.58333333333337,0.996855066872428,0,1,183.33333333333334,0.9985853909465021,421.25,0.9967496141975309,458.7833333333333,0.996460005144033,1272.1500000000005,0.9901840277777778,610.2833333333333,0.9954429261250497,270.08333333333337,0.9979160236625515,105.75,0.9991840277777777,1453.4166666666665,0.9875392946959305,3191.4833333333327,0.9761687325766627,574.5833333333333,0.9957095031859816,0,1,714.5833333333335,0.9946641029470331,319.83333333333337,0.9975321502057614,56.25,0.9995799731182795,377,0.9970910493827161,743.25,0.9944500448028674
1240,RUR5662,RUR5662_H_USF_USLK021_Changa BaghatPur Rd Madharian Wala Kalar Sialkot,3,C4-NRW-05,,Enfrashare,EC1-SKT-06962,3247.333333333333,0.9749434156378601,0,1,0,1,0,1,63.16666666666666,0.9995126028806584,277.16666666666663,0.9978613683127573,1144.8666666666666,0.9911661522633745,1848.716666666667,0.9861953653922739,1857.5,0.985667438271605,3157.5833333333335,0.9756359310699588,842.4999999999999,0.9927769204389576,2715.5333333333333,0.9797227200318598,3286.183333333334,0.9754615939864596,1521,0.9874255952380951,361.33333333333326,0.9973018717642375,1110.1999999999996,0.9914336419753086,1206.6666666666665,0.990989645559538,433.08333333333337,0.9966583076131686,2100.7166666666667,0.9843136449621664
1241,GUJ8809,GUJ8809__S_KhalidColony_CMPak7894,3,C4-GUJ-02,,CMPak,7894,,,,,1802.5333333333335,0.9860915637860083,139.50000000000003,0.9989236111111112,1125.5,0.991315586419753,3563.383333333333,0.9725047582304527,187.66666666666669,0.9985519547325103,151.99999999999997,0.9988649940262843,225.75000000000006,0.9982581018518519,161.5,0.9987538580246914,279.95,0.9975998799725652,373.25,0.9972128882915173,2352.65,0.9824324223416966,81.25000000000001,0.9993282903439153,230,0.9982825567502986,4519.150000000001,0.9651300154320989,871.3333333333333,0.9934936280366388,7589.6,0.9414382716049383,202.16666666666669,0.9984903922739945
1242,GUJ5755,GUJ5755_H_Park Canal View Sector 2 Canal View,3,C4-GUJ-01,,ATL,ATGJW16,0,1,0,1,0,1,802.75,0.9938059413580247,0,1,0,1,394.1666666666667,0.9969585905349794,0,1,0,1,0,1,0,1,75.33333333333333,0.9994374751095181,153.25,0.9988556600955795,286.33333333333314,0.9976328262786596,0,1,346.75,0.9973244598765432,0,1,0,1,0,1
1243,SKT5831,SKT5831 LTE_SKT5831_H_Chenab Rangers Rd Saidanwali Sialkot,3,C4-SKT-03,,Enfrashare,EC1-SKT-07862,229.25,0.9982310956790124,0,1,0,1,0,1,782.9499999999999,0.9939587191358025,0,1,24.58333333333333,0.9998103137860082,2899.9166666666665,0.9783459030266826,0,1,788.7333333333335,0.9939140946502057,613.5,0.9947402263374485,1975.3666666666666,0.9852496515332537,556.5,0.9958445340501793,1526.25,0.9873821924603174,269.5,0.9979876045400239,190.91666666666666,0.9985268775720165,372,0.9972222222222222,1673.6333333333334,0.9870861625514403,1832.7333333333333,0.9863147152528873
1244,RUR5719,RUR5719_H_USF_USLK016_Ikhlas Pur Narowal,3,C4-NRW-05,,Enfrashare,EC1-SKT-06957,2263.416666666667,0.9825353652263373,18.25,0.9998591820987655,1307.7000000000003,0.9899097222222223,715.0833333333333,0.9944823816872428,223.75,0.9982735339506174,3069.9166666666665,0.976312371399177,8556.116666666667,0.9339805812757201,10738.3,0.9198155615292712,3353.433333333333,0.9741247427983539,6790.150000000001,0.9476068672839506,4262.533333333333,0.9634556470050297,2388.6999999999994,0.9821632317801672,4722.316666666667,0.964737778773397,701.5833333333335,0.9941998732363315,392.08333333333337,0.9970722570688969,3191.083333333333,0.9753774434156378,2603.733333333333,0.980557546794106,3402.8499999999995,0.9737434413580247,6527.133333333333,0.9512609518120272
1245,GUJ5569,GUJ5569_H_Sardar Colony Gujranwala,3,C4-GUJ-01,,Enfrashare,EC1-GUJ-07835,1165.5,0.9910069444444445,5885.666666666667,0.9545859053497943,1267.8333333333335,0.9902173353909466,1999.15,0.9845744598765432,1894.783333333333,0.9853797582304528,0,1,95.00000000000001,0.9992669753086421,0,1,0,1,30.999999999999993,0.9997608024691358,1028.1666666666665,0.9911851280292638,1774.5499999999997,0.9867491786140979,2160.3500000000004,0.9838683542413381,248.75,0.99794353505291,366.7499999999999,0.9972614247311827,3410.4500000000003,0.973684799382716,1097.8,0.9918025686977301,545.4,0.9957916666666666,6044.666666666667,0.954863600159299
1246,GUJ5261,GUJ5261__S_KotSahan_CMPak7593,3,C4-GUJ-02,,CMPak,7593,245.25,0.9981076388888889,2511.1833333333334,0.9806235853909464,285.75,0.9977951388888888,658.2499999999998,0.9949209104938272,6324.783333333334,0.9511976594650206,240,0.9981481481481481,298.3333333333333,0.9976980452674897,1815.1833333333338,0.9864457636399842,81.41666666666667,0.9993717849794238,48.08333333333333,0.9996289866255144,0,1,1454.25,0.9891409050179212,901.3333333333333,0.9932696136997212,52.58333333333333,0.9995652832892417,0,1,332.25,0.9974363425925925,8073.966666666666,0.9397105236957387,932.7499999999999,0.9928028549382717,8646.233333333334,0.9354373257666267
1247,RUR5842,RUR5842_H_near graveyard Baba Azeem Doga Sharif Gujrat,3,C4-GRT-04,,Enfrashare,EC1-GUT-07859,0,1,687.25,0.9946971450617283,6.999999999999999,0.999945987654321,216.5,0.998329475308642,2289.733333333333,0.982332304526749,132.49999999999997,0.9989776234567901,14.25,0.9998900462962963,0,1,0,1,26.833333333333336,0.9997929526748972,1185.4166666666665,0.9898369627343392,0,1,0,1,15.75,0.9998697916666667,299.75,0.9977617234169653,0,1,566.9999999999999,0.995766129032258,0,1,855.1666666666666,0.9936143468737555
1248,GJR8847,GJR8847__S_Lundpur_CMPak7149,3,C4-GRT-04,,CMPak,CMPak_7149,,,,,0,1,4541.5,0.9649575617283951,175.99999999999997,0.9986419753086421,977.7500000000001,0.9924556327160494,0,1,2926.7499999842144,0.9781455346476686,0,1,13804.25,0.893485725308642,1017.25,0.9912787208504801,211,0.9984244324970132,521.8333333333335,0.9961033950617284,0,1,2640.05,0.9802863649940262,1533.0666666666664,0.9881707818930042,0,1,1726.8833333333334,0.9866752829218107,947.2833333333335,0.9929264984070092
1249,RUR5948,RUR5948_H_Daulat Nagar Gujrat,3,C4-GRT-04,,Enfrashare,EC1-JPB-07861,56.33333333333333,0.999565329218107,796.8333333333333,0.9938515946502058,552.0999999999999,0.9957399691358024,245.73333333333335,0.9981039094650206,329.75,0.9974556327160493,2588,0.9800308641975309,253.75,0.9980420524691358,908.0833333333334,0.9932192104739148,0,1,67.99999999999999,0.9994753086419753,499.28333333333336,0.9957194501600365,126.16666666666669,0.9990578952608523,1219.6833333333334,0.9908924482277978,15.75,0.9998697916666667,806.45,0.9939781212664278,19.166666666666668,0.9998521090534979,806.75,0.9939758811230586,0,1,147,0.9989023297491039
1250,GUJ6583,"Ariana Wali Gali, Urdu Bazar",1,C4-GUJ-01,,,,0,1,9.5,0.9997800925925925,0,1,7,0.9998379629629629,0,1,0,1,251.75000000000006,0.9941724537037037,1707.35,0.9617529121863799,0,1,3438.8499999999995,0.9203969907407408,0,1,0,1,0,1,0,1,0,1,0,1,0,1,6.916666666666667,0.9998398919753086,0,1
1251,RUR5650,RUR5650_USF_USLK007_Chak Dodhoo Narowal,3,C4-NRW-05,30,Jazz,Solar+DG,0,1,891,0.993125,0,1,292.41666666666663,0.9977436985596708,1919.4166666666672,0.9851896862139918,924.5833333333334,0.9928658693415637,2826.25,0.9781925154320987,4596.733333333334,0.9656755276782159,7698.066666666667,0.9406013374485596,3942.133333333333,0.969582304526749,2341.0833333333335,0.9799289837677183,5081.216666666666,0.9620578205894066,6070.933333333333,0.9546674631620868,231,0.9980902777777777,822.5833333333333,0.9938576513341298,749.7499999999999,0.9942148919753087,904.75,0.9932441009557945,7111.033333333334,0.94513091563786,6532.566666666666,0.9512203803265631
1252,RUR1914,USF_Kalas Shareef,2,C4-MBD-08,,ATL,ATMIA3,938.7666666666667,0.9891346450617284,64.33333333333331,0.9992554012345678,0,1,0,1,660.75,0.9923524305555556,1375.5833333333335,0.9840788966049382,3773.266666666667,0.9563279320987654,1009.1666666666669,0.9886966099163679,1030.0166666666667,0.9880785108024692,744.4166666666667,0.9913840663580247,1389.05,0.9880911351165981,2413.9666666666667,0.9819745619275189,2896.75,0.9783695489844684,17.5,0.9998553240740741,1506.0833333333333,0.9887538580246914,3063.083333333333,0.9763650977366255,1633.3000000000002,0.9878039127837515,578.0833333333333,0.9955394804526749,2240.516666666667,0.9832697381521307
1253,GHK5812,GHK5812_H_Pir Kot Gujranwala,3,C4-GUJ-02,,Tawal,TWPGRW0003,1560.2833333333333,0.9879607767489712,1188.4833333333333,0.990829603909465,1805.4166666666665,0.9860693158436215,107.25,0.9991724537037037,671.0000000000001,0.9948225308641975,2694.2,0.9792114197530865,76.33333333333333,0.9994110082304526,37.08333333333333,0.999723093389088,2078.183333333334,0.9839646347736626,0,1,78.75,0.9993248456790124,756.1333333333333,0.9943538430904022,6317.6833333333325,0.9528249452409399,935.8666666666668,0.9922630070546736,2620.5499999999997,0.9804319743130228,1682.9166666666665,0.9870145318930041,7.166666666666666,0.9999464854639587,995.5500000000002,0.992318287037037,420.21666666666664,0.996862181401832
1254,GHK5824,GHK5824_H_Ghakhar Gujranwala,3,C4-GUJ-02,,Tawal,TWPGRW0001,510.25,0.9960628858024692,0,1,24.750000000000004,0.9998090277777777,0,1,993.4999999999999,0.9923341049382717,11.91666666666667,0.9999080504115225,0,1,0,1,0,1,0,1,134.66666666666669,0.9988454503886602,585.2333333333333,0.995629978096376,553.5666666666667,0.9958664376742334,10.83333333333333,0.999910438712522,465.33333333333326,0.9965252887295898,987.0500000000002,0.9923838734567901,881.9166666666666,0.9934146007566705,371.8333333333333,0.99713091563786,289.75,0.9978363948626046
1255,GJR5862,GJR5862_H_Near Sarafa Bazar Main Bazaar ,3,C4-GRT-04,,Enfrashare,EC1-GUT-00411,661.75,0.9948939043209876,39,0.9996990740740741,0,1,0,1,1278.0000000000002,0.9901388888888889,0,1,1882.1666666666667,0.9854771090534978,0,1,0,1,0,1,26.75,0.9997706618655693,26.25,0.999803987455197,338.7333333333334,0.9974706292313819,0,1,0,1,2243.383333333333,0.9826899434156379,266,0.9980137395459977,1.583333333333333,0.9999877829218107,0,1
1256,GUJ5900,GUJ5900_H_Mubarak Colony Gujranwala,3,C4-GUJ-01,,E.co,e.coPK019561PU,103.0833333333333,0.999204603909465,610.4166666666666,0.9952899948559671,1841.9166666666667,0.9857876800411524,4115.083333333333,0.9682478137860082,16722.33333333333,0.8709696502057613,35.416666666666664,0.9997267232510287,2861.8666666666672,0.977917695473251,52.583333333333336,0.9996073526483472,0,1,268.5666666666666,0.9979277263374486,1621.1000000000001,0.9861016803840877,3045.366666666667,0.9772598068498606,2306.5833333333335,0.9827764088012744,4279.45,0.964620949074074,1421.9833333333333,0.9893818448825169,343.1666666666667,0.9973521090534979,70.25000000000001,0.9994754330943847,866,0.9933179012345679,232.83333333333331,0.998261399840701
1257,GUJ5891 ,GUJ5891_H_New Gulshan colony bazar New Gulshan colony bazar,3,C4-GUJ-02,,E.Co,e.coPK019564PU,0,1,0,1,0,1,0,1,0,1,0,1,0,1,0,1,0,1,0,1,4190.433333333333,0.9640737882944673,0,1,0,1,0,1,0,1,0,1,0,1,0,1,0,1
1258,RUR6617,RUR6617_H_USF_MOT_M2_U5_Kot Sarwar Hafizabad,4,C4-HFZ-06,,Enfrashare,EUC-HFZ-08891,4619.566666666667,0.9732663966049383,1748.3166666666666,0.9898824266975309,6688.833333333335,0.9612914737654321,1927.1666666666667,0.9888474151234569,6463.849999999999,0.9625934606481482,5369.333333333333,0.9689274691358025,4951.266666666667,0.9713468364197532,2638.4,0.9852240143369175,1572.5833333333337,0.9908994020061728,183.33333333333331,0.9989390432098766,813.8666666666666,0.9947668038408779,3553.3500000000004,0.9800999663978495,3589.583333333333,0.979897046744325,1944.7,0.9879420882936507,0,1,455.83333333333337,0.997362075617284,1049.65,0.994121583781362,381,0.9977951388888888,2604.8999999999996,0.9854116263440861
1259,RUR6618,RUR6618_H_USF_MOT_M2_U6_Nauthen Hafizabad,3,C4-HFZ-06,,Enfrashare,EUC-HFZ-08892,294.8666666666667,0.9977247942386832,0,1,33.08333333333333,0.9997447273662552,249.66666666666669,0.9980735596707819,880.3999999999999,0.9932067901234568,1075.9833333333333,0.9916976594650205,1629.2666666666669,0.9874284979423869,502,0.9962514934289127,1311.4,0.9898811728395062,598.9499999999999,0.9953784722222223,1176.6666666666667,0.9899119798811157,1268.8166666666666,0.9905255625248905,1474.1666666666665,0.9889921843886897,1328.6999999999998,0.989015376984127,0,1,0,1,912.0833333333335,0.9931893418956591,726.2500000000001,0.9943962191358026,901.4499999999999,0.9932687425328554
1260,NVK6051,NVK6051__S_KidsPlanetMontessori,3,C4-HFZ-06,,Enfrashare,EC1-GUJ-05919,42.74999999999999,0.9996701388888889,604.1666666666667,0.995338220164609,135.5,0.998954475308642,0,1,1956.5,0.9849035493827161,0,1,451.8,0.9965138888888889,7.250000000000001,0.9999458632019116,0,1,878.1666666666667,0.9932240226337449,1291.4166666666665,0.9889281835848194,448.5833333333334,0.9966503634010354,777.3833333333333,0.994195166268419,625.5,0.994828869047619,710.3333333333335,0.9946958383114297,1127.75,0.991298225308642,203.16666666666666,0.9984829251294305,1705.6999999999998,0.9868387345679013,669.5,0.9950007467144565
1261,SKT6057,SKT6057__S_Buttar,3,C4-SKT-03,,Enfrashare,EC1-SKT-04024,320.25,0.9975289351851852,724,0.9944135802469135,0,1,606.2500000000002,0.9953221450617283,929.25,0.9928298611111112,0,1,0,1,1980.2500000000005,0.9852131869772998,712.9666666666668,0.9944987139917696,250.5,0.9980671296296296,220.56666666666666,0.998108996342021,339.5833333333333,0.9974642821585026,668.25,0.9950100806451613,128.74999999999997,0.9989355985449735,0,1,1002.9166666666667,0.992261445473251,0,1,150.08333333333334,0.9988419495884774,1235.25,0.9907762096774193
1262,SKT6066,SKT6066__S_AFDenimIndustries,3,C4-SKT-03,,Enfrashare,EC1-SKT-07153,536.8,0.995858024691358,0,1,0,1,238,0.9981635802469135,1944.0499999999997,0.9849996141975309,0,1,919.0833333333334,0.9929083076131687,2319,0.9826836917562725,509.9000000000001,0.9960655864197531,0,1,1004.55,0.9913876028806584,689,0.9948551373954599,680.5833333333333,0.9949179858622063,655.75,0.9945787863756614,0,1,0,1,0,1,0,1,0,1
1263,RUR5727,"RUR5727_H_USF_MOT-M11-U3_Guniaur, Gujranwala",3,C4-GUJ-01,,Tawal,TWPGRW0007U,4758.616666666667,0.9632822788065843,5025.533333333334,0.9612227366255144,955.0000000000001,0.9926311728395062,4.749999999999999,0.9999633487654321,1399.0833333333335,0.9892046039094651,2665.9500000000003,0.9794293981481482,864.9166666666667,0.9933262602880659,7760.433333333334,0.942051722421346,1387.3999999999999,0.9892947530864197,1162.9333333333334,0.9910267489711935,2909.333333333333,0.9750571559213534,9730.583333333332,0.9273403275587415,3470.9666666666667,0.9740817901234569,2806.7833333333333,0.9767957727072311,1582.1499999999999,0.988185857228196,905.5500000000001,0.9930127314814814,2078.116666666667,0.9844824024293111,2502.3166666666666,0.9806920010288066,5555.099999999999,0.9585192652329749
1264,GUJ6042,GUJ6042__S_CitiHousingPhase2,3,C4-GUJ-01,,Enfrashare,EC1-GUJ-02848,0,1,0,1,0,1,0,1,184.75000000000003,0.9985744598765431,440.0833333333334,0.9966042952674897,0,1,0,1,0,1,0,1,0,1,1094,0.9918309438470729,58.33333333333334,0.9995644165671047,0,1,0,1,0,1,0,1,240.75,0.9981423611111111,2764.9333333333334,0.9793538430904022
1265,KRW6447,KRW6447__S_PoliceStation_CMPak42464,3,C4-GRT-04,,CMPak,CMPAK-42464,0,1,1076.0500000000002,0.9916971450617283,7.250000000000001,0.9999440586419753,0,1,877.7166666666667,0.9932274948559671,531.9999999999999,0.995895061728395,664.0833333333333,0.9948759002057613,23.5,0.9998245221027479,0,1,37.75,0.9997087191358025,0,1,308.66666666666663,0.997695141377937,817.7499999999999,0.9938937425328553,15.5,0.9998718584656084,0,1,4434.483333333334,0.9657833076131688,0,1,0,1,14.5,0.9998917264038232
1266,HWY0740,HWY0740__KotSarwar,3,C4-HFZ-06,,CMPak,C-HWY-4440,0,1,0,1,69.50000000000001,0.9994637345679013,390.4,0.9969876543209877,44.90000000000001,0.999653549382716,860.5166666666667,0.9933602109053499,8510.100000000002,0.9343356481481482,3087.05,0.9769485513739546,0,1,414.83333333333337,0.9967991255144032,735.9666666666667,0.9936902720621856,2629.9500000000003,0.9803617831541218,255,0.9980958781362007,0,1,549.7500000000002,0.9958949372759857,5221.8,0.9597083333333333,2130.8500000000004,0.9840886350059738,1074.1666666666667,0.9917116769547324,2361.4833333333336,0.9823664625647153
1267,GUJ9512,GUJ9512__S_Kashmiri_Colony_Rahwali_GJ1905,3,C4-GUJ-02,,CMPak,5634,338.7500000000001,0.997386188271605,0,1,0,1,0,1,18,0.9998611111111111,172.75000000000003,0.9986670524691358,277.25,0.997860725308642,0,1,0,1,6.500000000000001,0.9999498456790125,19.5,0.9998328189300412,0,1,19.25,0.9998562574671446,0,1,213.9166666666667,0.9984026533253685,0,1,0,1,843.1666666666667,0.9934940843621399,6604.58333335438,0.9506826214653944
1268,RUR9038,RUR9038__S_Mandiala,3,C4-GUJ-01,,Enfrashare,EC1-KMK-09132,202,0.9984413580246914,734.2500000000001,0.9943344907407408,0,1,0,1,1421.7499999999995,0.9890297067901234,127.83333333333333,0.9990136316872428,126.25000000000003,0.9990258487654322,592.2499999999999,0.9955775836320191,2106.516666666667,0.9837460133744855,2494.2,0.9807546296296296,2631.2,0.9774417009602194,4222.166666666667,0.9684724711270409,1722.9166666666665,0.987134732178415,2937.166666666667,0.9757178681657848,1432.75,0.9893014486260454,586.1499999999999,0.995477237654321,1520.9,0.988643219832736,3744.5666666666666,0.9711067386831276,765.1999999999999,0.9942861409796894
1269,RUR9039,RUR9039__S_CitiHousingSociety,3,C4-SKT-03,,ATL,ATSLK17,732.8333333333335,0.9943454218106996,7563,0.9416435185185185,3711.8666666666663,0.9713590534979424,6169.483333333334,0.9523959619341563,2994.866666666667,0.9768914609053497,1302.9166666666667,0.9899466306584362,6179.416666666667,0.9523193158436214,3984.44999999418,0.9702475358423374,2213.3166666666666,0.9829219393004115,1696.4833333333333,0.9869098508230452,1234.1333333333332,0.989419295839049,292.16666666666663,0.9978183492632418,458.4999999999999,0.9965763142174433,0,1,73.74999999999999,0.999449298088411,0,1,528,0.9960573476702508,5.000000000000001,0.9999614197530865,149.08333333333334,0.9988867731979291
1270,PND9055,PND9055__S_DarbarSufiMuhammadInayatHajvery,3,C4-HFZ-06,,TAWAL,TWPOKR0007,0,1,0,1,0,1,0,1,95.25,0.9992650462962963,35.49999999999999,0.9997260802469136,0,1,0,1,555.9999999999999,0.9957098765432099,1217.15,0.9906084104938272,53.5,0.9995413237311385,31.250000000000007,0.9997666517323774,2356.2833333333338,0.9824052917164476,1281.0500000000002,0.989409308862434,667.7499999999999,0.9950138142174433,3554.016666666667,0.9725770318930042,3531.383333333333,0.9736306501393867,714.9166666666666,0.9944836676954733,940.8999999999999,0.9929741636798088
1271,PSR9054,PSR9054__S_AliAkbarStreet,3,C4-NRW-05,,TAWAL,TWPSKT0007,0,1,0,1,2.416666666666667,0.9999813528806584,0,1,531.7833333333334,0.9958967335390946,25,0.9998070987654322,0,1,19.75,0.9998525238948627,0,1,2606.9666666666667,0.9798845164609054,4835.733333333334,0.95854138088706,4603.85,0.9656223864994027,3069.983333333333,0.9770759906411789,276.66666666666663,0.9977127425044091,0,1,0,1,0,1,535.7500000000001,0.9958661265432098,51.74999999999999,0.9996135752688172
1272,AMN9053,AMN9053__S_Eminabad,3,C4-GUJ-01,,TAWAL,TWPGRW0014,107.41666666666667,0.9991711676954732,822.7500000000002,0.9936516203703704,64.5,0.9995023148148148,1882.6166666666666,0.9854736368312758,473.49999999999994,0.9963464506172839,54.75,0.9995775462962964,201.25,0.9984471450617284,1322.8000000062866,0.9901224611708014,594.5666666666667,0.9954122942386832,481.7499999999999,0.9962827932098766,475.8333333333333,0.9959204961133973,0,1,372.9666666666667,0.9972150039824771,286,0.997635582010582,221.16666666666666,0.99834851652728,1453.25,0.9887866512345679,1993.6166666666668,0.9851133761449621,2457.666666666667,0.9810365226337449,3616.9666666666662,0.9729915870171247
1273,KMK9066,KMK9066__S_BaghdadTown,3,C4-GUJ-01,,E.co,e.coPK019718PU,8.583333333333334,0.9999337705761318,418.2500000000001,0.996772762345679,0,1,1076.9,0.9916905864197532,2985.9166666666665,0.9769605195473251,225.68333333333334,0.9982586162551441,0,1,542.4166666666667,0.9959496963361211,2235.9999999999995,0.982746913580247,702.7500000000001,0.9945775462962964,4368.583333333334,0.9625464391860997,2764.7166666666667,0.9793554609717244,3113.8166666666666,0.9767486808044603,2112.133333333333,0.9825385802469135,925.3833333333333,0.993090028872959,578.0833333333335,0.9955394804526749,1070.25,0.992008288530466,1238.4499999999998,0.9904440586419753,946.5666666666667,0.9929318498606133
1274,NRW9050,NRW9050__S_NationInstituteOfTechnology_TPLNW010,3,C4-NRW-05,,Telenor,LNW010,0,1,882.5000000000001,0.993190586419753,6,0.9999537037037036,785.2499999999999,0.9939409722222223,0,1,0,1,0,1,0,1,125.6,0.9990308641975308,0,1,1795.45,0.9846069101508916,12.833333333333332,0.999904171644763,986.8333333333334,0.9926311728395062,0,1,11.916666666666664,0.9999110165272799,1022.3166666666666,0.9921117541152263,114.41666666666667,0.9991456342094783,2583.066666666666,0.9800689300411523,1873.8166666666668,0.9860079400637197
1275,MBN5670,MBN5670_H_Rehmanpura Mandi Bahauddin_Relocation_MBN5548,3,C4-MBD-08,,E.co,e.coPK001079PU,984.05,0.9924070216049382,246.33333333333334,0.9980992798353909,2541.4666666666662,0.9803899176954732,10.75,0.9999170524691359,733.25,0.9943422067901234,1627.3666666666666,0.9874431584362139,4528.3499999999985,0.9650590277777777,2284.8833333333337,0.9829384458383115,1834.0833333333328,0.9858481224279835,779.1499999999999,0.9939880401234568,1064.8000000000002,0.9908710562414267,1123.8000000000002,0.9916084229390681,2319.166666666666,0.9826824472321785,2186.1000000000004,0.9819270833333333,427.83333333333337,0.9968053066507367,2811.8666666666663,0.9783034979423868,2713,0.9797416367980883,3335.15,0.9742658179012347,3389.416666666667,0.9746907357626443
1276,RUR9062,LTE_RUR9062_S_USF USLK002_SaderainGujrat,2,C4-GRT-04,30,Jazz,Solar+DG,2155.25,0.9750549768518519,1931.0833333333333,0.9776494984567902,4086.6499999999996,0.9527008101851853,5188.600000000001,0.9399467592592592,5880.416666666667,0.9319396219135803,5481.916666666666,0.9365518904320987,3870.1333333333337,0.9552067901234568,5352.166666670857,0.9400518966546723,2695.8166666666666,0.9687984182098766,2468.9166666666665,0.9714245756172839,1954.0666666666666,0.9832470278920895,2025.3166666666666,0.984876667662286,4168.883333333333,0.9688703454798885,1104.1333333333332,0.990871913580247,823.4333333333334,0.9938513042612505,1501.5333333333333,0.9884140946502058,2134.7,0.9840598864994027,704.05,0.9945675154320988,1626.7833333333335,0.9878525736758264
1277,SKT6551,SKT6551__S_TheGreenFieldSchool_RL_SKT3232,3,C4-SKT-03,,Tawal,TWPSKT0002,4064.333333333333,0.9686394032921811,2774.25,0.97859375,1231.3333333333335,0.9904989711934157,1272.6499999999999,0.9901801697530864,1422.3666666666666,0.9890249485596708,904.5833333333334,0.9930201903292181,1170.3166666666666,0.9909697788065844,1439.55,0.9892506720430108,1659.5333333333335,0.9871949588477367,1141.4166666666667,0.9911927726337448,0,1,3047.5,0.9772438769414576,1590.1499999999999,0.9881261200716845,2515.2999999999997,0.9792055224867725,1674.4500000000003,0.9874966397849463,14066.549999999996,0.8914618055555557,2360.483333333333,0.9823739297092792,0,1,314.41666666666663,0.9976522052966945
1278,HWY9278,HWY9278__S_ Nadala SandhRorhiSharif,3,C4-GUJ-01,,Tawal,TWPGRW0006,6987.216666666667,0.9460862911522634,1489.35,0.9885081018518518,0,1,0,1,0,1,253.04999999999998,0.9980474537037037,224.91666666666666,0.9982645318930041,273.34999999999997,0.9979588560334528,1142,0.9911882716049383,1635.7833333333338,0.9873782150205761,318.23333333333335,0.9972716620941929,2128.4166666666665,0.984106805057746,198.33333333333331,0.9985190163281561,3.25,0.9999731316137566,0,1,481.91666666666663,0.9962815072016461,0,1,192.75,0.9985127314814816,16206.199999999997,0.8789859617682199
1279,SKG9076,SKG9076__S_RasheedPura,3,C4-NRW-05,,E.co,e.coPK019769PU,3351,0.9741435185185184,1478,0.9885956790123457,706.25,0.9945505401234569,5015.166666666666,0.9613027263374485,8999.9,0.9305563271604939,3768.1666666666665,0.9709246399176955,8691.366666666667,0.9329369855967079,12663.516666666668,0.9054396903624053,2839.916666666667,0.9780870627572017,2938.3,0.9773279320987655,4390.85,0.9623555384087791,4433.25,0.9668962813620071,5075.516666666666,0.962100383313421,3003.05,0.9751731977513228,2636.2666666666664,0.9803146156909598,2326.9166666666665,0.982045396090535,4531.266666666668,0.9661643767423337,2874.35,0.9778213734567902,2089.25,0.9843992682198328
1280,SMB9283,SMB9283__S_SambrialCinema,3,C4-WZD-07,,E.co,e.coPK019733PU,1298.5,0.9899807098765432,319.7499999999999,0.9975327932098765,254.25,0.9980381944444444,1038.25,0.991988811728395,4989.8166666666675,0.9614983281893004,227.5,0.9982445987654321,11363.050000000003,0.9123221450617284,4792.8499999750875,0.9642110961770081,1813.7333333333331,0.9860051440329218,4330.566666666667,0.9665851337448559,3829.4500000000003,0.9671686385459534,4093.416666666667,0.9694338659896455,2143.3333333333335,0.983995420151334,432.75,0.9964223710317461,0,1,2752.916666666667,0.9787583590534978,5779.733333333334,0.9568418956591,8557.633333333333,0.933968878600823,689.0000000000001,0.9948551373954599
1281,RUR9282,RUR9282__S_HarbanspurZafarwal,3,C4-NRW-05,,Enfrashare,EC1-ZFR-09111,1775.0833333333335,0.9863033693415637,2407.616666666667,0.9814227109053497,660.6666666666667,0.9949022633744856,189.33333333333331,0.9985390946502057,6648.4,0.9487006172839506,2586.083333333333,0.9800456532921811,13,0.9998996913580247,747.7833333333334,0.994416193747511,17475.083333333332,0.8651613940329219,457.91666666666663,0.9964666923868313,1753.5500000000002,0.984966135116598,4424.766666666666,0.966959627638391,2461.55,0.9816192502986858,2225.5333333333333,0.9816010802469135,894.0833333333334,0.9933237504978096,2254.666666666666,0.9826028806584363,5182.283333333333,0.9613031411788132,4737.5666666666675,0.9634447016460905,4108.383333333333,0.9693221077260056
1282,PHA9332,PHA9332__S_JamiaMasjidFarooqEAzam,3,C4-MBD-08,,Enfrashare,EC1-MBD-01854,869.7166666666668,0.9932892232510288,1694.8166666666666,0.9869227109053498,3451.383333333334,0.9733689557613168,1952.2166666666667,0.9849365997942386,3140.366666666667,0.9757687757201645,1607.7,0.9875949074074074,456.8333333333333,0.9964750514403292,2114.3499999999995,0.9842118428912784,998.9999999999999,0.9922916666666667,1691.9666666666665,0.9869447016460906,1165.95,0.9900038580246914,1933.3166666666666,0.9855636449621664,2656.9500000000003,0.9801601702508961,458.5000000000001,0.9962094907407407,5.750000000000001,0.9999570639187574,1292.1999999999998,0.9900293209876543,0,1,20.25,0.99984375,625.2833333333334,0.995330918956591
1283,NRW9343,NRW9343__S_TheCollegeOfLawNarowal,3,C4-NRW-05,,Enfrashare,EC1-NRW-04924,1401.5833333333335,0.9891853137860082,1541.6666666666667,0.9881044238683127,1757.5833333333333,0.9864384002057613,358.08333333333337,0.9972370113168725,2036,0.9842901234567901,618.6666666666667,0.9952263374485597,1130.75,0.9912750771604938,1238.6000000000004,0.9907511947431302,2782.8,0.9785277777777778,4390.099999999999,0.9661257716049383,3866.8500000000004,0.9668479938271605,1549.6666666666665,0.9884284149741138,5408.55,0.9596135752688173,1543.25,0.9872416501322752,958.0000000000002,0.9928464755077658,2340.083333333333,0.9819438014403292,2500.5833333333335,0.9813277827558742,4370.499999999999,0.9662770061728395,3728.85,0.9721561379928315
1284,SDL9296,SDL9296__S_PTCLExchange_GTRP2168,3,C4-GRT-04,,PTCL,GTRP2168,675.25,0.994789737654321,1790.25,0.9861863425925925,0,1,455.91666666666663,0.9964821244855968,1002.9999999999999,0.9922608024691358,0,1,0,1,29.416666680481285,0.9997803414973082,4456.733333333334,0.9656116255144034,0,1,412.15000000000003,0.9964664780521262,27.25,0.9997965203106333,4542.650000000001,0.9660793757467144,989.9999999999998,0.9918154761904762,0,1,5813.049999999999,0.9551462191358024,27.5,0.9997946535244923,6.5,0.9999498456790125,1963.3000000000002,0.9853397550776584
1285,GUJ9306,GUJ9306__S_BISECricketGround,3,C4-GUJ-02,,Tawal,TWPGRW0016,1237.75,0.9904494598765432,827.0833333333335,0.9936181841563786,0,1,26.75,0.9997935956790124,0,1,0,1,6.083333333333333,0.9999530606995884,0,1,0,1,0,1,1396.6666666666665,0.9880258344764518,0,1,0,1,0,1,0,1,318.7,0.9975408950617285,0,1,0,1,526.1333333333333,0.9960712863401036
1286,SKT9366,SKT9366__S_Bhabrianwala,3,C4-SKT-03,,E.co,E.coPK019468PU,564.2500000000001,0.9956462191358025,0,1,0,1,0,1,1096.7,0.9915378086419753,592.2500000000001,0.9954301697530865,742.6666666666667,0.9942695473251029,9941.7,0.9257638888888888,3242.4666666666667,0.9749809670781893,1546.916666666667,0.9880639146090534,742.5333333333333,0.9936339734796524,616.7499999999999,0.9953946385902032,4472.483333333334,0.9666033203902827,324.5000000000001,0.9973172949735449,66.24999999999999,0.9995053016726403,5266.716666666666,0.9593617541152264,1562.5833333333335,0.9883319643568299,444.9999999999999,0.9965663580246914,4793.583333333333,0.9642056202708085
1287,DSK9367,DSK9367__S_Younasabad,3,C4-WZD-07,,E.co,E.coPK018309PU,2023.1666666666667,0.984389146090535,2626.1666666666665,0.9797363683127572,0,1,409.5,0.9968402777777777,6596.600000000001,0.9491003086419753,3324.4333333333334,0.9743485082304527,0,1,6452.35,0.9518193697729989,957.5000000000001,0.9926118827160494,0,1,3133.8166666666666,0.9731325731595792,4757.466666666667,0.9644753086419753,8258,0.938336320191159,4696.0666666666675,0.9611766975308642,6088.233333333334,0.9545382815611311,1678.6333333333334,0.9870475823045267,3621.2333333333336,0.9729597272003185,3515.7333333333336,0.9728724279835391,3974.833333333333,0.9703193448825169
1288,RUR6022,RUR6022__S_BhoaHassan_GTRP2094,3,C4-MBD-08,,PTCL,GTRP2094,11.5,0.9999112654320987,0,1,0,1,763.0666666666666,0.9941121399176954,10.583333333333332,0.9999183384773663,31.999999999999993,0.999753086419753,12,0.9999074074074075,0,1,586.6333333333334,0.9954735082304527,200.23333333333332,0.9984549897119342,2038.6666666666665,0.9825217192501142,341.25,0.9974518369175627,200,0.9985065710872162,15.5,0.9998718584656084,0,1,1273.8,0.9901712962962964,850.75,0.9936473267622461,287.5333333333333,0.997781378600823,724.9833333333333,0.9945864446435684
1289,RUR5603,RUR5603__S_Hanj_CMPak40819,3,C4-GRT-04,,CMPak,40819,3891.916666666667,0.9699697788065843,6401.783333333334,0.9506035236625514,2204.1666666666665,0.9829925411522633,4837.083333333334,0.9626768261316873,13431.383333333335,0.8963627829218107,8437.25,0.934897762345679,8314.083333333332,0.9358481224279835,6391.783333373535,0.9522716298284533,2255.4166666666665,0.9825970936213991,0,1,26.75,0.9997706618655693,34.58333333333333,0.9997417612504979,7.250000000000001,0.9999458632019116,161.49999999999997,0.9986648478835979,0,1,9.75,0.9999247685185185,115.58333333333333,0.9991369225408203,3.25,0.9999749228395062,23.083333333333336,0.9998276334129828
1290,JPB9368,LTE_JPB9368__S_UtilityStore,3,C4-HFZ-06,,Enfrashare,HFZ00431,8642.833333333332,0.9333114711934156,9841.466666666667,0.9240627572016461,10395.73333333333,0.9197860082304526,9157.66666666667,0.9293389917695473,4977.633333333333,0.9615923353909466,2576.883333333333,0.980116640946502,6805.066666666667,0.9474917695473251,1122.1333333333337,0.991620868180008,400.8333333333335,0.9969071502057614,3570.0666666666666,0.9724531893004115,7448.966666666666,0.936137117055327,785.8333333333336,0.9941320688968538,6857.100000000001,0.9487970430107526,1438.8000000000002,0.9881051587301587,2141.9,0.9840061230585424,60.25,0.9995351080246914,1483.8333333333333,0.9889200019912385,5280.45,0.9592557870370371,3712.4833333333336,0.9722783502588609
1291,GUJ9350,GUJ9350__S_MuhammadPura,3,C4-GUJ-02,,ATL,ATGJW14,870.7500000000001,0.99328125,3492.0333333333338,0.9730552983539095,0,1,484.16666666666674,0.9962641460905349,1329.2833333333333,0.9897431841563785,3501.366666666667,0.9729832818930041,480.5833333333336,0.9962917952674897,795.2499999999998,0.9940617532855436,3440.6666666666665,0.973451646090535,8797.983333333334,0.9321143261316872,2187.583333333333,0.9812449988568815,930.8333333333333,0.9930493329350857,1682.5833333333335,0.9874359070091597,1147.9666666666667,0.9905095348324515,1567.7166666666662,0.9882936330147352,861.0833333333333,0.9933558384773663,734.3333333333333,0.9945166268418957,1449.5,0.988815586419753,3000.616666666666,0.9775939615690961
1292,MBN9360,MBN9360__S_LilaTown,3,C4-MBD-08,,E.co,E.coPK014387PU,944.25,0.9927141203703704,848.3833333333333,0.9934538323045267,398.49999999999994,0.9969251543209876,2050.2999999999997,0.9841797839506172,4803.016666666666,0.9629396862139917,2643.8500000000004,0.9795999228395061,1360.8333333333333,0.9894997427983538,1716.1166666597437,0.9871855087615014,325.25,0.9974903549382717,1169.8833333333334,0.9909731224279835,1145.15,0.990182184499314,301.33333333333337,0.9977499004380725,148.33333333333331,0.9988923735563521,647.3333333333333,0.9946483686067019,707.9333333333333,0.9947137594583831,1897.7166666666672,0.9853571244855966,1389.2,0.9896266427718041,1492.9,0.9884807098765432,1009.2833333333333,0.9924635354440461
1293,RUR9361,RUR9361__S_ThattaKhairoMatmal,3,C4-HFZ-06,,E.co,E.coPK001083PU,4047.2999999999993,0.9687708333333334,9632.399999999998,0.9256759259259258,8342.66666666667,0.935627572016461,11280.866666666665,0.9129562757201646,8576.716666666667,0.9338216306584363,2395.433333333334,0.9815167181069958,1795.5833333333335,0.9861451903292181,723.5,0.9945975209080048,5643.616666666667,0.9564535751028806,3896.5666666666666,0.9699338991769547,607.85,0.9947886659807956,1363.8833333333334,0.9898156859816807,3274.7833333333333,0.9755467194344882,2527.366666666667,0.9791057649911816,1988.2666666666667,0.9851533253683792,4598.616666666667,0.9645168467078189,12196.133333333335,0.9089297092791716,4947.549999999999,0.9618244598765432,7274.216666649018,0.9456823725608646
1294,RUR9375,RUR9375__S_Maluchit,3,C4-SKT-03,,Enfrashare,EC1-SKT-07397,1059.75,0.9918229166666667,749.1666666666667,0.9942193930041152,296.5,0.9977121913580247,3830.133333333334,0.9704465020576132,2394.6499999999996,0.981522762345679,1877.8833333333334,0.9855101594650206,1147.1666666666667,0.9911484053497942,4635.483333337756,0.9653861758263309,479.5,0.9963001543209876,1845.95,0.9857565586419753,942.2499999999998,0.9919217249657065,3181.9833333333336,0.9762396704500199,1955.2666666666664,0.9853997411389885,2214,0.9816964285714286,1245.1666666666663,0.9907021604938272,1072.7166666666667,0.9917228652263375,2254.5,0.9831653225806452,24.416666666666664,0.9998115997942386,1021.8166666666666,0.9923699472321785
1295,RUR9357,RUR9357__S_TatlayAali,3,C4-HFZ-06,,E.co,E.coPK016479PU,98.91666666666669,0.9992367541152264,6844.983333333334,0.9471837705761317,4848.199999999999,0.962591049382716,4375.616666666666,0.9662375257201645,5607.666666666665,0.9567309670781893,2889.55,0.9777040895061728,6330.9,0.951150462962963,788.0833333333333,0.994115267821585,5772.116666666666,0.9554620627572017,6960.266666666668,0.9462942386831276,5200.416666666667,0.9554148090992227,1024.3333333333333,0.9923511549183592,696.9166666666667,0.9947960225009956,367.25000000000006,0.9969638723544973,1180.6166666666668,0.9911841646754281,8123.783333333334,0.9373164866255144,2679.05,0.9799951463560335,5980.3,0.9538557098765432,8835.233333333334,0.9340260354440462
1296,KMK9308,KMK9308__S_ImamBargahKashana,3,C4-GUJ-01,,ATL,ATKMK1,110.24999999999997,0.9991493055555556,3157.75,0.9756346450617284,3169.433333333333,0.9755444958847737,5146.883333333333,0.9602863940329217,11496.75,0.9112905092592593,8768.150000000001,0.9323445216049383,5697.366666666667,0.9560388374485597,80.00000000000001,0.9994026284348866,1635.1166666666668,0.9873833590534979,762.4666666666667,0.9941167695473251,2902.533333333333,0.9751154549611339,3681.616666666666,0.9725088361210673,6797.533333333333,0.9492418359219434,111.66666666666669,0.9990768298059964,118,0.9991188769414576,545.5,0.9957908950617284,952.5000000000001,0.9928875448028674,532.9499999999999,0.9958877314814815,7369.283333333333,0.9449724960175229
1297,SKT9279,SKT9279__S_KalmaChowkBusStop,3,C4-SKT-03,,ATL,ATSLK7,6253.966666666667,0.95174408436214,0,1,12600.916666666666,0.9027707047325103,2,0.9999845679012346,230.7,0.9982199074074074,0,1,1246.916666666667,0.9903787294238683,5071.466666668763,0.9621306252488891,0,1,0,1,2270.6833333333334,0.9805325502972108,584.2166666666667,0.9956375696933493,4515.15,0.9662847222222223,551.5833333333333,0.9954399526014108,1281.9166666666667,0.9904277429311031,12497.849999999997,0.9035659722222222,1308.616666666667,0.9902283701712465,328.0833333333333,0.9974684927983539,361.33333333333337,0.9973018717642375
1298,SKT9365,SKT9365__S_Charind,3,C4-SKT-03,,E.co,e.coPK015619PU,798.4166666666667,0.9938393775720165,1827.333333333333,0.9859002057613169,1230.916666666667,0.9905021862139918,1102.9499999999998,0.9914895833333334,3272.8999999999996,0.9747461419753087,20.583333333333336,0.9998411779835391,5381.049999999999,0.9584795524691359,12160.550000011577,0.9091954151731513,7926.4333333333325,0.9388392489711934,3255.8333333333335,0.9748778292181071,4897.366666666667,0.9580129743941472,4330.300000000001,0.9676650238948626,8703.183333333334,0.9350120718837117,4393.133333333333,0.96368110670194,2013.5833333333335,0.9849642821585026,5140.4,0.9603364197530864,3821.9833333333336,0.9714606979291119,30,0.9997685185185184,6438.016666662398,0.9519263988451135
1299,RUR9031,LTE_RUR9031__S_Jatria_CMPak43660,3,C4-GRT-04,,Zong,43660,2423.8,0.9812978395061728,8407.316666666668,0.9351287294238684,1214.5,0.9906288580246914,6921.35,0.9465945216049383,15780.883333333333,0.8782339248971194,11705.199999999999,0.9096820987654322,9331.85,0.9279949845679012,12516.06666667427,0.9065407208282984,4685.533333333333,0.9638461934156379,646.3833333333334,0.9950124742798354,0,1,3113.9,0.9767480585424134,0,1,3612.566666666667,0.9701342041446207,396.7500000000001,0.9970374103942652,59.750000000000014,0.9995389660493826,3906.8000000000006,0.9708273596176822,3542.9,0.9726628086419753,6633.466666666665,0.9504669454400637
1300,SKT9543,SKT9543__S_Fatehgarh,3,C4-SKT-03,,ATL,ATSLK8,4293.283333333333,0.9668728137860083,0,1,0,1,500.9999999999999,0.9961342592592592,1387.95,0.9892905092592592,0,1,0,1,415.2500000000001,0.9968992682198328,0,1,0,1,20.75,0.9998221021947874,0,1,243.7166666666667,0.9981801324173637,0,1,0,1,2116.5833333333335,0.9836683384773663,0,1,0,1,11855.33333333333,0.9114745121465552
1301,GUJ9556,GUJ9556__S_GovtShuhadaEAPSMemorial School,3,C4-GUJ-01,,Enfrashare,EC1-GUJ-08173,645,0.9950231481481481,753.4166666666667,0.9941865997942386,418.2500000000001,0.996772762345679,0,1,923.0833333333336,0.9928774434156378,0,1,0,1,0,1,199.86666666666667,0.9984578189300412,153.49999999999997,0.998815586419753,0,1,363.2499999999999,0.9972875597371565,326.08333333333337,0.9975650886101155,0,1,112.99999999999997,0.9991562126642772,0,1,0,1,346.70000000000005,0.9973248456790124,535.5500000000001,0.9960009707287933
1302,GUJ9552,GUJ9552__S_GulshanColony,3,C4-GUJ-02,,Enfrashare,EC1-GUJ-09084,355.5,0.9972569444444445,667.3333333333333,0.9948508230452675,0,1,0,1,888.0833333333335,0.9931475051440328,482.25,0.9962789351851852,402.75,0.9968923611111111,110.50000000000003,0.999174880525687,434.25,0.9966493055555555,169.9666666666666,0.9986885288065843,1184.0833333333333,0.98984839391861,150.63333333333333,0.998875199123855,2298.383333333333,0.9828376393866985,0,1,1447.25,0.9891931750298686,0,1,0,1,0,1,47,0.9996490442054958
1303,GJR9359,GJR9359__S_AminAbadGali3,3,C4-GRT-04,,E.co,e.coPK016837PU,353.7500000000001,0.9972704475308641,201.08333333333337,0.9984484310699588,0,1,0,1,0,1,92.33333333333334,0.9992875514403292,537.7166666666666,0.9958509516460906,1436.9833333331783,0.9892698377140593,0,1,0,1,366.5833333333332,0.996857138774577,0,1,6936.666666666666,0.9482029072082835,447.8166666666667,0.9962978119488537,342.5,0.9974425029868579,0,1,0,1,3.166666666666666,0.9999755658436215,848.5000000000001,0.993664127837515
1304,DNG6121,DNG6121__S_BalranWala_CMPak7124,3,C4-MBD-08,,CMPak,CMPak7124,0,1,2414.783333333333,0.9813674125514403,0,1,0,1,2779.5499999999997,0.9785528549382715,15.75,0.9998784722222223,3476.066666666667,0.9731784979423869,325.2999999999999,0.9975709378733572,0,1,0,1,165,0.9985853909465021,102.25000000000003,0.9992364844683393,329.0833333333333,0.9975426871764238,0,1,1716.0500000000002,0.9871860065710872,2725.833333333333,0.9789673353909465,2876.966666666667,0.9785172739944246,5955.316666666665,0.9540484825102881,297.25,0.9977803912783751
1305,RUR5687,RUR5687__S_Gurala_CMPak7512,3,C4-NRW-05,,CMPak,7512,0,1,0,1,0,1,857.9999999999999,0.9933796296296297,50605.98333333331,0.6095217335390948,1368.75,0.9894386574074074,49.58333333333334,0.9996174125514403,461.1333333333333,0.9965566507367583,213.03333333333336,0.9983562242798354,0,1,757.0833333333334,0.9935092306812986,0,1,86.83333333333333,0.9993516029470331,10.91666666666667,0.9999097497795414,10061.133333333337,0.9248720629231382,11061.61666666667,0.9146480195473251,18588.1,0.8611999701314218,133.29999999999998,0.998971450617284,0,1
1306,RUR9369,LTE_RUR9369__S_Sumlanwala,3,C4-MBD-08,,Enfrashare,EC2-BHR-05069,1422.5833333333333,0.9890232767489713,778.6666666666666,0.9939917695473252,23.75,0.9998167438271605,1854.45,0.9856909722222222,2706.5666666666666,0.9791159979423868,0,1,754.75,0.994176311728395,464.8333333321692,0.9965290223018805,282.0833333333333,0.9978234310699589,520.5833333333333,0.9959831532921811,110.16666666666666,0.9990554983996341,629.3333333333334,0.9953006770211071,97.24999999999997,0.999273820191159,15.5,0.9998718584656084,500.83333333333326,0.9962602050975707,3537.45,0.9727048611111111,631.9166666666665,0.9952813868976503,924.3333333333335,0.9928677983539095,971.75,0.9927438022700119
1307,MLL9384,LTE_MLL9384__S_Islampura,3,C4-MBD-08,,Enfrashare,EC1-MBD-03979,1036.333333333333,0.9920036008230453,794.9999999999999,0.9938657407407407,0,1,91,0.9992978395061728,678.6166666666664,0.9947637602880658,0,1,1320.0666666666666,0.9898143004115226,320.7500000000001,0.997604913381123,278.75,0.9978491512345679,0,1,309.73333333333335,0.9973445358939186,1482.5166666666667,0.988929833731581,98.33333333333331,0.999265730784548,15.5,0.9998718584656084,417.25,0.996884333930705,417,0.9967824074074074,0,1,0,1,2899.8,0.9783467741935483
1308,RUR1095,RUR1095__S_HariaPind,3,C4-MBD-08,,CMPak,C-SLK-5806,0,1,0,1,0,1,0,1,0,1,1821.65,0.9859440586419752,1078.0333333333335,0.991681841563786,2373.4666666666667,0.9822769812823576,255.38333333333333,0.9980294495884773,0,1,65.25,0.9994405864197531,5239.966666666668,0.9608724113898844,43.74999999999999,0.9996733124253285,15.75,0.9998697916666667,364.2500000000001,0.9972800925925925,77.75000000000001,0.9994000771604938,35.00000000000001,0.9997386499402628,0,1,237,0.9982302867383512
1309,RUR9562,RUR9562__S_Jora,3,C4-GRT-04,,E.co,e.coPK000985PU,0,1,58.5,0.9995486111111112,0,1,130.5,0.9989930555555556,2394.616666666667,0.9815230195473251,0,1,832,0.9935802469135803,0,1,0,1,334.55000000000007,0.9974185956790123,0,1,51.999999999999986,0.9996117084826763,975.8166666666668,0.9927134358821186,1869.8000000000002,0.9845419973544973,0,1,1050,0.9918981481481481,435.25,0.9967499253285544,45,0.9996527777777777,108,0.9991935483870968
1310,KMK8459,KMK8459__S_PuranaChajokiRd,3,C4-GUJ-01,,Tawal,TWPGRW0010,2976.2500000000005,0.9770351080246914,1067.1999999999998,0.9917654320987654,324,0.9975,45.16666666666667,0.9996514917695474,227.5,0.9982445987654321,0,1,3920.8333333333335,0.9697466563786008,383.21666666666664,0.997138465750697,74.75000000000001,0.999423225308642,325.4166666666667,0.9974890689300412,336.99999999999994,0.997110768175583,376.75,0.9971867532855435,1361.5000000000002,0.9898334826762246,0,1,0,1,1556.8333333333335,0.9879873971193416,47.25,0.9996471774193548,452.0000000000001,0.9965123456790124,1211.3166666666666,0.9909549233373158
1311,GJR8423,GJR8423__S_DaraGulabShahCemetery,3,C4-GRT-04,,Enfrashare,EC1-GUT-09176,978.1666666666666,0.9924524176954732,1719.9666666666667,0.9867286522633745,1266.25,0.9902295524691358,4214.366666666666,0.9674817386831276,727.9666666666667,0.9943829732510288,0,1,235.33333333333334,0.9981841563786008,0,1,17.166666666666668,0.9998675411522633,0,1,2807.25,0.9759323559670782,1059.5,0.9920885603345281,993.9000000000001,0.9925784050179212,30.08333333333333,0.9997512951940035,0,1,0,1,331.08333333333337,0.9975277528872959,3.166666666666666,0.9999755658436215,688.3333333333334,0.9948601154918358
1312,SKK8435,SKK8435__S_MarkaziImamBargah,3,C4-HFZ-06,,Enfrashare,EC1-PNB-05070,1216.0833333333335,0.9906166409465021,936.7500000000001,0.9927719907407407,0,1,0,1,1341.0666666666666,0.9896522633744855,197.75,0.9984741512345678,1355.6,0.9895401234567902,63.33333333333333,0.9995270808442851,0,1,1251.8000000000002,0.990341049382716,2143.9,0.98161951303155,5586.083333333333,0.9582879082039029,6019.633333333333,0.9550505276782159,4346.983333333334,0.9640626377865961,372.54999999999995,0.9972181152927121,0,1,0,1,86.75000000000001,0.9993306327160494,841.4999999999999,0.9937163978494624
1313,QDS8414,QDS8414__S_AlliedSchool,3,C4-HFZ-06,,E.co,e.coPK016199PU,883.0833333333335,0.9931860853909465,908.25,0.9929918981481481,0,1,256.1666666666667,0.9980234053497942,1009.7833333333335,0.9922084619341563,862.3333333333334,0.9933461934156378,1092.0000000000002,0.991574074074074,441.3333333333333,0.9967045001991238,81.55000000000001,0.9993707561728395,966.6333333333337,0.9925414094650207,992.5000000000001,0.9914909122085048,1043.0333333333333,0.992211519315014,2682.0166666666664,0.9799729938271605,414.2499999999999,0.9965753141534391,599,0.9955271804062127,5106.3,0.9605995370370369,261.1666666666667,0.9980498307447232,2773.7666666666673,0.9785974794238683,3978.9333333580134,0.9702887295896205
1314,GUJ5819,GUJ5819__S_SharifFarmRahwali_CMPak7210,3,C4-GUJ-02,,CMPak,CMPak7210,338.7500000000001,0.997386188271605,152.74999999999997,0.9988213734567901,0,1,0,1,1205.1666666666667,0.9907008744855967,0,1,12394.650000000001,0.9043622685185185,10541.033333321646,0.9212885802470008,0,1,0,1,0,1,190.33333333333337,0.9985787534846675,1339.6333333333334,0.9899967642373556,0,1,0,1,2645.616666666667,0.9795862911522633,0,1,4782.316666666667,0.963099408436214,1901.7166666666665,0.9857996067303862
1315,RUR9559,RUR9559__S_JurianKalan,3,C4-SKT-03,,ATL,ATSLK4,1440.7499999999998,0.9888831018518519,2782.666666666667,0.9785288065843623,608.2,0.9953070987654321,1056.9166666666665,0.9918447788065844,934.8166666666666,0.9927869084362141,0,1,0,1,957.4166666666666,0.9928508313420947,0,1,0,1,492.2500000000001,0.9957797496570645,23,0.9998282556750299,0,1,0,1,0,1,0,1,63,0.9995295698924731,58.250000000000014,0.9995505401234568,30.75,0.9997703853046594
1316,GUJ8434,GUJ8434__S_MughalHomeopathicClinic,3,C4-GUJ-02,,Enfra,EC1-GUJ-06204,1998.2500000000002,0.9845814043209876,8806.783333333333,0.9320464248971193,211.25,0.9983699845679013,0,1,2503.0333333333338,0.9806864711934157,256.75,0.9980189043209876,1775.75,0.9862982253086421,9717.599999999999,0.9274372759856631,3953,0.9694984567901234,2540.7,0.9803958333333334,51.41666666666667,0.9995591849565615,1060.0833333333335,0.9920842045001992,3365.7166666666662,0.9748677070888092,295.4166666666667,0.9975577325837743,3279.8833333333337,0.9755086369972122,5359.283333333333,0.958647505144033,9120.1,0.9318988948626046,6615.616666666666,0.9489535751028807,15467.333333345488,0.8845031859815898
1317,GUJ8388,GUJ8388__S_GMagnoliaPark,3,C4-GUJ-01,,E.co,e.coPK015629PU,520.75,0.9959818672839507,1076.833333333333,0.9916911008230452,0,1,175.91666666666669,0.9986426183127572,6257.383333333333,0.9517177211934157,3215.5,0.9751890432098765,1047.6666666666667,0.9919161522633745,1030.9833333368258,0.992301498406983,2663.4666666666667,0.9794485596707818,4018.6000000000004,0.9689922839506173,2027.383333333334,0.9826184556470051,823,0.9938545400238948,5441.466666666666,0.9593677817602548,1098.1666666666667,0.9909212411816578,1382.7166666666667,0.98967505475906,0,1,0,1,474.4999999999999,0.9963387345679012,180.25,0.9986540471923536
1318,RUR8422,RUR8422__S_MaloMeh,3,C4-WZD-07,,E.co,e.coPK000991PU,604.4999999999999,0.9953356481481481,1114.2500000000002,0.9914023919753086,33.50000000000001,0.999741512345679,5763.316666666668,0.9555299639917695,4019,0.9689891975308642,4348.416666666666,0.9664474022633744,1459.6666666666667,0.9887371399176955,2130.2999999832364,0.984092741935609,3006.700000000001,0.9768001543209877,4969.533333333333,0.9616548353909465,3558.0333333333338,0.9694955989940559,2125.133333333333,0.9841313221823974,4758.033333333333,0.9644710772600557,3750.9,0.9689905753968254,4368.466666666667,0.9673800278773398,1304.05,0.9899378858024691,1263.1333333333334,0.9905680007964954,2014.8833333333332,0.9844530606995885,2978.0666666666666,0.9777623456790124
1319,GUJ9561,GUJ9561__S_KotliArbang,3,C4-GUJ-01,,E.co,e.coPK000979PU,1947.9166666666667,0.9849697788065843,3541.2833333333333,0.9726752829218107,49.75000000000001,0.9996161265432099,1102.4999999999998,0.9914930555555556,1454.0833333333335,0.9887802211934157,463.25,0.9964255401234569,2472.5,0.9809220679012346,6991.333333331238,0.9477947033054717,122.29999999999998,0.9990563271604939,250.83333333333337,0.9980645576131687,1498.5833333333335,0.9871520633287608,1775.65,0.9867409647550777,1993.75,0.985112380525687,1011.5833333333334,0.9916370425485009,1980.7999999999997,0.9852090800477897,4973.833333333333,0.9616216563786009,867.8333333333335,0.9935197630426126,351.6666666666667,0.9972865226337448,5583.416666666666,0.9583078205894066
1320,RUR8491,RUR8491__S_SaharanChatha,3,C4-HFZ-06,,E.co,e.coPK000981PU,74.74999999999999,0.999423225308642,447.3333333333334,0.9965483539094651,0,1,0,1,2724.783333333333,0.9789754372427985,1629.2833333333333,0.9874283693415637,6718.116666666667,0.9481626800411523,853.0333333333333,0.9936302767821584,3929.616666666667,0.969678883744856,4565.383333333333,0.9647732767489713,1938.35,0.9833817729766804,1513.8333333333335,0.988695987654321,2489.7833333333338,0.9814084279171645,1365.1166666666668,0.988714313271605,1635.3833333333334,0.9877883562325767,2860.0666666666666,0.9779315843621399,162.0333333333333,0.9987900736758263,1644.2499999999995,0.9873128858024691,452.2499999999999,0.9966229838709677
1321,RUR8532,RUR8532__S_KhawasPur,3,C4-GRT-04,,Enfra,EC1-GUT-07101,0,1,57.500000000000014,0.9995563271604938,927.1500000000001,0.9928460648148147,0,1,3539.3166666666666,0.9726904578189299,381.4166666666667,0.997056970164609,0,1,1081.8833333238338,0.9919214207487766,253.66666666666669,0.9980426954732511,2674.683333333333,0.9793620113168724,23,0.9998028120713306,42.58333333333333,0.9996820240939864,1462.4833333333333,0.9890794255276782,682.3,0.9943592923280423,309.05000000000007,0.9976922789725209,99.19999999999999,0.9992345679012345,1545.2166666666667,0.9884616437674234,0,1,21.333333333333332,0.9998407009159698
1322,SKT8499,SKT8499__S_ChMuhammadBootaRd,3,C4-SKT-03,,Enfra,EC1-SKT-06985,0,1,0,1,0,1,0,1,0,1,0,1,11,0.9999151234567901,5064.449999999999,0.9621830197132617,535.5500000000001,0.9958676697530865,0,1,419.7500000000001,0.9964013203017832,0,1,2450.8333333333335,0.981699273197929,0,1,0,1,29,0.9997762345679013,1065.4,0.992044504181601,98.08333333333333,0.9992431841563786,291.50000000000006,0.9978233273596178
1323,NVK8507,NVK8507__S_GoheerRoad,3,C4-HFZ-06,,Enfra,EC1-GUJ-04004,1443.8333333333333,0.9888593106995884,1257.25,0.9902989969135803,50.583333333333336,0.9996096965020576,0,1,1331.8500000000004,0.9897233796296296,376.75,0.9970929783950617,868.0500000000001,0.9933020833333334,2142.6833333333348,0.9840002737953008,582.3999999999999,0.9955061728395062,3050.0666666666666,0.9764655349794239,2740.25,0.9765067729766804,2234.75,0.9833127986857825,3582.1833333333334,0.9732513191955396,2657.3500000000004,0.9780311673280423,2091.75,0.984380600358423,2507.05,0.9806554783950616,2024.3000000000002,0.9848842592592593,2979.5666666666666,0.9770095164609053,3789.2166666666662,0.9717053713659897
1324,SKT8496,SKT8496__S_NawanPindAraian,3,C4-SKT-03,,Enfra,EC1-SKT-07398,0,1,0,1,32.00000000000001,0.999753086419753,0,1,523.0000000000001,0.9959645061728395,517.1666666666666,0.9960095164609054,1342.0833333333333,0.9896444187242799,1261.9499999999998,0.9905768369175627,1751.3166666666666,0.9864867541152263,0,1,420.74999999999994,0.9963927469135803,2301.3333333333335,0.982815611310235,3937.75,0.9705962514934289,2407.0833333333335,0.9801001708553793,978.8333333333333,0.9926909099960176,1099.1166666666668,0.9915191615226336,0,1,387.4999999999999,0.9970100308641975,0,1
1325,RUR8506,RUR8506__S_GoloPhalaUgoki,3,C4-SKT-03,,Enfra,EC1-SKT-07416,0,1,997.4999999999999,0.9923032407407407,0,1,0,1,3880.700000000001,0.9700563271604937,0,1,0,1,2759.5,0.9793944145758663,0,1,0,1,806.4999999999999,0.9930855624142662,49.5,0.999630376344086,0,1,0,1,0,1,149.74999999999997,0.9988445216049382,305.7500000000001,0.9977169205495818,164.99999999999997,0.998726851851852,0,1
1326,RUR0368,RUR0368_Joklian_New,3,C4-MBD-08,,CMPak,C-HWY-6628,0,1,0,1,0,1,0,1,4831.566666666666,0.9627193930041151,449.46666666666664,0.9965318930041153,117.49999999999997,0.9990933641975309,756.2499999999999,0.9943529719235364,5.25,0.9999594907407408,0,1,20.249999999999996,0.9998263888888889,30.916666666666668,0.9997691407805656,737.8,0.9944907407407407,138.00000000000003,0.9988591269841269,0,1,38.00000000000001,0.9997067901234569,0,1,0,1,25,0.9998133213859021
1327,RUR9314,RUR9314__S_SidraRabNawazHospital,3,C4-NRW-05,,ATL,ATNRW1,1249.1833333333332,0.9903612397119342,399.5000000000001,0.996917438271605,3217.45,0.9751739969135802,126.25000000000003,0.9990258487654322,1500.8333333333333,0.9884194958847736,0,1,0,1,0,1,2966.55,0.9771099537037037,7051.033333333334,0.9455938786008231,7087.366666666667,0.9392372542295382,1222.5666666666668,0.9908709179609717,1893.0833333333335,0.9858640730784548,0,1,0,1,3535,0.9727237654320987,7463.166666666666,0.9442714555953803,2244.1333333333337,0.9826841563786008,0,1
1328,RUR8394,RUR8394__S_Maranian_Marari,3,C4-GRT-04,,E.co,e.coPK016391PU,0,1,1623.1666666666667,0.9874755658436214,0,1,0,1,453.9999999999999,0.996496913580247,0,1,0,1,395.25,0.9970486111111111,14043.133333333331,0.8916424897119342,5404.250000000001,0.9583005401234569,1768.0333333333333,0.9848419638774577,3391.65,0.974674059139785,11503.783333333333,0.9140995868180007,10569.816666666666,0.9126172563932982,1050.2,0.9921580047789724,1101.1999999999998,0.9915030864197532,286.5833333333333,0.9978600408203903,1378.5833333333333,0.9893627829218107,960.2999999999998,0.9928293010752688
1329,RUR8539,RUR8539__S_SaddaRd,3,C4-SKT-03,,Enfra,EC1-SKT-03820,0,1,714.4999999999999,0.9944868827160493,0,1,1004.95,0.9922457561728395,9536.633333333335,0.926414866255144,1828.666666666667,0.9858899176954732,1384.5,0.9893171296296296,17446.599999999995,0.869723715651135,10427.083333333332,0.9195441100823045,4196.616666666667,0.9676186985596708,1151.1666666666667,0.9901306012802926,769.25,0.9942558990442055,3834.4166666666665,0.9713678564317005,831.6500000000001,0.9931245866402116,327.5000000000001,0.9975545101553166,2199.7166666666667,0.9830268775720166,1046.1666666666665,0.992188122262047,2014.9,0.9844529320987654,737.4833333333336,0.9944931053365192
1330,RUR8493,RUR8493__S_ChowkQilaKalarWala,3,C4-NRW-05,,E.co,e.coPK014481PU,105.75,0.9991840277777777,875.0833333333333,0.9932478137860081,0,1,2334.8333333333335,0.9819843106995885,2492.0333333333333,0.9807713477366256,2424.4833333333336,0.981292566872428,3989.0166666666664,0.9692205504115227,5543.433333387506,0.9586063819191495,5634.4000000000015,0.9565246913580246,2839.5999999999995,0.9780895061728395,608.5833333333333,0.9947823788294466,1013.9,0.9924290621266428,4534.150000000001,0.9661428464755077,395.0833333333333,0.9967337687389771,1378.05,0.9897099014336918,3264.866666666667,0.9748081275720165,4760.949999999999,0.964449298088411,2779.6999999999994,0.9785516975308641,961.3999999999999,0.9928210872162485
1331,RUR8519,RUR8519__S_SaidraKalan,3,C4-SKT-03,,E.co,e.coPK014343PU,706.4,0.9945493827160494,3655.55,0.9717935956790122,1310.9833333333333,0.9898843878600823,4814.2,0.9628533950617285,5472.400000000001,0.9577746913580246,1821.8,0.9859429012345678,201.24999999999997,0.9984471450617284,7874.300000022506,0.9412014635601664,4257.133333333333,0.9671517489711934,697.5666666666666,0.9946175411522634,968.5333333333333,0.9916963877457705,67.03333333333332,0.9994994524093986,328.61666666666673,0.9975461718438869,655.8333333333334,0.9945780974426808,1819.733333333333,0.9864117881322183,1323.85,0.9897851080246913,1429.5,0.9893257168458781,599.0000000000001,0.995378086419753,3128.616666666666,0.9766381670649145
1332,RUR8521,RUR8521__S_Nindowal,3,C4-GRT-04,,E.co,e.coPK000983PU,0,1,1960.9166666666665,0.984869470164609,694.5,0.9946412037037037,590.9999999999999,0.9954398148148148,4139.600000000001,0.9680586419753087,299.79999999999995,0.9976867283950617,769.5,0.9940625,4682.366666646333,0.9650360911988775,237.99999999999997,0.9981635802469135,1398.5833333333333,0.9892084619341565,265.9166666666667,0.9977201931870141,1211.8,0.9909513142174433,2268.45,0.9830611559139786,393.16666666666663,0.9967496141975309,123.25000000000003,0.999079674432497,2843.116666666667,0.978062371399177,2531.633333333333,0.9810959279171645,121.00000000000003,0.9990663580246913,334.04999999999995,0.997505600358423
1333,MBN8580,MBN28580__S_FamilyWelfareCenterMandi2,3,C4-MBD-08,,ATL,ATMDN4,815.75,0.9937056327160494,9497.216666666669,0.9267190072016461,2454.3166666666666,0.981062371399177,1724.3999999999996,0.9866944444444445,4229.6,0.9673641975308642,1581.5,0.9877970679012346,1639.75,0.9873476080246913,6193.500000007218,0.9537522401433152,1537.4666666666667,0.9881368312757202,4434.533333333333,0.9657829218106996,2824.0333333333333,0.9757884659350708,3238.7499999999995,0.9758157855436081,3144.2833333333338,0.9765211818000796,2177.416666666667,0.9819988701499117,1582.5166666666662,0.9881831192751892,1873.2166666666667,0.9855461676954732,4056.35,0.9697106481481481,924.2000000000002,0.9928688271604937,1384.0833333333335,0.9896648496614894
1334,RUR8581,RUR8581__S_Kanwalit,3,C4-WZD-07,,ATL,ATSLK5,32.25,0.9997511574074075,628.3333333333334,0.9951517489711934,0,1,0,1,3393.95,0.9738121141975309,606.45,0.9953206018518519,756.2833333333333,0.9941644804526749,2391.2166666666667,0.982144439466348,1005.8333333333333,0.992238940329218,129,0.9990046296296297,1.583333333333333,0.9999864254686786,1025.6666666666667,0.9923411987256074,7779.2,0.9419115890083631,0,1,502.79999999999995,0.9962455197132617,841.1666666666667,0.9935095164609054,2087.5499999999997,0.9844119623655914,2259.6000000000004,0.9825648148148148,8994.000000001162,0.932840501792106
1335,GUJ8579,GUJ8579__S_ MadduKhalilNawabChowk,3,C4-GUJ-02,,ATL, ATGJW25,2036.8666666666668,0.9842834362139918,0,1,827.9499999999999,0.9936114969135802,3431.0666666666666,0.9735257201646091,3168.15,0.9755543981481481,1116.5833333333333,0.9913843878600823,45440.416666666664,0.6493795010288066,389.25000000000006,0.9970934139784946,3227.1499999999996,0.9750991512345679,1115.633333333333,0.9913917181069959,48.91666666666667,0.9995806184270691,9378.183333333332,0.9299717493030666,11681.916666666666,0.9127694394663481,0,1,112.74999999999999,0.9991580794504182,88.74999999999999,0.999315200617284,12374.616666666669,0.9075969484269215,0,1,830.4166666666667,0.9937991587017124
1336,RUR1517,RUR1517__S_KotBilal,3,C4-HFZ-06,,ATL,ATGJW30,,,,,2663.9999999999995,0.9794444444444445,3201.3499999999995,0.975298225308642,4712.166666666667,0.9636406893004116,29.083333333333332,0.999775591563786,770.2166666666666,0.994056970164609,2905.416666666666,0.9783048337315811,559.0833333333334,0.9956860853909465,5.583333333333333,0.9999569187242798,3382.4166666666674,0.971001228852309,3064.7500000000014,0.97711506869773,0,1,0,1,0,1,621.6666666666665,0.9952031893004115,453.4166666666667,0.9966142722023099,1095.25,0.9915489969135802,9444.000000000002,0.9294802867383513
1337,PSR8901,PSR8901__S_DrAbdulSattarHospital,3,C4-NRW-05,,Enfra,EC1-PSR-09639,,,,,2453.166666666667,0.9810712448559671,4749.75,0.9633506944444444,0,1,2076.583333333333,0.9839769804526749,2746.916666666667,0.9788046553497942,1221.05,0.9908822431302271,2280.8166666666666,0.9824011059670782,2371.1833333333334,0.9817038323045267,4069.8833333333337,0.9651073102423411,2791.9999999999995,0.9791517323775389,4232.650000000001,0.9683941905615292,1015.4666666666667,0.9916049382716049,1269.55,0.990520086618877,8038.799999999998,0.9379722222222222,0,1,1382.8166666666668,0.9893301183127572,4120.033333333333,0.9692351154918358
1338,WND8628,WND8628__S_PTCLExchangeWahndo_GTRP2150,3,C4-GUJ-01,,PTCL,GTRP2150,,,,,1732.5,0.9866319444444445,0,1,12307.166666666668,0.9050372942386831,348.33333333333337,0.9973122427983538,1010.3333333333331,0.9922042181069959,919.9166666666666,0.9931308492632418,1694.7166666666667,0.986923482510288,3747.833333333333,0.9710815329218108,1371.283333333333,0.9882434556470051,2101.1166666666663,0.9843106581043409,12631.083333333332,0.9056818747510951,908.0833333333333,0.9924926973104057,7386.783333333333,0.9448418209876543,1366.2166666666665,0.9894582047325103,6993.299999999999,0.947780017921147,11137.633333333333,0.9140614711934156,17917.799999999996,0.8662051971326166
1339,LLM8663,LLM8663__S_GraveyardNouGuza_Ufone7923,3,C4-GRT-04,,Ufone,7923,,,,,302.75,0.9976639660493827,0,1,1963.8166666666664,0.9848470936213992,0,1,0,1,0,1,0,1,187.50000000000003,0.9985532407407408,2243.45,0.9807660322359396,35.49999999999999,0.9997349163679808,85.5,0.999361559139785,1209,0.9900049603174604,359.7500000000001,0.9973136947431303,0,1,3821.8166666666652,0.9714619424532058,1.583333333333333,0.9999877829218107,2083.8166666666666,0.9844398397052967
1340,RUR8725,RUR8725__S_Jura,3,C4-SKT-03,,ATL,ATSLK23,,,,,0,1,2377.6,0.9816543209876544,7325.699999999999,0.9434745370370371,4899.716666666667,0.9621935442386831,510.29999999999995,0.9960625000000001,11650.399999999998,0.913004778972521,10565.566666666666,0.9184755658436213,4792.233333333334,0.9630228909465021,702.3999999999999,0.9939780521262003,849.4166666666669,0.9936572829549981,112.83333333333333,0.9991574571883711,290.25,0.9976004464285714,0,1,201.91666666666663,0.9984420010288066,270,0.9979838709677419,696.9999999999999,0.994621913580247,2459.2,0.981636798088411
1341,RUR8733,RUR8733__S_GulbaharNikki,3,C4-SKT-03,,ATL,ATSLK22,,,0,1,0,1,0,1,9066.816666666666,0.9300399948559671,5006.533333333333,0.9613693415637861,9001.666666666666,0.9305426954732511,1624.816666672472,0.9878672590600921,338.3333333333333,0.9973894032921811,11.75,0.999909336419753,23,0.9998028120713306,185.49999999999994,0.9986148446833931,0,1,540.9999999999999,0.9955274470899471,0,1,0,1,0,1,264.75,0.9979571759259259,1080.1166666666666,0.991934612704102
1342,KTL8796,KTL8796__S_KotliLoharan,3,C4-SKT-03,,ATL,ATSLK21,,,0,1,0,1,96,0.9992592592592593,2786.8,0.9784969135802468,5661.333333333335,0.9563168724279835,871.1500000000001,0.9932781635802469,8554.149999977879,0.9361249253287195,2045.1333333333332,0.9842196502057614,5817.349999999999,0.9551130401234568,2522.5166666666664,0.9783734853680841,2383.966666666667,0.9821985762644364,3961.733333333334,0.9704171644763042,3364.8333333333335,0.9721822641093475,1145.3166666666666,0.9914477548785345,3654.9333333333334,0.9717983539094651,3684.333333333333,0.9724885503783354,1249.2999999999997,0.9903603395061729,4353.8,0.9674895459976105
1343,RUR8584,RUR8584__S_Chhabilpur,3,C4-SKT-03,,ATL,ATDSK5,,,0,1,5.25,0.9999594907407408,75.58333333333334,0.9994167952674897,1739.7000000000003,0.9865763888888889,0,1,0,1,1432.3833333308498,0.9893041865790707,0,1,1106.8166666666666,0.9914597479423868,40.74999999999999,0.9996506344307271,0,1,1362.55,0.9898256421744326,0,1,12.5,0.999906660692951,0,1,0,1,0,1,0,1
1344,RUR8653,RUR8653__S_MangatNeech_Ufone3757,3,C4-HFZ-06,,Ufone,3757,,,,,4807.8,0.9629027777777778,294.71666666666664,0.9977259516460906,5608.799999999999,0.9567222222222221,230.83333333333334,0.998218878600823,14476.316666666666,0.8883000257201646,0,1,1585.1666666666667,0.9877687757201646,1365.25,0.989465663580247,2479.7166666666662,0.9787404263831734,2507.9,0.9812731481481481,1171.5500000000002,0.991251866786141,613.9999999999999,0.9949239417989417,6.5,0.9999514635603346,1928.2,0.9851219135802469,1668.8999999999999,0.987538082437276,1455.3000000000002,0.9887708333333333,482.75,0.9963952359617682
1345,HJW8621,HJW8621__S_GovtGirlsHighSchool_Ufone7884,3,C4-GRT-04,,Ufone,7884,,,471.75,0.9963599537037037,6.999999999999999,0.999945987654321,2803.2166666666667,0.9783702417695472,10174.316666666668,0.9214944701646091,520.5833333333334,0.9959831532921811,2722.733333333333,0.978991255144033,1869.5499999869617,0.9860397998806231,2030.6499999999999,0.9843314043209876,814.7500000000002,0.9937133487654322,0,1,382.2499999999999,0.9971456839904421,1578.25,0.9882149790919952,15.75,0.9998697916666667,0,1,1250.9166666666667,0.9903478652263376,0,1,429.7500000000001,0.9966840277777778,356.91666666666674,0.997334851652728
1346,GUJ8512,GUJ8512__S_DBlockGardenTown,3,C4-GUJ-02,,Enfra,EC1-GUJ-03908,,,341,0.9973688271604938,29.58333333333334,0.9997717335390947,21.5,0.9998341049382716,303.1666666666667,0.9976607510288066,0,1,0,1,0,1,78.95000000000002,0.9993908179012345,28,0.9997839506172839,113.55000000000001,0.9990264917695474,0,1,573.3833333333332,0.9957184637594584,1010.4166666666665,0.9916466876102292,0,1,854.4666666666666,0.9934068930041152,155,0.9988425925925926,1406.7166666666665,0.9891457047325103,6334.466666666669,0.9526996216646754
1347,RUR8675,RUR8675__S_KamalpurChishtian,3,C4-NRW-05,,ATL,ATSLK20,,,0,1,10.583333333333332,0.9999183384773663,1353.0833333333333,0.98955954218107,5083.700000000001,0.9607739197530865,264.0833333333333,0.9979623199588477,61.800000000000004,0.9995231481481481,1171.6000000000001,0.9912514934289127,3869.55,0.9701423611111112,0,1,23.083333333333336,0.9998020976223136,313.08333333333326,0.9976621614894465,2699.95,0.9798390830346476,3686.9833333333327,0.9695189869929454,0,1,433.5833333333333,0.9966544495884775,3197.166666666667,0.9761262943050578,4439.6833333333325,0.9657431841563786,3233.583333333334,0.9758543657905218
1348,RUR5932,RUR5932_H_Chaura Gujranwala,3,C4-GUJ-02,,CMPak,41018,338.25,0.9973900462962964,0,1,25.25,0.9998051697530864,5322.283333333333,0.9589329989711933,0,1,338.1666666666667,0.9973906893004115,0,1,5552.15,0.9585412933094385,1788.7999999999997,0.9861975308641975,0,1,4158,0.9643518518518519,0,1,0,1,0,1,103.25000000000001,0.9992290173237754,0,1,2267.45,0.9830686230585424,0,1,849.8000000000001,0.9936544205495818
1349,RUR0792,RUR0792_KotlQasin_NEW,3,C4-GRT-04,,CMPak,C-RUR-4372,0,1,269.5,0.997920524691358,0,1,109.83333333333331,0.9991525205761317,3241.1500000000005,0.9749911265432099,51.249999999999986,0.9996045524691358,51.75000000000001,0.9996006944444444,2361.0499999999997,0.9823696983273597,129.08333333333331,0.9990039866255144,0,1,5.166666666666666,0.999955704160951,59.750000000000014,0.9995538381123059,89.25,0.9993335573476702,1741.9,0.9855993716931216,421.5,0.9968525985663083,0,1,3381.2,0.9747520908004779,775.4666666666666,0.9940164609053498,3715.85,0.9722532108721624
1350,RUR8778,RUR8778__S_Sahibwal,3,C4-MBD-08,,TAWAL,TWPMBD0007,,,,,0,1,0,1,1460.1499999999999,0.9887334104938271,0,1,708.3,0.9945347222222222,194.83333333333331,0.9985451513341299,263.5,0.9979668209876543,0,1,60.83333333333333,0.9994784522176497,282.3333333333333,0.9978917761847869,325.08333333333337,0.9975725557546794,314.0833333333333,0.9974034115961199,0,1,1217,0.9906095679012346,1117.3333333333335,0.9916567104739148,1321.3333333333333,0.9898045267489712,1056.6666666666665,0.9921097172441259
1351,GJR5605,GJR5605__S_MadinaSyedan_CMPak3613,3,C4-GRT-04,,CMPak,3613,110.58333333333334,0.9991467335390947,746.5833333333335,0.9942393261316873,129.58333333333331,0.999000128600823,0,1,1072.25,0.9917264660493826,11.416666666666666,0.9999119084362139,0,1,230.24999998882413,0.9982806899642412,1672.4,0.9870956790123456,0,1,7.250000000000001,0.9999378429355281,249.66666666666669,0.9981357029072083,1193.3333333333335,0.991089207487057,31.25,0.9997416501322752,0,1,668.5,0.9948418209876543,1980.083333333333,0.9852144315013939,632.5666666666666,0.9951190843621398,208.16666666666669,0.9984455894066109
1352,GJR5702,GJR5702_H_Jamalpur Syedan Gujrat,3,C4-GRT-04,,CMPak,40761,0,1,176.83333333333331,0.9986355452674897,0,1,78.58333333333333,0.9993936471193416,2587.1499999999996,0.9800374228395061,0,1,0,1,838.3333333431899,0.9937400438071745,11.25,0.9999131944444444,0,1,0,1,0,1,199.33333333333337,0.9985115491835921,30.75,0.9997457837301588,0,1,232.5,0.9982060185185184,714.5000000000001,0.99466472520908,53.000000000000014,0.999591049382716,281.6166666666667,0.997897127638391
1353,SKT5620,RUR5620__S_ChakSanatta,3,C4-SKT-03,,CMPak,40229,35.49999999999999,0.9997260802469136,0,1,0,1,0,1,153.24999999999997,0.9988175154320987,0,1,44.49999999999999,0.9996566358024691,2209.6666666543265,0.9835000995620198,0,1,0,1,0,1,1082.5,0.991916816009558,792.2500000000002,0.9940841547192353,942.9166666666664,0.9922047233245149,0,1,14710.599999999999,0.8864922839506173,5588.25,0.9582717293906811,3046.45,0.9764934413580246,3248.8999999999987,0.9757399940262843
1354,RUR8633,RUR8633__S_PTCLExchangeTatlayAali_GTRP2060,3,C4-HFZ-06,,PTCL,GTRP2060,,,,,181.58333333333334,0.9985988940329219,209.5,0.9983834876543211,2716.75,0.9790374228395062,2922.2833333333333,0.9774515174897119,1221.75,0.9905729166666667,0,1,1575,0.9878472222222223,377.75,0.997085262345679,1223.75,0.989508316186557,3304.6666666666665,0.9753235762644366,3174.583333333334,0.976294927319793,115.49999999999997,0.9990451388888889,520.7500000000001,0.9961114844683394,2309.9666666666667,0.9821761831275719,9211.433333333332,0.9312168956591,1872.1333333333332,0.9855545267489713,2554.8333333333335,0.9809226901632816
1355,GJR8662,GJR8662_S_PaddyRoad_Ufone3608,3,C4-GRT-04,,Ufone,3608,,,,,0,1,554.2333333333333,0.9957235082304527,1526.8,0.9882191358024691,0,1,0,1,0,1,1678.8333333333333,0.9870460390946502,150,0.9988425925925926,21.75,0.9998135288065844,490.83333333333326,0.9963348765432098,532.5,0.9960237455197132,786.3333333333333,0.9934992283950618,120.33333333333334,0.9991014536041418,578.0000000000001,0.9955401234567901,525.7333333333333,0.9960742731979291,847.9999999999999,0.9934567901234569,0,1
1356,RUR8710,RUR8710__S_Lambanwali_Ufone1319,3,C4-GUJ-02,,Ufone,1319,,,,,1127.4333333333343,0.9913006687242799,576.25,0.9955536265432099,5155.7,0.9602183641975308,542.5,0.9958140432098765,94.83333333333334,0.9992682613168725,2599.083333333333,0.9805922690163281,151.5,0.9988310185185185,770,0.9940586419753086,204.75,0.9982445987654321,2055,0.984655017921147,1694.416666666667,0.9873475457984867,303.4166666666667,0.9974915950176367,1974.5,0.9852561230585424,2010.833333333333,0.9844843106995884,2016.6833333333336,0.9849411340103544,706.5500000000002,0.994548225308642,3372.3,0.9748185483870968
1357,RUR1140,RUR1140__S_ChahalKalan,3,C4-HFZ-06,,ATL,ATGJW29,,,,,0,1,7240.783333333333,0.9441297582304528,3158.7000000000003,0.9756273148148148,0,1,422.91666666666674,0.9967367541152263,112.25,0.9991618130227002,1798.083333333333,0.9861259002057614,109.25,0.9991570216049382,35.00000000000001,0.9996999314128944,122.49999999999999,0.99908527479092,82.74999999999999,0.9993820937873358,1301.8333333333335,0.9892374889770723,499.8,0.9962679211469534,0,1,246,0.998163082437276,2851.983333333334,0.9779939557613169,6.500000000000001,0.9999514635603346
1358,GUJ6808,GUJ6808__S_MianSansi_CMPak43352,3,C4-GUJ-02,,CMPak,CMPak43352,7113.699999999999,0.9451103395061728,2171.5,0.9832445987654321,66.75,0.9994849537037037,0,1,0,1,319.5,0.9975347222222223,19.5,0.999849537037037,29,0.9997834528076465,0,1,0,1,250.16666666666663,0.9978552240512117,39,0.9997087813620071,1028.5500000000002,0.9923196684587814,0,1,0,1,0,1,0,1,0,1,278,0.9979241338112306
1359,RUR1165,RUR1165__S_Darajake,3,C4-GUJ-01,,E.Co,e.coPK019896PU,,,,,0,1,7823.950000000001,0.9396300154320987,20821.43333333333,0.83934079218107,1199.5166666666664,0.9907444701646091,2142.9166666666665,0.9834651491769547,946.6500000000001,0.9929312275985663,3101.3,0.9760702160493827,3402.733333333333,0.973744341563786,3429.25,0.9705997085048012,3645.616666666667,0.9727776533253683,4553.833333333332,0.965995868180008,2926.266666666667,0.9758079805996472,3425.7499999999995,0.9744194295101554,3303.116666666667,0.9745129886831276,4943.5,0.9630861708482676,5692.483333333333,0.9560765174897119,4958.016666666666,0.9629777727996814
1360,GUJ8620,GUJ8620__S_ChanDaQilaChowk_Ufone3952,3,C4-GUJ-01,,Ufone,3952,,,,,22.25,0.9998283179012346,0,1,4940.416666666667,0.9618795010288066,327.16666666666674,0.9974755658436214,3517.9166666666665,0.9728555812757201,3977.4000000000005,0.9703001792114695,2548.4833333333336,0.9803357767489712,3246.2333333333336,0.9749519032921811,1834.0666666666668,0.9842758344764517,2752.0499999999997,0.9794500448028675,1271.15,0.9905081391875747,1156.5,0.9904389880952381,682.1333333333333,0.9949064117881322,513.0833333333333,0.9960410236625514,1544.9166666666665,0.9884638839107924,7086.450000000001,0.9453206018518518,4898.183333304462,0.9634245569496381
1361,RUR1193,RUR1193__S_Chopala_NEW,3,C4-GRT-04,,ATL,ATGRT3,,,,,0,1,0,1,1070.7,0.9917384259259259,447.75,0.9965451388888888,2857.833333333333,0.977948816872428,2011.6,0.9849790919952209,5027.299999999999,0.9612091049382715,26.916666666666664,0.9997923096707819,3047.8500000000004,0.9738695987654321,0,1,137.74999999999997,0.9989714008363202,15.75,0.9998697916666667,0,1,1864.3166666666664,0.9856148405349795,4763.450000000001,0.9644306302270012,33.50000000000001,0.999741512345679,25,0.9998133213859021
1362,RUR1190,RUR1190__S_GhalotianMor,3,C4-WZD-07,,E.Co,e.coPK019950PU,,,,,0,1,6937.65,0.94646875,5463.7,0.9578418209876542,7.166666666666667,0.9999447016460905,120.50000000000003,0.9990702160493826,53.650000000000006,0.9995993876941458,824.1999999999998,0.9936404320987654,5.750000000000001,0.9999556327160494,967.9333333333333,0.9917015317786922,3291.6000000000004,0.975421146953405,4100.233333333333,0.9693829649542015,0,1,233.54999999999998,0.9982560483870968,487.2833333333333,0.9962400977366255,575.5833333333333,0.9957020360414178,0,1,1195.55,0.9910726553166068
1363,RUR0753,RUR0753__S_Saria,3,C4-NRW-05,,E.Co,e.coPK019943PU,,,,,0,1,10186.316666666668,0.9214018775720164,17781.88333333333,0.8627941100823046,17516.41666666666,0.8648424639917696,4907.833333333334,0.9621309156378601,16035.383333333333,0.8802614745121465,8855.55,0.9316701388888888,3072.1666666666665,0.9762950102880659,7052.883333333333,0.9395328932327389,3719.0666666666666,0.9722291915571485,4524.616666666667,0.9662140332536837,1041.8000000000002,0.9913872354497354,2771.6833333333334,0.9793034398645958,429.2499999999999,0.9966878858024691,5867.449999999999,0.9561869026284349,8278.050000000001,0.9361261574074073,4810,0.9640830346475507
1364,SKG9026,SKG9026__S_AOneGamingZone,3,C4-NRW-05,,EnfraShare,EC1-SKG-09685,,,,,0,1,4723.000000000001,0.9635570987654322,3252.866666666667,0.974900720164609,3912.999999999999,0.9698070987654321,2788.7833333333333,0.9784816100823045,2520.3833333333337,0.9811799332935085,1301.283333333333,0.9899592335390947,1188.8333333333335,0.9908269032921811,1791.4666666666667,0.9846410608139002,1238.6666666666665,0.9907506969334926,4226.416666666667,0.9684407357626443,1312.1333333333332,0.9891523368606703,851.0833333333335,0.9936448377140582,2186.566666666666,0.9831283436213992,2612.4833333333336,0.9804922092791716,610.2166666666666,0.9952915380658436,509.9999999999999,0.9961917562724014
1365,HWY5619,HWY5619_H_Lalamusa Gt Rd Kotla Qasim Gujrat,3,C4-GRT-04,,CMPak,7605,0,1,0,1,1869.2500000000002,0.985576774691358,5329.399999999998,0.9588780864197531,1109.25,0.9914409722222223,81.33333333333333,0.9993724279835391,26.333333333333336,0.9997968106995885,2371.850000006751,0.9822890531660188,30.75,0.9997627314814815,0,1,3854.316666666666,0.9669554469593049,2172.2166666666667,0.9837797441258462,6189.816666666667,0.9537797441258462,1048,0.9913359788359789,17393.01666666667,0.8701238301473516,73.25000000000001,0.9994347993827161,6.999999999999999,0.9999477299880526,0,1,11945.983333333334,0.9107976154918359
1366,RUR2701,RUR2701__S_KotlaArabAliKhan,3,C4-GRT-04,,E.Co,e.coPK020043PU,,,,,0,1,351.43333333333334,0.9972883230452675,2178,0.9831944444444445,1330.75,0.9897318672839507,3014.366666666667,0.9767409979423869,1056.25,0.9921128285543608,3076.583333333333,0.9762609310699588,887.25,0.9931539351851852,1359.0499999999997,0.9883483367626886,2682.333333333333,0.9799706292313819,8435.533333333333,0.9370106531262445,3663.283333333333,0.9697149195326279,1304.4166666666667,0.990259732178415,1483.3833333333332,0.988554140946502,262.8333333333333,0.9980373855037834,0,1,770.9000000000001,0.994243578255675
1367,PSR1382,PSR1382__S_SaweraHospital,3,C4-NRW-05,,Enfra,EC1-PSR-09769,,,,,0,1,763.4166666666665,0.9941094393004115,2037.75,0.9842766203703703,5265.333333333333,0.9593724279835391,298.41666666666663,0.9976974022633744,937.1500000000001,0.9930021654719234,8130.116666666667,0.9372676183127573,2562.9833333333336,0.9802238940329218,301.9166666666667,0.9974115512117055,1410.05,0.9894709528076464,4902.783333333333,0.9633902080844285,1937.8333333333335,0.9839795524691358,616.8333333333335,0.9953940163281562,1324.8666666666666,0.9897772633744856,819.6666666666667,0.9938794305057747,5986.300000000001,0.9538094135802468,3759.2333333333336,0.9719292612504978
1368,GUJ0101,GUJ0101__S_QaziTown_TPLGW202,3,C4-GUJ-01,,TP,LGW202,,,,,106.41666666666667,0.999178883744856,4487.616666666666,0.9653733281893004,1448.5,0.9888233024691359,302.1666666666667,0.9976684670781892,2756.4500000000003,0.9787310956790124,1989.8666666666668,0.9851413779370769,16562.683333333334,0.8722015174897119,4054.4500000000003,0.968715663580247,46.41666666666667,0.9996020518975766,1344.9666666666667,0.989956939466348,2778.2,0.9792547789725209,444.95000000000005,0.9963215112433862,0,1,0,1,1958.4500000000003,0.9853759707287933,7411.016666666666,0.9428162294238683,5237.616666658984,0.9608899591796671
1369,RUR0669,RUR0669__S_Ladar,3,C4-NRW-05,,Tawal,TWPNRW0003,,,,,0,1,616.4166666666665,0.9952436985596708,0,1,5529.033333333333,0.9573377057613169,2106.333333333333,0.9837474279835391,748.0000000000002,0.9944145758661889,15178.066666666668,0.8828852880658437,51.249999999999986,0.9996045524691358,388.83333333333337,0.9966663808870599,1433.0166666666667,0.9892994573874949,2286,0.9829301075268817,21.83333333333334,0.9998194995590829,0,1,429.2499999999999,0.9966878858024691,1155.4166666666667,0.9913723367184388,749.0833333333333,0.9942200360082305,1508.8333333333333,0.9887333233771406
1370,GUJ8834,GUJ8834__S_Lohianwala,3,C4-GUJ-02,,Tawal,TWPGRW0018,,,,,0,1,0,1,392.1666666666668,0.9969740226337449,56.83333333333334,0.9995614711934157,5581.4,0.9569336419753087,1117.1,0.9916584528076464,674.3166666666666,0.9947969393004115,517.9166666666666,0.9960037294238683,891.6333333333332,0.9923556812985825,6857.4,0.9487948028673836,1413.333333333333,0.9894464356829948,3476.0000000000005,0.9712632275132275,8362.133333333333,0.9375587415372361,808.9499999999998,0.9937581018518519,472.91666666666663,0.9964686628833134,3312.75,0.9744386574074074,39,0.9997087813620071
1371,SKT8935,SKT8935__S_DiamondCity,3,C4-SKT-03,,E.Co,e.coPK019915PU,,,,,0,1,213.99999999999997,0.9983487654320987,5455.816666666667,0.9579026491769548,1106.25,0.9914641203703703,248.41666666666663,0.9980832047325103,19791.933333311597,0.8522107726007198,1803.9333333333334,0.9860807613168724,181.75000000000003,0.9985976080246914,169.16666666666663,0.9985496684956562,2105.4666666666667,0.9842781760254878,8451.2,0.9368936678614098,4629.783333333334,0.9617246748236332,2972.55,0.9778035394265232,3184.2666666666664,0.9754300411522634,4243.9833333333345,0.9683095629231382,6224.549999999999,0.9519710648148149,3441.483333338363,0.9743019464356455
1372,RUR8859,RUR8859__S_NearKotliLala,3,C4-SKT-03,30,,,,,,,,,14655.033333333333,0.8869210390946501,36264.06666666666,0.7201846707818931,7.5,0.9999421296296296,4164.583333333334,0.9678658693415637,1524.583333333333,0.9886157158502589,969.8500000000001,0.9925165895061728,3201.3333333333335,0.9752983539094651,2532.1833333333334,0.9782906092821215,2547.0666666666666,0.9809806849860614,1670.8833333333332,0.9875232726005575,382.5,0.9968377976190476,459.75,0.9965669802867383,1024.9833333333333,0.9920911779835392,2566.916666666667,0.9808324621664676,1869.4666666666667,0.9855751028806584,156.2,0.9988336320191159
1373,RUR2577,RUR2577__S_Gujgran,3,C4-GRT-04,,ATL,ATGRT8,,,,,,,316.2500000000001,0.9975597993827161,2736.8,0.9788827160493827,455.4166666666665,0.996485982510288,1584.6999999999996,0.9877723765432098,2044.7,0.9847319295101553,0,1,34.08333333333333,0.9997370113168725,527.7500000000001,0.9954753943758574,5626.15,0.9579887246117085,0,1,16,0.9998677248677248,0,1,673.9666666666667,0.9947996399176955,3014.366666666666,0.977491288331342,0,1,1831.2833333333338,0.986325542612505
1374,RUR2476,RUR2476__S_Dhamthal,3,C4-GRT-04,,ATL,ATGRT7,,,,,,,1919.35,0.985190200617284,3594.916666666667,0.9722614454732511,4346.25,0.9664641203703703,3510.9500000000007,0.9729093364197532,0,1,35.00000000000001,0.999729938271605,26.666666666666668,0.9997942386831276,0,1,188.58333333333334,0.9985918209876543,3490.6,0.9739351851851852,15.75,0.9998697916666667,0,1,1545.9666666666667,0.988071244855967,9830.483333333334,0.926594359816806,0,1,212.74999999999997,0.9984113649940263
1375,RUR2804,RUR2804__S_Jassoran,3,C4-NRW-05,,Enfra,EC1-CHW-09777,,,,,,,,,2893.2833333333333,0.9776752829218107,3673.283333333333,0.9716567644032922,1051.6666666666667,0.9918852880658435,1410.6333333333334,0.9894665969733174,33,0.9997453703703704,730.3333333333334,0.9943647119341564,586.8000000000002,0.9949691358024692,134.25,0.9989975358422939,0,1,0,1,176.75000000000003,0.9986801821983273,0,1,2048.7833333333333,0.9847014386698527,599.4999999999999,0.9953742283950617,63.25,0.9995277031063321
1376,HWY1064,HWY1064__S_DeonaMandi,3,C4-GRT-04,,ATL,ATGRT4,,,,,,,1075.1833333333334,0.9917038323045267,19427.033333333333,0.8501000514403292,9907.116666666669,0.9235561985596707,9136.95,0.9294988425925926,12208.883333330308,0.9088345031860042,32778.133333333324,0.7470823045267491,90768.13333333332,0.2996286008230453,4473.200000000001,0.9616495198902606,2800.4999999999995,0.9790882616487455,11891.166666666666,0.9112069394663481,8785.200000000003,0.9273710317460317,0,1,1708.6833333333334,0.9868157150205761,241.00000000000006,0.9982004181600956,2540.8,0.9803950617283951,2603.3166666666666,0.9805606581043409
1377,RUR2720,RUR2720__S_Beerh,3,C4-SKT-03,,ATL,ATDSK6,,,,,,,569.6666666666667,0.9956044238683127,10361.883333333335,0.9200471965020576,58.250000000000014,0.9995505401234568,2504.2833333333333,0.9806768261316873,1924.6666666666667,0.9856282357626444,2386.5333333333338,0.9815853909465021,450.1666666666665,0.9965264917695474,1279.8333333333335,0.989027491998171,4594.333333333334,0.9656934488251693,2358.75,0.9823868727598567,538.75,0.9955460482804233,1281.0833333333333,0.990433965551573,1443.0166666666664,0.9888656121399176,1104.5,0.9917525388291517,4346.5,0.9664621913580247,4760.75,0.9644507915173237
1378,RUR2734,RUR2734__S_BhuppraGuraya,3,C4-HFZ-06,,ATL,ATHFZ4,,,,,,,1296.0000000000002,0.99,2326.2833333333333,0.9820502829218107,6744.649999999999,0.9479579475308643,1684.4999999999998,0.9870023148148148,428.64999999999986,0.9967992084826762,1634.4833333333333,0.9873882458847737,854.1666666666669,0.99340920781893,0,1,34.666666666666664,0.9997411389884507,0,1,306.2499999999999,0.9974681712962963,2353.2166666666667,0.982428190959777,2972.25,0.9770659722222222,5288.883333333333,0.9605071435682995,4191.216666666666,0.9676603652263374,4295.35,0.9679260005973715
1379,NRW2398,NRW2398__S_KanjroorRoad,3,C4-NRW-05,,ATL,ATNRW6,,,,,,,0,1,2293.533333333333,0.9823029835390946,4479.75,0.9654340277777778,12117.083333333332,0.9065039866255143,0,1,2623.4166666666656,0.9797575874485597,3501.783333333333,0.972980066872428,0,1,23,0.9998282556750299,0,1,491.3333333333333,0.9959380511463845,7.333333333333333,0.9999452409398646,5448.5,0.9579591049382716,2111.666666666667,0.9842318797291916,5612.249999999999,0.9566956018518519,4214.400000000001,0.9685304659498207
1380,HFZ1525,HFZ1525__S_HafizabadCourt,3,C4-HFZ-06,,ATL,ATHFZ4,,,,,,,0,1,6935.916666666666,0.9464821244855968,7041.816666666667,0.9456649948559671,6351.633333333333,0.9509904835390947,3561.9166666666665,0.9734026533253685,6052.916666666667,0.9532953960905349,1929.3166666666666,0.9851132973251029,1962.4166666666665,0.9831754401005943,3261.2833333333333,0.9756475258861012,2380.3500000000004,0.9822255824372761,68.58333333333334,0.9994330081569665,48.75,0.9996359767025089,866.1499999999999,0.9933167438271604,1642.2833333333328,0.9877368329350857,11233.299999999996,0.9133233024691358,2935.0333333333333,0.9780836818000797
1381,JPB8846,JPB8846__S_FarrukhSattarRiceMills,3,C4-HFZ-06,,ATL,ATHFZ5,,,,,,,0,1,17033.616666666665,0.8685677726337449,9308.916666666668,0.9281719393004115,10190.433333333334,0.9213701131687243,3536,0.9735961768219833,0,1,0,1,460.75000000000006,0.9960498113854596,242.91666666666666,0.9981861061330147,637.1666666666665,0.9952421843886897,0,1,639.5833333333333,0.9952241387893269,66.50000000000001,0.9994868827160494,1378.1999999999994,0.9897087813620072,106,0.9991820987654322,1225.8333333333335,0.9908465252887296
1382,RUR0979,RUR0979__S_Aidal,3,C4-MBD-08,,ATL,ATMDN9,,,,,,,0,1,1555.0666666666664,0.9880010288065845,0,1,565.3333333333335,0.9956378600823045,129.250000021498,0.9990348715649531,0,1,0,1,548.0000000000002,0.9953017832647463,947.9166666666669,0.992921769215452,404.08333333333326,0.9969826513341299,0,1,0,1,1751.6499999999999,0.9864841820987654,1239.5499999999997,0.9907441009557946,98.49999999999999,0.9992399691358025,3272.6833333333334,0.9755624004380725
1383,GHK8940,GHK8940__S_GilWalaRd,3,C4-GUJ-02,,E.Co,e.coPK019873PU,,,,,,,0,1,976.5000000000001,0.9924652777777777,28.25,0.9997820216049382,398.64999999999986,0.9969239969135802,800.9499999999998,0.9940191905615293,12.833333333333332,0.9999009773662552,1804.8,0.9860740740740741,78.99999999999999,0.9993227023319616,683.75,0.9948943399044206,0,1,0,1,103.66666666666667,0.9992259060135404,71.00000000000001,0.9994521604938272,41.25,0.9996919802867383,845.75,0.9934741512345678,5926.866666666667,0.9557432297889287
1384,HWY1001,HWY1001__S_KotKhizri,3,C4-WZD-07,,EnfraShare,EC1-WZD-09617,,,,,,,0,1,5719.883333333333,0.9558650977366255,1846,0.9857561728395062,1429,0.9889737654320987,1328.8500000181607,0.9900772849461009,3579.35,0.9723815586419754,2396.666666666667,0.9815072016460905,1524.8000000000002,0.9869272976680383,3504.7500000000005,0.9738295250896057,5022.633333333333,0.9624952708084429,1708.0500000000004,0.9858792162698413,1006.1666666666666,0.9924868080446038,864.8333333333335,0.9933269032921811,1766.75,0.9868074223416966,380.5833333333333,0.9970634002057613,2281.2166666666667,0.9829658253683792
1385,RUR2886,RUR2886__S_Kheuewali,3,C4-WZD-07,,Enfra,EC1-WZD-09683,,,,,,,,,4018.4833333333327,0.9689931841563787,5890.633333333333,0.9545475823045266,2286.8166666666666,0.9823548096707819,1575.6333333333337,0.9882345181202709,679.05,0.9947604166666666,1492.8333333333333,0.9884812242798354,987.55,0.9915333504801097,57.24999999999999,0.9995725059737157,4603.6,0.9656242532855436,256.5,0.9978794642857143,361.75,0.9972987604540023,1310.4833333333333,0.9898882458847738,1518.3333333333333,0.9886623855037834,877.5833333333334,0.9932285236625514,14071.516666666666,0.8949259508164079
1386,RUR3933,RUR3933__S_AbidAbad,3,C4-HFZ-06,,ATL,ATGJW32,,,,,,,,,0,1,172.16666666666666,0.9986715534979425,497.71666666666664,0.9961595936213992,4629.65,0.9654297341696535,0,1,0,1,685.6666666666667,0.9941215134887975,379.6666666666667,0.9971649741138988,6442.833333333334,0.9518904320987654,3572.916666666667,0.9704619984567902,368.5,0.9972483572281959,1435.5333333333333,0.988923353909465,0,1,17.25,0.9998668981481481,237.75,0.9982246863799282
1387,RUR3155,RUR3155__S_BaraManga,3,C4-NRW-05,,Enfra,EC1-SKG-09780,,,,,,,,,0,1,4187.666666666667,0.9676877572016461,2369.7333333333336,0.9817150205761317,13119.066666669614,0.9020380326562902,5393.683333333333,0.9583820730452675,2886.45,0.9777280092592592,3543.8,0.9696176268861454,3967.5666666666666,0.9703736061330147,3911.983333333333,0.9707886549183593,2857.816666666666,0.9763738701499117,4586.566666666667,0.9657514436479491,2910.5666666666666,0.9775419238683127,2635.9666666666667,0.9803168558343289,748.25,0.9942264660493827,1263.55,0.9905648894862604
1388,RUR4334,RUR4334__S_Manwgowal,3,C4-MBD-08,,E.Co,e.coPK017004PU,,,,,,,,,,,697.2166666666666,0.9946202417695473,1030.2000000000003,0.9920509259259259,539.5000000000001,0.9959714755077659,0,1,739.9833333333332,0.9942902520576132,141.5,0.9987868655692729,1074.5833333333335,0.9919759309040224,2151.15,0.9839370519713262,1215.6666666666665,0.9899498456790125,982,0.9926672640382318,2262.9666666666662,0.9825388374485597,1146.7999999999997,0.991436678614098,482.6999999999999,0.996275462962963,5886.683333333334,0.9560432845479889
1389,KMK8569,KMK8569_H_ChoudryMktKamonki,3,C4-GUJ-01,30+31,,,,,,,,,,,,,0,1,0,1,29.166666666666668,0.9997822082835524,0,1,0,1,0,1,259.08333333333326,0.998065387295898,672.6666666666666,0.9949771007566706,0,1,0,1,0,1,0,1,0,1,0,1
1390,SDK1691,SDK1691__S_NearMadniPolyTexPvt,3,C4-GUJ-01,,ATL,ATKMK3,,,,,,,,,0,1,0,1,2459.1666666666665,0.9810249485596708,0,1,0,1,3463.133333333333,0.97327829218107,2922.6833333333334,0.9749427011888432,2352.916666666667,0.9824304311031462,1069.1666666666665,0.9920163779370769,0,1,0,1,1284.0499999999997,0.9900922067901234,1094.2833333333333,0.9918288281561131,340.2999999999999,0.9973742283950616,265.4166666666667,0.9980180953803266
1391,RUR6613,RUR6613__S_MasjidMandhariaWali,3,C4-MBD-08,,ATL,ATSGH10,,,,,,,,,,,0,1,0,1,565.3,0.9957788231780167,0,1,0,1,0,1,60.49999999999999,0.9995482377538829,0,1,15.5,0.9998718584656084,0,1,4473.116666666666,0.9654852109053498,638.05,0.9952355884109916,1190.3833333333334,0.9908149434156378,2696.9,0.9798618578255675
1392,RUR4873,RUR4873__S_Marala,3,C4-MBD-08,,Tawal,TWPGJR0007,,,,,,,,,,,0,1,2242.5000000000005,0.9826967592592593,570,0.9957437275985663,587.5500000000001,0.9954664351851852,455.41666666666663,0.996485982510288,65.16666666666667,0.9994413008687699,3434.916666666667,0.974350980684986,926.75,0.9930798237753884,15.75,0.9998697916666667,0,1,0,1,1624.6,0.9878688769414576,0,1,1746.8999999999999,0.9869556451612904
1393,ALC4371,ALC4371__S_OldTempleAlipurChatha,3,C4-HFZ-06,,Enfra,EC2-APR-09776,,,,,,,,,,,0,1,0,1,2473.033333333333,0.98153350258861,0,1,66.50000000000001,0.9994868827160494,799.5,0.9931455761316873,1624.1666666666667,0.9878721127041019,1659.5500000000002,0.9876079002389485,28.25,0.9997664517195767,1313.5,0.9901919056152927,23.5,0.9998186728395062,77.25,0.9994231630824373,509.9999999999999,0.9960648148148148,610.5,0.9954413082437276
1394,RUR2704,RUR2704__S_Chechian_Jhans,3,C4-GRT-04,,ATL,ATGRT11,,,,,,,,,,,0,1,4484.616666666667,0.9653964763374485,12412.23333332821,0.9073160593389471,14226.55,0.890227237654321,7155.966666666666,0.94478420781893,7920.883333333333,0.9320911922725195,4698.15,0.9649182347670251,3915.2666666666664,0.9707641377937076,2019.2499999999998,0.98330646494709,2157.4333333333334,0.9838901334129828,2879.4333333333334,0.9777821502057613,0,1,0,1,5454.783333333334,0.9592683442851454
1395,RUR2703,RUR2703__S_Ramkay,3,C4-GRT-04,,ATL,ATGRT12,,,,,,,,,,,0,1,1887.65,0.985434799382716,3668.5999999999995,0.9726060334528077,10952.7,0.9154884259259259,26.583333333333332,0.9997948816872427,0,1,0,1,5914.716666666666,0.9558339555953803,15.75,0.9998697916666667,0,1,0,1,7686.966666666667,0.9426003086419753,0,1,0,1
1396,RUR4989,RUR4989__S_Mandeer,3,C4-MBD-08,,,,,,,,,,,,,,,,0,1,5642.783333333334,0.9578645211071286,1664.866666666667,0.9871538065843621,409.75,0.9968383487654322,1741.3000000000002,0.9850711591220851,800.6666666666666,0.994021306252489,951.2166666666667,0.9928971276383911,123.75,0.9989769345238095,0,1,709.6666666666666,0.9945241769547326,483.8333333333333,0.9963871465551573,977.9999999999999,0.9924537037037037,1397.9,0.9895616786140979
1397,KMK9727,KMK9727,3,C4-GUJ-01,,,,,,,,,,,,,,,,0,1,0,1,0,1,279.4166666666667,0.9978440072016461,494.3833333333333,0.9957614597622313,2174.55,0.9837623207885305,1514.3333333333335,0.988692254082039,3040.05,0.9748673115079365,990.7833333333332,0.9926016776184787,425.0833333333333,0.9967200360082304,5286.333333333334,0.9605261847869374,7836.383333333333,0.9395340792181069,6854.233333326674,0.948818448825219
1398,SKT9693,SKT9693,3,C4-SKT-03,,,,,,,,,,,,,,,,0,1,7792.483333333334,0.9418124004380725,929.2999999999996,0.992829475308642,20.750000000000004,0.9998398919753086,223.56666666666666,0.998083276177412,409.7166666666667,0.996940586419753,4990.1,0.9627382019115891,1675.8166666666668,0.9861456955467373,191.50000000000003,0.9985700418160096,1738.1,0.9865887345679012,4808.933333333333,0.9640909996017523,0,1,275.5,0.9979428016726404
1399,SKG2336,"SKG2336_Dinpur Khurd, Shakargarh",3,C4-NRW-05,,,,,,,,,,,,,,,,0,1,5479.1,0.9590867682198327,1389.9999999999995,0.9892746913580247,3077.616666666667,0.9762529578189301,3707.283333333333,0.9682160208047554,4448.866666666667,0.9667796694544006,4403.933333333333,0.9671151931501395,9960.5,0.9176545965608466,3541.6333333333337,0.9735541119076064,2076.25,0.9839795524691358,2860.216666666667,0.9786423486658701,2522.383333333333,0.9805371656378601,6379.416666666668,0.9523639735165272
1400,GUJ9672,GUJ9672__S_FFQSupportsProgramKhialibranch,3,C4-GUJ-01,,,,,,,,,,,,,,,,0,1,7172.866666666667,0.946439167662286,4560.716666666667,0.9648092849794239,0,1,46.88333333333334,0.9995980509830819,231.41666666666663,0.9982719782954997,718.1666666666667,0.9946373456790124,530.25,0.9956163194444444,0,1,1436.6166666666668,0.9889149948559671,318.5000000000001,0.9976217144563918,47.75000000000001,0.9996315586419753,7104.916666666667,0.9469465601354042
1401,RUR2333,RUR2333__S_Philoki,3,C4-HFZ-06,,,,,,,,,,,,,,,,0,1,2997.916666666667,0.9776141228594186,11,0.9999151234567901,344.25,0.99734375,35.75000000000001,0.9996935013717422,129.49999999999997,0.9990330047789725,1523.5333333333335,0.9886235563520509,128.25,0.998939732142857,300.9,0.9977531362007168,274.81666666666666,0.9978795010288066,1277.4833333333331,0.9904608472720032,799.2499999999999,0.9938329475308642,1230.3833333333334,0.9908125497809638
1402,GUJ9829,GUJ9829__S_eKhidmatMarkazPITB,3,C4-GUJ-02,,,,,,,,,,,,,,,,,,0,1,2128.1,0.983579475308642,4702.383333333334,0.9637161779835391,1291.8333333333335,0.9889246113397349,3033.25,0.9773502837514934,4443.35,0.9668208632019116,0,1,15309.199999999999,0.8856839904420549,4067.5,0.9686149691358026,7966.683333333333,0.9405116238550378,6092.900000000001,0.9529868827160493,6935.849999999999,0.9482090053763441
1403,RUR5117,RUR5117_S_MariThakran,3,C4-MBD-08,,ATL,,,,,,,,,,,,,,,,0,1,1637.15,0.9873676697530864,4722.4,0.9635617283950617,1940.65,0.9833620541838134,2473.6666666666665,0.981528773397053,9043.133333333333,0.9324736160892075,0,1,758.55,0.9943357974910394,1498.1666666666667,0.9884400720164609,1224.5333333333333,0.9908562325766627,3424.7333333333336,0.9735745884773662,4543.6,0.9660722819593788
1404,GJR9032,GJR39032__S_RabbitsFarm_CMPak43168,3,C4-GRT-04,,CMPak,43168,148.8,0.9988518518518518,880.25,0.9932079475308642,153.66666666666666,0.9988143004115225,501.5,0.9961304012345679,442.1666666666667,0.996588220164609,0,1,0,1,0,1,0,1,1191.8166666666668,0.990803883744856,0,1,0,1,650.6666666666666,0.9951413779370769,1847.8833333333332,0.9847231867283951,20.5,0.9998469235364397,0,1,0,1,0,1,0,1
1405,RUR2937,RUR2937__S_MuralaRoadJinnahCity,3,C4-MBD-08,,Tawal,,,,,,,,,,,,,,,,195.25,0.9985420400238948,41.00000000000001,0.9996836419753086,0,1,1334.1333333333332,0.9885619570187472,1940.1499999999999,0.985512619474313,1010.6999999999999,0.9924529569892474,178.5,0.9985243055555556,1344.7333333333336,0.9899586818000796,639.1666666666666,0.995068158436214,205.58333333333337,0.9984648795300677,1853.5333333333335,0.9856980452674897,1840.6166666666668,0.9862558492632418
1406,MBN9554,MBN9554__S_Mangowal_RL_RUR6920,3,C4-MBD-08,,CMPak,,,,,,,,,,,,,,,,218.8333333333333,0.9983659398645958,5.916666666666667,0.9999543467078189,0,1,5.000000000000001,0.9999571330589849,0,1,11,0.9999178614097969,0,1,0,1,0,1,0,1,3160.3999999999996,0.9756141975308643,0,1
1407,HFZ9755,HFZ9755__S_VanikeChowk,3,C4-HFZ-06,,Enfra,,,,,,,,,,,,,,,,2060.25,0.9846158154121863,360.9500000000001,0.9972148919753085,1610.333333333333,0.9875745884773663,1160.8,0.9900480109739369,1419.3999999999996,0.9894011350059738,839.3000000000001,0.993732825567503,775.8333333333335,0.9935860339506174,0,1,285,0.997800925925926,0,1,58.75,0.9995466820987654,0,1
1408,RUR5137,RUR5137__S_DargaPur_Ufone3943,3,C4-GRT-04,,Ufone,,,,,,,,,,,,,,,,29474.6,0.7799089008363203,14063.93333333333,0.8914819958847737,806.7166666666668,0.9937753343621399,3013.65,0.9741628086419754,2424.8,0.9818936678614097,1952.4999999999998,0.9854204002389486,1872.4166666666667,0.9845203648589066,1249.75,0.9906679360812426,627,0.9951620370370371,3823.7999999999993,0.9714471326164875,5641.083333333333,0.9564731224279835,6654.950000015988,0.9503065262842294
1409,SKT9963,SKT19963__S_QabristanJodhayWaliKhurd,3,C4-SKT-03,,Tawal,,,,,,,,,,,,,,,,3261.25,0.97564777479092,2907.6833333333334,0.9775641718106997,623.4999999999999,0.9951890432098766,5.499999999999999,0.9999528463648834,740.3333333333333,0.9944718239745122,819.5,0.9938806750298685,1736.5,0.9856440145502645,401.25,0.9970038082437276,744.4999999999999,0.9942554012345678,0,1,0,1,2068.4833333333336,0.9845543359219434
1410,RUR5291,RUR5291__S_UggoChak,3,C4-HFZ-06,,,,,,,,,,,,,,,,,,8.5,0.9999365292712067,44.99999999999999,0.9996527777777777,15.25,0.9998823302469135,241.75,0.9979273834019204,3261.2,0.975648148148148,977.8833333333336,0.9926980037833532,5.25,0.9999565972222223,0,1,825.55,0.9936300154320987,1184.95,0.9911518070489845,329.2499999999999,0.9974594907407408,775.1666666531625,0.9942117184389698
1411,GUJ9856,GUJ9856__S_IllyasColony,3,C4-HFZ-06,,,,,,,,,,,,,,,,,,0,1,94.74999999999999,0.9992689043209876,5.416666666666666,0.9999582047325103,267.9166666666667,0.9977030464106081,877.5,0.9934475806451613,1797.5,0.986577807646356,606.9166666666666,0.9949825011022928,2739.383333333333,0.9795446286340104,3443.6833333333334,0.9734283693415638,2190.066666666667,0.9836464555953803,359.25,0.9972280092592593,532.3666666666666,0.9960247411389885
1412,GJR9857,GJR9857__S_HashmiColony,3,C4-GRT-04,,,,,,,,,,,,,,,,,,0,1,1158.4666666666667,0.9910612139917696,0,1,100.99999999999997,0.9991340877914952,0,1,392.5,0.9970691457586619,164.75,0.9986379794973546,0,1,0,1,0,1,69.58333333333334,0.999463091563786,0,1
1413,GUJ9725,GUJ9725__S_AlNoorSchoolLadheWalaWarraich,3,C4-GUJ-02,,Enfra,,,,,,,,,,,,,,,,0,1,345.9999999999999,0.9973302469135803,295.1666666666667,0.9977224794238683,1301,0.9888460219478737,2454.016666666667,0.9816755027877339,210.00000000000006,0.998431899641577,1364.4999999999998,0.9887194113756614,349.33333333333337,0.9973914774990044,618.4999999999999,0.9952276234567902,0,1,529.1666666666667,0.9959169238683127,9012.649999999998,0.9327012395459977
1414,RUR4325,RUR4325__S_Sidh,3,C4-MBD-08,,,,,,,,,,,,,,,,,,,#N/A,0,1,2161.25,0.983323688271605,5896.233333333333,0.9494493026977595,214.25,0.9984001642771804,559.5833333333333,0.9958215103544404,21.75,0.9998201884920636,346.25,0.9974145011947431,3909.3333333333344,0.9698353909465021,2990.916666666667,0.977666392871366,0,1,1262.15,0.99057534348865
1415,RUR5610,RUR5610__S_Harpoki,3,C4-GUJ-01,,,,,,,,,,,,,,,,,,,#N/A,,,,,1293.25,0.9889124657064472,690.0833333333333,0.994847047988849,3024.383333333333,0.9774164924332935,0,1,1510.2333333333336,0.9887228693747511,5469.216666666666,0.9577992541152264,6739.5,0.9496751792114695,8037.333333333332,0.9379835390946503,11073.4,0.917313321385902
1416,GUJ9760,GUJ9760__S_Gondalanwala RD Gujranwala,3,C4-GUJ-02,,,,,,,,,,,,,,,,,,,#N/A,0,1,0,1,3644.383333333333,0.9687552869227253,1643.5000000000002,0.9877277479091995,3670.95,0.9725884856630824,14135.499999999998,0.8831390542328044,5828.35,0.9564788679808841,3715.6499999999996,0.9713298611111111,0,1,10906.15,0.9158476080246913,3386.2000000000007,0.9747147550776583
1417,RUR7696,RUR7696__S_BhaggatGarahRd,3,C4-GUJ-02,,,,,,,,,,,,,,,,,,,#N/A,,,2355,0.9818287037037037,0,1,0,1,204.16666666666663,0.9984754579848666,0,1,14.25,0.9998935931899642,0,1,0,1,438.83333333333326,0.996613940329218,128.08333333333331,0.9990435832337714
1418,GUJ5891,GUJ5891_H_New Gulshan colony bazar New Gulshan colony bazar,3,C4-GUJ-02,,,,,,,,,,,,,,,,,,,#N/A,,,0,0,4190.433333333333,0.9640737882944673,3474.333333333333,0.9740566507367582,3892.666666666667,0.9709328952608522,322.25,0.9973358961640212,1413.1666666666665,0.9894476802070887,13976.033333333333,0.8921602366255144,1689.9166666666667,0.9873811479490243,2343.6666666666665,0.9819161522633745,3613.5,0.9730174731182796
1419,RUR5403,RUR5403__S_NadalaSulehrian,3,C4-NRW-05,,,,0,1,0,1,0,1,0,1,0,1,0,1,0,1,0,1,0,1,0,1,4811.566666666666,0.9587485711019661,338.2499999999999,0.9974742383512545,0,1,411.38333333333344,0.9965990134479717,0,1,3185.083333333333,0.9754237397119341,0,1,133.25,0.9989718364197531,0,1
1420,KMK4527,KMK4527_S_NRSPMicorfinanceBANK,3,C4-GUJ-01,,Enfrashare,EC1-KMK-09803,0,1,0,1,0,1,0,1,0,1,0,1,0,1,0,1,0,1,0,1,0,1,244.90000000000003,0.9981712962962963,55.749999999999986,0.9995837066905615,437.4166666666665,0.9963837907848324,665.25,0.9950324820788531,2514.0333333333333,0.9806015946502058,164.50000000000003,0.9987716547192353,0,1,200.08333333333331,0.9985059488251693
1421,KMK8278,KMK8278_S_Kassuki,3,C4-GUJ-01,,E.Co,e.coPK020221PU,0,1,0,1,0,1,0,1,0,1,0,1,0,1,0,1,0,1,0,1,0,1,0,1,119.41666666666669,0.9991082984866587,1048.9166666666667,0.9913284005731923,1342.5333333333333,0.9899751095181203,1175.3333333333333,0.9909310699588477,1027.1166666666666,0.9923303713659897,2390.8333333333335,0.9815522119341564,5619.083333333334,0.9580414924332935
1422,GUJ8284,GUJ8284_S_jamiamasjid muhalla Quaid-e-azam,3,C4-GUJ-01,,E.Co,e.coPK015525PU,0,1,0,1,0,1,0,1,0,1,0,1,0,1,0,1,0,1,0,1,0,1,0,1,1625.6833333333334,0.9878607875348467,3837.866666666667,0.9682716049382717,2256.866666666667,0.9831476503385106,3712.0999999999995,0.9713572530864198,156.5,0.9988313918757467,1928.7499999999998,0.9851176697530865,2354.85,0.9824159946236558
1423,GUJ8279,GUJ8279_S_NowshehrasansiGraveyard,3,C4-GUJ-01,,E.Co,e.coPK020181PU,0,1,0,1,0,1,0,1,0,1,0,1,0,1,0,1,0,1,0,1,0,1,0,1,84.24999999999999,0.9993708930704898,0,1,4406.633333333333,0.9670950318598167,342.7833333333334,0.997355066872428,1756.4833333333331,0.9868840850258862,15.5,0.9998804012345679,204.5,0.9984729689366786
1424,GUJ8287,GUJ8287_S_Usmancolony,3,C4-GUJ-01,,E.Co,e.coPK015632PU,0,1,0,1,0,1,0,1,0,1,0,1,0,1,0,1,0,1,0,1,0,1,0,1,359.75,0.9973136947431303,1936.2833333333335,0.9839923666225749,224,0.9983273596176823,6365.633333333334,0.9508824588477366,179.55,0.9986592741935483,672.0333333333333,0.9948145576131686,130.76666666666668,0.9990235463958582
1425,GUJ8289,GUJ8289__S_CocaCola WearHosue,3,C4-GUJ-02,,E.Co,e.coPK016311PU,0,1,0,1,0,1,0,1,0,1,0,1,0,1,0,1,0,1,0,1,0,1,0,1,709.5833333333333,0.9947014386698527,146.50000000000003,0.9987888558201058,2939.5,0.9780503285543608,4976.433333333333,0.9616015946502057,3043.516666666667,0.9772736210673039,3545.0499999999997,0.9726462191358024,4965.516666666667,0.962921769215452
1426,RUR6773,RUR6773_S_Derasial,3,C4-GUJ-02,,Enfrashare,EC1-GUJ-06602,0,1,0,1,0,1,0,1,0,1,0,1,0,1,0,1,0,1,0,1,0,1,1971.633333333333,0.985277528872959,1359.0500000000002,0.9898517771804062,0,1,0,1,268.0833333333333,0.9979314557613169,458.0000000000001,0.9965800477897253,1127.25,0.9913020833333333,341.5833333333333,0.9974493478693748
1427,GUJ8280,GUJ8280__S_GulshanEIyazTown,3,C4-GUJ-02,,E.Co,e.coPK020182PU,0,1,0,1,0,1,0,1,0,1,0,1,0,1,0,1,0,1,0,1,0,1,0,1,0,1,2203.0333333333338,0.9817870921516755,0,1,3750.116666666667,0.9710639146090534,3939.416666666667,0.970583806252489,5820.333333333333,0.9550900205761317,4710.916666666667,0.9648229042214257
1428,Guj8283,GUJ8283__S_RuryalaWarriach,3,C4-GUJ-02,,E.Co,e.coPK017041PU,0,1,0,1,0,1,0,1,0,1,0,1,0,1,0,1,0,1,0,1,0,1,0,1,0,1,790.8333333333334,0.9934620260141094,0,1,2197.8333333333335,0.9830414094650206,11423.149999999998,0.9147016875746715,9409.416666666664,0.9273964763374485,10685.450000001398,0.9202102001194639
1429,RUR7159,RUR7159_S_PTCL EXCHANGE LOUDHARY ROAD,3,C4-HFZ-06,,ATL,ATP-BT3,0,1,0,1,0,1,0,1,0,1,0,1,0,1,0,1,0,1,0,1,0,1,0,1,1101.2,0.9917771804062128,1395.6999999999998,0.9884614748677248,776.6666666666669,0.9942005177220231,11755.549999999997,0.9092935956790122,9719.616666666667,0.9274222172441259,6636.050000000001,0.948795910493827,2975.45,0.9777818847072879
1430,RUR7008,RUR7008_S_solgin,3,C4-HFZ-06,,Enfrashare,EC1-PNB-03880,0,1,0,1,0,1,0,1,0,1,0,1,0,1,0,1,0,1,0,1,0,1,180.99999999999994,0.9986484468339307,5976.116666666667,0.9553754729191557,0,1,1272.2499999999998,0.9904999253285545,557.25,0.9957002314814816,1829.4499999999998,0.9863392323775387,1691.8666666666668,0.9869454732510288,1154.916666666667,0.9913760702907208
1431,MBN8249,MBN8249__S_ArshadTown,3,C4-MBD-08,,Enfrashare,EC1-MBD-04022,0,1,0,1,0,1,0,1,0,1,0,1,0,1,0,1,0,1,0,1,0,1,0,1,0,1,944.6500000000001,0.9921903935185185,789.8999999999999,0.9941017025089606,0,1,0,1,2402.7499999999995,0.981460262345679,1130.9499999999998,0.991555032855436
1432,NRW9954,NRW9954__S_GovtDegreeCollegeGround,3,C4-NRW-05,,Ufone,0,0,1,0,1,0,1,0,1,0,1,0,1,0,1,0,1,0,1,0,1,0,1,0,1,5774.5166666666655,0.9568808492632418,1440.9166666666667,0.9880876598324515,945.55,0.9929394414575866,5082.8166666666675,0.9607807355967078,419.5,0.9968675328554361,47.4,0.9996342592592593,0,1
1433,SKT8312,SKT8312__S_JamiyaMAsjisMuqadas,3,C4-SKT-03,,CMPak,0,0,1,0,1,0,1,0,1,0,1,0,1,0,1,0,1,0,1,0,1,0,1,0,1,0,1,365.7500000000001,0.9969762731481481,0,1,9501.616666666665,0.9266850565843622,1521.3333333333333,0.9886399840700917,9447.866666666667,0.9270997942386832,11138.683333353123,0.9168258412981397
1434,SKT9594,SKT9594__S_UBLBhoth_,3,C4-SKT-03,,CMPak,CMPak42641,0,1,0,1,0,1,0,1,0,1,0,1,0,1,0,1,0,1,0,1,0,1,1523.5,0.9886238052568698,1952.2499999999998,0.9854222670250895,2131.783333333333,0.9823761298500883,1276.5499999999997,0.9904678166069296,1118.8999999999999,0.9913665123456791,1333.2333333333336,0.9900445539625647,803.3333333333333,0.993801440329218,925.3833333333332,0.993090028872959
1435,SKT9950,SKT9950 S TalwaraMughlan CMPak42636,3,C4-SKT-03,,CMPak,42636,0,1,0,1,0,1,0,1,0,1,0,1,0,1,0,1,0,1,0,1,0,1,604.5,0.9954861111111112,4330.916666666667,0.9676604191557149,1438.5,0.9881076388888889,283.5,0.997883064516129,0,1,0,1,1683.3666666666668,0.987011059670782,1633.2499999999998,0.9878042861409797
1436,WZB8294,WZB8294_S_Usmanmarriagehall,3,C4-WZD-07,,ATL,ATWZR01,0,1,0,1,0,1,0,1,0,1,0,1,0,1,0,1,0,1,0,1,0,1,0,1,0,1,0,1,0,1,20202.633333333335,0.8441154835390947,5599.650000000001,0.9581866039426523,3675.7666666666673,0.9716376028806585,0,1
1437,RUR7515,RUR7515__S_Raipur,3,C4-WZD-07,,E.Co,e.coPK016275PU,0,1,0,1,0,1,0,1,0,1,0,1,0,1,0,1,0,1,0,1,0,1,0,1,0,1,210.25000000000006,0.9982618220899471,5900.816666666666,0.9559377489048189,13394.616666666667,0.8966464763374487,615,0.99540770609319,3603.183333333333,0.9721976594650207,356.4166666666667,0.99733858522501
1438,HFZ8274,HFZ8274__S_TheBestKnowledgeSchool,3,C4-HFZ-06,,E.Co,e.coPK020174PU,0,1,0,1,0,1,0,1,0,1,0,1,0,1,0,1,0,1,0,1,0,1,0,1,187.00000000000003,0.9986036439665472,3407.55,0.9718291170634921,2331.883333333333,0.9825874900438072,5800.766666666667,0.9552409979423868,0,1,106,0.9991820987654322,3639.4500000000003,0.9728237007168459
1439,KMK8290,KMK8290__S_JamiaMasjidAkbari,3,C4-GUJ-01,,E.Co,e.coPK020180PU,0,1,0,1,0,1,0,1,0,1,0,1,0,1,0,1,0,1,0,1,0,1,0,1,0,1,1941.75,0.9839471726190476,773.6666666666664,0.9942229191557149,3106.1499999999996,0.9760327932098766,1073.9166666666667,0.9919809090003983,1325.5333333333333,0.9897721193415637,1097.9666666666667,0.991801324173636
1440,JPJ8263,JPJ8263__S_DarbarPirAhmad_CMPak43008,3,C4-GRT-04,,CM-PAK,CMPak_43008,0,1,0,1,0,1,0,1,0,1,0,1,0,1,0,1,0,1,0,1,0,1,0,1,73.66666666666666,0.999449920350458,1883.5,0.9844287367724869,0,1,0,1,0,1,262.75,0.9979726080246913,38201.18333333334,0.7147462415372361
1441,TDA8306,TDA8306__S_Mota_CMPak41202,3,C4-GRT-04,,CM-PAK,41202,0,1,0,1,0,1,0,1,0,1,0,1,0,1,0,1,0,1,0,1,0,1,0,1,459.33333333333337,0.9965700915969734,16,0.9998677248677248,0,1,651.7500000000002,0.9949710648148148,26.08333333333333,0.9998052319792912,0,1,953.5,0.9928800776583034
1442,WZB8260,WZB8260__S_ThathaFaqirullah_CMPak7179,3,C4-WZD-07,,CM-PAK,7179,0,1,0,1,0,1,0,1,0,1,0,1,0,1,0,1,0,1,0,1,0,1,0,1,0,1,1488,0.9876984126984126,1630.7333333333333,0.9878230784547989,3275.933333333333,0.9747227366255145,1530.5666666666666,0.9885710374352847,2932.2,0.977375,1646.5,0.9877053464755078
1443,SKT8295,SKT8295__S_Harrar_CMPak42561,3,C4-SKT-03,,CM-PAK,42561,0,1,0,1,0,1,0,1,0,1,0,1,0,1,0,1,0,1,0,1,0,1,0,1,0,1,0,1,0,1,7387.166666666665,0.9430002572016462,4470.75,0.9666162634408602,5739.316666666667,0.9557151491769548,155.33333333333331,0.9988401035444047
1444,RUR7589,RUR7589__S_KhanPiaraEminabadRd,3,C4-GUJ-01,,Deodar,EC1-GUJ-09974 ,0,1,0,1,0,1,0,1,0,1,0,1,0,1,0,1,0,1,0,1,0,1,0,1,123.60000000000001,0.9990770609318996,1265.3500000000001,0.9895391038359789,2940.4666666666667,0.9780431103146157,7018.566666666667,0.9458443930041152,2526.416666666667,0.9811348815213062,3237.65,0.9750181327160494,6408.483333333334,0.9521469285145361
1445,RRC0004,RRC0004__S_Pindian_Bhanoke_Ufone7797,3,C4-WZD-07,,Ufone,7797,0,1,0,1,0,1,0,1,0,1,0,1,0,1,0,1,0,1,0,1,0,1,0,1,402.04999999999995,0.9969978345280766,0,1,250.4666666666667,0.9981297291915571,2768.45,0.9786385030864198,2997.2,0.9776194743130228,0,1,128.58333333333337,0.9990398496614894
1446,RRC0016,RRC0016_S_Bhundri,3,C4-GUJ-01,,ATL-,ATMDK8,,,,,,,,,,,,,,,,,,,,,,,,,,,0,1,693.75,0.9948196684587813,1642.966666666667,0.9873227880658436,22,0.9998357228195939,5516.516666666666,0.9574342849794238,9841.966666666667,0.9265086121067304
1447,GUJ9940,GUJ9940__S_GovtGirlsDegreeCollegeTariqAbad,3,C4-GUJ-01,,E.Co-,e.coPK015524PU,,,,,,,,,,,,,,,,,,,,,,,,,,,260.25,0.9978484623015873,2144.8500000000004,0.9839840949820788,6520.466666666667,0.9496877572016461,0,1,2580.883333333333,0.9800857767489712,9124.833333333334,0.9318635503783353
1448,GUJ9945,GUJ9945_S_AlBadarTown,3,C4-GUJ-02,,Tawal-,TWPGRW0030,,,,,,,,,,,,,,,,,,,,,,,,,,,114.41666666666669,0.9990540950176368,0,1,4493.9,0.9653248456790123,3543.033333333333,0.9735436579052171,8149.7666666666655,0.9371159979423868,4204.083333333333,0.9686075019912386
1449,GUJ8282,GUJ8282_GulshanColonyGround,3,C4-GUJ-02,,E.Co-,e.coPK016357PU,,,,,,,,,,,,,,,,,,,,,,,,,,,5.499999999999999,0.9999545304232804,1486.5,0.9889000896057348,0,1,0,1,2793.666666666666,0.9784439300411524,0,1
1450,RRC0003,RRC0003__S_ChhapanwaliLahoreSargodhaRd,3,C4-HFZ-06,,E.Co,e.coPK020177PU,,,,,,,,,,,,,,,,,,,,,,,,,,,2087.1833333333334,0.982744846781305,2485.1333333333337,0.9814431501393867,1510.5,0.9883449074074074,2717.866666666667,0.9797052966945441,887.8333333333333,0.9931494341563786,2558.916666666667,0.9808921993229789
1451,HFZ9986,HFZ9986__S_Qadirabad,3,C4-HFZ-06,,E.Co,e.coPK020223PU,,,,,,,,,,,,,,,,,,,,,,,,,,,997.4166666666666,0.9917541611552028,0,1,2208.866666666667,0.9829562757201645,4634.200000000001,0.9653957586618876,8064.883333333333,0.9377709619341564,6937.500000000001,0.9481966845878137
1452,SKG8293,SKG8293_S_AsadAutosNoorkotRoad,3,C4-NRW-05,,Tawal-,TWPNRW0012,,,,,,,,,,,,,,,,,,,,,,,,,,,19.833333333333332,0.9998360339506174,5149.983333333334,0.9615443299482278,404.41666666666663,0.9968795010288066,233.08333333333331,0.9982595330545599,4063.5500000000006,0.9686454475308642,234.41666666666666,0.998249576861808
1453,RRC0011,RRC0011S_Baherikhurd,3,C4-NRW-05,,ENFRA-,EC1-NRW-10061,,,,,,,,,,,,,,,,,,,,,,,,,,,923.8333333333333,0.9923624889770722,1744.9166666666667,0.9869704549980088,2343.9333333333334,0.9819140946502057,6667.333333333333,0.9502140581441657,7212.016666666667,0.9443517232510288,3343.2833333333338,0.9750352200318598
1454,RRC0010,RRC0010__S_FatehpurAfghanan,3,C4-NRW-05,,ENFRA-,EC1-SKG-10059,,,,,,,,,,,,,,,,,,,,,,,,,,,1188.3000000000002,0.9901760912698413,3107.05,0.9767992084826763,2090.55,0.9838692129629629,4523.750000000001,0.9662205047789725,397.04999999999995,0.9969363425925926,1315.4166666666665,0.9901775935882118
1455,NRW9985,NRW9985__S_SocialSecurityMedicalCenter,3,C4-NRW-05,,E.Co-,e.coPK020150PU,,,,,,,,,,,,,,,,,,,,,,,,,,,941.6500000000001,0.9922151951058201,1120.25,0.99163493130227,1918.1833333333332,0.9851992026748971,3080.9666666666676,0.9769939765033852,1308.1999999999998,0.9899058641975309,3827.0666666666666,0.9714227399442453
1456,NRW9932,NRW9932__S_LibertyRoundabout,3,C4-NRW-05,,E.Co-,e.coPK016356PU,,,,,,,,,,,,,,,,,,,,,,,,,,,2300.9666666666662,0.9809774581128748,2037.4666666666667,0.9847859418558343,5657.216666666667,0.9563486368312758,3039.75,0.977301747311828,7990.450000000002,0.9383452932098766,5117.916666666666,0.9617837763839109
1457,SKT9953,SKT9953__S_GulshanEIqbalPark_CMPak7175,3,C4-SKT-03,,CM Pak,7175,,,,,,,,,,,,,,,,,,,,,,,,,,,1444.8833333333332,0.9880548666225749,302.4999999999999,0.9977411887694145,14.5,0.9998881172839507,0,1,0,1,46176.66666666665,0.6551921545201117
1458,SKT9995,SKT9995__S_RiazStEminabadRd,3,C4-SKT-03,,E.Co,e.coPK020179PU,,,,,,,,,,,,,,,,,,,,,,,,,,,1758.5833333333335,0.9854614473104057,3329.5,0.9751381421744325,6057.683333333333,0.9532586162551441,3773.7499999999986,0.9718208632019116,0,1,0,1
1459,DHW9861,DHW9861 S_Kaimpura,3,C4-SKT-03,,ATL-,ATSLK10,,,,,,,,,,,,,,,,,,,,,,,,,,,10106.816666666666,0.9164449680335097,7918.483333333334,0.9408715402230188,3023.2333333333327,0.9766725823045267,5254.7,0.9607623954599761,2699.3500000000004,0.9791716820987654,2192.3333333333335,0.9836295300677022
1460,SMB8296,SMB8296__S_Amrikpura_CMPak44388,3,C4-WZD-07,,CM Pak,44388,,,,,,,,,,,,,,,,,,,,,,,,,,,0,1,13,0.9999029271206691,0,1,396.9999999999999,0.9970355436081242,4829.983333333334,0.9627316100823045,414.66666666666674,0.9969036240541617
1461,RUR7606,RUR7606_S_Kakakolo,3,C4-WZD-07,,ENFRA-,9977,,,,,,,,,,,,,,,,,,,,,,,,,,,0,1,885.1333333333334,0.9933905814416568,461.25,0.9964409722222223,1200.2333333333333,0.991037684189566,109.05000000000001,0.9991585648148148,1463.3333333333335,0.989073078454799
1462,DSK7614,DSK7614__S_BarkatMarket,3,C4-WZD-07,,ENFRA-,EC1-DSK-09961,,,,,,,,,,,,,,,,,,,,,,,,,,,239.25,0.9980220734126983,962.0833333333333,0.9928159846674631,3931.05,0.969667824074074,1101.8333333333333,0.9917724512146555,0,1,1775.2999999999997,0.9867435782556749
1463,RRC0020,RRC0020__S_NearWazirKeChatha,3,C4-HFZ-06,,ENFRA-,EC1-APC-10081,,,,,,,,,,,,,,,,,,,,,,,,,,,0,1,1266.25,0.9905447281959379,1177.5,0.990914351851852,837.1333333333334,0.9937490043807249,3897.6000000000004,0.9699259259259259,71.25,0.9994679659498208
1464,GUJ9923,GUJ9923__S_GraveyardKhiyaliNorth,3,C4-GUJ-01,,ENFRA-,EC1-GUJ-10194,,,,,,,,,,,,,,,,,,,,,,,,,,,0,1,370.2500000000001,0.9972352897252091,2359.2,0.9817962962962963,401.4999999999999,0.9970019414575866,0,1,654.3000000000001,0.995114247311828
1465,RRC0024,RRC0024__S_MakkahRiceMillsHafizabadRd,3,C4-HFZ-06,,ENFRA-,EC1-HFZ-10114,,,,,,,,,,,,,,,,,,,,,,,,,,,457,0.9962218915343916,1383.3,0.9896706989247313,3240.2166666666662,0.9749983281893004,4867.866666666667,0.9636509358821186,9559.916666666666,0.9262352109053498,10995.783333333333,0.9178928962564715
1466,KTN9837,KTN9837__S_Gug,3,C4-NRW-05,,ATL,ATNRW7,,,,,,,,,,,,,,,,,,,,,,,,,,,837.4166666666667,0.9930769124779542,3332.266666666667,0.9751174830744723,1121.25,0.9913483796296296,105.25000000000003,0.9992140830346475,1657.6666666666667,0.9872093621399176,3182.3500000000004,0.9762369324970132
1467,SKT9812,SKT9812__S_HunterPura,3,C4-SKT-03,,Tawal,TWPSKT0005,,,,,,,,,,,,,,,,,,,,,,,,,,,0,1,0,1,0,1,0,1,584.7500000000001,0.9954880401234568,0,1
1468,RUR7431,RUR7431__S_AddaLadharGhumman,3,C4-SKT-03,,ENFRA-,EC1-SKT-06359,,,,,,,,,,,,,,,,,,,,,,,,,,,,,74.83333333333334,0.9994412086818001,170.25,0.9986863425925925,174,0.9987007168458781,46.25,0.9996431327160493,1054.666666666667,0.9921246515332537
1469,GUJ9871,GUJ9871__S_Rehmanabad_CMPak42627,3,C4-GUJ-02,,ZONG-,42627,,,,,,,,,,,,,,,,,,,,,,,,,,,,,115.99999999999997,0.9991338112305854,0,1,0,1,8730.366666666665,0.9326360596707819,13467.49999999073,0.8994362305854934
1470,RRC0005,RRC0005__S_Baghanwala_CMPak40859,3,C4-MBD-08,,ZONG-,40859,,,,,,,,,,,,,,,,,,,,,,,,,,,,,2852.066666666667,0.9787032058940661,0,1,85.25000000000001,0.999363425925926,3314.65,0.9744239969135802,4615.15,0.9655380077658303
1471,RRC0032,RRC0032__S_NuranghaAbad,3,C4-NRW-05,,ENFRA-,EC1-SKG-10132,,,,,,,,,,,,,,,,,,,,,,,,,,,,,236,0.9982377538829152,3993.1666666666665,0.9691885288065843,10843.466666666665,0.9190302668259658,2977.133333333333,0.97702829218107,4003.6166666634076,0.9701044155715098
1472,RRC0049,RRC0049__S_SherGarhHospital,3,C4-GRT-04,,Tawal-,TWPGJR0006,,,,,,,,,,,,,,,,,,,,,,,,,,,,,0,1,0,1,52.250000000000014,0.9996098416965353,0,1,840,0.9937275985663082
1473,RRC0058,RRC0058__S_Pindkalu,3,C4-MBD-08,,E.Co-,e.coPK010B2PU,,,,,,,,,,,,,,,,,,,,,,,,,,,,,836.45,0.9937541069295102,4604.150000000001,0.9644741512345679,3273.733333333333,0.9755545599362805,3488.616666666667,0.9730816615226336,4713.466666666666,0.9648038630027878
1474,GUJ9099,GUJ9099__S_GhosiaFlyoverGMagnliaPark,3,C4-GUJ-01,,Tawal-,TWPGRWDD13,,,,,,,,,,,,,,,,,,,,,,,,,,,,,0,1,0,1,0,1,0,1,0,1
1475,FTP8308,FTP8308_S_GPSMatharabad_TPLFP001,3,C4-GRT-04,,Telenor,LFP001,,,,,,,,,,,,,,,,,,,,,,,,,,,,,,,0,1,499.08333333333326,0.9962732726005575,0,1,2469.166666666667,0.9815623755475906
1476,RRC0055,RRC0055__S_Jandala,3,C4-GRT-04,,Enfrashare,EC1-LLM-10232,,,,,,,,,,,,,,,,,,,,,,,,,,,,,,,2482.8,0.9808425925925925,850.3333333333331,0.9936504380724811,1035.25,0.9920119598765431,0,1
1477,RRC0009,RRC0009__S_Kassoki,3,C4-GRT-04,,Enfrashare,EC1-GUT-10089,,,,,,,,,,,,,,,,,,,,,,,,,,,,,,,479.0833333333333,0.9963033693415637,938.4833333333333,0.9929922092791716,0,1,606.9999999999999,0.9954674432497014
1478,KNJ9613,KNJ9613_S_ShabbirshareefHospitalKunja,3,C4-GRT-04,,E.Co,e.coPK020374PU,,,,,,,,,,,,,,,,,,,,,,,,,,,,,,,120.49999999999997,0.9990702160493826,181.75000000000003,0.9986428464755077,5145.4833333333345,0.9602971965020576,6633.550000000001,0.9504663231780167
1479,RRC0061,RRC0061_S_Loroy,3,C4-GRT-04,,Enfrashare,EC1-10141,,,,,,,,,,,,,,,,,,,,,,,,,,,,,,,1154.2833333333333,0.9910934927983539,1154.5500000000002,0.9913788082437276,1091,0.9915817901234568,517.5,0.996135752688172
1480,GJR9523,0,3,C4-GRT-04,,ZONG-,CM-PAK43336,,,,,,,,,,,,,,,,,,,,,,,,,,,,,,,0,1,0,1,0,1,0,1
1481,GJR9530,GJR9530__S_Rescue1122Gujrat,3,C4-GRT-04,,E.Co,e.coPK016329PU,,,,,,,,,,,,,,,,,,,,,,,,,,,,,,,0,1,0,1,1535.5833333333333,0.9881513631687242,8905.499999999998,0.9335013440860216
1482,RRC0052,RRC0052__S_HelipadGroundCitiHousing,3,C4-GUJ-01,,Enfrashare,EC1-GUJ-10216,,,,,,,,,,,,,,,,,,,,,,,,,,,,,,,601.5,0.9953587962962963,0,1,0,1,803.2500000000001,0.9940020161290323
1483,KMK9793,KMK9793__S_TankiWalaRd,3,C4-GUJ-01,,Enfrashare,EC1-KMK-10150,,,,,,,,,,,,,,,,,,,,,,,,,,,,,,,0,1,2035.0666666666668,0.9848038630027877,5081.766666666666,0.9607888374485597,1374.3166666666666,0.989737778773397
1484,GUJ9699,GUJ9699__S_GhosiaFlyoverGMagnoliaPark,3,C4-GUJ-01,,Tawal-,TWPGRW0013,,,,,,,,,,,,,,,,,,,,,,,,,,,,,,,0,1,0,1,129.25000000000003,0.9990027006172839,791.6666666666667,0.9940885105535644
1485,GUJ9596,GUJ9596__S_FunDunyaAmusementPark,3,C4-GUJ-02,,Enfrashare,EC1-GUJ-03649,,,,,,,,,,,,,,,,,,,,,,,,,,,,,,,0,1,2103.4666666666667,0.9842931103146156,3083.05,0.9762110339506173,2280.4999999999995,0.9829711768219833
1486,KQD9824,KQD9824_S_PTCLExchange,3,C4-HFZ-06,,E.Co,e.coPK020266PU,,,,,,,,,,,,,,,,,,,,,,,,,,,,,,,6281.216666666666,0.951533822016461,10440.966666666665,0.922035792512943,6938.899999999999,0.9464591049382716,4938.233333333334,0.9631254978096376
1487,RRC0038,RRC0038_S_BhoonKalan,3,C4-HFZ-06,,Tawal,TWPHFD0002,,,,,,,,,,,,,,,,,,,,,,,,,,,,,,,2324.416666666667,0.9820646862139918,429.41666666666674,0.9967934836718438,7631.666666666666,0.941113683127572,3080.45,0.9769978345280765
1488,RUR7135,RUR7135__S_Mailowal,3,C4-MBD-08,,ATL-,ATBHR4,,,,,,,,,,,,,,,,,,,,,,,,,,,,,,,0,1,0,1,38.75000000000001,0.9997010030864197,11.25,0.9999159946236559
1489,SKG9719,SKG9719_S_SairaMumtaz Memorial Hospital,3,C4-NRW-05,,Tawal,TWPNRW0011,,,,,,,,,,,,,,,,,,,,,,,,,,,,,,,1450.8166666666668,0.9888054269547325,1568.9166666666667,0.9882846724412585,8802.833333333334,0.9320769032921811,5680.466666666666,0.9575831342094783
1490,RRC0044,RRC0044__S_ChanniBarmna,3,C4-NRW-05,,E.Co,e.coPK020304PU,,,,,,,,,,,,,,,,,,,,,,,,,,,,,,,7518.9,0.9419837962962962,529.7499999999999,0.996044280167264,1881.7333333333333,0.9854804526748971,5570.433333333334,0.9584047690163281
1491,RRC0045,RRC0045__S_Chahla,3,C4-NRW-05,,Enfrashare,EC1-SKG-10068,,,,,,,,,,,,,,,,,,,,,,,,,,,,,,,1492.05,0.9884872685185185,5497.333333333333,0.9589506172839506,2357.816666666667,0.9818069701646092,1440.35,0.9892446983273596
1492,RRC0050,RRC0050__S_BhutaRawal,3,C4-NRW-05,,E.Co,e.coPK020343PU,,,,,,,,,,,,,,,,,,,,,,,,,,,,,,,10327.700000000003,0.9203109567901234,4990.216666666667,0.9627373307447232,6562.133333333333,0.9493662551440329,4594.016666666667,0.9656958134209478
1493,RRC0063,RRC0063__S_GovtBoysHighSchoolTalwandiBhindran,3,C4-NRW-05,,Enfrashare,EC1-NRW-01795,,,,,,,,,,,,,,,,,,,,,,,,,,,,,,,150.08333333333331,0.9988419495884774,2251.9166666666665,0.983184612704102,4594.483333333334,0.9645487397119342,3614.483333333334,0.973010130426125
1494,RRC0064,RRC0064_S_chak Qazian,3,C4-NRW-05,,Enfrashare,EC1-SKG-10275,,,,,,,,,,,,,,,,,,,,,,,,,,,,,,,0,1,1373.1666666666665,0.9897463659896455,5415.633333333333,0.9582127057613168,1611,0.9879704301075268
1495,RRC0073,RRCD073_5_ChaoraGujran,3,C4-NRW-05,,Tawal-,TWPNRW0013,,,,,,,,,,,,,,,,,,,,,,,,,,,,,,,0,1,0,1,916.3833333333334,0.992929140946502,8598.35,0.9357948775388292
1496,RRC0095,RRC0095__S_Jabal,3,C4-NRW-05,,ENFRA-,EC1-SKG-10366,,,,,,,,,,,,,,,,,,,,,,,,,,,,,,,0,1,0,1,1636.4166666666665,0.9873733281893005,2016.1166666666666,0.984945365392274
1497,RRC0021,RRC0021__S_KothaRahmatKhan,3,C4-SKT-03,,Enfrashare,EC1-SKT-06554,,,,,,,,,,,,,,,,,,,,,,,,,,,,,,,7084.749999999999,0.9453337191358026,3232.9333333333334,0.9758592194344883,1982.8333333333335,0.9847003600823045,4453.9,0.9667420848267622
1498,RRC0054,RRC0054__S_KotHarrar,3,C4-SKT-03,,Enfrashare,EC1-SKT-10110,,,,,,,,,,,,,,,,,,,,,,,,,,,,,,,0,1,2905.666666666667,0.9783029669454401,925.4499999999998,0.9928591820987654,2642.583333333333,0.9802674482277978
1499,SKT9593,SKT9593__S_AllahMalakFamilyRestaurant_Ufone3420,3,C4-SKT-03,,Ufone-,3420,,,,,,,,,,,,,,,,,,,,,,,,,,,,,,,0,1,0,1,13336.783333333333,0.8970927211934157,459.39999999999986,0.9965695937873358
1500,SKT9535,SKT9535__S_SulemanSweetsAndBakers,3,C4-SKT-03,,ENFRA-,EC1-SKT-1035,,,,,,,,,,,,,,,,,,,,,,,,,,,,,,,0,1,0,1,1793.8333333333335,0.9861586934156378,0,1
1501,LLM9549,LLM9549__S_MohallaQadirabad,3,C4-GRT-04,,Enfrashare,EC1-LLM-03004,,,,,,,,,,,,,,,,,,,,,,,,,,,,,,,,,,,,,,
1502,RRC7589,,3,C4-GUJ-01,,Enfrashare,EC1-GUJ-09974,,,,,,,,,,,,,,,,,,,,,,,,,,,,,,,,,,,,,,
1503,GUJ9533,GUJ9533__S_TaekwondoKarateAcademy_CMPak43038,3,C4-GUJ-01,,ZONG-,CMPAK-43038,,,,,,,,,,,,,,,,,,,,,,,,,,,,,,,,,,,,,,
1504,RRC0096,RRC0096__S_ChakGamrolla,3,C4-NRW-05,,ATL-,ATNRW9,,,,,,,,,,,,,,,,,,,,,,,,,,,,,,,,,,,,,,
1505,SOH9575,SOH9575__S_Talwara,3,C4-WZD-07,,ATL-,ATWZR02,,,,,,,,,,,,,,,,,,,,,,,,,,,,,,,,,,,,,,
1506,RRC0074,RRC0074__S_Kopra,3,C4-WZD-07,,ATL-,ATSLK27,,,,,,,,,,,,,,,,,,,,,,,,,,,,,,,,,,,,,,
1507,RRC0106,LTE_RRC0106__S_DaulatNagar,3,C4-GRT-04,,ENFRA-,EC1-GUT-04555,,,,,,,,,,,,,,,,,,,,,,,,,,,,,,,,,,,,,,
1508,RRC0104,RRC0104__S_KotBhawaniDas,3,C4-HFZ-06,,ATL-,ATGJ20,,,,,,,,,,,,,,,,,,,,,,,,,,,,,,,,,,,,,,
