SiteCode,Site Name,NoofCells,(2G/3G),Priority,Type,Category,MBU#,OMO Colocation,OMO host name ,DG site,2026-08-01 00:00:00,2026-08-02 00:00:00,2026-08-03 00:00:00,2026-08-04 00:00:00,2026-08-05 00:00:00,2026-08-06 00:00:00,2026-08-07 00:00:00,2026-08-08 00:00:00,2026-08-09 00:00:00,2026-08-10 00:00:00,2026-08-11 00:00:00,2026-08-12 00:00:00,2026-08-13 00:00:00,2026-08-14 00:00:00,2026-08-15 00:00:00,2026-08-16 00:00:00,2026-08-17 00:00:00,2026-08-18 00:00:00,2026-08-19 00:00:00,2026-08-20 00:00:00,2026-08-21 00:00:00,2026-08-22 00:00:00,2026-08-23 00:00:00,2026-08-24 00:00:00,2026-08-25 00:00:00,2026-08-26 00:00:00,2026-08-27 00:00:00,2026-08-28 00:00:00,2026-08-29 00:00:00,2026-08-30 00:00:00,2026-08-31 00:00:00,Frequency,4G NAR
JPJ5679,JPJ5679__S_QamarAbadRd,12,2G/3G/LTE,General,Macro,OMO,C4-GRT-04,Jazz Guest/CM-PAK Host,CM-PAK ,Non DG Site,100,100,100,100,100,100,99.998070987654,100,100,100,100,100,100,100,100,100,100,100,100,100,,,,,,,,,,,,1,99.99990354938271
KHR1735,KHR1735__S_KharianCantt,9,2G/3G/LTE,Bronze,Macro,Standby,C4-MBD-08,DEODAR,DEODAR,DG site,100,100,100,100,100,100,100,100,100,100,100,100,100,100,100,100,94.791023662551,100,99.768518518518,97.554012345679,,,,,,,,,,,,3,99.6056777263374
KHR0035,KHR0035__S_Pind _Paira _Cantt_MDKN3306,9,2G/3G/LTE,Bronze,Macro,Standby,C4-MBD-08,DEODAR,DEODAR,DG site,100,100,100,100,100,100,100,100,100,100,100,100,100,100,100,100,96.786265432098,100,99.776234567901,97.897376543209,,,,,,,,,,,,3,99.7229938271604
KHR1736,KHR1736__S_Panjwari,9,2G/3G/LTE,Gold,Macro,Deodar CP Prime,C4-MBD-08,DEODAR,DEODAR,Non DG Site,100,100,100,100,100,100,100,100,100,100,100,100,100,100,100,100,96.805555555555,100,99.776234567901,97.61574074074,,,,,,,,,,,,3,99.70987654320979
KHR1734,KHR1734__S_NorthColony,9,2G/3G/LTE,Gold,Macro,Standby,C4-MBD-08,DEODAR,DEODAR,DG site,100,100,100,100,100,100,100,100,100,100,100,100,100,100,100,100,96.83320473251,100,99.780092592592,97.780349794238,,,,,,,,,,,,3,99.719682355967
KHR0079,KHR0079__S_KharianCantt2,9,2G/3G/LTE,Bronze,Macro,OMO,C4-MBD-08,Jazz Guest/CM-PAK Host,CM-PAK ,Non DG Site,100,100,100,100,100,100,100,100,100,100,100,100,100,100,100,100,60.665509259259,100,99.772376543209,92.917952674897,,,,,,,,,,,,3,97.66779192386824
WZB9816,WZB9816__P_MohahlaAllbad,16,2G/3G/LTE,Elite,Macro,Standby,C4-WZD-07,DEODAR,DEODAR,DG site,100,100,100,100,95.224971064814,88.647641782407,100,98.096064814814,100,100,100,98.263888888888,99.854239004629,100,95.775101273148,99.337384259259,100,99.018012152777,100,89.551142939814,,,,,,,,,,,,9,98.1884223090275
KRW8774,KRW8774__S_TandaKarianWalaRd,9,2G/3G/LTE,Platinum,Macro,Standby,C4-GRT-04,DEODAR,DEODAR,DG site,100,100,100,100,81.148405349794,100,100,100,100,100,100,100,100,100,100,100,100,100,100,100,,,,,,,,,,,,1,99.0574202674897
GUJ3541,GUJ3541__S_AritilleryMosque,9,2G/3G/LTE,Gold,Macro,Standby,C4-GUJ-02,DEODAR,DEODAR,DG site,97.184284979423,100,99.596836419753,100,100,100,100,90.947145061728,100,100,100,100,100,99.452160493827,100,100,100,100,100,100,,,,,,,,,,,,4,99.35902134773656
RUR3263,RUR3263__S_MehtaSuja_TPLMS001,6,2G/LTE,Gold,Macro,OMO,C4-NRW-05,Jazz Guest/TELENOR Host,TELENOR,Non DG Site,100,100,100,100,100,100,100,100,100,100,100,100,100,100,100,100,100,100,99.244791666666,100,,,,,,,,,,,,1,99.9622395833333
GJR6250,GJR6250__S_Adil_Colony_Rehman_Shaheed Road_MDGU4253,9,2G/3G/LTE,Gold,Macro,Standby,C4-GRT-04,DEODAR,DEODAR,DG site,100,100,100,100,100,100,100,100,100,100,100,100,100,100,100,100,100,100,100,77.129629629629,,,,,,,,,,,,1,98.85648148148145
GJR6249,GJR6249__S_Mughal_Colony_MDGU4251,9,2G/3G/LTE,Diamond,Macro,Standby,C4-GRT-04,DEODAR,DEODAR,DG site,100,100,100,87.671682098765,98.958333333333,97.851080246913,100,100,100,100,100,100,100,100,100,100,100,100,100,98.058127572016,,,,,,,,,,,,4,99.12696116255135
DIL2202,DIL2202__S_Rolia,9,2G/3G/LTE,Platinum,Macro,Standby,C4-GRT-04,Jazz Host/CM-PAK Guest,DEODAR,DG site,100,100,100,100,100,100,100,100,100,100,100,99.402006172839,100,100,100,100,100,100,100,100,,,,,,,,,,,,1,99.97010030864195
HWY9504,HWY9504__S_Jandiala_Dhabwala_Near_Gakhar_15251,20,2G/3G/LTE,Platinum,Macro,Standby,C4-WZD-07,JAZZ,DEODAR,DG site,99.977719907407,99.912037037037,100,99.227430555555,99.997395833333,100,99.601851851851,95,95,95,95,93.78125,95,95,95,95,95,95,95,85.092881944444,,,,,,,,,,,,18,96.12952835648134
SOH6444,SOH6444__S_Sohdra,6,2G/LTE,Gold,Macro,B2S,C4-WZD-07,E.Co,E.CO,Non DG Site,96.517650462963,86.670283564814,77.310474537037,97.566550925925,84.015480324074,82.757523148148,91.723090277777,90.390625,94.716435185185,81.091579861111,70.720486111111,66.549479166666,79.78515625,75.862268518518,86.348379629629,93.357204861111,55.774016203703,90.865162037037,100,100,,,,,,,,,,,,18,85.10109230324045
RUR1236,RUR1236__S_SHAHBAZPUR _Ufone_3663,6,2G/LTE,Gold,Macro,OMO,C4-GRT-04,Jazz Guest/UFONE Host,UFONE,Non DG Site,100,100,100,100,100,100,100,100,100,100,100,100,100,100,100,100,100,100,100,100,,,,,,,,,,,,0,100
RUR8759,RUR8759__S_Matwanwala,4,2G/LTE,Gold,Macro,Standby,C4-MBD-08,JAZZ,DEODAR,DG site,100,100,100,100,100,100,100,100,100,100,100,100,100,100,100,100,99.856770833333,100,100,100,,,,,,,,,,,,1,99.99283854166666
RUR0528,RUR0528__S_Gunja,6,2G/LTE,Bronze,Macro,OMO,C4-GRT-04,Jazz Guest/UFONE Host,UFONE,Non DG Site,100,100,100,100,100,100,100,100,100,100,100,100,100,100,100,100,100,100,100,68.915895061728,,,,,,,,,,,,1,98.4457947530864
RUR5645,RUR5645__S_QilaSuraSingh_CMPak41244,6,2G/LTE,Bronze,Macro,OMO,C4-GRT-04,Jazz Guest/CM-PAK Host,CM-PAK ,Non DG Site,100,100,100,100,100,100,100,100,99.997106481481,100,100,99.456018518518,100,100,100,100,100,100,100,100,,,,,,,,,,,,2,99.97265624999994
RUR8835,RUR8835__S_VillageJattanWali,6,2G/LTE,Diamond,Macro,Standby,C4-HFZ-06,Jazz Host/TELENOR Guest,DEODAR,DG site,100,100,100,100,100,100,100,100,100,100,100,100,100,100,100,100,100,100,100,100,,,,,,,,,,,,0,100
RUR5489,RUR5489__S_Dhaunkal_CMPak7703,6,2G/LTE,Diamond,Macro,OMO,C4-WZD-07,Jazz Guest/CM-PAK Host,CM-PAK ,Non DG Site,100,100,99.244791666666,93.559027777777,91.241319444444,68.082561728395,93.167438271604,96.510416666666,100,100,100,100,77.080439814814,100,100,100,100,95.274884259259,100,59.761766975308,,,,,,,,,,,,9,93.69613233024666
RUR3202,RUR3202__S_Mirakpur,6,2G/LTE,Diamond,Macro,Standby,C4-NRW-05,JAZZ,DEODAR,DG site,86.475694444444,98.092206790123,98.288001543209,98.371913580246,98.591820987654,96.133294753086,95.027006172839,97.633101851851,98.020833333333,99.285300925925,98.684413580246,89.984567901234,94.682677469135,98.661265432098,89.114583333333,94.154128086419,97.621527777777,90.42824074074,93.512731481481,84.515817901234,,,,,,,,,,,,20,94.86395640432033
SRW9971,SRW9971__S_MozqKhussar,6,2G/LTE,Diamond,Macro,Standby,C4-WZD-07,JAZZ,DEODAR,DG site,100,100,99.555362654321,100,100,100,100,100,100,100,100,100,89.800347222222,100,100,100,100,100,100,91.319444444444,,,,,,,,,,,,3,99.03375771604935
RUR8314,RUR8314__S_DomalaTown_Warid_MR525366,6,2G/LTE,Diamond,Macro,Deodar CP Prime,C4-NRW-05,JAZZ,DEODAR,Non DG Site,100,100,100,100,100,100,100,99.657600308642,100,100,100,100,100,100,100,100,100,100,99.612268518518,98.854166666666,,,,,,,,,,,,3,99.90620177469131
RUR5641,RUR5641__S_KotlaSarangKhan_CMPak7488,6,2G/LTE,Gold,Macro,OMO,C4-GRT-04,Jazz Guest/CM-PAK Host,CM-PAK ,Non DG Site,83.656442901234,61.963734567901,83.574459876543,0,15.847800925925,87.03125,78.531057098765,91.987847222222,86.448688271604,83.915895061728,89.348958333333,91.568287037037,94.056712962963,89.681712962963,89.348958333333,82.277199074074,58.93711419753,66.84799382716,86.941550925925,86.5625,,,,,,,,,,,,20,75.426408179012
RUR0527,RUR0527__S_Jheranwala,6,2G/LTE,Gold,Macro,OMO,C4-GRT-04,Jazz Guest/UFONE Host,UFONE,Non DG Site,100,100,100,100,100,100,100,100,100,100,100,100,100,100,100,100,100,100,100,100,,,,,,,,,,,,0,100
RUR4508,RUR4508__S_DharowalKangWZB,8,2G/LTE,Diamond,Macro,Standby,C4-WZD-07,JAZZ,DEODAR,DG site,100,100,100,100,100,100,100,100,100,100,100,100,100,100,100,100,100,100,100,100,,,,,,,,,,,,0,100
RUR3201,RUR3201__S_Gngohar(Telenor_LNWR-07),6,2G/LTE,Gold,Macro,OMO,C4-NRW-05,Jazz Guest/TELENOR Host,TELENOR,Non DG Site,100,100,100,100,100,100,100,96.950231481481,100,100,100,100,100,100,99.806134259259,100,100,100,100,100,,,,,,,,,,,,2,99.83781828703698
QSG1616,QSG1616__S_ChotaChowk_QilaSobaSingh_Warid_MDQH4295,6,2G/LTE,Elite,Macro,Standby,C4-NRW-05,Jazz Host/TELENOR Guest,DEODAR,DG site,100,100,91.895254629629,100,100,100,100,100,100,100,100,100,93.648726851851,100,100,100,100,100,100,100,,,,,,,,,,,,2,99.277199074074
HWY1262,HWY1262__S_NawanLHRRasoolNagar_Warid_MR2J3778_TL,8,2G/LTE,Diamond,Macro,Standby,C4-HFZ-06,JAZZ,DEODAR,DG site,100,100,100,100,93.689236111111,99.409722222222,100,100,100,100,100,100,100,100,100,100,100,100,100,100,,,,,,,,,,,,2,99.65494791666666
RUR9502,RUR9502__S_Bhoman Batth_QD5087,8,2G/LTE,Gold,Macro,OMO,C4-HFZ-06,Jazz Guest/UFONE Host,UFONE,Non DG Site,100,100,100,100,100,100,100,100,90.360966435185,83.509114583333,100,100,100,100,100,100,100,100,100,100,,,,,,,,,,,,2,98.6935040509259
PPW3212,PPW3212__S_KhanWali,8,2G/LTE,Bronze,Macro,Deodar CP Prime,C4-MBD-08,Jazz Host/TELENOR Guest,DEODAR,Non DG Site,100,100,92.905815972222,100,100,100,100,100,100,99.945746527777,100,100,100,97.536892361111,100,100,100,100,100,100,,,,,,,,,,,,3,99.51942274305551
RUR6241,RUR6241__S_Chokori_Khurd_Ktla_Qasim_MDLM3309,6,2G/LTE,Bronze,Macro,Standby,C4-GRT-04,JAZZ,DEODAR,DG site,100,100,100,100,100,100,100,100,100,100,100,100,100,100,100,100,98.89274691358,88.192515432098,100,98.321759259259,,,,,,,,,,,,3,99.27035108024684
RUR3173,RUR3173__S_Barak_Pind,15,2G/LTE,Diamond,Macro,Standby,C4-NRW-05,JAZZ,DEODAR,DG site,100,100,100,100,100,100,100,100,100,100,100,100,100,100,100,100,100,100,99.999228395061,100,,,,,,,,,,,,1,99.99996141975305
RUR0408,RUR0408__S_BOODA_DOHALA_RD_Warid_MDQH1593,6,2G/LTE,Diamond,Macro,Standby,C4-NRW-05,Jazz Host/CM-PAK Guest,DEODAR,DG site,100,100,100,100,100,100,100,100,100,100,100,100,100,100,100,100,100,100,99.593942901234,98.845486111111,,,,,,,,,,,,2,99.92197145061725
RUR5551,RUR5551__S_SouthKarnana,6,2G/LTE,Gold,Macro,B2S,C4-GRT-04,E.Co,E.CO,Non DG Site,88.978587962963,100,96.276041666666,96.527777777777,93.266782407407,95.555555555555,81.762152777777,99.094328703703,97.986111111111,93.071952160493,97.760416666666,96.941550925925,99.207175925925,96.701388888888,88.457754629629,97.722800925925,79.299768518518,80.888310185185,99.592013888888,99.835069444444,,,,,,,,,,,,19,93.94627700617225
RUR5642,RUR5642__S_DhummaMalka,6,2G/LTE,Gold,Macro,B2S,C4-GRT-04,Enfrashare,Enfrashare,Non DG Site,100,100,100,100,100,99.774305555555,100,100,100,100,100,100,100,100,100,100,100,100,100,100,,,,,,,,,,,,1,99.98871527777774
RUR5643,RUR5643__S_Ajnala,6,2G/LTE,Gold,Macro,B2S,C4-GRT-04,Enfrashare,Enfrashare,Non DG Site,100,100,100,100,100,100,100,100,100,100,100,100,100,100,100,100,100,100,100,100,,,,,,,,,,,,0,100
RUR0905,RUR0905__S_ToteyWali,6,2G/LTE,Gold,Macro,Deodar CP Prime,C4-NRW-05,JAZZ,DEODAR,Non DG Site,100,98.153935185185,100,100,98.188657407407,100,100,100,95.11574074074,91.530671296296,100,100,84.01523919753,100,100,98.174189814814,100,99.088541666666,82.230902777777,100,,,,,,,,,,,,8,97.32489390432075
RUR5689,RUR5689__S_GurahMahantan,6,2G/LTE,Diamond,Macro,B2S,C4-GRT-04,Enfrashare,Enfrashare,Non DG Site,100,100,100,100,100,100,100,100,100,100,100,100,100,100,100,100,99.17824074074,99.105902777777,100,100,,,,,,,,,,,,2,99.91420717592584
KPD8889,KPD8889__S_JassarVillage_Warid_MDSK1972,9,2G/LTE,Platinum,Macro,Standby,C4-NRW-05,Jazz Host/CM-PAK Guest,DEODAR,DG site,100,100,100,95.289994855967,100,100,100,100,100,100,100,100,100,100,66.725180041152,91.282793209876,100,100,100,99.897762345679,,,,,,,,,,,,4,97.65978652263371
RUR5763,RUR5763__S_MehmandChak,9,2G/LTE,Diamond,Macro,B2S,C4-MBD-08,ATL,ATL,Non DG Site,100,100,100,100,100,100,100,100,100,100,100,100,99.809670781893,100,100,100,67.287808641975,99.216820987654,90.427597736625,89.203317901234,,,,,,,,,,,,5,97.29726080246905
RUR0181,RUR0181__S_BankayCheema,8,2G/LTE,Diamond,Macro,Deodar CP Prime,C4-GUJ-02,Jazz Host/UFONE Guest,DEODAR,Non DG Site,100,100,100,100,100,100,100,100,100,100,100,100,100,100,100,100,100,100,100,100,,,,,,,,,,,,0,100
RUR5649,RUR5649__S_Gidian,9,2G/LTE,Diamond,Macro,B2S,C4-GRT-04,Enfrashare,Enfrashare,Non DG Site,88.265174897119,100,100,100,100,100,100,100,100,100,100,100,100,100,100,99.967206790123,98.460648148148,98.38091563786,100,97.395190329218,,,,,,,,,,,,5,99.1234567901234
RUR5644,RUR5644__S_MariKhokhran,6,2G/LTE,Bronze,Macro,B2S,C4-GRT-04,Enfrashare,Enfrashare,Non DG Site,100,100,100,100,100,100,100,100,100,100,100,100,100,100,100,100,100,100,100,100,,,,,,,,,,,,0,100
RUR0512,RUR0512__S_Surukhpur,6,2G/LTE,Gold,Macro,OMO,C4-GRT-04,Jazz Guest/TELENOR Host,TELENOR,Non DG Site,100,100,100,100,100,100,100,100,100,100,96.915509259259,100,100,100,100,100,100,100,100,100,,,,,,,,,,,,1,99.84577546296295
RUR6255,RUR6255__S_Sheikh_Chogany_MR1R2703,6,2G/LTE,Gold,Macro,Deodar CP Prime,C4-GRT-04,JAZZ,DEODAR,Non DG Site,100,100,100,100,100,100,100,100,100,100,100,100,100,100,100,100,100,100,100,100,,,,,,,,,,,,0,100
RUR0874,RUR0874__S_Buchiana,6,2G/LTE,Gold,Macro,Standby,C4-GRT-04,JAZZ,DEODAR,DG site,100,92.881944444444,97.16724537037,100,100,100,100,100,100,100,100,100,100,100,100,100,100,100,100,100,,,,,,,,,,,,2,99.50245949074069
RUR5506,RUR5506__S_Jaidpur,6,2G/LTE,Diamond,Macro,B2S,C4-GRT-04,E.Co,E.CO,Non DG Site,99.99537037037,100,99.998456790123,99.998456790123,99.99537037037,96.437885802469,100,100,99.996913580246,99.998456790123,99.793209876543,100,100,100,100,99.998456790123,100,99.814814814814,99.996913580246,99.998456790123,,,,,,,,,,,,12,99.80113811728367
RUR0179,RUR0179__H_Badomali,8,2G/LTE,Diamond,Macro,Standby,C4-NRW-05,JAZZ,DEODAR,DG site,100,100,100,100,100,100,100,100,100,100,100,100,100,100,100,100,100,100,100,100,,,,,,,,,,,,0,100
RUR5507,RUR5507__S_AdalGarh,6,2G/LTE,Gold,Macro,B2S,C4-GUJ-02,E.Co,E.CO,Non DG Site,100,99.293981481481,98.654513888888,100,100,62.781635802469,99.163773148148,100,100,98.654513888888,96.383101851851,100,100,98.255208333333,100,99.722222222222,100,99.458912037037,47.006172839506,94.079861111111,,,,,,,,,,,,11,94.6726948302467
RUR5583,RUR5583__S_ChakPindi_Ufone1362,6,2G/LTE,Bronze,Macro,OMO,C4-GRT-04,Jazz Guest/UFONE Host,UFONE,Non DG Site,100,100,100,100,100,100,100,100,100,100,100,100,100,100,100,100,95.885416666666,100,100,87.435378086419,,,,,,,,,,,,2,99.16603973765424
RUR9764,RUR9764__S_Kot_SanaullahWarid_MR2K3780,6,2G/LTE,Platinum,Macro,Standby,C4-WZD-07,JAZZ,DEODAR,DG site,100,100,100,100,100,100,100,100,100,100,100,100,100,100,100,100,100,100,86.338734567901,69.340277777777,,,,,,,,,,,,2,97.78395061728389
RUR5620,RUR5620__S_ChakSanatta,6,2G/LTE,Diamond,Macro,B2S,C4-WZD-07,Enfrashare,Enfrashare,Non DG Site,83.478009259259,95.060763888888,96.322337962963,100,100,96.611689814814,97.38136574074,100,100,100,100,92.106481481481,94.670138888888,100,100,100,100,100,99.658564814814,100,,,,,,,,,,,,8,97.76446759259235
RUR6245,RUR6245__S_Ugowal_MDGU7674,6,2G/LTE,Gold,Macro,OMO,C4-GRT-04,Jazz Guest/TELENOR Host,TELENOR,Non DG Site,100,100,100,98.86574074074,100,100,100,100,100,100,100,100,100,100,100,100,78.835841049382,99.053819444444,100,100,,,,,,,,,,,,3,98.83777006172829
KAH9488,KAH9488__S_Village_Kot_Hara_1M3549,6,2G/LTE,Gold,Macro,Standby,C4-HFZ-06,JAZZ,DEODAR,DG site,100,100,100,100,100,100,100,100,100,100,100,100,100,100,100,100,100,100,100,100,,,,,,,,,,,,0,100
RUR5792,RUR5792__S_Romal,15,2G/LTE,Diamond,Macro,B2S,C4-NRW-05,Enfrashare,Enfrashare,Non DG Site,100,100,100,100,100,100,100,100,100,100,100,100,100,100,100,100,100,100,92.635030864197,100,,,,,,,,,,,,1,99.63175154320984
RUR8997,RUR8997__H_MaddoKhalwal,6,2G/LTE,Diamond,Macro,Standby,C4-NRW-05,JAZZ,DEODAR,DG site,100,100,100,100,100,100,100,100,100,100,100,100,100,100,100,100,100,100,100,100,,,,,,,,,,,,0,100
RUR4021,RUR4021__S_AwanSharif,6,2G/LTE,Diamond,Macro,Standby,C4-GRT-04,JAZZ,DEODAR,DG site,100,100,100,97.916666666666,97.364969135802,100,100,100,100,100,100,100,100,100,100,97.386188271604,100,100,100,100,,,,,,,,,,,,3,99.6333912037036
RUR9210,RUR9210__S_Dheenda,9,2G/3G/LTE,Diamond,Macro,Standby,C4-GRT-04,Jazz Host/CM-PAK Guest,DEODAR,DG site,100,100,100,100,100,100,100,100,100,100,100,100,100,100,100,97.281378600823,100,100,100,93.231095679012,,,,,,,,,,,,2,99.52562371399175
GJR5729,GJR5729__S_Gillanwala,9,2G/3G/LTE,Platinum,Macro,B2S,C4-GRT-04,Enfrashare,Enfrashare,Non DG Site,99.305555555555,95.81211419753,98.570601851851,95.467463991769,95.3125,89.158950617283,96.485982510288,98.32561728395,94.770447530864,93.979552469135,94.778806584362,92.570087448559,93.074845679012,100,100,100,100,100,99.998070987654,100,,,,,,,,,,,,14,96.8805298353906
RUR3204,RUR3204__S_Giddin_TPLBDR02,3,2G/LTE,Bronze,Macro,OMO,C4-NRW-05,Jazz Guest/TELENOR Host,TELENOR,Non DG Site,65.011574074074,82.228009259259,65.3125,83.402777777777,92.494212962963,90.260416666666,84.751157407407,91.736111111111,86.99074074074,77.320601851851,95.503472222222,78.975694444444,84.160879629629,92.106481481481,79.427083333333,66.087962962963,93.194444444444,67.77199074074,82.314814814814,66.425540123456,,,,,,,,,,,,20,81.2738233024687
HWY1895,HWY1895__S_Chrirawla,8,2G/LTE,Gold,Macro,Standby,C4-GRT-04,JAZZ,DEODAR,DG site,100,100,100,100,94.649160879629,100,100,100,100,96.632667824074,100,100,100,100,100,100,100,100,100,100,,,,,,,,,,,,2,99.56409143518515
GJR6258,GJR6258__S_Star_Colony_Bhimber_Road_MDGU4249,9,2G/3G/LTE,Platinum,Macro,Standby,C4-GRT-04,Jazz Host/CM-PAK Guest,DEODAR,DG site,100,99.797453703703,100,100,100,100,100,100,100,100,100,100,100,100,100,100,100,100,100,100,,,,,,,,,,,,1,99.98987268518515
RUR5671,RUR5671__S_Sohal_TelenorISHL01,6,2G/LTE,Gold,Macro,OMO,C4-GRT-04,Jazz Guest/TELENOR Host,TELENOR,Non DG Site,98.022762345679,97.951388888888,97.247299382716,97.575231481481,97.23186728395,91.117862654321,88.884066358024,97.583912037037,95.404128086419,95.486111111111,95.522762345679,98.904320987654,94.777199074074,99.252507716049,84.813850308642,94.876543209876,94.95273919753,91.52199074074,89.782986111111,92.956211419753,,,,,,,,,,,,20,94.6932870370367
JPS8768,JPS8768__H_PeerShah,12,2G/3G/LTE,Platinum,Macro,Deodar CP Prime,C4-GRT-04,Jazz Host/CM-PAK Guest,DEODAR,Non DG Site,99.995659722222,99.996141975308,99.996141975308,93.471257716049,92.492283950617,99.995177469135,100,99.996141975308,100,99.448784722222,97.426697530864,98.312596450617,100,100,99.209587191358,99.999035493827,100,99.280478395061,99.887635030864,99.999517746913,,,,,,,,,,,,15,98.97535686728364
RUR5603,RUR5603__S_Hanj_CMPak40819,6,2G/LTE,Gold,Macro,OMO,C4-GRT-04,Jazz Guest/CM-PAK Host,CM-PAK ,Non DG Site,100,100,100,100,37.5,13.738425925925,100,100,100,100,100,100,100,100,100,100,100,100,100,97.135416666666,,,,,,,,,,,,3,92.41869212962955
JPJ4875,JPJ4875__P_KashmirNagar,12,2G/3G/LTE,Diamond,Macro,Standby,C4-GRT-04,JAZZ,DEODAR,DG site,100,100,99.011863425925,100,97.096354166666,100,100,100,100,100,100,100,100,100,94.008969907407,100,100,98.993055555555,100,100,,,,,,,,,,,,4,99.45551215277764
KRW6447,KRW6447__S_PoliceStation_CMPak42464,12,2G/LTE,Diamond,Macro,OMO,C4-GRT-04,Jazz Guest/CM-PAK Host,CM-PAK ,Non DG Site,96.828221450617,95.826581790123,100,100,100,100,100,100,100,100,94.881847993827,100,100,100,100,100,100,98.597608024691,80.625,81.625192901234,,,,,,,,,,,,6,97.4192226080246
GJR6266,GJR6266__S_Miana_Pura_MDGU4257,12,2G/3G/LTE,Platinum,Macro,Standby,C4-GRT-04,JAZZ,DEODAR,DG site,97.118537808642,100,100,98.958333333333,96.049864969135,94.277102623456,97.893036265432,100,100,100,100,100,100,100,98.958333333333,99.272762345679,80.699749228395,92.914737654321,94.046103395061,34.383198302469,,,,,,,,,,,,11,94.2285879629628
LLM9854,LLM9854__P_GtRoadLalamusa,9,2G/3G/LTE,Diamond,Macro,Standby,C4-GRT-04,Jazz Host/UFONE Guest,DEODAR,DG site,100,100,100,100,100,100,100,100,100,100,100,100,100,100,100,100,100,99.97427983539,100,100,,,,,,,,,,,,1,99.9987139917695
RUR4503,RUR4503__S_RajaThanaNarrowal,12,2G/3G/LTE,Platinum,Macro,Standby,C4-NRW-05,JAZZ,DEODAR,DG site,100,100,100,100,100,89.288194444444,100,100,100,92.96730324074,100,100,100,100,100,100,98.559027777777,98.021797839506,93.621238425925,92.533275462963,,,,,,,,,,,,6,98.24954185956774
JPJ6301,JPJ6301__S_Qadir_Colony_MDJJ1558,16,2G/3G/LTE,Hub,Macro,Standby,C4-GRT-04,JAZZ,DEODAR,DG site,100,100,100,100,100,100,100,100,100,100,100,100,100,100,100,100,100,100,100,100,,,,,,,,,,,,0,100
RUR9496,RUR9496__S_Naiabadi_Jhang_Road_HF4123,12,2G/3G/LTE,Platinum,Macro,Standby,C4-HFZ-06,JAZZ,DEODAR,DG site,98.675733024691,100,100,100,100,100,98.452932098765,100,97.336516203703,97.303722993827,100,100,100,99.00993441358,100,97.722800925925,100,100,100,99.33449074074,,,,,,,,,,,,7,99.39180652006155
GUJ0233,GUJ0233__S_C2WaterTank,9,2G/3G/LTE,Gold,Macro,OMO,C4-GUJ-02,Jazz Guest/CM-PAK Host,CM-PAK ,Non DG Site,97.629886831275,100,99.604552469135,100,100,100,100,94.262474279835,100,100,100,100,100,99.456661522633,100,100,100,100,100,100,,,,,,,,,,,,4,99.54767875514389
GJR6291,GJR6291__S_Boraywala_chowk_MDGU4203,9,2G/3G/LTE,Diamond,Macro,Deodar CP Prime,C4-GRT-04,Jazz Host/CM-PAK Guest,DEODAR,Non DG Site,100,100,100,100,100,98.413065843621,97.146347736625,100,100,100,100,100,100,100,100,100,100,100,100,67.231224279835,,,,,,,,,,,,3,98.13953189300405
KNJ4254,KNJ4254__H_CircularRdKunjah,9,2G/3G/LTE,Platinum,Macro,Standby,C4-GRT-04,JAZZ,DEODAR,DG site,98.694058641975,97.995113168724,98.70820473251,98.357767489711,80.666795267489,98.365483539094,100,100,100,89.729938271604,94.60390946502,100,100,100,100,100,100,100,100,100,,,,,,,,,,,,8,97.85606352880635
LLM3835,LLM3835__S_Muhallaqasba,12,2G/3G/LTE,Diamond,Macro,Deodar CP Prime,C4-GRT-04,JAZZ,DEODAR,Non DG Site,100,100,100,100,100,100,100,100,100,100,100,99.965277777777,99.844232253086,99.494598765432,95.872878086419,91.866319444444,93.411940586419,91.966628086419,93.50887345679,91.666666666666,,,,,,,,,,,,9,97.87987075617261
JPS8766,JPS8766__P_SiyamCollege,13,2G/3G/LTE,Platinum,Macro,Standby,C4-GRT-04,Jazz Host/CM-PAK Guest,DEODAR,DG site,99.978187321937,100,100,100,100,98.521189458689,100,100,100,100,100,100,100,100,100,100,98.49537037037,100,99.057158119658,97.797809829059,,,,,,,,,,,,5,99.69248575498564
KRW8773,KRW8773__P_KarianwalaCity,12,2G/3G/LTE,Platinum,Macro,Standby,C4-GRT-04,JAZZ,DEODAR,DG site,100,100,100,100,100,100,100,100,100,100,100,100,100,100,96.17042824074,100,98.871527777777,92.620081018518,98.269675925925,100,,,,,,,,,,,,4,99.296585648148
RUR0363,RUR0363__S_MansoorWaliPI,9,2G/3G/LTE,Diamond,Macro,Deodar CP Prime,C4-WZD-07,Jazz Host/CM-PAK+TELENOR Guest,DEODAR,Non DG Site,100,100,100,100,100,100,100,100,100,100,100,100,100,100,100,100,100,100,100,100,,,,,,,,,,,,0,100
GJR9887,GJR9887__S_MohallaNoorPur,12,2G/3G/LTE,Platinum,Macro,Standby,C4-GRT-04,Jazz Host/CM-PAK Guest,DEODAR,DG site,100,100,100,100,95.469714506172,100,96.340663580246,100,100,100,100,95.588831018518,100,98.444733796296,98.505497685185,98.657407407407,100,100,96.26880787037,96.230227623456,,,,,,,,,,,,8,98.7752941743825
RUR1583,RUR1583__S_HassanPathan,9,2G/3G/LTE,Diamond,Macro,Deodar CP Prime,C4-GRT-04,JAZZ,DEODAR,Non DG Site,100,100,100,100,100,100,100,100,100,100,100,100,100,100,60.259130658436,77.3733281893,62.966820987654,100,100,100,,,,,,,,,,,,3,95.0299639917695
GHK0384,Ghk0384__P_Gakkarmandi,12,2G/3G/LTE,Elite,Macro,Standby,C4-GUJ-02,JAZZ,DEODAR,DG site,100,100,100,100,100,100,100,100,100,100,100,90.293209876543,99.988425925925,100,100,99.898244598765,87.430555555555,100,95.609085648148,91.610725308642,,,,,,,,,,,,6,98.2415123456789
RUR1581,RUR1581__S_PindiAwan,12,2G/3G/LTE,Diamond,Macro,Deodar CP Prime,C4-GRT-04,JAZZ,DEODAR,Non DG Site,99.581886574074,96.791087962963,70.680941358024,71.163194444444,100,100,100,99.173900462963,91.666666666666,93.661747685185,100,100,100,100,100,100,100,100,100,100,,,,,,,,,,,,7,96.13597125771595
BGL2206,BGL2206__H_DhalKakka,9,2G/3G/LTE,Diamond,Macro,Standby,C4-GRT-04,JAZZ,DEODAR,DG site,100,98.751929012345,96.975308641975,100,97.869727366255,87.096193415637,100,100,100,100,100,100,100,100,100,100,92.307098765432,100,99.185956790123,99.312628600823,,,,,,,,,,,,7,98.5749421296295
RUR6275,RUR6275__S_JamiaMasjidAsharfia,9,2G/LTE,Diamond,Macro,B2S,C4-NRW-05,E.Co,E.CO,Non DG Site,100,100,100,100,100,100,100,100,79.83024691358,100,100,80.528549382716,100,93.08449074074,100,80.690586419753,100,100,80.198688271604,100,,,,,,,,,,,,5,95.71662808641965
SCK9899,SCK9899__S_Naiwala,9,2G/3G/LTE,Diamond,Macro,Standby,C4-HFZ-06,JAZZ,DEODAR,DG site,100,100,100,100,100,99.974922839506,100,100,100,100,100,100,100,100,100,97.579089506172,100,100,100,100,,,,,,,,,,,,2,99.8777006172839
GFG9668,GFG9668__S_LubbanPulyStop_Warid_MR485355,16,2G/LTE,Platinum,Macro,Standby,C4-NRW-05,JAZZ,DEODAR,DG site,94.662905092592,96.23951099537,94.110966435185,91.969762731481,93.57277199074,95.179036458333,97.925708912037,100,100,100,100,97.953197337963,100,100,93.681640625,100,100,100,99.998914930555,99.896556712963,,,,,,,,,,,,11,97.75954861111096
BGL2204,BGL2204__S_MairShareef,9,2G/3G/LTE,Diamond,Macro,Standby,C4-GRT-04,Jazz Host/TELENOR Guest,DEODAR,DG site,91.632587448559,95.642361111111,95.133101851851,98.244598765432,97.894804526749,99.099151234567,95.824974279835,98.209876543209,97.803497942386,97.181069958847,96.296296296296,98.245241769547,99.083719135802,91.730324074074,97.247299382716,95.460390946502,81.907793209876,89.455375514403,100,92.157921810699,,,,,,,,,,,,19,95.41251929012304
SKL9912,SKL9912__S_ChakSada,16,2G/3G/LTE,Platinum,Macro,Standby,C4-GRT-04,JAZZ,DEODAR,DG site,100,99.875940393518,98.405671296296,97.730034722222,100,98.27003761574,100,100,100,99.611183449074,78.993778935185,99.738498263888,99.719690393518,100,100,100,96.636284722222,88.440031828703,96.447844328703,100,,,,,,,,,,,,11,97.69344979745345
GHK6955,GHK6955__P_Suditown,12,2G/3G/LTE,Hub,Macro,Standby,C4-GUJ-02,JAZZ,DEODAR,DG site,100,100,100,100,100,100,100,100,100,100,100,100,100,100,100,100,100,100,100,100,,,,,,,,,,,,0,100
RUR6448,RUR6448__S_Nonar,9,2G/LTE,Platinum,Macro,B2S,C4-NRW-05,Enfrashare,Enfrashare,Non DG Site,100,100,100,100,100,100,100,100,95.752314814814,100,100,87.386188271604,100,100,100,87.92824074074,75.553626543209,100,100,100,,,,,,,,,,,,4,97.33101851851833
RUR0800,RUR0800__S_NoorJmalDinga,9,2G/3G/LTE,Diamond,Macro,Deodar CP Prime,C4-MBD-08,JAZZ,DEODAR,Non DG Site,100,100,100,100,100,100,100,100,100,100,100,100,100,100,100,100,100,100,99.373713991769,100,,,,,,,,,,,,1,99.96868569958845
RUR5422,RUR5422__S_SheikhPur,9,2G/LTE,Platinum,Macro,B2S,C4-GRT-04,E.Co,E.CO,Non DG Site,100,100,100,100,100,100,100,100,100,100,100,100,100,100,100,100,100,89.155092592592,100,100,,,,,,,,,,,,1,99.45775462962959
RUR0398,RUR0398__S_Village_Nunanwali_MR2X2707,20,2G/3G/LTE,Platinum,Macro,Deodar CP Prime,C4-MBD-08,JAZZ,DEODAR,Non DG Site,100,100,100,100,100,100,100,100,100,100,100,100,100,100,80.004918981481,100,100,100,88.208043981481,89.278356481481,,,,,,,,,,,,3,97.87456597222216
RUR1575,RUR1575__P_haqiqa,12,2G/3G/LTE,Elite,Macro,Standby,C4-MBD-08,JAZZ,DEODAR,DG site,100,100,100,97.835648148148,100,100,100,100,99.329668209876,100,100,100,100,100,100,100,100,100,100,95.688657407407,,,,,,,,,,,,3,99.64269868827155
RUR5385,RUR5385__S_NatKalan,9,2G/LTE,Gold,Macro,B2S,C4-GUJ-02,Enfrashare,Enfrashare,Non DG Site,100,100,100,87.901877572016,100,100,100,83.506944444444,100,100,84.010416666666,98.597608024691,100,100,86.67824074074,100,100,83.015046296296,100,100,,,,,,,,,,,,6,96.18550668724265
RUR5511,RUR5511__S_Marjal_NEW,9,2G/LTE,Platinum,Macro,B2S,C4-NRW-05,Enfrashare,Enfrashare,Non DG Site,100,100,100,100,100,100,100,100,86.354166666666,100,100,87.754629629629,100,100,100,86.885288065843,100,100,87.242155349794,100,,,,,,,,,,,,4,97.41181198559661
GJR6287,GJR6287__S_Badshahi_Road_MDGU4256,9,2G/3G/LTE,Gold,Macro,Standby,C4-GRT-04,Jazz Host/CM-PAK Guest,DEODAR,DG site,100,100,94.280478395061,100,100,100,99.234182098765,100,100,100,100,100,100,100,100,100,100,100,96.073173868312,90.147247942386,,,,,,,,,,,,4,98.9867541152262
RUR3844,RUR3844__H_LLMNadirHospitalJor,9,2G/3G/LTE,Diamond,Macro,Standby,C4-GRT-04,JAZZ,DEODAR,DG site,100,100,84.890689300411,100,100,95.989583333333,100,100,100,100,94.832175925925,100,100,100,100,100,95.503472222222,100,100,95.399305555555,,,,,,,,,,,,5,98.3307613168723
JPJ6290,JPJ6290__S_Mohallah_Shershah_Circular_Road_MDJJ1559,9,2G/LTE,Platinum,Macro,Standby,C4-GRT-04,Jazz Host/CM-PAK Guest,DEODAR,DG site,100,100,100,100,100,100,100,100,100,100,100,100,100,100,100,100,99.117155349794,100,100,100,,,,,,,,,,,,1,99.9558577674897
BBK9608,BBK9608__H_KhanPuraNorowal,9,2G/3G/LTE,Diamond,Macro,Standby,C4-NRW-05,JAZZ,DEODAR,DG site,100,100,100,100,100,100,100,99.735725308642,100,100,100,100,100,100,100,100,100,100,100,100,,,,,,,,,,,,1,99.9867862654321
NRW5589,NRW5589__S_BijliGharChowk_CMPak4799,9,2G/LTE,Platinum,Macro,OMO,C4-NRW-05,Jazz Guest/CM-PAK Host,CM-PAK ,Non DG Site,100,100,100,66.709104938271,100,100,96.425540123456,100,100,100,100,90.733667695473,100,99.025848765432,92.791280864197,100,100,100,100,100,,,,,,,,,,,,5,97.28427211934147
ALC3049,ALC3049__S_JamiaMuhammadia,12,2G/3G/LTE,Elite,Macro,Deodar CP Prime,C4-HFZ-06,Jazz Host/CM-PAK Guest,DEODAR,Non DG Site,100,100,100,100,100,97.446469907407,100,100,100,100,100,100,98.395061728395,100,86.426504629629,100,100,100,100,100,,,,,,,,,,,,3,99.11340181327155
SKL9913,SKL9913__S_RasheedaVillage,9,2G/3G/LTE,Diamond,Macro,Standby,C4-GRT-04,JAZZ,DEODAR,DG site,100,100,100,100,100,100,98.451485339506,100,100,100,100,100,100,100,100,100,100,100,100,100,,,,,,,,,,,,1,99.9225742669753
DIL2203,DIL2203__S_KALAS,9,2G/3G/LTE,Diamond,Macro,Deodar CP Prime,C4-GRT-04,Jazz Host/TELENOR Guest,DEODAR,Non DG Site,100,100,99.0625,100,100,100,100,100,100,100,100,100,100,100,99.226466049382,100,100,100,100,100,,,,,,,,,,,,2,99.9144483024691
GJR9716,GJR9716__P_Darbar_PandeyShah,12,2G/3G/LTE,Elite,Macro,Deodar CP Prime,C4-GRT-04,JAZZ,DEODAR,Non DG Site,100,100,100,100,100,100,100,100,100,100,100,100,100,100,100,95.237750771604,100,100,100,100,,,,,,,,,,,,1,99.7618875385802
KHR0295,KHR0295__H_FruitMandi,13,2G/3G/LTE,Hub,Macro,Standby,C4-MBD-08,JAZZ,DEODAR,DG site,99.971064814814,100,100,100,100,100,99.857995014245,100,97.2885505698,99.931891025641,100,100,100,100,100,100,100,100,100,91.996527777777,,,,,,,,,,,,5,99.45230146011384
NRW5630,NRW5630__S_MasterGhulamRasoolColony,9,2G/LTE,Platinum,Macro,B2S,C4-NRW-05,Enfrashare,Enfrashare,Non DG Site,100,100,100,100,100,100,100,100,100,100,100,100,100,100,100,100,100,100,100,100,,,,,,,,,,,,0,100
RUR3736,RUR3736__H_GJRMangowalGharbi,12,2G/3G/LTE,Elite,Macro,Standby,C4-MBD-08,JAZZ,DEODAR,DG site,100,100,100,100,100,100,100,100,100,100,100,100,100,100,100,100,100,97.966338734567,100,100,,,,,,,,,,,,1,99.89831693672835
RUR0758,RUR0758__S_BuzargWall,9,2G/3G/LTE,Diamond,Macro,Standby,C4-GRT-04,Jazz Host/UFONE+TELENOR Guest,DEODAR,DG site,100,100,100,100,100,100,100,100,100,100,100,100,100,100,100,100,100,100,100,100,,,,,,,,,,,,0,100
NRW4000,NRW4000__P_KatcheryRdNarowal,12,2G/3G/LTE,Platinum,Macro,Standby,C4-NRW-05,JAZZ,DEODAR,DG site,100,100,100,66.727912808642,100,100,81.571180555555,62.347608024691,100,100,100,100,90.099826388888,100,100,100,100,100,100,100,,,,,,,,,,,,4,95.0373263888888
WZB9858,WZB9858__S_WazirabadWarid_MDWA4193,12,2G/3G/LTE,Elite,Macro,Standby,C4-WZD-07,Jazz Host/CM-PAK Guest,DEODAR,DG site,100,100,100,100,100,100,100,100,100,100,100,100,100,100,100,100,100,100,99.40586419753,100,,,,,,,,,,,,1,99.9702932098765
RUR3735,Rur3735__H_Gjrmuhallahkhokhar,9,2G/3G/LTE,Platinum,Macro,Standby,C4-GRT-04,Jazz Host/UFONE+TELENOR Guest,DEODAR,DG site,100,100,100,100,96.873713991769,100,100,90.321502057613,100,100,100,100,98.75257201646,100,100,100,97.887088477366,100,100,100,,,,,,,,,,,,4,99.1917438271604
SOH4009,SOH4009__P_AddaSodra,16,2G/3G/LTE,Elite,Macro,Standby,C4-WZD-07,JAZZ,DEODAR,DG site,100,100,100,100,100,100,97.564019097222,100,100,96.911530671296,98.534794560185,98.718894675925,100,100,100,100,100,100,100,100,,,,,,,,,,,,4,99.5864619502314
RUR6235,RUR6235__S_Daulat_Nager_road_MDLM3311,12,2G/3G/LTE,Diamond,Macro,Standby,C4-GRT-04,JAZZ,DEODAR,DG site,100,100,100,100,100,100,100,100,100,100,100,100,100,100,100,100,100,100,100,100,,,,,,,,,,,,0,100
BBK9607,BBK9607__H_MusalmaniaGoriaBobak,12,2G/3G/LTE,Diamond,Macro,Standby,C4-NRW-05,JAZZ,DEODAR,DG site,100,100,100,100,100,100,100,100,100,100,100,100,100,100,100,100,100,100,100,100,,,,,,,,,,,,0,100
KHR0006,KHR0006__S_Kharian-1_MDKN2769,16,2G/3G/LTE,Elite,Macro,Deodar CP Prime,C4-MBD-08,JAZZ,DEODAR,Non DG Site,100,100,100,100,97.651548032407,100,100,100,85.922670717592,100,100,99.994212962963,100,99.977936921296,100,100,79.274088541666,100,95.103443287037,85.095486111111,,,,,,,,,,,,7,97.15096932870361
ALC9648,ALC9648__S_MuhallaHaiderabad,9,2G/3G/LTE,Elite,Macro,Standby,C4-HFZ-06,Jazz Host/TELENOR Guest,DEODAR,DG site,95.678369341563,95.109953703703,95.064943415637,98.069058641975,92.866512345679,93.062628600823,97.029320987654,91.057098765432,98.924254115226,98.236239711934,95.497685185185,92.384902263374,97.204218106995,98.26774691358,97.114840534979,97.431841563786,93.70820473251,96.08153292181,97.021604938271,96.703317901234,,,,,,,,,,,,20,95.82571373456751
AMG9500,AMG9500__S_Masjid_Bilal_2J3779,9,2G/3G/LTE,Platinum,Macro,Deodar CP Prime,C4-HFZ-06,JAZZ,DEODAR,Non DG Site,100,100,100,100,100,100,100,100,100,100,100,100,100,100,100,100,100,100,100,100,,,,,,,,,,,,0,100
RUR5628,RUR5628__S_Khaner,12,2G/LTE,Elite,Macro,B2S,C4-NRW-05,Enfrashare,Enfrashare,Non DG Site,100,100,100,99.99324845679,100,96.639660493827,100,100,82.494212962963,100,100,83.139467592592,100,100,100,83.200231481481,100,100,82.511091820987,95.179398148148,,,,,,,,,,,,7,96.1578655478394
RUR6254,RUR6254__S_LAKHWAN_WALA_MR1R3577,12,2G/3G/LTE,Platinum,Macro,Standby,C4-GRT-04,JAZZ,DEODAR,DG site,93.597125771604,100,99.226948302469,98.025655864197,99.227430555555,97.02980324074,96.805073302469,99.056230709876,98.272569444444,97.655285493827,98.818479938271,93.346354166666,99.001736111111,100,92.428626543209,97.23861882716,99.130979938271,96.547550154321,98.294270833333,95.914834104938,,,,,,,,,,,,18,97.48087866512306
JPJ3534,JPJ3534__S_MangowalRd,12,2G/3G/LTE,Platinum,Macro,Standby,C4-GRT-04,Jazz Host/TELENOR Guest,DEODAR,DG site,100,100,89.555844907407,100,100,100,100,100,100,100,100,100,100,100,100,100,100,100,100,100,,,,,,,,,,,,1,99.47779224537035
GJR0766,GJR0766__P_GJRServiceMoreGujrat,12,2G/3G/LTE,Diamond,Macro,Standby,C4-GRT-04,Jazz Host/TELENOR Guest,DEODAR,DG site,100,100,100,100,100,100,100,100,100,100,100,100,100,100,98.03337191358,100,100,100,99.99855324074,90.050154320987,,,,,,,,,,,,3,99.40410397376534
KHR2637,KHR2637__S_BidarMarjan,12,2G/3G/LTE,Platinum,Macro,Standby,C4-MBD-08,Jazz Host/CM-PAK Guest,DEODAR,DG site,100,100,100,100,100,100,100,100,100,100,100,100,100,100,100,100,99.99855324074,100,100,94.71305941358,,,,,,,,,,,,2,99.735580632716
RUR5004,RUR5004__S_Hutcher stop Warid_MR483560,12,2G/LTE,Platinum,Macro,Standby,C4-NRW-05,Jazz Host/CM-PAK Guest,DEODAR,DG site,100,100,100,69.523533950617,100,84.779128086419,99.975405092592,100,100,100,99.60262345679,100,100,100,100,89.774305555555,88.464506172839,97.322048611111,100,100,,,,,,,,,,,,7,96.47207754629616
BGL1622,BGL1622__S_Village_Malka_MDKN3890,12,2G/LTE,Platinum,Macro,Standby,C4-GRT-04,Jazz Host/CM-PAK Guest,DEODAR,DG site,100,100,100,100,100,100,100,100,100,100,100,100,100,100,100,100,93.177565586419,100,98.275462962963,86.933834876543,,,,,,,,,,,,3,98.91934317129625
JPJ5673,JPJ5673__S_MangowalSharqi_CMPak40679,9,2G/LTE,Gold,Macro,OMO,C4-GRT-04,Jazz Guest/CM-PAK Host,CM-PAK ,Non DG Site,87.000385802469,94.538966049382,91.909722222222,88.485725308642,88.765432098765,90.580632716049,94.411651234567,95.375514403292,89.352494855967,89.529320987654,90.829475308642,92.442129629629,95.385802469135,95.52662037037,85.158179012345,88.418209876543,96.089891975308,90.275848765432,90.35686728395,93.177083333333,,,,,,,,,,,,20,91.38049768518479
HWY8854,Hwy8854__P_Miangeehotel,12,2G/3G/LTE,Platinum,Macro,Standby,C4-GRT-04,JAZZ,DEODAR,DG site,100,100,90.225694444444,95.65731095679,100,100,100,100,100,100,100,96.705729166666,95.502989969135,100,93.473186728395,100,100,100,99.243827160493,98.142361111111,,,,,,,,,,,,7,98.4475549768517
GJR3403,GJR3403__S_RailwayStnGJR,12,2G/3G/LTE,Platinum,Macro,Standby,C4-GRT-04,JAZZ,DEODAR,DG site,100,100,100,100,100,100,100,100,100,100,100,100,100,100,100,100,100,100,100,100,,,,,,,,,,,,0,100
HWY6909,HWY6909__H_ChakMurtazaGJR,12,2G/3G/LTE,Platinum,Macro,Standby,C4-GRT-04,JAZZ,DEODAR,DG site,94.69955632716,92.259355709876,100,100,100,100,100,100,100,100,100,100,100,100,100,100,99.950327932098,100,100,97.040412808642,,,,,,,,,,,,4,99.1974826388888
WZB0817,WZB0817__H_NazimabadWazirabad,12,2G/3G/LTE,Hub,Macro,Standby,C4-WZD-07,JAZZ,DEODAR,DG site,100,100,100,99.281442901234,99.727527006172,97.419463734567,100,100,100,100,100,100,100,100,100,100,100,100,100,100,,,,,,,,,,,,3,99.82142168209865
RUR1731,RUR1731__S_Dhunni,9,2G/3G/LTE,Diamond,Macro,Standby,C4-MBD-08,JAZZ,DEODAR,DG site,100,100,100,100,100,100,100,100,100,100,100,100,100,100,94.893904320987,100,100,100,61.705889917695,69.663065843621,,,,,,,,,,,,3,96.31314300411516
RUR1771,RUR1771__S_MohriSharifDngRd,9,2G/3G/LTE,Diamond,Macro,Standby,C4-MBD-08,JAZZ,DEODAR,DG site,100,100,100,100,100,100,100,100,100,100,100,100,100,100,100,100,100,100,100,91.392103909465,,,,,,,,,,,,1,99.56960519547326
JPJ3112,JPJ3112__P_Farroqeazamjalalpu,12,2G/3G/LTE,Diamond,Macro,Standby,C4-GRT-04,JAZZ,DEODAR,DG site,99.998070987654,100,94.502797067901,100,100,90.93605324074,100,100,100,100,100,100,96.532600308642,99.99855324074,100,100,94.675925925925,99.99855324074,100,100,,,,,,,,,,,,7,98.8321277006171
KHR0629,KHR0629__S_GalianaRoad,9,2G/3G/LTE,Elite,Macro,Standby,C4-MBD-08,JAZZ,DEODAR,DG site,100,100,100,100,100,100,100,99.450231481481,100,100,100,100,100,100,100,100,100,100,100,100,,,,,,,,,,,,1,99.97251157407405
RUR0875,RUR0875__S_KarariwalaKalan,9,2G/3G/LTE,Platinum,Macro,Standby,C4-MBD-08,Jazz Host/CM-PAK Guest,DEODAR,DG site,100,100,100,100,100,100,100,100,100,100,100,100,100,100,100,100,100,100,100,99.828317901234,,,,,,,,,,,,1,99.99141589506169
GJR0737,GJR0737__P_shahen_Chow,12,2G/3G/LTE,Hub,Macro,Standby,C4-GRT-04,JAZZ,DEODAR,DG site,100,100,100,100,100,97.235243055555,100,100,100,100,100,100,100,100,100,100,100,100,100,100,,,,,,,,,,,,1,99.86176215277774
RUR5728,RUR5728__S_Karmabad,9,2G/LTE,Diamond,Macro,B2S,C4-WZD-07,Enfrashare,Enfrashare,Non DG Site,100,100,97.334104938271,100,100,100,100,100,100,100,84.953060699588,95.8404063786,100,100,99.980709876543,99.033564814814,100,99.922839506172,100,87.422839506172,,,,,,,,,,,,7,98.22437628600801
GJR3427,GJR3427__SFurnitureMarket,12,2G/3G/LTE,Elite,Macro,Deodar CP Prime,C4-GRT-04,JAZZ,DEODAR,Non DG Site,100,100,100,92.755111882716,100,100,100,100,100,100,100,100,100,100,100,100,100,100,100,100,,,,,,,,,,,,1,99.6377555941358
RUR9508,RUR9508__S_Guliyan_Wali_Pulli_Amjad_Nagar_Rd_2J3776,9,2G/3G/LTE,Diamond,Macro,Standby,C4-WZD-07,Jazz Host/CM-PAK Guest,DEODAR,DG site,100,100,100,100,89.508744855967,100,100,100,100,100,100,89.792952674897,94.510030864197,100,100,88.295396090535,97.046682098765,100,90.726594650205,100,,,,,,,,,,,,6,97.49402006172829
GJR0397,GJR0397__P_Marghazar,16,2G/3G/LTE,Elite,Macro,Standby,C4-GRT-04,JAZZ,DEODAR,DG site,95.398220486111,96.799406828703,93.833550347222,98.734085648148,98.212890625,97.006293402777,98.308015046296,100,96.34693287037,97.911241319444,98.797019675925,96.170789930555,95.261863425925,100,98.317780671296,95.479239004629,96.276041666666,97.080801504629,98.331524884259,99.125072337963,,,,,,,,,,,,18,97.3695384837959
GJR3437,GJR3437__P_DrRabaniRaod,12,2G/3G/LTE,Platinum,Macro,Standby,C4-GRT-04,JAZZ,DEODAR,DG site,100,100,100,100,100,100,100,100,100,100,100,100,100,100,100,100,100,100,100,99.381269290123,,,,,,,,,,,,1,99.96906346450615
HWY0204,HWY0204__S_KotlaArb_AliKhan_Kharian_MR745460,18,2G/3G/LTE,Hub,Macro,Standby,C4-GRT-04,Jazz Host/UFONE Guest,DEODAR,DG site,100,100,100,100,100,100,100,100,100,100,100,100,100,100,100,100,100,100,100,100,,,,,,,,,,,,0,100
RUR4509,RUR4509__S_Wzbwaiyanwalapind,9,2G/3G/LTE,Gold,Macro,Standby,C4-GUJ-02,JAZZ,DEODAR,DG site,100,100,100,100,100,100,100,100,100,100,99.51774691358,100,100,100,100,74.591049382716,89.097222222222,97.243441358024,80.298353909465,87.368827160493,,,,,,,,,,,,6,96.40583204732499
FTP8761,FTP8761__S_Gs_laravillage,9,2G/3G/LTE,Platinum,Macro,Deodar CP Prime,C4-GRT-04,Jazz Host/CM-PAK Guest,DEODAR,Non DG Site,100,100,87.307741769547,100,100,100,100,100,100,100,100,100,100,100,100,100,97.17528292181,98.287037037037,99.716435185185,63.04012345679,,,,,,,,,,,,5,97.27633101851845
TDA3548,TDA3548__P_Bagowal,18,2G/3G/LTE,Hub,Macro,Standby,C4-GRT-04,JAZZ,DEODAR,DG site,100,100,100,100,100,100,100,100,100,100,100,100,100,100,100,100,100,100,100,100,,,,,,,,,,,,0,100
HWY1732,HWY1732__S_Guliana,12,2G/3G/LTE,Platinum,Macro,Standby,C4-MBD-08,JAZZ,DEODAR,DG site,99.298321759259,95.722415123456,100,100,99.926697530864,97.975983796296,99.33449074074,100,95.125385802469,93.564332561728,99.614197530864,100,100,100,100,100,95.054976851851,93.105227623456,93.818962191358,95.778838734567,,,,,,,,,,,,12,97.91599151234539
MIR2209,MIR2209__S_Dahu,9,2G/3G/LTE,Gold,Macro,Deodar CP Prime,C4-MBD-08,JAZZ,DEODAR,Non DG Site,100,100,100,100,100,100,100,100,100,100,100,100,100,100,100,100,99.720293209876,100,100,80.400591563786,,,,,,,,,,,,2,99.0060442386831
JPJ3113,JPJ3113__H_Kashmirmahaljalalpu,12,2G/3G/LTE,Elite,Macro,Standby,C4-GRT-04,JAZZ,DEODAR,DG site,100,100,100,96.143904320987,100,100,100,100,100,100,100,100,100,100,100,100,100,100,100,100,,,,,,,,,,,,1,99.80719521604935
KHR0196,KHR0196__S_Jandialawala_GT_Rd_MDKN4196,9,2G/3G/LTE,Hub,Macro,Standby,C4-MBD-08,JAZZ,DEODAR,DG site,100,100,100,100,95.486111111111,100,100,100,100,100,94.624485596707,100,100,100,100,100,100,100,100,100,,,,,,,,,,,,2,99.50552983539089
RUR4621,RUR4621__P_Solary_town_Zafarwai,12,2G/3G/LTE,Elite,Macro,Standby,C4-NRW-05,JAZZ,DEODAR,DG site,100,100,100,99.998070987654,99.996624228395,99.99855324074,100,100,98.626543209876,100,100,93.085455246913,94.806616512345,99.997588734567,100,83.177565586419,87.495659722222,100,82.601273148148,100,,,,,,,,,,,,10,96.98919753086395
BGL2205,BGL2205__H_PindiHashim,9,2G/3G/LTE,Diamond,Macro,Standby,C4-MBD-08,JAZZ,DEODAR,DG site,100,100,100,100,100,100,100,99.338348765432,100,100,100,99.373070987654,100,100,100,100,94.610339506172,100,100,91.47762345679,,,,,,,,,,,,4,99.2399691358024
MIR2208,MIR2208__S_CHHIMBER,12,2G/3G/LTE,Platinum,Macro,Standby,C4-MBD-08,Jazz Host/CM-PAK Guest,DEODAR,DG site,100,100,98.019386574074,100,100,100,100,100,100,100,100,98.714795524691,98.574942129629,100,97.402584876543,100,98.845486111111,100,86.685956790123,99.824942129629,,,,,,,,,,,,7,98.90340470679
GJR0796,GJR0796__P_ZahoorPalace,12,2G/3G/LTE,Elite,Macro,Standby,C4-GRT-04,JAZZ,DEODAR,DG site,100,100,100,100,100,100,100,100,100,100,100,99.428530092592,100,98.170814043209,98.762538580246,83.596161265432,69.045138888888,100,100,100,,,,,,,,,,,,5,97.45015914351835
PND3233,PND3233__S_MirajKey,9,2G/3G/LTE,Gold,Macro,Standby,C4-HFZ-06,JAZZ,DEODAR,DG site,97.891589506172,100,97.723765432098,100,100,95.322145061728,99.780092592592,100,100,93.568672839506,89.211033950617,100,98.535879629629,99.025848765432,100,99.675925925925,100,100,97.712191358024,99.22003600823,,,,,,,,,,,,11,98.38335905349764
KHR5301,KHR5301__S_NearMTPark_CMPak7503,9,2G/3G/LTE,Bronze,Macro,OMO,C4-MBD-08,Jazz Guest/CM-PAK Host,CM-PAK ,DG Site,100,100,100,100,100,100,100,100,100,100,100,100,100,100,100,100,100,100,100,92.96875,,,,,,,,,,,,1,99.6484375
WZB0029,WZB0029__S_SuiGasTower_AhmedNasarRoadWarid_MDWA1510,9,2G/3G/LTE,Platinum,Macro,Standby,C4-WZD-07,JAZZ,DEODAR,DG site,100,100,54.166666666666,55.223122427983,91.804269547325,72.173353909465,100,100,100,100,100,100,95.076517489711,100,100,55.241126543209,100,100,100,80.014146090535,,,,,,,,,,,,7,90.1849601337447
AMG8797,AMG8797__S_KaluCheema,12,2G/3G/LTE,Diamond,Macro,Deodar CP Prime,C4-HFZ-06,JAZZ,DEODAR,Non DG Site,100,89.243344907407,100,100,100,95.509741512345,100,100,100,100,100,100,100,100,100,100,100,98.676215277777,100,100,,,,,,,,,,,,3,99.17146508487644
NRW3203,NRW3203__S_Dulam(TP-LBDR05),9,2G/3G/LTE,Gold,Macro,OMO,C4-NRW-05,Jazz Guest/TELENOR Host,TELENOR,Non DG Site,100,99.980066872428,99.641203703703,99.506815843621,100,100,100,86.667309670781,99.891332304526,99.994212962963,100,100,100,100,53.760931069958,99.965920781893,100,99.994212962963,100,99.906121399177,,,,,,,,,,,,10,96.96540637860065
RUR9205,RUR9205__P_Hazara,12,2G/3G/LTE,Diamond,Macro,Standby,C4-GRT-04,JAZZ,DEODAR,DG site,84.860628858024,97.450810185185,100,100,100,100,100,100,100,100,100,100,100,100,100,100,100,100,100,100,,,,,,,,,,,,2,99.11557195216045
RUR5948,RUR5948_H_Daulat Nagar Gujrat,6,2G/LTE,Diamond,Macro,B2S,C4-GRT-04,Enfrashare,Enfrashare,Non DG Site,100,100,100,100,100,100,100,100,100,100,100,100,100,100,100,100,100,100,100,100,,,,,,,,,,,,0,100
RUR4041,RUR4041__S_Sankhatra,12,2G/3G/LTE,Platinum,Macro,Standby,C4-NRW-05,JAZZ,DEODAR,DG site,100,100,100,100,100,100,100,99.219714506172,88.736979166666,100,100,92.532793209876,79.042727623456,60.372299382716,97.937885802469,100,100,100,92.236207561728,100,,,,,,,,,,,,7,95.50393036265413
NRW1135,NRW1135__S_Narowal_2_Warid_MDNR5774,12,2G/3G/LTE,Platinum,Macro,Standby,C4-NRW-05,JAZZ,DEODAR,DG site,100,100,100,66.727912808642,100,100,100,100,100,98.738425925925,98.987268518518,100,100,100,100,100,99.780574845679,100,100,100,,,,,,,,,,,,4,98.2117091049382
RUR5698,RUR5698__S_Malikpur,9,2G/LTE,Platinum,Macro,B2S,C4-GRT-04,Enfrashare,Enfrashare,Non DG Site,100,100,100,100,100,98.899819958847,100,100,100,100,100,100,100,100,100,100,99.877829218107,100,100,100,,,,,,,,,,,,2,99.9388824588477
RUR0509,RUR0509__S_SarokiGjrat,9,2G/3G/LTE,Diamond,Macro,OMO,C4-GRT-04,Jazz Guest/UFONE Host,UFONE,Non DG Site,100,100,99.971064814814,100,100,100,100,95.403163580246,100,100,100,100,100,100,100,100,100,95.079732510288,100,100,,,,,,,,,,,,3,99.5226980452674
FTP6242,FTP6242__S_Fatehpur_MDFP4296,16,2G/3G/LTE,Elite,Macro,Standby,C4-GRT-04,Jazz Host/CM-PAK Guest,DEODAR,DG site,98.395182291666,100,100,100,93.290653935185,95.119357638888,100,100,100,100,100,100,100,100,98.383608217592,100,91.286530671296,73.249782986111,97.037037037037,39.938512731481,,,,,,,,,,,,8,94.3350332754628
LLM0360,LLM0360__H_Lalamusa,9,2G/3G/LTE,Hub,Macro,Standby,C4-GRT-04,JAZZ,DEODAR,DG site,100,100,99.991640946502,100,100,100,100,100,100,99.967206790123,100,100,100,100,100,100,100,100,100,99.975565843621,,,,,,,,,,,,3,99.99672067901231
RUR0776,RUR0776__S_BahddarMor,9,2G/3G/LTE,Diamond,Macro,Standby,C4-MBD-08,Jazz Host/CM-PAK Guest,DEODAR,DG site,100,100,100,100,100,100,100,100,100,100,100,100,100,100,100,100,100,100,100,100,,,,,,,,,,,,0,100
HJW8769,HJW8769__P_Hajiwala,16,2G/3G/LTE,Elite,Macro,Standby,C4-GRT-04,Jazz Host/CM-PAK Guest,DEODAR,DG site,96.285083912037,98.127531828703,99.880280671296,99.924045138888,99.879918981481,99.742476851851,99.770688657407,99.800347222222,99.89185474537,99.906322337963,99.811197916666,99.953342013888,99.984085648148,99.952980324074,99.826388888888,99.760199652777,99.838686342592,99.721860532407,99.78370949074,99.917534722222,,,,,,,,,,,,20,99.58792679398098
GUJ4838,GUJ4838__S_GujranwalaCantt,9,2G/3G/LTE,Gold,Macro,Standby,C4-GUJ-02,JAZZ,DEODAR,DG site,90.175540123456,100,91.170910493827,100,100,97.463348765432,97.766203703703,100,100,100,100,100,100,96.509773662551,100,99.975565843621,91.413323045267,88.063271604938,100,100,,,,,,,,,,,,8,97.62689686213976
SCK9900,SCK9900__S_KotFazal,9,2G/3G/LTE,Platinum,Macro,Standby,C4-HFZ-06,Jazz Host/TELENOR Guest,DEODAR,DG site,100,100,100,100,100,100,100,100,100,100,100,100,100,100,93.802083333333,100,100,100,100,100,,,,,,,,,,,,1,99.69010416666666
RUR8090,RUR8090__P_UNIVERSITY_OF_GUJRAT,12,2G/3G/LTE,Platinum,Macro,OMO,C4-GRT-04,Jazz Guest/UFONE Host,UFONE,Non DG Site,97.394386574074,97.086226851851,94.449266975308,97.320601851851,98.776523919753,97.837577160493,98.424961419753,98.951099537037,100,100,95.695891203703,100,95.657793209876,100,100,100,100,100,99.282407407407,100,,,,,,,,,,,,11,98.54383680555529
JPJ6312,JPJ6312__S_Ittefaq_Colony_MDJJ1561,12,2G/3G/LTE,Platinum,Macro,Standby,C4-GRT-04,JAZZ,DEODAR,DG site,100,100,100,100,100,100,100,100,100,100,100,100,100,100,100,99.999517746913,100,100,100,100,,,,,,,,,,,,1,99.99997588734564
GJR5647,GJR5647__S_NearIkramHospital,9,2G/LTE,Platinum,Macro,B2S,C4-GRT-04,Enfrashare,Enfrashare,Non DG Site,100,100,100,100,100,100,100,100,100,100,100,100,100,99.713863168724,97.465277777777,100,100,100,100,100,,,,,,,,,,,,2,99.85895704732505
RUR6442,RUR6442__S_FaizaneMadinaZafarwal,9,2G/LTE,Diamond,Macro,B2S,C4-NRW-05,E.Co,E.CO,Non DG Site,100,100,100,100,100,100,100,100,87.243441358024,100,100,87.195216049382,100,100,100,87.75720164609,100,100,87.391332304526,100,,,,,,,,,,,,4,97.4793595679011
MIR2211,MIR2211__S_BhaoGhaseetPur,16,2G/3G/LTE,Elite,Macro,Standby,C4-MBD-08,JAZZ,DEODAR,DG site,100,100,96.037688078703,100,100,100,100,100,100,100,100,100,100,100,100,99.997468171296,98.11451099537,100,87.532190393518,99.814814814814,,,,,,,,,,,,5,99.07483362268506
GJR5415,GJR5415__S_Muslimabad_CMPak4330,12,2G/3G/LTE,Platinum,Macro,OMO,C4-GRT-04,Jazz Guest/CM-PAK Host,CM-PAK ,Non DG Site,100,100,100,100,100,100,100,100,100,100,100,100,100,100,100,100,100,100,100,70.012538580246,,,,,,,,,,,,1,98.5006269290123
RUR9489,RUR9489__S_Jamkey_Chatta_Main_Bazar_WA1971,9,2G/3G/LTE,Platinum,Macro,Standby,C4-WZD-07,JAZZ,DEODAR,DG site,100,100,99.463734567901,100,100,89.909336419753,100,100,96.830632716049,100,100,100,100,100,100,93.733924897119,100,100,86.509130658436,100,,,,,,,,,,,,5,98.3223379629629
LLM6252,LLM6252__S_Lalamusa_GT_Rd_MDLM4189,9,2G/3G/LTE,Platinum,Macro,Standby,C4-GRT-04,JAZZ,DEODAR,DG site,100,100,100,100,100,100,100,100,100,100,100,100,100,100,100,100,98.943544238683,100,100,100,,,,,,,,,,,,1,99.94717721193415
RUR0650,RUR0650__H_DhoriaDingaRoad,20,2G/3G/LTE,Elite,Macro,Standby,C4-MBD-08,Jazz Host/TELENOR Guest,DEODAR,DG site,100,100,100,100,100,100,100,100,100,100,100,100,100,100,100,100,99.849537037037,100,100,73.064814814814,,,,,,,,,,,,2,98.64571759259255
RUR9501,RUR9501__S_KalasKay_1M3547,16,2G/3G/LTE,Elite,Macro,Standby,C4-HFZ-06,JAZZ,DEODAR,DG site,91.344762731481,100,100,100,100,99.992042824074,99.997106481481,100,97.574146412037,90.013382523148,100,100,100,99.999638310185,100,100,100,100,99.601779513888,100,,,,,,,,,,,,7,98.9261429398147
KHJ6979,KHJ6979__S_KhujianwalaGujrat,9,2G/3G/LTE,Platinum,Macro,Deodar CP Prime,C4-MBD-08,JAZZ,DEODAR,Non DG Site,100,100,100,100,100,100,100,94.436728395061,91.691100823045,100,100,100,100,100,100,100,100,100,100,94.286265432098,,,,,,,,,,,,3,99.0207047325102
NRW1234,NRW1234__S_Mangwal(Ufone_1308),9,2G/3G/LTE,Platinum,Macro,OMO,C4-NRW-05,Jazz Guest/UFONE Host,UFONE,Non DG Site,100,100,100,100,100,100,100,100,100,100,100,100,100,100,100,100,100,100,99.587834362139,100,,,,,,,,,,,,1,99.97939171810694
RUR6240,RUR6240__S_ Dolat_Nagar_Chowk_Kotla_BhimberRoad_MR745461,16,2G/3G/LTE,Platinum,Macro,Standby,C4-GRT-04,JAZZ,DEODAR,DG site,100,95.461877893518,100,100,100,100,100,100,100,100,100,100,100,100,100,100,100,100,100,100,,,,,,,,,,,,1,99.7730938946759
KHR5760,KHR5760__S_BismillahPlaza,9,2G/LTE,Platinum,Macro,B2S,C4-MBD-08,Enfrashare,Enfrashare,Non DG Site,100,100,100,100,100,100,100,100,100,100,100,100,100,100,100,100,100,100,99.932484567901,81.009516460905,,,,,,,,,,,,2,99.0471000514403
HWY0478,HWY0478__P_MalikPura,9,2G/3G/LTE,Platinum,Macro,Standby,C4-MBD-08,Jazz Host/CM-PAK+UFONE Guest,DEODAR,DG site,100,100,100,100,100,100,100,100,100,100,100,100,100,100,100,100,100,100,100,99.976851851851,,,,,,,,,,,,1,99.99884259259255
RUR5786,RUR5786__S_NearZafar,12,2G/LTE,Platinum,Macro,B2S,C4-NRW-05,Enfrashare,Enfrashare,Non DG Site,100,100,100,100,100,100,100,100,100,100,100,79.953703703703,100,100,81.090856481481,99.880401234567,100,100,99.99855324074,100,,,,,,,,,,,,4,98.04617573302455
GJR5765,GJR5765__S_KalraKalan,9,2G/3G/LTE,Elite,Macro,B2S,C4-GRT-04,Enfrashare,Enfrashare,Non DG Site,100,100,100,86.529706790123,100,100,100,100,94.170524691358,100,100,100,100,100,100,100,100,100,99.998070987654,82.648533950617,,,,,,,,,,,,4,98.1673418209876
DHN4912,DHN4912__H_GJRDingaRdGujrat,9,2G/3G/LTE,Gold,Macro,Standby,C4-GRT-04,JAZZ,DEODAR,DG site,100,100,100,100,100,100,100,100,100,100,100,100,100,100,100,100,100,100,100,100,,,,,,,,,,,,0,100
WZB0060,WZB0060__S_DhonkalRdWazir,12,2G/3G/LTE,Elite,Macro,Standby,C4-WZD-07,JAZZ,DEODAR,DG site,100,100,100,100,94.161361882716,100,100,97.559317129629,100,100,100,100,100,100,100,100,96.527777777777,98.224826388888,100,100,,,,,,,,,,,,4,99.32366415895049
GHK4414,GHK4414__P_Hanjranwala,12,2G/3G/LTE,Elite,Macro,Standby,C4-GUJ-02,JAZZ,DEODAR,DG site,96.895736882716,99.512442129629,94.080825617283,89.733796296296,100,100,100,100,100,100,100,100,100,100,100,100,100,96.792052469135,100,100,,,,,,,,,,,,5,98.85074266975296
KHR2593,KHR2593__S_KabariBazarKharian,18,2G/3G/LTE,Elite,Macro,Standby,C4-MBD-08,JAZZ,DEODAR,DG site,100,100,100,100,100,100,100,100,98.881494341563,96.250964506172,98.245241769547,100,97.491640946502,100,100,100,100,100,100,95.613104423868,,,,,,,,,,,,5,99.3241222993826
MIR2210,MIR2210__S_Sheikhatahir,12,2G/3G/LTE,Platinum,Macro,Standby,C4-MBD-08,JAZZ,DEODAR,DG site,100,100,100,100,100,100,100,100,100,100,100,100,100,99.97974537037,100,100,98.619791666666,99.852912808642,93.426890432098,69.158950617283,,,,,,,,,,,,5,98.05191454475295
GJR0054,GJR0054__P_GujratC1C2_A,12,2G/3G/LTE,Hub,Macro,Standby,C4-GRT-04,Jazz Host/CM-PAK Guest,DEODAR,DG site,100,100,100,98.646315586419,100,100,100,100,100,100,100,98.90625,100,100,100,100,100,100,100,100,,,,,,,,,,,,2,99.87762827932094
GHK9864,GHK9864__P_Muhallahjinnah_Town,12,2G/3G/LTE,Elite,Macro,Standby,C4-GUJ-02,Jazz Host/UFONE Guest,DEODAR,DG site,100,100,100,94.906442901234,100,100,100,100,100,100,83.634741512345,97.434895833333,100,100,100,92.036072530864,84.303626543209,88.509355709876,100,100,,,,,,,,,,,,6,97.04125675154305
RUR4223,RUR4223__S_MohallahTahirabad,12,2G/3G/LTE,Diamond,Macro,Standby,C4-MBD-08,JAZZ,DEODAR,DG site,94.986979166666,100,100,100,100,100,100,99.233217592592,100,100,98.136574074074,100,100,100,98.862364969135,83.72974537037,100,94.92717978395,100,100,,,,,,,,,,,,6,98.49380304783935
KHR1738,KHR1738__S_AbrarColony,12,2G/3G/LTE,Gold,Macro,Deodar CP Prime,C4-MBD-08,Jazz Host/CM-PAK Guest,DEODAR,Non DG Site,100,100,100,100,100,100,100,100,100,100,100,100,100,100,100,100,100,100,79.423225308642,78.39023919753,,,,,,,,,,,,2,97.8906732253086
DNG6121,DNG6121__S_BalranWala_CMPak7124,12,2G/3G/LTE,Gold,Macro,OMO,C4-MBD-08,Jazz Guest/CM-PAK Host,CM-PAK ,Non DG Site,100,100,100,100,100,100,100,100,100,100,100,100,100,100,100,100,100,100,100,100,,,,,,,,,,,,0,100
RUR0370,RUR0370__S_HeadKhanki,12,2G/3G/LTE,Gold,Macro,Deodar CP Prime,C4-WZD-07,JAZZ,DEODAR,Non DG Site,75.746527777777,100,99.748263888888,100,100,100,100,100,100,99.992283950617,99.984567901234,100,100,100,100,89.347511574074,100,75.475019290123,58.105709876543,92.881462191358,,,,,,,,,,,,8,94.56406732253069
GJR6264,GJR6264__S_JalalPur_JattanRoad_MDGU4171,9,2G/3G/LTE,Gold,Macro,Deodar CP Prime,C4-GRT-04,Jazz Host/TELENOR Guest,DEODAR,Non DG Site,100,100,100,100,100,100,100,100,100,100,100,100,100,100,100,100,100,100,100,100,,,,,,,,,,,,0,100
GJR6281,GJR6281__S_NoorPur_Sharqi_MDGU4241,12,2G/3G/LTE,Platinum,Macro,Standby,C4-GRT-04,JAZZ,DEODAR,DG site,96.255787037037,100,100,100,98.962673611111,96.635320216049,98.673321759259,100,100,96.963252314814,96.940104166666,99.301215277777,100,100,100,100,100,100,95.711805555555,83.659818672839,,,,,,,,,,,,9,98.15516493055534
DNG9646,DNG9646__S_ShahTakiyaDinga,12,2G/3G/LTE,Diamond,Macro,Standby,C4-MBD-08,JAZZ,DEODAR,DG site,99.638310185185,99.5703125,99.698591820987,99.518229166666,99.660011574074,99.595389660493,99.582851080246,99.694733796296,99.762249228395,99.637827932098,98.934702932098,99.738136574074,99.725597993827,99.646026234567,99.698591820987,99.582851080246,99.507137345679,98.490065586419,96.270736882716,99.707754629629,,,,,,,,,,,,20,99.3830054012341
WZB9967,WZB9967__S_Barkat_Town,9,2G/3G/LTE,Diamond,Macro,Deodar CP Prime,C4-WZD-07,JAZZ,DEODAR,Non DG Site,100,100,100,100,100,100,100,100,100,100,100,100,100,100,100,100,100,100,100,94.682998971193,,,,,,,,,,,,1,99.73414994855965
RUR0373,RUR0373__S_Bharoki,9,2G/3G/LTE,Platinum,Macro,Deodar CP Prime,C4-WZD-07,JAZZ,DEODAR,Non DG Site,100,100,99.387860082304,100,100,97.74241255144,100,100,100,100,100,100,100,100,100,100,100,100,100,100,,,,,,,,,,,,2,99.85651363168719
DNG6228,DNG6228__S_Mohalla_Kisabaan_MDLM2862,16,2G/3G/LTE,Elite,Macro,Standby,C4-MBD-08,Jazz Host/UFONE Guest,DEODAR,DG site,100,100,100,100,100,100,100,100,100,100,97.397641782407,100,100,100,100,100,100,91.904658564814,97.25441261574,100,,,,,,,,,,,,3,99.32783564814805
NRW5629,NRW5629__S_NarowalPark,9,2G/3G/LTE,Platinum,Macro,B2S,C4-NRW-05,Enfrashare,Enfrashare,Non DG Site,96.86278292181,100,100,66.73482510288,96.122685185185,99.911265432098,100,100,100,100,100,96.363811728395,95.088734567901,89.070216049382,100,97.480709876543,99.070216049382,100,79.863040123456,100,,,,,,,,,,,,10,95.82841435185159
RUR0820,RUR0820__S_Awan_sharif,9,2G/3G/LTE,Diamond,Macro,OMO,C4-GRT-04,Jazz Guest/UFONE Host,UFONE,Non DG Site,100,100,100,100,100,100,100,100,100,100,100,100,100,100,100,100,100,100,100,100,,,,,,,,,,,,0,100
KHR1399,KHR1399__P_NeaAra,20,2G/3G/LTE,Elite,Macro,Deodar CP Prime,C4-MBD-08,Jazz Host/TELENOR Guest,DEODAR,Non DG Site,100,100,100,100,100,100,100,100,100,100,100,100,100,100,100,100,100,100,100,89.997106481481,,,,,,,,,,,,1,99.49985532407405
JPS8771,JPS8771__S_DelavurPur,9,2G/3G/LTE,Hub,Macro,Standby,C4-GRT-04,JAZZ,DEODAR,DG site,100,100,100,100,100,100,100,100,100,100,100,100,100,100,100,100,100,100,97.214506172839,100,,,,,,,,,,,,1,99.86072530864195
NRW5877,NRW5877__S_NarowalGPO,15,2G/LTE,Platinum,Macro,OMO,C4-NRW-05,Jazz Guest/PTCL Host,PTCL,Non DG Site,100,100,87.387731481481,66.732638888888,91.978780864197,95.375771604938,93.21875,91.294753086419,95.597222222222,100,90.195601851851,95.664737654321,89.71836419753,99.158950617283,92.187885802469,89.699845679012,89.359182098765,90.035108024691,89.246527777777,50.382330246913,,,,,,,,,,,,17,89.86170910493783
SKY9499,SKY9499__S_Saroki_Chowk_2J3777,9,2G/3G/LTE,Hub,Macro,Standby,C4-WZD-07,JAZZ,DEODAR,DG site,100,100,100,100,100,100,100,100,100,100,100,100,100,100,100,100,100,100,100,100,,,,,,,,,,,,0,100
HWY1576,HWY1576__S_Langaryal,9,2G/3G/LTE,Platinum,Macro,Standby,C4-GRT-04,Jazz Host/TELENOR Guest,DEODAR,DG site,95.022505144032,97.975180041152,96.896862139917,98.66512345679,97.966820987654,96.828703703703,91.759259259259,98.514660493827,96.035879629629,98.33912037037,98.780221193415,96.43711419753,96.858924897119,100,90.992798353909,98.803369341563,92.390689300411,97.067901234567,96.539994855967,93.73778292181,,,,,,,,,,,,19,96.48064557613121
RUR0077,RUR0077__S_KakraliVillage,9,2G/3G/LTE,Platinum,Macro,Standby,C4-GRT-04,Jazz Host/TELENOR+CM-PAK Guest,DEODAR,DG site,100,100,100,100,100,89.853395061728,100,100,96.29436728395,100,100,100,100,100,98.622685185185,100,100,100,100,100,,,,,,,,,,,,3,99.23852237654316
RUR5725,RUR5725__T_GourmetKhulqEMuhammadi,2,2G/3G/LTE,Bronze,Micro,Jazz CP Prime,C4-NRW-05,JAZZ,JAZZ,Non DG Site,97.482638888888,100,100,100,100,100,100,100,100,100,100,100,100,100,100,100,100,100,99.820601851851,100,,,,,,,,,,,,2,99.86516203703695
GJR5875,GJR5875__T_ServiceIndustriesGujrat,2,2G/3G/LTE,Bronze,Micro,Jazz CP Prime,C4-GRT-04,JAZZ,JAZZ,Non DG Site,100,100,100,100,100,100,100,100,100,100,100,100,100,100,100,100,100,100,100,100,,,,,,,,,,,,0,100
RUR5553,RUR5553__S_MusaKamala,9,2G/3G/LTE,Gold,Macro,B2S,C4-GRT-04,E.Co,E.CO,Non DG Site,100,100,92.492283950617,92.849151234567,100,98.896604938271,98.587962962963,100,100,100,100,100,98.925540123456,100,91.248070987654,100,99.974922839506,99.054783950617,98.582175925925,76.658950617283,,,,,,,,,,,,10,97.36352237654295
NRW4001,NRW4001__P_ZafarwalChkNarrowal,12,2G/3G/LTE,Elite,Macro,Standby,C4-NRW-05,JAZZ,DEODAR,DG site,100,91.813271604938,100,66.728877314814,95.717592592592,99.995177469135,100,100,87.014371141975,88.509355709876,100,100,100,100,97.673611111111,96.223476080246,96.478587962963,98.609182098765,100,99.999035493827,,,,,,,,,,,,11,95.9381269290121
DIL2201,DIL2201__S_Basoha,9,2G/3G/LTE,Diamond,Macro,Standby,C4-MBD-08,Jazz Host/CM-PAK Guest,DEODAR,DG site,100,100,100,100,100,100,99.477237654321,100,100,100,100,98.995627572016,98.958333333333,99.089506172839,86.672453703703,100,100,97.321887860082,100,100,,,,,,,,,,,,6,99.0257523148147
TDA3942,TDA3942__P_SurghPuraRoad,9,2G/3G/LTE,Platinum,Macro,Deodar CP Prime,C4-GRT-04,JAZZ,DEODAR,Non DG Site,77.777777777777,77.777777777777,76.977237654321,68.698559670781,88.888888888888,88.888888888888,92.438271604938,100,100,100,96.856995884773,100,100,100,93.26774691358,92.450488683127,100,100,100,100,,,,,,,,,,,,10,92.70113168724251
RUR9208,RUR9208__S_Chopala,9,2G/3G/LTE,Platinum,Macro,Standby,C4-GRT-04,Jazz Host/CM-PAK Guest,DEODAR,DG site,100,100,100,100,100,100,100,100,100,100,100,100,100,100,100,100,100,100,100,100,,,,,,,,,,,,0,100
KRW8772,KRW8772__P_mohallahShomaliKRW,12,2G/3G/LTE,Elite,Macro,Standby,C4-GRT-04,JAZZ,DEODAR,DG site,100,100,100,100,100,100,100,100,100,100,100,100,100,100,100,100,100,100,100,100,,,,,,,,,,,,0,100
RUR0507,RUR0507__S_Chana_UfoneShrng,9,2G/3G/LTE,Diamond,Macro,OMO,C4-MBD-08,Jazz Guest/UFONE Host,UFONE,Non DG Site,100,100,100,100,100,100,100,100,100,100,100,100,100,100,100,89.209747942386,99.53125,98.101208847736,98.404063786008,100,,,,,,,,,,,,4,99.2623135288065
NRW3788,NRW3788__P_MohallaLodhran,12,2G/3G/LTE,Elite,Macro,Standby,C4-NRW-05,JAZZ,DEODAR,DG site,100,100,100,66.731288580246,100,100,100,100,100,98.263888888888,98.453896604938,100,100,100,100,100,98.854648919753,100,100,98.410976080246,,,,,,,,,,,,5,98.03573495370355
GJR3436,GJR3436__S_GulshanColonyGujrat,12,2G/3G/LTE,Diamond,Macro,Standby,C4-GRT-04,Jazz Host/CM-PAK+UFONE+TELENOR Guest,DEODAR,DG site,100,100,100,100,100,100,100,100,100,100,100,100,100,100,100,100,100,100,100,100,,,,,,,,,,,,0,100
SRW9972,SRW9972__S_KotAnayatKh,9,2G/3G/LTE,Diamond,Macro,Standby,C4-GUJ-02,Jazz Host/UFONE Guest,DEODAR,DG site,100,100,99.527391975308,99.328703703703,100,100,100,100,100,100,100,98.717206790123,100,100,100,100,100,100,100,100,,,,,,,,,,,,3,99.87866512345671
RUR0792,RUR0792__S_Kotla_Qasin,9,2G/3G/LTE,Gold,Macro,OMO,C4-GRT-04,Jazz Guest/CM-PAK Host,CM-PAK ,Non DG Site,100,100,100,100,100,100,100,100,100,100,100,100,100,100,100,100,100,100,100,99.145447530864,,,,,,,,,,,,1,99.9572723765432
RUR4039,RUR4039__S_KangrorPindNRW,12,2G/3G/LTE,Diamond,Macro,Standby,C4-NRW-05,JAZZ,DEODAR,DG site,100,100,100,100,100,95.424864969135,99.815297067901,100,100,95.876736111111,99.977334104938,100,100,100,94.94068287037,100,100,100,100,100,,,,,,,,,,,,5,99.30174575617275
NRW9815,NRW9815__H_GunjHussain,12,2G/3G/LTE,Hub,Macro,Standby,C4-NRW-05,Jazz Host/TELENOR Guest,DEODAR,DG site,99.976851851851,99.980227623456,99.982638888888,66.722608024691,99.983603395061,99.973958333333,99.973476080246,99.986014660493,99.995177469135,99.981674382716,99.987461419753,99.984567901234,99.995659722222,99.988908179012,99.974440586419,99.983121141975,99.967689043209,99.981674382716,99.998070987654,99.965277777777,,,,,,,,,,,,20,98.31915509259203
HWY3435,HWY3435__H_GJRChakMurtazaGT,9,2G/3G/LTE,Platinum,Macro,Standby,C4-GRT-04,JAZZ,DEODAR,DG site,100,100,100,100,100,100,100,100,100,100,100,100,100,100,92.333461934156,100,99.97299382716,100,100,100,,,,,,,,,,,,2,99.61532278806581
WZB9635,WZB9635__P_Bagri_PlazaWazirabad,9,2G/3G/LTE,Platinum,Macro,Deodar CP Prime,C4-WZD-07,Jazz Host/CM-PAK Guest,DEODAR,Non DG Site,100,100,100,100,100,100,100,100,100,100,100,100,100,100,99.025205761316,97.98482510288,99.122942386831,99.459233539094,98.251028806584,96.55028292181,,,,,,,,,,,,6,99.51967592592575
KHR0242,KHR0242__P_GTRoadKharian,18,2G/3G/LTE,Elite,Macro,Standby,C4-MBD-08,JAZZ,DEODAR,DG site,100,100,100,95.666473765432,100,100,100,100,100,100,100,100,98.361625514403,100,100,100,82.944315843621,93.363233024691,100,93.917181069958,,,,,,,,,,,,5,98.21264146090525
LLM6248,LLM6248__S_Mohallah_Hussain_MDLM3308,9,2G/3G/LTE,Diamond,Macro,Standby,C4-GRT-04,JAZZ,DEODAR,DG site,100,100,100,100,100,100,100,100,100,100,100,100,100,99.850823045267,89.182741769547,100,100,100,100,100,,,,,,,,,,,,2,99.45167824074069
RUR5691,RUR5691__S_SookKalan,9,2G/3G/LTE,Diamond,Macro,B2S,C4-GRT-04,E.Co,E.CO,Non DG Site,97.24537037037,100,100,100,100,99.305555555555,100,100,100,100,99.488811728395,100,99.629629629629,100,100,99.311342592592,100,100,100,100,,,,,,,,,,,,5,99.74903549382704
GFG9669,GFG9669__S_Dairan_Walla,9,2G/3G/LTE,Diamond,Macro,Deodar CP Prime,C4-NRW-05,Jazz Host/UFONE+CM-PAK Guest,DEODAR,Non DG Site,100,100,100,100,100,80.37037037037,100,97.978395061728,100,91.217206790123,100,100,88.933256172839,100,100,100,100,100,100,97.399691358024,,,,,,,,,,,,5,97.79494598765419
GJR5605,GJR5605__S_MadinaSyedan_CMPak3613,9,2G/3G/LTE,Gold,Macro,OMO,C4-GRT-04,Jazz Guest/CM-PAK Host,CM-PAK ,Non DG Site,100,99.252186213991,100,100,100,100,100,100,100,99.365354938271,100,100,100,100,100,100,84.192386831275,100,99.402006172839,98.517232510288,,,,,,,,,,,,5,99.0364583333332
AMG8795,AMG8795__S_Ludhaywala,12,2G/3G/LTE,Platinum,Macro,Standby,C4-HFZ-06,Jazz Host/CM-PAK Guest,DEODAR,DG site,94.732831790123,100,96.903935185185,95.134548611111,100,91.145351080246,99.123746141975,100,100,100,100,100,96.621334876543,100,97.663483796296,100,100,100,100,100,,,,,,,,,,,,7,98.56626157407395
RUR0357,RUR0357__S_BadokiGusaiyan,12,2G/3G/LTE,Elite,Macro,Standby,C4-GUJ-02,JAZZ,DEODAR,DG site,100,100,100,100,100,100,100,100,100,100,100,100,100,100,100,100,100,100,100,100,,,,,,,,,,,,0,100
NRW6970,NRW6970__P_WordNo10Narowal,12,2G/3G/LTE,Elite,Macro,Standby,C4-NRW-05,Jazz Host/CM-PAK Guest,DEODAR,DG site,88.010223765432,80.054012345679,91.557677469135,61.064332561728,91.531635802469,91.564911265432,91.615547839506,91.491608796296,91.510898919753,91.564911265432,91.467013888888,91.550925925925,89.429494598765,91.570216049382,91.507040895061,91.591435185185,91.560570987654,91.54899691358,84.87461419753,88.496334876543,,,,,,,,,,,,20,88.67812017746874
WZB4219,WZB4219__P_Janubi_Phatak,16,2G/3G/LTE,Elite,Macro,Standby,C4-WZD-07,Jazz Host/TELENOR Guest,DEODAR,DG site,96.897786458333,98.701171875,77.472511574074,66.515842013888,97.417534722222,98.365523726851,96.229383680555,86.552734375,96.973017939814,98.785445601851,95.01808449074,96.38527199074,98.713469328703,94.443359375,93.75,93.751446759259,93.75,93.75,93.75,79.54933449074,,,,,,,,,,,,20,92.33859592013849
HWY1244,HWY1244__S_Pindori_TP_LAPR02,6,2G/LTE,Gold,Macro,OMO,C4-HFZ-06,Jazz Guest/TELENOR Host,TELENOR,Non DG Site,100,100,100,100,100,98.764467592592,100,100,100,100,100,100,100,100,94.642168209876,100,100,100,100,100,,,,,,,,,,,,2,99.67033179012341
DNG6475,DNG6475_S_Bhalesranwala,6,2G/LTE,Diamond,Macro,B2S,C4-MBD-08,E.Co,E.CO,Non DG Site,100,100,75.546875,100,99.99324845679,100,100,100,100,100,100,100,100,100,100,100,100,100,88.386381172839,100,,,,,,,,,,,,3,98.19632523148145
RUR6533,RUR6533__S_Beknanwala,6,2G/LTE,Diamond,Macro,B2S,C4-MBD-08,ATL,ATL,Non DG Site,100,100,100,100,100,100,100,100,100,100,100,100,100,100,100,100,100,100,100,100,,,,,,,,,,,,0,100
GFG9667,GFG9667__S_GhotaFatehGarh,9,2G/LTE,Diamond,Macro,Standby,C4-NRW-05,Jazz Host/TELENOR Guest,DEODAR,DG site,100,100,100,100,100,100,100,100,100,100,100,100,100,100,100,100,100,100,100,100,,,,,,,,,,,,0,100
RUR0647,RUR0647__P_Gorali,12,2G/3G/LTE,Elite,Macro,Standby,C4-GRT-04,JAZZ,DEODAR,DG site,99.958043981481,99.496045524691,100,99.990354938271,98.815586419753,99.177758487654,98.202160493827,100,98.145254629629,99.482060185185,99.13242669753,99.472415123456,99.13242669753,98.731674382716,98.877797067901,99.351369598765,98.377218364197,99.287229938271,97.531828703703,98.275945216049,,,,,,,,,,,,18,99.07187982253043
RUR5761,RUR5761_H_Ucha Khalwan Narowal,6,2G/LTE,Diamond,Macro,B2S,C4-NRW-05,ATL,ATL,Non DG Site,100,100,100,100,100,100,100,100,100,100,100,100,100,100,100,100,99.80324074074,99.933449074074,99.002700617283,100,,,,,,,,,,,,3,99.93696952160484
GJR6488,GJR6488__S_TibbiMarlan,9,2G/LTE,Gold,Macro,B2S,C4-GRT-04,ATL,ATL,Non DG Site,100,100,100,100,100,100,100,100,100,100,100,100,100,100,100,100,100,100,100,100,,,,,,,,,,,,0,100
RUR8811,RUR8811__S_Pindiman,6,2G/LTE,Diamond,Macro,Deodar CP Prime,C4-NRW-05,JAZZ,DEODAR,Non DG Site,99.143518518518,99.549575617283,92.991898148148,99.914158950617,89.378858024691,99.211033950617,99.248649691358,97.197145061728,94.135802469135,99.270833333333,99.701003086419,93.784722222222,99.56211419753,86.277006172839,84.083719135802,90.60474537037,97.781635802469,99.513888888888,79.555362654321,94.815779320987,,,,,,,,,,,,20,94.78607253086376
JPJ5565,JPJ5565_H_Nikka Dawara Rd Jalalpur Gujrat Punjab,6,2G/LTE,Diamond,Macro,B2S,C4-GRT-04,Enfrashare,Enfrashare,Non DG Site,100,100,100,100,89.126157407407,100,100,100,100,100,100,100,100,100,88.642939814814,100,100,100,100,100,,,,,,,,,,,,2,98.88845486111106
NRW5820,NRW5820_H_Ransinwal road Narowal,6,2G/LTE,Platinum,Macro,B2S,C4-NRW-05,Enfrashare,Enfrashare,Non DG Site,100,100,100,66.734182098765,89.172453703703,100,100,94.597800925925,100,100,100,100,100,100,90.870949074074,100,100,100,100,100,,,,,,,,,,,,4,97.06876929012336
RUR8874,RUR8874__S_HazratKelainWala,6,2G/LTE,Gold,Macro,Standby,C4-HFZ-06,JAZZ,DEODAR,DG site,100,100,100,100,100,100,100,100,100,100,100,100,100,100,100,100,100,100,100,100,,,,,,,,,,,,0,100
RUR9490,RUR9490__S_Vilage_Dhilwan_Wazirabad_Distt._1P3563,6,2G/LTE,Gold,Macro,Standby,C4-HFZ-06,JAZZ,DEODAR,DG site,100,100,100,100,100,100,100,100,100,100,100,100,100,99.163773148148,100,100,100,100,100,100,,,,,,,,,,,,1,99.9581886574074
RUR6573,RUR6573__S_Daowala,6,2G/LTE,Gold,Macro,B2S,C4-NRW-05,Enfrashare,Enfrashare,Non DG Site,100,100,99.065393518518,100,100,100,100,95.381944444444,80.743634259259,100,100,81.047453703703,100,100,100,81.599151234567,100,98.897569444444,72.903163580246,100,,,,,,,,,,,,7,95.48191550925904
DNG6229,DNG6229__S_Mohallah_Baggi_MDLM2861,12,2G/3G/LTE,Elite,Macro,Standby,C4-MBD-08,JAZZ,DEODAR,DG site,93.746624228395,100,100,97.443094135802,99.942611882716,100,94.866898148148,92.783082561728,100,100,100,100,100,100,99.993730709876,100,100,89.103973765432,100,93.419174382716,,,,,,,,,,,,8,98.06495949074065
RUR9505,RUR9505__S_Gil Wala_GJ7687,6,2G/LTE,Bronze,Macro,OMO,C4-GUJ-02,Jazz Guest/TELENOR Host,TELENOR,Non DG Site,100,100,100,100,100,100,100,100,100,100,99.149305555555,100,100,100,100,100,73.816550925925,100,100,100,,,,,,,,,,,,2,98.64829282407399
RUR5932,RUR5932_H_Chaura Gujranwala Punjab Pakistan,6,2G/LTE,Bronze,Macro,OMO,C4-GUJ-02,Jazz Guest/CM-PAK Host,CM-PAK ,Non DG Site,100,100,100,100,100,100,100,100,100,100,97.16049382716,100,100,100,92.065972222222,100,100,95.940393518518,100,100,,,,,,,,,,,,3,99.258342978395
GJR5750,GJR5750_H_Baghdad Colony Gujrat,9,2G/LTE,Diamond,Macro,B2S,C4-GRT-04,Enfrashare,Enfrashare,Non DG Site,100,100,100,100,100,100,100,100,100,100,100,100,100,87.113554526749,95.065586419753,100,100,100,100,74.039351851851,,,,,,,,,,,,3,97.81092463991764
DNG3509,DNG3509__H_MaladChwk,18,2G/3G/LTE,Hub,Macro,Standby,C4-MBD-08,JAZZ,DEODAR,DG site,98.596965020576,98.608217592592,98.634902263374,98.698881172839,98.615933641975,98.565779320987,98.654192386831,98.673804012345,98.531378600823,98.61657664609,98.572209362139,98.63811728395,98.503729423868,98.722029320987,98.509516460905,98.570923353909,98.653227880658,98.564493312757,98.732960390946,98.715277777777,,,,,,,,,,,,20,98.6189557613164
RUR0906,RUR0906__S_MuranWali,6,2G/LTE,Diamond,Macro,Standby,C4-NRW-05,Jazz Host/TELENOR Guest,DEODAR,DG site,100,100,100,95.286458333333,96.180555555555,100,100,99.916087962963,100,100,100,99.781057098765,99.620949074074,100,100,100,94.855324074074,100,100,99.241898148148,,,,,,,,,,,,7,99.24411651234558
HWY6462,HWY6462__S_SadiqAbadGTRoad,6,2G/LTE,Gold,Macro,B2S,C4-GRT-04,E.Co,E.CO,Non DG Site,100,100,100,100,100,100,100,100,100,100,100,100,100,100,100,100,100,67.352430555555,100,100,,,,,,,,,,,,1,98.36762152777774
RUR3529,RUR3529__S_MozaJalalpurChatha,6,2G/LTE,Diamond,Macro,Standby,C4-HFZ-06,JAZZ,DEODAR,DG site,96.331018518518,100,100,100,100,99.458912037037,93.233024691358,100,100,100,97.731481481481,100,100,100,100,90.532407407407,100,100,100,100,,,,,,,,,,,,5,98.86434220679004
HWY5602,HWY5602_H_Village Chechian PO Dittewal Teh and Chechian Gujrat,6,2G/LTE,Bronze,Macro,OMO,C4-GRT-04,Jazz Guest/TELENOR Host,TELENOR,Non DG Site,100,100,100,100,100,100,100,100,100,100,100,100,100,100,100,100,84.947916666666,100,100,60.985725308642,,,,,,,,,,,,2,97.2966820987654
HWY6555,HWY6555__S_MohlaKalan,6,2G/LTE,Platinum,Macro,B2S,C4-GRT-04,E.Co,E.CO,Non DG Site,82.309027777777,97.285879629629,99.88136574074,85.978009259259,97.138310185185,100,100,100,100,100,100,100,99.499421296296,97.624421296296,100,100,87.540509259259,89.236111111111,65.413773148148,99.945023148148,,,,,,,,,,,,11,95.09259259259241
WZB5520,WZB5520_H_Rasul Nagar Rd Ali Nagar Gujranwala,6,2G/LTE,Gold,Macro,B2S,C4-WZD-07,ATL,ATL,Non DG Site,100,100,99.317129629629,100,100,97.754629629629,100,100,100,100,100,100,100,100,100,100,100,100,100,92.757523148148,,,,,,,,,,,,3,99.4914641203703
GJR5702,GJR5702_H_Jamalpur Syedan Gujrat,9,2G/LTE,Bronze,Macro,OMO,C4-GRT-04,Jazz Guest/CM-PAK Host,CM-PAK ,Non DG Site,100,100,100,100,100,100,100,100,100,99.724151234567,100,100,100,100,100,100,100,100,100,100,,,,,,,,,,,,1,99.98620756172835
GHK5824,GHK5824_H_Ghakhar Gujranwala,9,2G/LTE,Platinum,Macro,B2S,C4-GUJ-02,Tawal,Tawal,Non DG Site,100,100,100,100,100,100,100,100,100,100,98.960262345679,100,100,100,100,100,100,100,100,100,,,,,,,,,,,,1,99.94801311728395
RUR0687,RUR0687__S_Jandala,8,2G/LTE,Gold,Macro,Standby,C4-GRT-04,Jazz Host/CM-PAK+UFONE Guest,DEODAR,DG site,99.475549768518,100,99.9609375,96.119791666666,96.935040509259,96.986400462963,98.562644675925,100,99.955873842592,100,99.442997685185,97.40234375,95.910011574074,91.571180555555,99.039351851851,95.894097222222,97.301793981481,94.06105324074,100,98.695746527777,,,,,,,,,,,,16,97.86574074074039
GHK5812,GHK5812_H_Pir Kot Gujranwala,9,2G/LTE,Diamond,Macro,B2S,C4-GUJ-02,Tawal,Tawal,Non DG Site,100,100,100,100,100,100,100,100,100,100,95.579989711934,100,100,100,100,100,100,99.596193415637,100,100,,,,,,,,,,,,2,99.75880915637856
RUR5680,RUR5680_H_Mattoo Bhaie Key Gujranwala,6,2G/LTE,Diamond,Macro,B2S,C4-HFZ-06,ATL,ATL,Non DG Site,100,100,100,100,100,100,100,100,100,100,100,100,100,100,100,100,100,100,100,100,,,,,,,,,,,,0,100
RUR5626,RUR5626_H_Majara Gujrat,15,2G/LTE,Platinum,Macro,B2S,C4-GRT-04,Enfrashare,Enfrashare,Non DG Site,100,100,100,100,100,100,100,100,100,100,100,100,100,100,100,100,100,100,100,100,,,,,,,,,,,,0,100
RUR5661,RUR5661_S__ JarChikah,6,2G/LTE,Bronze,Macro,B2S,C4-HFZ-06,Enfrashare,Enfrashare,Non DG Site,78.744936342592,94.820601851851,100,93.955439814814,100,100,100,100,99.405381944444,100,100,100,100,96.919849537037,100,100,98.833912037037,100,100,98.370225694444,,,,,,,,,,,,7,98.05251736111094
RUR6534,RUR6534__S_KhoriAlam,6,2G/LTE,Diamond,Macro,B2S,C4-MBD-08,E.Co,E.CO,Non DG Site,97.637924382716,100,100,100,100,100,92.688078703703,100,100,100,70.248842592592,87.612847222222,93.541666666666,94.872685185185,89.832175925925,91.035879629629,88.486689814814,92.22511574074,88.178047839506,87.38136574074,,,,,,,,,,,,12,93.6870659722219
DNG5811,DNG5811_H_Lalamusa Dinga Road Dhndhala Gujrat,6,2G/LTE,Bronze,Macro,B2S,C4-MBD-08,Enfrashare,Enfrashare,Non DG Site,100,100,100,100,100,100,100,100,100,100,100,92.527006172839,100,100,100,100,100,100,100,100,,,,,,,,,,,,1,99.62635030864195
GJR5862,GJR5862_H_Near Sarafa Bazar Main Bazaar Gujrat,9,2G/LTE,Diamond,Macro,B2S,C4-GRT-04,Enfrashare,Enfrashare,Non DG Site,100,100,100,100,100,100,100,100,100,100,100,100,100,100,100,100,100,100,100,100,,,,,,,,,,,,0,100
LLM5926,LTE_LLM5926_H_Mohalla Chiraghpura Lalamusa,6,2G/LTE,Platinum,Macro,B2S,C4-GRT-04,Enfrashare,Enfrashare,Non DG Site,100,100,100,100,100,100,100,100,100,100,100,100,100,100,100,100,100,100,100,100,,,,,,,,,,,,0,100
RUR6517,RUR6517__S_Gangohar,6,2G/LTE,Diamond,Macro,B2S,C4-NRW-05,E.Co,E.CO,Non DG Site,100,100,100,100,99.985532407407,100,100,100,100,100,92.94849537037,78.668981481481,100,100,80.447530864197,100,100,90.083912037037,76.837384259259,95.964506172839,,,,,,,,,,,,7,95.74681712962949
ALC6522,ALC6522__S_NearSaidNagar,6,2G/LTE,Diamond,Macro,B2S,C4-HFZ-06,E.Co,E.CO,Non DG Site,68.63136574074,64.871720679012,65.989583333333,100,100,100,100,100,100,100,100,100,100,100,100,99.999035493827,100,100,100,100,,,,,,,,,,,,4,94.9745852623456
RUR6174,RUR6174__S_Adda kang chanan phaila road Gujrat_MR335300,6,2G/LTE,Diamond,Macro,Standby,C4-MBD-08,Jazz Host/CM-PAK Guest,DEODAR,DG site,100,100,100,100,100,100,100,96.359953703703,100,100,100,100,100,100,100,78.868634259259,100,98.576388888888,98.272569444444,100,,,,,,,,,,,,4,98.6038773148147
RUR5842,RUR5842_H_near graveyard Baba Azeem Doga Sharif Gujrat,6,2G/LTE,Diamond,Macro,B2S,C4-GRT-04,Enfrashare,Enfrashare,Non DG Site,100,100,100,100,100,100,100,100,100,100,100,100,100,100,100,100,100,100,100,100,,,,,,,,,,,,0,100
GJR4905,GJR4905__S_CheemaCly_GJR,9,2G/3G/LTE,Gold,Macro,Deodar CP Prime,C4-GRT-04,JAZZ,DEODAR,Non DG Site,100,100,100,100,100,100,100,100,100,100,100,100,100,100,100,100,100,100,100,78.854166666666,,,,,,,,,,,,1,98.9427083333333
GJR6246,GJR6246__S_Jatowaqal_MDGU4170,12,2G/3G/LTE,Elite,Macro,Standby,C4-GRT-04,JAZZ,DEODAR,DG site,95.713734567901,98.323206018518,94.864004629629,93.309220679012,98.76880787037,94.814814814814,95.44174382716,97.455150462963,98.0078125,98.125482253086,98.420138888888,96.854263117283,97.854456018518,99.487847222222,91.83449074074,98.059895833333,99.013310185185,98.972318672839,97.941261574074,96.375385802469,,,,,,,,,,,,20,96.9818672839502
GJR3401,GJR3401__S_JalalpurRdGujrat,9,2G/3G/LTE,Diamond,Macro,Standby,C4-GRT-04,Jazz Host/TELENOR Guest,DEODAR,DG site,100,100,100,100,100,100,100,100,100,100,100,100,100,96.429398148148,100,73.924254115226,97.309027777777,100,100,100,,,,,,,,,,,,3,98.38313400205755
SKL9911,SKL9911__S_PindHasana,9,2G/3G/LTE,Gold,Macro,Standby,C4-GRT-04,JAZZ,DEODAR,DG site,100,100,100,100,100,100,100,100,100,100,100,100,100,100,100,100,100,100,100,100,,,,,,,,,,,,0,100
GJR6294,GJR6294__S_UmerPalaza_MirzaAkram_Hospital_MDGU4240,9,2G/3G/LTE,Gold,Macro,Standby,C4-GRT-04,JAZZ,DEODAR,DG site,100,100,100,100,100,100,100,100,100,100,100,100,100,100,100,100,100,100,97.402263374485,78.914609053497,,,,,,,,,,,,2,98.81584362139911
RUR9739,RUR9739__H_MaralaMore,9,2G/3G/LTE,Platinum,Macro,Standby,C4-NRW-05,JAZZ,DEODAR,DG site,99.882973251028,99.805169753086,99.922196502057,99.848894032921,99.825745884773,99.861111111111,99.87461419753,99.778163580246,99.842463991769,99.791023662551,99.992283950617,99.8733281893,99.857896090535,99.949845679012,97.298096707818,87.622813786008,99.889403292181,99.900977366255,93.982124485596,99.877829218107,,,,,,,,,,,,20,98.83384773662506
HWY9507,HWY9507__S_Khattyan Wala Khoh_G.T.Road_WA1592,18,2G/3G/LTE,Hub,Macro,Standby,C4-WZD-07,JAZZ,DEODAR,DG site,100,100,99.422903806584,100,100,97.169174382716,100,100,100,100,100,100,100,100,100,100,100,100,100,100,,,,,,,,,,,,2,99.829603909465
WZB4220,WZB4220__P_WazirabadBypas,9,2G/3G/LTE,Diamond,Macro,Deodar CP Prime,C4-WZD-07,Jazz Host/TELENOR Guest,DEODAR,Non DG Site,100,100,69.791666666666,48.177726337448,66.856995884773,100,100,78.557741769547,78.573173868312,78.540380658436,100,100,99.203960905349,100,100,100,100,100,100,94.139017489711,,,,,,,,,,,,8,90.6920331790121
GUJ5757,GUJ5757__S_CMHRoadRahwaliCantt,9,2G/3G/LTE,Bronze,Macro,Standby,C4-GUJ-02,JAZZ,DEODAR,DG site,100,100,100,100,100,95.027006172839,92.894161522633,86.458976337448,91.666666666666,91.016589506172,93.838734567901,92.426697530864,100,100,100,100,100,100,100,100,,,,,,,,,,,,7,97.16644161522615
GJR8820,GJR8820__H_ShalimarTowerGJR,12,2G/3G/LTE,Hub,Macro,Standby,C4-GRT-04,JAZZ,DEODAR,DG site,100,100,100,100,100,100,100,100,100,100,100,100,100,100,100,100,100,100,100,100,,,,,,,,,,,,0,100
RUR1053,RUR1053__H_Bagriawala,6,2G/LTE,Gold,Macro,Standby,C4-MBD-08,Jazz Host/CM-PAK Guest,DEODAR,DG site,100,100,100,100,100,100,100,83.645833333333,100,100,100,100,100,100,100,100,99.655671296296,100,100,100,,,,,,,,,,,,2,99.16507523148145
GJR6257,GJR6257__S_Shaheen_Chowk_Gujrat_Bypass_MDGU4247,12,2G/3G/LTE,Elite,Macro,Standby,C4-GRT-04,Jazz Host/UFONE Guest,DEODAR,DG site,89.257330246913,97.934027777777,92.126736111111,89.931037808642,98.111979166666,100,100,100,95.038097993827,100,100,100,100,100,100,100,100,100,100,100,,,,,,,,,,,,6,98.1199604552468
KNJ3535,KNJ3535__H_PunghtaTalabKunjah,12,2G/3G/LTE,Platinum,Macro,Standby,C4-GRT-04,JAZZ,DEODAR,DG site,100,100,100,100,100,100,100,100,100,94.244791666666,97.261284722222,100,100,90.217978395061,99.216338734567,100,88.067129629629,95.91049382716,100,100,,,,,,,,,,,,6,98.24590084876526
WZB0364,WZB0364__P_MainBazar,12,2G/3G/LTE,Elite,Macro,Standby,C4-WZD-07,JAZZ,DEODAR,DG site,100,100,86.277488425925,99.652295524691,100,99.093846450617,100,100,100,100,100,100,100,100,100,98.917824074074,100,100,96.502218364197,82.151331018518,,,,,,,,,,,,6,98.1297501929011
RUR0456,RUR0456__P_BarilaSharif,18,2G/3G/LTE,Elite,Macro,Standby,C4-GRT-04,Jazz Host/CM-PAK+UFONE Guest,DEODAR,DG site,100,100,100,100,95.045010288065,76.070923353909,57.512217078189,100,100,100,100,100,100,95.23694701646,99.016525205761,100,100,100,100,100,,,,,,,,,,,,5,96.14408114711918
RUR6256,RUR6256__S_Chak_Kala_Jalapurjatan Road_MR1O3562,12,2G/3G/LTE,Platinum,Macro,Standby,C4-GRT-04,JAZZ,DEODAR,DG site,100,100,100,100,98.923611111111,100,95.433545524691,94.261188271604,99.995177469135,100,98.05893132716,99.169560185185,99.700038580246,100,100,99.780574845679,99.80324074074,98.089313271604,99.92717978395,100,,,,,,,,,,,,11,99.15711805555523
RUR0403,RUR0403__S_MUHALLARAHMANIA_Warid_MDPR4148,18,2G/LTE,Elite,Macro,Deodar CP Prime,C4-NRW-05,Jazz Host/UFONE Guest,DEODAR,Non DG Site,99.981674382716,100,99.962062757201,100,100,100,99.980709876543,100,87.806069958847,100,100,100,100,100,99.959812242798,88.289930555555,100,100,87.422196502057,99.97974537037,,,,,,,,,,,,8,98.16911008230434
BBK9609,BBK9609__S_BobakMaraly,9,2G/3G/LTE,Diamond,Macro,Standby,C4-NRW-05,Jazz Host/TELENOR Guest,DEODAR,DG site,100,100,100,100,100,100,100,98.267103909465,100,100,100,100,100,100,100,100,97.040895061728,100,100,100,,,,,,,,,,,,2,99.76539994855965
RUR0271,RUR0271__S_TalwandiBhindran_Warid_MDNR1589,9,2G/LTE,Diamond,Macro,Standby,C4-NRW-05,JAZZ,DEODAR,DG site,100,100,98.173225308642,100,100,98.042052469135,100,97.467849794238,100,96.042952674897,100,100,100,100,100,100,100,96.328446502057,92.64403292181,100,,,,,,,,,,,,6,98.93492798353896
RUR6968,RUR6968__H_IttehadColony,18,2G/3G/LTE,Hub,Macro,Standby,C4-NRW-05,JAZZ,DEODAR,DG site,99.922839506172,100,100,95.618569958847,100,100,100,100,100,99.96624228395,100,100,99.935699588477,99.652777777777,100,100,100,100,100,100,,,,,,,,,,,,5,99.75480645576116
RUR2110,RUR2110__S_KalaraKhasa,9,2G/3G/LTE,Diamond,Macro,OMO,C4-GRT-04,Jazz Guest/UFONE Host,UFONE,Non DG Site,100,100,100,100,100,100,100,100,100,100,100,100,100,100,100,100,100,100,100,100,,,,,,,,,,,,0,100
RUR4037,RUR4037__S_JarpalExchange4,6,2G/3G/LTE,Diamond,Macro,Standby,C4-NRW-05,JAZZ,DEODAR,DG site,100,100,99.111689814814,100,100,100,100,100,100,100,100,100,100,100,100,100,100,100,84.289158950617,100,,,,,,,,,,,,2,99.17004243827155
SDL6964,SDL6964__P_FahadPlazaShadiwal,20,2G/3G/LTE,Elite,Macro,Standby,C4-GRT-04,JAZZ,DEODAR,DG site,98.8359375,100,92.805555555555,93.197048611111,100,100,95.795138888888,100,100,100,99.369502314814,100,100,100,100,100,100,100,100,98.572337962963,,,,,,,,,,,,6,98.92877604166655
RUR9486,RUR9486__S_Warpal_Khurd_1M3548,20,2G/3G/LTE,Elite,Macro,Standby,C4-HFZ-06,JAZZ,DEODAR,DG site,95.844039351851,100,100,99.637731481481,92.756076388888,99.987268518518,93.820601851851,92.473668981481,100,96.641782407407,98.932002314814,96.883680555555,97.05787037037,97.941261574074,99.641203703703,96.912326388888,96.180266203703,99.092592592592,99.095196759259,97.794560185185,,,,,,,,,,,,17,97.53460648148099
KHJ6978,KHJ6978__S_ChakGillanGujrat,9,2G/3G/LTE,Gold,Macro,Deodar CP Prime,C4-MBD-08,Jazz Host/TELENOR Guest,DEODAR,Non DG Site,100,100,100,100,100,100,100,99.380787037037,100,100,100,100,100,100,100,100,100,100,100,100,,,,,,,,,,,,1,99.96903935185185
GJR6908,GJR6908__S_GujratWestBypassGJR,20,2G/3G/LTE,Hub,Macro,Standby,C4-GRT-04,Jazz Host/UFONE Guest,DEODAR,DG site,100,100,100,100,100,96.76099537037,100,100,100,98.3046875,100,100,100,100,98.698206018518,100,100,100,100,100,,,,,,,,,,,,3,99.6881944444444
DNG3989,DNG3989__P_ComplexroadDinga,18,2G/3G/LTE,Elite,Macro,Standby,C4-MBD-08,Jazz Host/CM-PAK+TELENOR Guest,DEODAR,DG site,100,100,100,100,100,100,100,100,100,100,98.590213477366,100,100,82.6077031893,100,100,96.282150205761,97.450488683127,100,100,,,,,,,,,,,,4,98.7465277777777
RUR3396,RUR3396__P_SKGMCBChowkZafarwal,18,2G/3G/LTE,Elite,Macro,Standby,C4-NRW-05,Jazz Host/CM-PAK Guest,DEODAR,DG site,100,97.555619855967,97.014853395061,100,100,100,100,100,88.568672839506,95.395126028806,100,95.611818415637,100,100,100,93.201838991769,92.464313271604,94.735403806584,93.458076131687,96.650270061728,,,,,,,,,,,,10,97.23279963991745
ALC3447,ALC3447__H_IkalGarhAlipurChat,20,2G/3G/LTE,Hub,Macro,Standby,C4-HFZ-06,JAZZ,DEODAR,DG site,100,100,100,100,100,100,100,100,100,100,100,100,100,100,100,100,100,100,100,100,,,,,,,,,,,,0,100
ALC8810,ALC8810__P_ChoriGali,18,2G/3G/LTE,Elite,Macro,Standby,C4-HFZ-06,JAZZ,DEODAR,DG site,100,100,100,100,100,100,100,100,100,100,100,100,100,100,95.898919753086,100,100,100,100,100,,,,,,,,,,,,1,99.7949459876543
RUR9206,RUR9206__P_DhaSirihali,18,2G/3G/LTE,Platinum,Macro,Standby,C4-GRT-04,JAZZ,DEODAR,DG site,100,100,100,99.554398148148,99.653099279835,95.79732510288,90.799897119341,90.66936728395,100,99.348958333333,97.779706790123,98.713670267489,96.298225308642,99.537037037037,95.411201131687,97.28716563786,95.837834362139,96.515882201646,100,94.448302469135,,,,,,,,,,,,15,97.38260352366225
JPJ6403,JPJ6403__S_IslamGarh_Ufone1335,9,2G/3G/LTE,Gold,Macro,OMO,C4-GRT-04,Jazz Guest/UFONE Host,UFONE,Non DG Site,100,100,100,100,100,100,100,100,100,100,100,100,100,100,100,100,100,100,100,100,,,,,,,,,,,,0,100
GJR4903,GJR4903__H_FaizabadRialwa,16,2G/3G/LTE,Diamond,Macro,Standby,C4-GRT-04,JAZZ,DEODAR,DG site,100,100,85.462601273148,95.932798032407,99.986617476851,100,100,100,100,100,100,100,100,100,100,100,100,100,100,100,,,,,,,,,,,,3,99.0691008391203
GJR6251,GJR6251__S_Shadman_MDGU4208,9,2G/3G/LTE,Platinum,Macro,Standby,C4-GRT-04,Jazz Host/CM-PAK+TELENOR Guest,DEODAR,DG site,100,100,100,100,100,100,100,100,100,100,100,100,100,100,100,100,100,100,100,100,,,,,,,,,,,,0,100
KPD9970,KPD9970__S_KaloPaddaNorowal,9,2G/3G/LTE,Diamond,Macro,Standby,C4-NRW-05,JAZZ,DEODAR,DG site,100,100,100,100,100,100,99.938271604938,97.712834362139,100,100,100,100,91.22170781893,100,93.753858024691,100,100,100,100,100,,,,,,,,,,,,4,99.13133359053491
RUR3946,RUR3946__S_GhakharMandi3,9,2G/3G/LTE,Diamond,Macro,Deodar CP Prime,C4-WZD-07,Jazz Host/TELENOR+CM-PAK Guest,DEODAR,Non DG Site,100,100,99.592978395061,98.902391975308,77.624099794238,66.361239711934,71.976594650205,99.945987654321,100,100,100,91.318801440329,100,100,100,100,100,100,96.170267489711,91.340663580246,,,,,,,,,,,,9,94.66165123456764
LLM4526,LLM4526__S_MuhallahChaghpura,12,2G/3G/LTE,Diamond,Macro,Deodar CP Prime,C4-GRT-04,Jazz Host/UFONE Guest,DEODAR,Non DG Site,100,100,100,100,100,100,100,100,100,100,100,100,100,100,100,100,100,100,100,100,,,,,,,,,,,,0,100
GJR6247,GJR6247__S_Kot_Uddu_Wall_MDGU4252,12,2G/3G/LTE,Platinum,Macro,Standby,C4-GRT-04,JAZZ,DEODAR,DG site,100,100,100,100,100,98.191068672839,100,100,100,100,100,100,100,100,100,100,100,100,99.99855324074,92.173032407407,,,,,,,,,,,,3,99.5181327160493
WZB9803,WZB9803__S_FazalColony,9,2G/3G/LTE,Gold,Macro,Standby,C4-WZD-07,JAZZ,DEODAR,DG site,100,99.990354938271,99.929269547325,100,100,95.169110082304,100,100,100,100,100,100,100,99.991640946502,100,100,100,100,100,83.597608024691,,,,,,,,,,,,5,98.93389917695465
HWY0282,HWY0282__S_ChakSantharia,12,2G/3G/LTE,Platinum,Macro,Standby,C4-GRT-04,Jazz Host/TELENOR Guest,DEODAR,DG site,100,100,100,97.269000771604,100,100,99.693287037037,98.923128858024,99.593460648148,99.083236882716,99.145447530864,100,100,100,99.696180555555,98.62461419753,96.167052469135,100,99.446855709876,99.122781635802,,,,,,,,,,,,11,99.33825231481455
HWY3181,HWY3181__S_Khatala_ChanabWarid_MDGU4248,18,2G/3G/LTE,Elite,Macro,Standby,C4-GRT-04,JAZZ,DEODAR,DG site,100,71.455439814814,100,93.369984567901,97.656571502057,100,96.90329218107,100,100,100,100,98.48990483539,99.456661522633,100,100,100,99.146412037037,98.896283436214,99.516460905349,100,,,,,,,,,,,,9,97.74455054012324
RUR9207,RUR9207__P_Dhudra,18,2G/3G/LTE,Platinum,Macro,Standby,C4-GRT-04,JAZZ,DEODAR,DG site,100,100,100,100,100,100,100,100,100,100,100,100,100,100,100,100,100,98.476080246913,95.272633744856,100,,,,,,,,,,,,2,99.68743569958845
GJR3431,GJR3431__S_MohallahEidGah,9,2G/3G/LTE,Gold,Macro,Deodar CP Prime,C4-GRT-04,Jazz Host/TELENOR Guest,DEODAR,Non DG Site,91.461548353909,99.749871399177,94.431584362139,88.888888888888,92.64274691358,100,100,100,100,100,99.130015432098,100,100,100,100,100,100,100,100,100,,,,,,,,,,,,6,98.31523276748955
WZB9742,WZB9742__S_WazirabadWarid_MDWA4191,9,2G/3G/LTE,Platinum,Macro,Standby,C4-WZD-07,Jazz Host/UFONE Guest,DEODAR,DG site,100,100,87.669110082304,98.634259259259,100,100,100,100,100,100,100,100,100,100,100,100,100,100,100,90.362654320987,,,,,,,,,,,,3,98.8333011831275
WZB0571,WZB0571__S_ChemaColonyWarid_MDWA1512,9,2G/3G/LTE,Platinum,Macro,Deodar CP Prime,C4-WZD-07,Jazz Host/CM-PAK Guest,DEODAR,Non DG Site,100,100,100,100,100,100,100,100,100,100,100,100,100,100,100,100,100,100,100,100,,,,,,,,,,,,0,100
RUR9984,RUR9984__S_DhamtalSankhatraRd_Warid_MDSK4336,20,2G/3G/LTE,Elite,Macro,Standby,C4-NRW-05,JAZZ,DEODAR,DG site,100,100,100,100,100,100,69.4140625,100,100,100,100,95.418113425925,100,95.480902777777,100,93.942997685185,99.497106481481,100,76.90480324074,100,,,,,,,,,,,,6,96.53289930555539
GJR6286,GJR6286__S_Mohalla_Sultanabad_Main_GT_Rd_MDGU4262,20,2G/3G/LTE,Elite,Macro,Standby,C4-GRT-04,JAZZ,DEODAR,DG site,99.736111111111,99.117476851851,93.278935185185,100,100,100,96.657407407407,100,100,100,100,100,100,100,99.500578703703,98.004050925925,91.702835648148,99.746817129629,100,94.845486111111,,,,,,,,,,,,9,98.6294849537035
GJR0398,GJR0398__S_MumtazCenterJinnah,9,2G/3G/LTE,Diamond,Macro,Deodar CP Prime,C4-GRT-04,JAZZ,DEODAR,Non DG Site,100,100,100,100,100,100,100,100,100,100,100,100,100,100,100,100,100,100,100,72.042824074074,,,,,,,,,,,,1,98.6021412037037
GJR1058,GJR1058__S_ModelTownGJR(Zong5218),9,2G/3G/LTE,Platinum,Macro,OMO,C4-GRT-04,Jazz Guest/CM-PAK Host,CM-PAK ,Non DG Site,100,100,100,100,100,100,100,100,100,100,100,100,100,100,100,100,86.745756172839,100,100,100,,,,,,,,,,,,1,99.33728780864195
GJR1059,GJR1059__S_Moen ud Din Pur(TELENOR_LWR-001),9,2G/3G/LTE,Gold,Macro,OMO,C4-GRT-04,Jazz Guest/TELENOR Host,TELENOR,Non DG Site,91.36574074074,100,97.262731481481,100,100,100,100,98.26774691358,98.643904320987,100,100,100,100,100,96.003086419753,100,97.038966049382,87.679398148148,97.848508230452,100,,,,,,,,,,,,8,98.20550411522615
GJR2114,GJR2114__S_MuhallahChahBeriWala,9,2G/3G/LTE,Gold,Macro,OMO,C4-GRT-04,Jazz Guest/UFONE Host,UFONE,Non DG Site,100,100,100,100,100,100,100,100,100,100,100,100,100,100,100,100,100,100,100,96.022376543209,,,,,,,,,,,,1,99.80111882716045
TDA3941,TDA3941__S_BusStandTanda,9,2G/3G/LTE,Platinum,Macro,Standby,C4-GRT-04,JAZZ,DEODAR,DG site,100,100,100,100,100,100,100,100,100,99.992926954732,87.672968106995,92.006815843621,100,100,100,100,100,100,100,100,,,,,,,,,,,,3,98.9836355452674
RUR2315,RUR2315__S_RupoChak(Ufone-3461),12,2G/3G/LTE,Diamond,Macro,OMO,C4-NRW-05,Jazz Guest/UFONE Host,UFONE,Non DG Site,100,100,100,100,100,100,100,100,81.550443672839,100,100,82.002797067901,100,100,100,78.121141975308,100,100,80.42148919753,100,,,,,,,,,,,,4,96.1047935956789
GFG1000,GFG1000__S_Pejowla(TP-LBRD07),9,2G/3G/LTE,Gold,Macro,OMO,C4-NRW-05,Jazz Guest/TELENOR Host,TELENOR,Non DG Site,84.533179012345,78.218235596707,84.36278292181,77.381687242798,81.964377572016,71.259645061728,81.061599794238,73.833590534979,99.193672839506,98.047839506172,97.581018518518,73.086419753086,100,100,74.423225308642,96.94637345679,97.505144032921,96.433256172839,96.689814814814,96.694315843621,,,,,,,,,,,,18,87.96080889917651
GJR4909,GJR4909__S_ChahtotayWalaGJR,12,2G/3G/LTE,Platinum,Macro,Standby,C4-GRT-04,JAZZ,DEODAR,DG site,100,99.352334104938,100,98.998360339506,99.12712191358,100,100,100,99.008487654321,100,100,99.182098765432,100,100,100,98.150077160493,98.746624228395,100,98.620273919753,89.894386574074,,,,,,,,,,,,9,99.0539882330246
GUJ6261,GUJ6261__S_CSDRahwaliCantt,9,2G/3G/LTE,Diamond,Macro,Standby,C4-GUJ-02,JAZZ,DEODAR,DG site,100,100,100,100,100,100,100,100,100,99.668209876543,100,100,100,100,100,100,100,100,99.60262345679,100,,,,,,,,,,,,2,99.96354166666666
GJR3335,GJR3335__H_GujratBypassShadiwa,20,2G/3G/LTE,Hub,Macro,Standby,C4-GRT-04,JAZZ,DEODAR,DG site,96.434606481481,100,100,100,100,100,100,100,100,100,100,100,100,100,100,100,100,100,100,98.894675925925,,,,,,,,,,,,2,99.7664641203703
GJR3433,GJR3433__S_MuhellaChahBarywall,12,2G/3G/LTE,Diamond,Macro,Standby,C4-GRT-04,Jazz Host/CM-PAK Guest,DEODAR,DG site,91.666666666666,91.666666666666,91.666666666666,91.666666666666,91.666666666666,91.666666666666,91.666666666666,91.666666666666,91.666666666666,91.666666666666,91.666666666666,91.666666666666,91.666666666666,91.666666666666,91.666666666666,91.666666666666,91.666666666666,91.666666666666,91.666666666666,91.666666666666,,,,,,,,,,,,20,91.66666666666603
GJR9852,GJR9852__P_Mohala_khalidaba,20,2G/3G/LTE,Elite,Macro,Standby,C4-GRT-04,JAZZ,DEODAR,DG site,100,100,95.520833333333,100,99.077546296296,100,100,100,100,100,100,100,100,100,100,100,95.524305555555,100,100,100,,,,,,,,,,,,3,99.5061342592592
DHN8757,DHN8757__S_Dhulanwala,9,2G/3G/LTE,Diamond,Macro,Deodar CP Prime,C4-GRT-04,JAZZ,DEODAR,Non DG Site,100,100,100,100,100,100,100,100,100,86.695601851851,100,100,100,100,100,100,67.702546296296,100,100,100,,,,,,,,,,,,2,97.71990740740736
GJR3734,GJR3734__S_RangpuraGujrat,9,2G/3G/LTE,Hub,Macro,Standby,C4-GRT-04,JAZZ,DEODAR,DG site,100,100,100,100,100,100,99.926697530864,100,100,100,100,100,100,100,100,100,100,100,100,100,,,,,,,,,,,,1,99.9963348765432
FTP8762,FTP8762__P_KhakhaChowk,18,2G/3G/LTE,Elite,Macro,Deodar CP Prime,C4-GRT-04,Jazz Host/CM-PAK Guest,DEODAR,Non DG Site,100,100,100,100,100,100,100,100,100,100,100,100,100,100,100,100,100,100,99.804848251028,100,,,,,,,,,,,,1,99.9902424125514
GJR4902,GJR4902__SMarghazar,12,2G/3G/LTE,Platinum,Macro,Standby,C4-GRT-04,Jazz Host/TELENOR Guest,DEODAR,DG site,99.964313271604,100,100,100,100,100,100,100,100,100,100,100,100,100,100,100,100,100,100,100,,,,,,,,,,,,1,99.9982156635802
GJR3428,GJR3428__S_GarhiAhmedabad,18,2G/3G/LTE,Elite,Macro,Standby,C4-GRT-04,JAZZ,DEODAR,DG site,98.602430555555,98.418852880658,98.548739711934,98.509837962963,96.872749485596,96.83320473251,100,97.162744341563,98.384130658436,98.413065843621,97.241512345679,100,91.944122942386,100,98.500192901234,96.890753600823,97.236689814814,99.998392489711,88.436535493827,100,,,,,,,,,,,,16,97.59969778806551
RUR0885,RUR0885__S_Dhakranwali,6,2G/LTE,Gold,Macro,Standby,C4-MBD-08,JAZZ,DEODAR,DG site,100,100,100,100,100,100,100,100,100,100,100,100,100,100,100,100,99.592013888888,100,100,100,,,,,,,,,,,,1,99.9796006944444
RUR0511,RUR0511__S_KotliKohala,6,2G/LTE,Diamond,Macro,Deodar CP Prime,C4-GRT-04,Jazz Host/CM-PAK Guest,DEODAR,Non DG Site,100,100,100,100,100,100,100,100,100,100,100,100,74.425154320987,100,100,100,100,100,100,100,,,,,,,,,,,,1,98.72125771604935
RUR0787,RUR0787__S_Dharki,6,2G/LTE,Diamond,Macro,Standby,C4-GRT-04,JAZZ,DEODAR,DG site,100,100,100,100,100,100,100,100,100,100,100,100,100,100,100,100,100,100,100,100,,,,,,,,,,,,0,100
RUR0756,RUR0756__S_DehlaChattah,6,2G/LTE,Gold,Macro,OMO,C4-HFZ-06,Jazz Guest/UFONE Host,UFONE,Non DG Site,100,100,100,100,100,99.453125,100,100,100,100,100,100,100,100,100,100,100,100,100,100,,,,,,,,,,,,1,99.97265625
RUR0866,RUR0866__P_KhojeChakBajwatRD,9,2G/3G/LTE,Platinum,Macro,Standby,C4-SKT-03,Jazz Host/CM-PAK Guest,DEODAR,DG site,100,100,100,100,100,99.818672839506,100,100,100,100,100,97.505787037037,100,100,100,79.303626543209,92.656893004115,91.366383744856,100,100,,,,,,,,,,,,5,98.03256815843615
GUJ6583,GUJ6583_H_Ariana Wali Gali Urdu Bazar Gujranwala,2,2G/3G/LTE,Bronze,Macro,Deodar CP Prime,C4-GUJ-01,JAZZ,DEODAR,Non DG Site,100,100,100,100,100,94.632523148148,0,50.972222222222,100,100,100,100,100,100,100,100,100,100,100,100,,,,,,,,,,,,3,92.2802372685185
SKT6059,SKT6059__S_AjmalGardenNursery,9,2G/LTE,Diamond,Macro,B2S,C4-SKT-03,E.Co,E.CO,Non DG Site,100,100,100,100,93.171296296296,100,100,100,100,100,100,100,100,98.668981481481,100,100,100,91.278935185185,94.282407407407,100,,,,,,,,,,,,4,98.87008101851845
RUR9503,RUR9503__S_Village Khana Bhattian_1M3552,9,2G/3G/LTE,Gold,Macro,Deodar CP Prime,C4-HFZ-06,JAZZ,DEODAR,Non DG Site,100,100,100,100,100,100,100,100,100,100,100,100,100,100,100,100,99.990354938271,100,100,100,,,,,,,,,,,,1,99.99951774691354
SKT3223,SKT3223__P_Rangpura_2,20,2G/3G/LTE,Elite,Macro,Standby,C4-SKT-03,Jazz Host/CM-PAK Guest,DEODAR,DG site,83.013020833333,100,100,100,89.110532407407,79.951099537037,90.368634259259,100,100,100,100,100,100,100,98.065104166666,100,100,100,99.999710648148,100,,,,,,,,,,,,6,97.02540509259251
RUR5847,RUR5847_H_University Kharian Link Rd Gujrat,9,2G/LTE,Gold,Macro,B2S,C4-GRT-04,Enfrashare,Enfrashare,Non DG Site,100,100,100,100,100,100,100,100,100,100,100,100,100,100,100,100,100,100,100,100,,,,,,,,,,,,0,100
HFZ3804,HFZ3804__S_Gulshan_Usman,12,2G/3G/LTE,Platinum,Macro,Standby,C4-HFZ-06,JAZZ,DEODAR,DG site,100,99.999035493827,95.934606481481,99.999517746913,98.933256172839,100,99.999035493827,100,100,100,98.969425154321,95.779320987654,98.595196759259,99.999035493827,100,100,100,100,100,100,,,,,,,,,,,,9,99.41042148919739
RUR6131,RUR6131__S_DingayWarid_MR1R3579,9,2G/LTE,Diamond,Macro,Standby,C4-SKT-03,JAZZ,DEODAR,DG site,100,100,100,100,100,99.965277777777,100,100,100,100,100,100,100,100,100,100,87.978395061728,100,100,97.710905349794,,,,,,,,,,,,3,99.28272890946495
SMB3356,SMB3356__P_SKTRailwaySambrial,16,2G/3G/LTE,Elite,Macro,Deodar CP Prime,C4-WZD-07,JAZZ,DEODAR,Non DG Site,98.949291087963,96.236979166666,98.756872106481,100,95.733506944444,99.531973379629,99.984085648148,100,100,100,100,100,100,100,100,100,100,100,99.988064236111,100,,,,,,,,,,,,7,99.4590386284721
RUR3076,RUR3076__S_Ottawa,6,2G/LTE,Gold,Macro,Standby,C4-GUJ-01,JAZZ,DEODAR,DG site,100,100,100,100,100,89.673032407407,100,100,95.431134259259,100,100,100,100,100,100,100,100,100,88.557098765432,100,,,,,,,,,,,,3,98.68306327160491
GUJ8150,GUJ8150__T_GeneralBusStand,4,2G/3G/LTE,Bronze,Micro,Jazz CP Prime,C4-GUJ-02,JAZZ,JAZZ,Non DG Site,88.763020833333,56.491608796296,90.186631944444,56.063368055555,95.316840277777,55.413773148148,95.802951388888,100,96.730324074074,94.680266203703,66.872106481481,94.518229166666,68.634259259259,96.822916666666,92.922453703703,72.42042824074,100,65.921585648148,95.447048611111,62.926793981481,,,,,,,,,,,,18,82.29673032407365
GUJ6267,GUJ6267__S_MasterCityHousingScheme,9,2G/3G/LTE,Elite,Macro,B2S,C4-GUJ-01,Enfrashare,Enfrashare,Non DG Site,88.888888888888,88.237525720164,90.427597736625,97.109053497942,100,100,100,100,98.549382716049,100,100,100,100,100,100,100,100,100,100,100,,,,,,,,,,,,5,98.1606224279834
SKT8135,LTE_SKT8135__Q_ChowkLorryAdda,4,2G/3G/LTE,Bronze,Micro,Jazz CP Prime,C4-SKT-03,JAZZ,JAZZ,Non DG Site,100,100,100,100,100,100,100,88.418692129629,100,100,100,100,100,100,100,100,99.865451388888,99.975405092592,99.069733796296,77.570891203703,,,,,,,,,,,,5,98.2450086805554
RUR8072,RUR8072__S_KharotaSyedan,12,2G/3G/LTE,Diamond,Macro,Deodar CP Prime,C4-SKT-03,JAZZ,DEODAR,Non DG Site,94.448784722222,100,100,100,100,84.629629629629,100,100,100,100,100,100,100,100,100,94.996141975308,91.666666666666,95.289834104938,100,100,,,,,,,,,,,,5,98.05155285493815
RUR0764,RUR0764__S_SandraKhurd,6,2G/3G/LTE,Platinum,Macro,OMO,C4-SKT-03,Jazz Guest/UFONE Host,UFONE,Non DG Site,83.095100308642,95.325038580246,93.569637345679,95.824652777777,76.780478395061,100,99.49749228395,56.359953703703,98.590856481481,100,80.555555555555,62.726658950617,94.173418209876,99.953703703703,94.418402777777,61.466049382716,97.386188271604,100,63.154899691358,93.917824074074,,,,,,,,,,,,17,87.33979552469093
TKW9893,TKW9893__S_Ballay_Wali,9,2G/3G/LTE,Platinum,Macro,Standby,C4-GUJ-01,JAZZ,DEODAR,DG site,99.118441358024,100,97.750771604938,97.662037037037,100,100,100,98.435570987654,100,100,100,100,99.238040123456,99.805169753086,99.75887345679,87.453703703703,94.29140946502,100,99.98778292181,93.904320987654,,,,,,,,,,,,11,98.37030606995862
RUR9470,RUR9470__S_Village_Kamonwala_MDSK4289,18,2G/3G/LTE,Elite,Macro,Standby,C4-SKT-03,Jazz Host/UFONE+TELENOR Guest,DEODAR,DG site,100,99.264081790123,100,100,100,100,100,100,100,100,98.881172839506,100,100,100,100,100,100,100,100,100,,,,,,,,,,,,2,99.90726273148144
RUR1173,RUR1173__S_Offload_RUR9991C,12,2G/3G/LTE,Diamond,Macro,Standby,C4-NRW-05,JAZZ,DEODAR,DG site,98.611111111111,94.130979938271,100,100,100,97.807677469135,100,100,100,100,100,100,100,100,100,94.007040895061,99.075520833333,100,100,96.212866512345,,,,,,,,,,,,6,98.99225983796279
RUR3562,RUR3562__S_GujranwalaNarowalRd,6,2G/LTE,Diamond,Macro,Standby,C4-GUJ-01,JAZZ,DEODAR,DG site,78.044945987654,100,100,100,100,100,100,100,100,100,100,100,99.913194444444,100,100,100,100,100,100,100,,,,,,,,,,,,2,98.8979070216049
RUR0794,RUR0794__S_Rasool,7,2G/LTE,Diamond,Macro,Standby,C4-MBD-08,JAZZ,DEODAR,DG site,100,100,100,100,100,100,100,100,100,100,100,100,100,100,100,100,95.402612433862,100,100,97.915839947089,,,,,,,,,,,,2,99.66592261904755
HWY1510,HWY1510__S_Aswan BhattianWarid_25342,12,2G/3G/LTE,Platinum,Macro,Standby,C4-HFZ-06,JAZZ,DEODAR,DG site,100,100,87.686993634259,100,100,90.186270254629,89.418402777777,100,100,100,100,100,98.961588541666,99.124710648148,100,100,100,91.598668981481,100,100,,,,,,,,,,,,6,97.84883174189801
SKT5255,LTE_SKT5255__S_KotlaAmbanwalaVillage_CMPak42756,6,2G/LTE,Bronze,Macro,OMO,C4-SKT-03,Jazz Guest/CM-PAK Host,CM-PAK ,DG site,100,100,100,100,100,100,100,100,100,100,100,100,100,100,100,100,100,100,100,100,,,,,,,,,,,,0,100
SKT3094,SKT3094__P_GohadPurChowkSialk,12,2G/3G/LTE,Platinum,Macro,Standby,C4-SKT-03,Jazz Host/CM-PAK Guest,DEODAR,DG site,100,100,88.772183641975,94.444444444444,100,100,100,100,100,100,100,100,100,100,100,100,100,100,99.993730709876,100,,,,,,,,,,,,3,99.16051793981475
NVK3239,NVK3239__S_KaryalRoad,12,2G/3G/LTE,Elite,Macro,Standby,C4-HFZ-06,Jazz Host/CM-PAK Guest,DEODAR,DG site,95.315875771604,94.098668981481,92.582465277777,80.684317129629,96.26880787037,95.614872685185,84.73861882716,89.692322530864,96.226369598765,91.280381944444,97.486014660493,92.730999228395,95.879147376543,93.769772376543,89.970100308642,96.686921296296,97.112268518518,95.082465277777,92.93499228395,90.879147376543,,,,,,,,,,,,20,92.95172646604894
MLL3801,MLL3801__H_Moza_Ghughiat_Miani,9,2G/3G/LTE,Diamond,Macro,Standby,C4-MBD-08,Jazz Host/TELENOR Guest,DEODAR,DG site,99.711291152263,100,100,100,100,100,100,100,100,100,100,100,100,99.997427983539,99.713220164609,100,100,100,100,99.566615226337,,,,,,,,,,,,4,99.9494277263374
SKT4635,SKT4635__S_IslmiacollegeSKT,10,2G/3G/LTE,Platinum,Macro,Deodar CP Prime,C4-SKT-03,JAZZ,DEODAR,Non DG Site,100,100,100,93,100,100,100,100,100,100,100,100,99.882923789173,100,100,100,100,100,99.998664529914,100,,,,,,,,,,,,3,99.64407941595435
HWY9653,HWY9653__S_MozaKhattrani,9,2G/3G/LTE,Gold,Macro,Standby,C4-HFZ-06,JAZZ,DEODAR,DG site,99.954989711934,99.966563786008,91.429398148148,97.577803497942,90.038580246913,94.553112139917,95.244984567901,99.934413580246,99.945344650205,99.951774691358,99.200102880658,99.513245884773,99.973636831275,99.960133744856,99.939557613168,99.980066872428,99.973636831275,99.962062757201,99.967849794238,97.159850823045,,,,,,,,,,,,20,98.21135545267444
HFQ8541,HFQ8541__S_1ChakThabhal,9,2G/3G/LTE,Platinum,Macro,Standby,C4-MBD-08,Jazz Host/TELENOR Guest,DEODAR,DG site,96.105324074074,97.569444444444,98.645833333333,97.957175925925,95.850694444444,97.337962962963,96.556712962963,97.339891975308,98.055555555555,93.981481481481,94.079861111111,95.978009259259,98.611111111111,96.782407407407,98.067129629629,97.934027777777,96.695601851851,96.672453703703,98.49537037037,97.667824074074,,,,,,,,,,,,20,97.0191936728391
RUR6526,RUR6526__S_ShrineSyedSadiqAliShah,6,2G/LTE,Gold,Macro,B2S,C4-GUJ-01,ATL,ATL,Non DG Site,93.344907407407,94.684606481481,90.732060185185,91.449652777777,93.726851851851,87.233796296296,91.686921296296,87.938850308642,86.087962962963,95.44849537037,89.143518518518,94.189814814814,89.308449074074,84.554398148148,92.708333333333,91.258680555555,94.895833333333,95.500578703703,93.142361111111,100,,,,,,,,,,,,19,91.85180362654286
HWY3362,HWY3362__P_GUJMoreAimnabad,15,2G/3G/LTE,Elite,Macro,Standby,C4-GUJ-01,Jazz Host/CM-PAK Guest,DEODAR,DG site,91.653549382716,77.827160493827,95.686728395061,91.488811728395,92.996913580246,93.819444444444,92.728780864197,89.953317901234,99.692515432098,100,90.094907407407,100,100,100,100,100,100,100,100,100,,,,,,,,,,,,10,95.79710648148125
SKT8133,SKT8133__Q_GhalaMandi,4,2G/3G/LTE,Bronze,Micro,Jazz CP Prime,C4-SKT-03,JAZZ,JAZZ,Non DG Site,97.934027777777,98.016493055555,97.838541666666,89.835069444444,97.430555555555,98.984375,97.715567129629,97.552083333333,98.443287037037,97.743055555555,96.892361111111,97.942708333333,96.030092592592,99.945023148148,98.483796296296,96.614583333333,97.835648148148,97.919560185185,83.391203703703,97.98755787037,,,,,,,,,,,,20,96.7267795138885
GUJ3031,GUJ3031__H_MohwestTower,12,2G/3G/LTE,Elite,Macro,Standby,C4-GUJ-01,JAZZ,DEODAR,DG site,78.603877314814,76.406732253086,84.971064814814,84.886188271604,87.616222993827,93.174672067901,90.847318672839,91.919849537037,93.22193287037,91.705729166666,85.131172839506,93.237364969135,93.161651234567,93.508391203703,93.692129629629,91.412519290123,90.549286265432,85.173128858024,93.709008487654,93.398919753086,,,,,,,,,,,,20,89.31635802469084
HFZ9401,HFZ9401__S_Mubarak ColonyWarid_HF1838,12,2G/3G/LTE,Platinum,Macro,Standby,C4-HFZ-06,JAZZ,DEODAR,DG site,100,100,100,100,100,100,100,99.999517746913,99.999517746913,100,100,100,100,97.594039351851,100,100,100,100,100,100,,,,,,,,,,,,3,99.87965374228385
MBN9802,MBN9802__S_MohalahManzorabad_N,12,2G/3G/LTE,Elite,Macro,Standby,C4-MBD-08,Jazz Host/TELENOR Guest,DEODAR,DG site,98.824266975308,100,100,99.305555555555,100,95.520833333333,100,100,83.737943672839,100,100,100,100,100,100,71.978202160493,74.699074074074,94.235146604938,100,100,,,,,,,,,,,,7,95.915051118827
HFZ3846,HFZ3846__H_AddaShahJamalJalalP,12,2G/3G/LTE,Elite,Macro,Standby,C4-HFZ-06,JAZZ,DEODAR,DG site,99.429012345679,100,100,100,100,100,100,99.428047839506,100,100,99.44637345679,100,100,100,99.707754629629,100,100,100,100,99.40731095679,,,,,,,,,,,,5,99.87092496141972
RUR1091,RUR1091__S_KotNaka_Ufone_3849,3,2G/LTE,Bronze,Macro,OMO,C4-HFZ-06,Jazz Guest/UFONE Host,UFONE,Non DG Site,100,100,100,100,100,100,100,100,100,100,100,100,100,100,100,100,100,100,100,100,,,,,,,,,,,,0,100
GUJ4656,GUJ4656__P_BhukhariPlaza,9,2G/3G/LTE,Platinum,Macro,Standby,C4-GUJ-01,JAZZ,DEODAR,DG site,98.962191358024,96.63387345679,94.37757201646,98.638760288065,98.645833333333,97.694830246913,98.383487654321,95.238554526749,96.104681069958,98.643904320987,98.707561728395,98.822016460905,98.102494855967,98.484439300411,97.305169753086,94.50424382716,97.532150205761,97.894804526749,97.17399691358,97.997685185185,,,,,,,,,,,,20,97.49241255143993
RUR0813,RUR0813__S_BhirriShahRehman,8,2G/LTE,Diamond,Macro,OMO,C4-HFZ-06,Jazz Guest/UFONE Host,UFONE,Non DG Site,100,100,100,100,100,100,94.463252314814,100,100,100,100,100,100,71.035879629629,100,100,100,100,88.763744212963,100,,,,,,,,,,,,3,97.7131438078703
KMK9898,KMK9898__P_Usman_Town,9,2G/3G/LTE,Diamond,Macro,Deodar CP Prime,C4-GUJ-01,Jazz Host/TELENOR Guest,DEODAR,Non DG Site,78.760288065843,88.337191358024,83.25552983539,100,100,100,100,100,100,100,100,100,100,100,100,100,100,100,100,100,,,,,,,,,,,,3,97.51765046296285
SKT8756,SKT8756__S_BabaUmarShaheedGraveyard_CMPak43342,6,2G/LTE,Bronze,Macro,OMO,C4-SKT-03,Jazz Guest/CM-PAK Host,CM-PAK ,Non DG Site,93.020833333333,94.270833333333,94.172453703703,94.195601851851,95.092592592592,96.799768518518,96.793981481481,93.165509259259,94.722222222222,94.95949074074,93.315972222222,97.135416666666,89.6875,97.55787037037,88.564814814814,89.195601851851,97.546296296296,81.533564814814,95.219907407407,86.388888888888,,,,,,,,,,,,20,93.16695601851801
RUR5980,RUR5980__S_Taurianwala Warid_475350,8,2G/LTE,Diamond,Macro,Standby,C4-NRW-05,JAZZ,DEODAR,DG site,100,99.548611111111,100,100,100,100,100,100,100,100,100,100,100,100,100,100,100,100,100,100,,,,,,,,,,,,1,99.97743055555554
GUJ9440,GUJ9440__S_Chah Talianwala Warid_MDGJ1832,12,2G/3G/LTE,Elite,Macro,Standby,C4-GUJ-02,JAZZ,DEODAR,DG site,100,100,100,100,100,98.042052469135,100,100,100,100,100,100,100,100,100,100,100,100,99.993730709876,100,,,,,,,,,,,,2,99.90178915895055
RUR0741,RUR0741__S_ChakBhatii,12,2G/3G/LTE,Platinum,Macro,Standby,C4-HFZ-06,Jazz Host/TELENOR Guest,DEODAR,DG site,100,100,100,100,100,100,100,100,95.039544753086,100,100,100,100,100,100,100,100,100,100,100,,,,,,,,,,,,1,99.7519772376543
GUJ4143,GUJ4143__S_Khokharki,7,2G/3G/LTE,Platinum,Macro,Standby,C4-GUJ-01,JAZZ,DEODAR,DG site,100,100,100,100,100,98.154761904761,100,100,100,100,100,100,100,100,100,100,100,100,99.998346560846,100,,,,,,,,,,,,2,99.90765542328035
RUR6322,RUR6322__S_Sohawra_RL_RUR5697,15,2G/LTE,Diamond,Macro,B2S,C4-NRW-05,E.Co,E.CO,Non DG Site,100,100,100,100,90.452160493827,83.90625,100,100,100,100,100,100,100,100,88.520447530864,100,99.014660493827,100,99.996141975308,100,,,,,,,,,,,,5,98.0944830246913
MBN8840,MBN8840__S_MunshiMohallah,12,2G/3G/LTE,Elite,Macro,Deodar CP Prime,C4-MBD-08,Jazz Host/UFONE Guest,DEODAR,Non DG Site,100,100,100,100,100,100,100,100,100,100,100,100,100,100,100,100,100,100,100,100,,,,,,,,,,,,0,100
RUR8725,RUR8725__S_Jura,6,2G/LTE,Bronze,Macro,B2S,C4-SKT-03,ATL,ATL,Non DG Site,100,100,100,100,100,100,100,100,100,100,100,100,100,100,100,100,100,100,100,100,,,,,,,,,,,,0,100
RUR6222,RUR6222__S_Mandi_bahudin_chak2_MDMB4326,6,2G/3G/LTE,Gold,Macro,Standby,C4-MBD-08,JAZZ,DEODAR,DG site,100,100,100,100,100,100,100,100,95.940393518518,100,100,100,100,100,98.823302469135,83.310185185185,75.661651234567,100,100,100,,,,,,,,,,,,4,97.68677662037025
RUR9398,RUR9398__S_Peelu villageWarid_315321,6,2G/3G/LTE,Bronze,Macro,OMO,C4-HFZ-06,Jazz Guest/TELENOR Host,TELENOR,Non DG Site,95.074266975308,90.977044753086,91.094714506172,90.949074074074,92.016782407407,91.493055555555,82.844328703703,91.357060185185,89.522569444444,92.595486111111,70.877700617283,87.288773148148,93.525270061728,86.629050925925,73.028549382716,93.156828703703,91.784336419753,94.72511574074,69.173418209876,53.250385802469,,,,,,,,,,,,20,86.06819058641929
MBN6918,MBN6918__H_CivilCourtMndiBhudin,12,2G/3G/LTE,Elite,Macro,Standby,C4-MBD-08,JAZZ,DEODAR,DG site,100,100,100,94.474344135802,100,98.057002314814,100,100,100,100,100,100,100,100,100,100,91.238908179012,100,100,100,,,,,,,,,,,,3,99.1885127314814
RUR0748,RUR0748__S_CivilCourts,6,2G/LTE,Gold,Macro,Standby,C4-MBD-08,Jazz Host/TELENOR Guest,DEODAR,DG site,100,100,100,100,100,100,99.971064814814,100,100,100,100,100,100,100,100,100,100,100,100,100,,,,,,,,,,,,1,99.99855324074069
RUR6099,RUR6099__S_SaidPur(NikkaSidhra)Warid_MDSK4000,6,2G/LTE,Diamond,Macro,OMO,C4-SKT-03,Jazz Guest/CM-PAK Host,CM-PAK ,Non DG Site,100,100,100,100,100,100,100,100,100,100,100,100,100,100,100,100,99.962384259259,91.331018518518,100,100,,,,,,,,,,,,2,99.56467013888884
RUR0742,RUR0742__S_ShahJamal,6,2G/3G/LTE,Gold,Macro,Standby,C4-HFZ-06,Jazz Host/TELENOR Guest,DEODAR,DG site,100,100,100,100,100,100,100,100,100,100,100,100,100,100,100,100,100,100,100,100,,,,,,,,,,,,0,100
QDS9514,QDS9514__S_Mian Sahab_Riaz Hospital_QD1535,18,2G/3G/LTE,Elite,Macro,Standby,C4-HFZ-06,JAZZ,DEODAR,DG site,95.288708847736,94.34670781893,95.842013888888,93.487975823045,90.525334362139,90.667116769547,93.880208333333,96.102109053497,97.45820473251,93.363233024691,100,96.019483024691,91.815522119341,97.389403292181,98.601144547325,91.756044238683,96.72003600823,97.184927983539,94.757587448559,99.237397119341,,,,,,,,,,,,19,95.2221579218103
KTN9623,KTN9623__S_KotNainaShkrGrh_PT,16,2G/3G/LTE,Platinum,Macro,Standby,C4-NRW-05,Jazz Host/UFONE Guest,DEODAR,DG site,100,100,100,100,100,100,100,100,98.068576388888,100,100,100,100,93.62160011574,100,100,100,100,90.095486111111,100,,,,,,,,,,,,3,99.08928313078695
RUR8109,RUR8109__P_Machonica_PindWarid_315347,6,2G/LTE,Bronze,Macro,Standby,C4-HFZ-06,Jazz Host/CM-PAK Guest,DEODAR,DG site,100,100,100,100,100,100,100,100,100,100,100,100,100,98.900462962963,100,93.523341049382,100,100,100,100,,,,,,,,,,,,2,99.62119020061725
RUR6175,RUR6175__S_Mohalla_ShamsAbad_MandiBahaodin_MR335410,6,2G/3G/LTE,Gold,Macro,Standby,C4-MBD-08,Jazz Host/CM-PAK Guest,DEODAR,DG site,100,100,100,100,100,100,100,100,100,100,100,100,100,100,100,100,100,100,100,100,,,,,,,,,,,,0,100
MBN4532,MBN4532__S_Rasoolroad,9,2G/3G/LTE,Diamond,Macro,Deodar CP Prime,C4-MBD-08,JAZZ,DEODAR,Non DG Site,100,100,100,100,100,100,100,99.642489711934,87.31802983539,100,100,100,100,100,100,100,100,100,100,100,,,,,,,,,,,,2,99.3480259773662
RUR0717,RUR0717__S_MandrianWala,9,2G/3G/LTE,Platinum,Macro,Standby,C4-HFZ-06,Jazz Host/TELENOR+CM-PAK Guest,DEODAR,DG site,100,100,100,100,100,100,100,100,100,100,100,100,100,100,100,100,100,100,100,100,,,,,,,,,,,,0,100
RUR9487,RUR9487__S_Amrao Kalaan_1M3550,6,2G/LTE,Diamond,Macro,Standby,C4-HFZ-06,JAZZ,DEODAR,DG site,100,100,100,100,100,100,100,100,100,100,100,100,100,100,100,100,100,100,100,100,,,,,,,,,,,,0,100
RUR4449,RUR4449__H_PNDPakhiMasjidpnd,6,2G/LTE,Diamond,Macro,Standby,C4-HFZ-06,JAZZ,DEODAR,DG site,100,100,100,100,100,96.180555555555,92.294560185185,100,100,100,100,100,100,100,100,100,100,100,100,100,,,,,,,,,,,,2,99.423755787037
RUR4006,RUR4006__S_Offload RUR4998B,18,2G/3G/LTE,Elite,Macro,Standby,C4-NRW-05,JAZZ,DEODAR,DG site,100,97.942708333333,100,100,100,100,100,98.866705246913,100,95.939429012345,100,100,100,100,100,94.595228909465,89.955311213991,100,96.179269547325,98.515946502057,,,,,,,,,,,,7,98.59972993827145
RUR8815,RUR8815__S_GarmolaVirkan,6,2G/LTE,Gold,Macro,Standby,C4-HFZ-06,JAZZ,DEODAR,DG site,100,100,100,100,100,100,100,100,100,100,100,100,100,100,100,100,100,100,100,100,,,,,,,,,,,,0,100
KLR9492,KLR9492__S_Rahgo_Sayyadan_1M3551,8,2G/LTE,Diamond,Macro,Standby,C4-HFZ-06,JAZZ,DEODAR,DG site,100,100,100,100,100,100,100,100,100,93.629195601851,100,90.739293981481,100,84.918258101851,100,100,100,100,100,100,,,,,,,,,,,,3,98.46433738425915
RUR5871,RUR5871_H_USF_USLK004_Vinike Hafizabad,6,2G/LTE,Bronze,Macro,Solar+DG,C4-HFZ-06,JAZZ,DEODAR,DG site,100,100,100,100,100,100,100,100,100,100,100,100,100,100,100,94.632523148148,100,100,100,100,,,,,,,,,,,,1,99.7316261574074
MBN6231,MBN6231__S_BastiPeer_Geelani_MDMB3284,9,2G/3G/LTE,Diamond,Macro,Standby,C4-MBD-08,JAZZ,DEODAR,DG site,100,100,100,100,100,100,100,100,100,100,100,100,100,100,100,87.7154063786,80.920781893004,100,100,100,,,,,,,,,,,,2,98.4318094135802
KAH9974,KAH9974__S_Chak_Ghazi_D,8,2G/LTE,Bronze,Macro,Standby,C4-HFZ-06,Jazz Host/TELENOR Guest,DEODAR,DG site,100,100,100,100,100,95.81886574074,100,100,100,98.673321759259,100,93.962673611111,99.234664351851,96.880063657407,100,88.649450231481,99.309895833333,95.160590277777,100,95.542534722222,,,,,,,,,,,,9,98.16160300925905
MBN6232,MBN6232__S_Ghori_abad_MDMB4303,9,2G/3G/LTE,Diamond,Macro,Deodar CP Prime,C4-MBD-08,Jazz Host/UFONE Guest,DEODAR,Non DG Site,100,100,100,100,100,100,100,100,100,100,100,100,100,100,100,100,100,100,100,100,,,,,,,,,,,,0,100
RUR8863,RUR8863__S_Kalianwala,9,2G/3G/LTE,Diamond,Macro,Standby,C4-HFZ-06,Jazz Host/CM-PAK Guest,DEODAR,DG site,99.544753086419,99.971064814814,99.987139917695,99.911908436214,99.980709876543,99.906121399177,100,100,100,100,100,100,100,99.999356995884,99.988425925925,99.94470164609,99.998713991769,99.985210905349,99.97299382716,99.922839506172,,,,,,,,,,,,13,99.95569701646055
SKT0020,SKT0020__H_QilaSialkot,12,2G/3G/LTE,Hub,Macro,Standby,C4-SKT-03,JAZZ,DEODAR,DG site,100,100,100,100,100,94.336419753086,100,100,100,100,100,100,100,100,100,100,100,99.999228395061,88.465663580246,100,,,,,,,,,,,,3,99.14006558641964
HRW9981,HRW9981__S_Dinga,9,2G/LTE,Diamond,Macro,Deodar CP Prime,C4-HFZ-06,JAZZ,DEODAR,DG site,100,100,100,100,100,100,100,100,100,100,100,100,100,100,100,100,100,100,100,100,,,,,,,,,,,,0,100
SKT3020,SKT3020__S_SehroshPublicSchool,18,2G/3G/LTE,Elite,Macro,Deodar CP Prime,C4-SKT-03,Jazz Host/UFONE Guest,DEODAR,Non DG Site,100,99.985532407407,100,100,94.244148662551,95.555555555555,100,100,100,100,100,100,91.373456790123,100,100,100,97.21579218107,99.887152777777,100,100,,,,,,,,,,,,6,98.91308191872415
RUR5687,RUR5687__S_Gurala_CMPak7512,6,2G/LTE,Gold,Macro,OMO,C4-NRW-05,Jazz Guest/CM-PAK Host,CM-PAK ,Non DG Site,100,100,100,100,100,100,100,100,100,100,100,100,100,100,100,100,100,100,100,100,,,,,,,,,,,,0,100
HWY6911,HWY6911__S_BhalolPurPindi,9,2G/3G/LTE,Bronze,Macro,Standby,C4-HFZ-06,JAZZ,DEODAR,DG site,94.576903292181,93.233667695473,90.323431069958,90.236625514403,96.764403292181,94.91512345679,80.666795267489,93.548096707818,95.057227366255,91.970164609053,89.963991769547,95.75424382716,93.847093621399,95.554269547325,90.835905349794,93.224022633744,90.581275720164,92.880015432098,96.222350823045,94.396862139917,,,,,,,,,,,,20,92.72762345678969
RUR5141,RUR5141__S_Tharo Mandi stop Warid_MR1B2726,16,2G/3G/LTE,Elite,Macro,Standby,C4-NRW-05,JAZZ,DEODAR,DG site,92.96875,96.238064236111,100,100,100,100,100,99.526548032407,100,92.745949074074,100,100,99.993127893518,90.316478587963,98.441478587963,99.288194444444,94.66724537037,100,99.97974537037,100,,,,,,,,,,,,10,98.20827907986101
RUR1033,RUR1033__S_Pindisayania,18,2G/3G/LTE,Platinum,Macro,Standby,C4-NRW-05,Jazz Host/CM-PAK Guest,DEODAR,DG site,83.736818415637,100,100,100,100,100,100,100,100,100,100,100,100,100,100,100,100,100,98.536844135802,100,,,,,,,,,,,,2,99.11368312757196
RUR5425,RUR5425__S_SaidaShareef_CMPak5920,6,2G/LTE,Bronze,Macro,OMO,C4-MBD-08,Jazz Guest/CM-PAK Host,CM-PAK ,Non DG Site,100,100,100,100,100,100,100,100,100,100,100,100,100,100,100,100,100,100,100,100,,,,,,,,,,,,0,100
MBN6538,MBN6538__S_GraveyardGurrahMohalla,6,2G/LTE,Bronze,Macro,B2S,C4-MBD-08,Enfrashare,Enfrashare,Non DG Site,100,100,100,100,100,100,100,100,90.575810185185,100,100,100,100,100,100,100,95.245949074074,100,100,100,,,,,,,,,,,,2,99.29108796296295
RUR9392,RUR9392__S_Shori ChattaWarid_1P3564,6,2G/LTE,Diamond,Macro,Standby,C4-HFZ-06,JAZZ,DEODAR,DG site,100,100,100,100,100,100,100,100,100,100,100,100,100,100,100,100,100,100,100,100,,,,,,,,,,,,0,100
SKT8139,SKT8139__T_SoniAquare,4,2G/3G/LTE,Bronze,Micro,Jazz CP Prime,C4-SKT-03,JAZZ,JAZZ,Non DG Site,100,100,100,92.813946759259,100,100,100,100,100,100,100,100,98.998842592592,100,100,100,100,100,99.994212962963,100,,,,,,,,,,,,3,99.5903501157407
RTR1365,RTR1365__P_Rasoolpur_Tarrar_VillageWarid_315348,9,2G/3G/LTE,Elite,Macro,Standby,C4-HFZ-06,JAZZ,DEODAR,DG site,100,100,100,100,100,100,100,100,100,100,100,100,100,96.010802469135,100,100,100,100,100,100,,,,,,,,,,,,1,99.80054012345674
SKT3425,SKT3425__S_CanttPlazaSlkttCantt,12,2G/3G/LTE,Elite,Macro,Standby,C4-SKT-03,JAZZ,DEODAR,DG site,100,100,100,100,100,100,100,100,100,100,100,100,100,100,100,100,100,100,99.994212962963,100,,,,,,,,,,,,1,99.99971064814815
SMB5779,SMB5779__S_MohallaSherabad,12,2G/3G/LTE,Diamond,Macro,B2S,C4-WZD-07,Enfrashare,Enfrashare,Non DG Site,89.253954475308,83.171778549382,93.719135802469,94.076485339506,92.716531635802,93.62461419753,93.85898919753,92.07561728395,94.701485339506,93.07243441358,93.679108796296,95.380015432098,94.302662037037,100,96.90586419753,93.073881172839,85.997781635802,94.286265432098,78.655960648148,69.875096450617,,,,,,,,,,,,19,91.12138310185142
RUR1066,RUR1066__S_Shaheedanwali,9,2G/3G/LTE,Diamond,Macro,Standby,C4-MBD-08,Jazz Host/CM-PAK+TELENOR Guest,DEODAR,DG site,100,100,98.940972222222,100,100,100,99.637345679012,100,100,100,100,100,100,100,100,100,100,100,100,99.832175925925,,,,,,,,,,,,3,99.92052469135794
PMD9666,PMD9666__S_RomalJuttanSKT,9,2G/3G/LTE,Gold,Macro,Standby,C4-SKT-03,Jazz Host/TELENOR Guest,DEODAR,DG site,100,100,100,100,100,100,100,100,100,100,100,100,100,99.751157407407,99.936342592592,100,99.967206790123,100,99.990354938271,100,,,,,,,,,,,,4,99.98225308641965
GUJ0387,GUJ0387__P_ModelTown,9,2G/3G/LTE,Platinum,Macro,Standby,C4-GUJ-02,JAZZ,DEODAR,DG site,85.356224279835,89.609696502057,100,94.794238683127,94.819315843621,95.132458847736,99.050925925925,98.431712962963,97.57265946502,98.853523662551,97.841435185185,99.278549382716,98.165509259259,99.131944444444,98.674768518518,96.099537037037,98.491512345679,94.760802469135,90.56970164609,98.173225308642,,,,,,,,,,,,19,96.240387088477
SKT6056,SKT6056__S_MalkayKalanRd,9,2G/LTE,Platinum,Macro,B2S,C4-SKT-03,E.Co,E.CO,Non DG Site,100,100,100,100,94.333847736625,100,100,99.999356995884,100,100,98.56674382716,100,100,100,100,100,96.143904320987,80.511188271604,100,100,,,,,,,,,,,,5,98.477752057613
GUJ8921,GUJ8921__S_princeCinema,9,2G/3G/LTE,Diamond,Macro,Standby,C4-GUJ-02,JAZZ,DEODAR,DG site,100,81.270576131687,91.439043209876,69.132587448559,93.790509259259,100,100,100,100,100,100,100,100,100,100,100,100,85.21412037037,100,100,,,,,,,,,,,,5,96.04234182098756
HWY8852,HWY8852__S_Bagh9PindiBhatian,9,2G/3G/LTE,Gold,Macro,Standby,C4-HFZ-06,Jazz Host/TELENOR Guest,DEODAR,DG site,100,100,100,100,98.499228395061,100,94.893904320987,100,100,100,100,100,100,95.192901234567,100,94.616769547325,100,100,100,100,,,,,,,,,,,,4,99.16014017489701
QMS9704,QMS9704__S_KotNanakQilaMolSingh,9,2G/LTE,Platinum,Macro,Standby,C4-HFZ-06,JAZZ,DEODAR,DG site,100,100,99.929269547325,99.979423868312,97.291666666666,100,99.973636831275,99.963348765432,99.981352880658,93.755787037037,98.917824074074,100,99.119727366255,99.112011316872,100,100,98.873456790123,92.568158436214,100,89.88811728395,,,,,,,,,,,,13,98.46768904320963
RUR6930,RUR6930__S_SabzPriMor,12,2G/3G/LTE,Elite,Macro,Standby,C4-NRW-05,Jazz Host/TELENOR Guest,DEODAR,DG site,100,100,100,100,96.293885030864,97.359664351851,100,98.625578703703,100,100,98.523823302469,100,100,99.377411265432,99.458912037037,99.680266203703,100,98.418209876543,99.99855324074,100,,,,,,,,,,,,9,99.38681520061711
GUJ0662,GUJ0662__Q_GIFTUniversity,4,2G/3G/LTE,Platinum,Micro,Jazz CP Prime,C4-GUJ-02,JAZZ,JAZZ,Non DG Site,100,100,100,100,100,100,100,100,100,100,100,100,100,100,100,100,100,100,99.995659722222,100,,,,,,,,,,,,1,99.9997829861111
GUJ0278,GUJ0278__P_RahwaliAC,16,2G/3G/LTE,Hub,Macro,Standby,C4-GUJ-02,JAZZ,DEODAR,DG site,89.326171875,78.036024305555,95.708188657407,93.049768518518,90.506518031189,100,99.997867933723,98.723196881091,99.994517543859,98.361050194931,93.232821637426,74.21875,92.25268031189,99.993603801169,99.999086257309,99.998477095516,93.152716861598,100,99.995735867446,100,,,,,,,,,,,,17,94.82735878868134
HFZ9402,HFZ9402__S_City Police StationWarid_HF4298,18,2G/3G/LTE,Elite,Macro,Standby,C4-HFZ-06,Jazz Host/CM-PAK+UFONE Guest,DEODAR,DG site,98.570280349794,100,100,100,100,100,100,100,100,98.473508230452,100,100,100,90.517618312757,100,100,100,100,100,100,,,,,,,,,,,,3,99.37807034465015
NVK4974,NVK4974__S_Dtenosheravirkan,9,2G/3G/LTE,Diamond,Macro,Deodar CP Prime,C4-HFZ-06,JAZZ,DEODAR,Non DG Site,100,100,100,100,100,100,100,100,100,100,100,100,100,100,100,100,100,100,100,100,,,,,,,,,,,,0,100
GUJ3875,GUJ3875__P_SialkotBypass,12,2G/LTE,Elite,Macro,Standby,C4-GUJ-01,JAZZ,DEODAR,DG site,97.56462191358,92.111786265432,89.417438271604,100,94.437210648148,98.672357253086,90.415219907407,100,100,100,93.811246141975,84.786361882716,100,100,100,100,98.188175154321,66.14486882716,82.120949074074,98.214699074074,,,,,,,,,,,,12,94.29424672067884
RUR9476,RUR9476__S_New Abadi SKT_MDSK4187,18,2G/3G/LTE,Elite,Macro,Deodar CP Prime,C4-SKT-03,JAZZ,DEODAR,Non DG Site,93.06841563786,97.121270576131,99.498456790123,96.745756172839,96.212705761316,96.023984053497,95.558449074074,94.739583333333,94.541216563786,94.444444444444,94.444444444444,97.179462448559,100,100,100,100,99.919945987654,100,88.745820473251,100,,,,,,,,,,,,14,96.91219778806555
RUR6547,RUR6547__S_Daluwali,6,2G/LTE,Platinum,Macro,B2S,C4-SKT-03,Enfrashare,Enfrashare,Non DG Site,100,71.859567901234,100,100,100,100,100,100,100,93.680555555555,100,100,100,90.821759259259,91.666666666666,66.858603395061,99.835069444444,95.482253086419,92.930169753086,100,,,,,,,,,,,,8,95.15673225308619
QMZ1528,QMZ1528__S_Qila Mir ZamanWarid_1I3519,6,2G/3G/LTE,Gold,Macro,Standby,C4-HFZ-06,JAZZ,DEODAR,DG site,100,100,100,100,100,90.189043209876,100,100,100,100,100,100,100,100,100,100,94.987461419753,88.995949074074,100,100,,,,,,,,,,,,3,98.70862268518515
RUR8539,RUR8539__S_SaddaRd,6,2G/LTE,Bronze,Macro,B2S,C4-SKT-03,Enfrashare,Enfrashare,Non DG Site,69.146412037037,100,100,100,100,100,100,100,93.449074074074,100,100,100,100,100,100,100,100,100,67.289737654321,61.504629629629,,,,,,,,,,,,4,94.56949266975305
RUR4032,RUR4032__S_SKTWellRiseFactory,9,2G/3G/LTE,Platinum,Macro,Standby,C4-WZD-07,Jazz Host/CM-PAK Guest,DEODAR,DG site,100,100,100,100,100,62.57265946502,100,89.535751028806,100,100,100,100,100,99.908050411522,99.980709876543,99.97299382716,86.875,91.510416666666,99.430298353909,100,,,,,,,,,,,,8,96.4892939814813
DMK6996,DMK6996__S_DhamonkayDaska,9,2G/3G/LTE,Diamond,Macro,Standby,C4-WZD-07,Jazz Host/CM-PAK Guest,DEODAR,DG site,95.079732510288,88.888888888888,88.888888888888,88.888888888888,90.268132716049,100,100,100,79.077932098765,100,100,100,100,100,100,100,100,100,85.659722222222,99.753086419753,,,,,,,,,,,,8,95.82526363168706
SKT9481,SKT9481__S_Ghausia Street Muslim colony_MDSK4265,12,2G/3G/LTE,Elite,Macro,Standby,C4-SKT-03,JAZZ,DEODAR,DG site,100,100,100,100,100,100,100,100,100,100,100,100,80.133101851851,81.877411265432,100,100,100,99.99324845679,99.99324845679,100,,,,,,,,,,,,4,98.09985050154316
KGR8995,KGR8995__H_MohallaSiddiqpura,9,2G/3G/LTE,Elite,Macro,Standby,C4-NRW-05,JAZZ,DEODAR,DG site,100,100,100,100,100,100,100,100,100,100,100,100,100,100,100,99.998070987654,100,100,100,100,,,,,,,,,,,,1,99.99990354938271
RUR4415,RUR4415__S_GHKKotlikhano,6,2G/LTE,Bronze,Macro,Standby,C4-WZD-07,JAZZ,DEODAR,DG site,100,100,100,100,100,100,100,100,100,98.972800925925,100,100,100,100,100,100,100,100,100,100,,,,,,,,,,,,1,99.94864004629625
MBN9682,MBN9682__S_PhaliaRdMandiBah,9,2G/3G/LTE,Hub,Macro,Standby,C4-MBD-08,JAZZ,DEODAR,DG site,100,100,100,100,100,100,100,100,100,100,100,100,100,100,100,100,100,100,100,100,,,,,,,,,,,,0,100
RUR5142,RUR5142__S_Kallu Pyara Warid_MDSK4519,15,2G/LTE,Platinum,Macro,Standby,C4-SKT-03,JAZZ,DEODAR,DG site,100,99.932098765432,100,100,100,100,100,100,100,100,100,100,100,100,100,100,100,100,100,100,,,,,,,,,,,,1,99.99660493827159
SKT8134,SKT8134__Q_BascoShoesRailwayRd,4,2G/3G/LTE,Bronze,Micro,Jazz CP Prime,C4-SKT-03,JAZZ,JAZZ,Non DG Site,98.467881944444,100,100,93.797743055555,92.673611111111,100,100,92.30324074074,100,100,99.953703703703,100,87.216435185185,100,100,100,100,100,91.199363425925,100,,,,,,,,,,,,7,97.78059895833314
RUR6158,RUR6158__S_Adda Muna Musa Sargodha Road warid_MR335303,12,2G/3G/LTE,Platinum,Macro,Standby,C4-MBD-08,JAZZ,DEODAR,DG site,99.100597993827,100,100,100,100,100,100,100,100,100,100,100,100,99.437210648148,100,100,100,100,100,100,,,,,,,,,,,,2,99.92689043209876
RUR4796,RUR4796__S_KMKFerozwala,12,2G/3G/LTE,Diamond,Macro,Standby,C4-GUJ-01,JAZZ,DEODAR,DG site,94.323398919753,100,95.110918209876,90.667438271604,100,100,99.689911265432,100,97.377025462963,100,100,98.263888888888,100,100,100,100,100,100,100,100,,,,,,,,,,,,6,98.77162905092581
GUJ9949,GUJ9949__S_Urdu_Bazar,9,2G/3G/LTE,Bronze,Macro,Standby,C4-GUJ-01,JAZZ,DEODAR,DG site,100,100,100,100,100,92.533757716049,100,100,100,100,100,100,97.158564814814,99.375482253086,100,100,100,86.111111111111,87.301311728395,97.061149691358,,,,,,,,,,,,6,97.97706886574065
SKT6487,SKT6487__S_MahalKingra,9,2G/LTE,Gold,Macro,B2S,C4-SKT-03,ATL,ATL,Non DG Site,100,100,100,100,89.378858024691,100,100,100,100,100,100,100,100,96.331018518518,100,100,100,100,97.402263374485,88.888888888888,,,,,,,,,,,,4,98.60005144032911
RUR4914,RUR4914__S_PHADohballa,3,2G/LTE,Bronze,Macro,Standby,C4-MBD-08,Jazz Host/CM-PAK Guest,DEODAR,DG site,100,100,100,99.969135802469,100,100,100,100,100,100,100,100,100,100,100,100,100,100,100,100,,,,,,,,,,,,1,99.99845679012346
SKT5805,SKT5805__S_AdalatGarh,12,2G/3G/LTE,Platinum,Macro,B2S,C4-SKT-03,Enfrashare,Enfrashare,Non DG Site,100,87.5,77.135416666666,87.677469135802,92.10792824074,100,90.616319444444,100,100,100,100,99.854841820987,91.666666666666,91.666666666666,95.629822530864,100,100,100,99.991319444444,100,,,,,,,,,,,,10,95.69232253086395
PND1615,PND1615__P_Hussain_AbadWarid_PB1543,9,2G/3G/LTE,Platinum,Macro,Standby,C4-HFZ-06,Jazz Host/TELENOR+CM-PAK Guest,DEODAR,DG site,100,100,100,100,100,100,100,100,100,100,100,100,100,91.041666666666,100,100,100,100,100,100,,,,,,,,,,,,1,99.5520833333333
QDS9513,QDS9513__S_Qila Didar Singh_315322,18,2G/3G/LTE,Elite,Macro,Standby,C4-HFZ-06,Jazz Host/CM-PAK Guest,DEODAR,DG site,99.98778292181,100,100,99.974601337448,99.622878086419,99.957240226337,99.88136574074,100,96.638374485596,97.022569444444,99.905156893004,99.46920010288,99.989390432098,99.825102880658,99.907407407407,99.95273919753,99.857896090535,99.890689300411,99.946309156378,99.9810313786,,,,,,,,,,,,17,99.59048675411474
GUJ9414,GUJ9414__S_Sec Y-People Cnly Warid_GJ4197,12,2G/3G/LTE,Hub,Macro,Standby,C4-GUJ-01,JAZZ,DEODAR,DG site,100,100,100,100,100,100,100,100,100,100,100,100,100,100,100,90.048707561728,98.42930169753,100,99.99324845679,100,,,,,,,,,,,,3,99.4235628858024
RUR2262,RUR2262__S_MianwaliPind_TPLKMR02,6,2G/LTE,Bronze,Macro,OMO,C4-HFZ-06,Jazz Guest/TELENOR Host,TELENOR,Non DG Site,100,100,100,100,100,90.190972222222,100,100,100,100,100,100,100,100,100,100,93.828125,88.634259259259,100,100,,,,,,,,,,,,3,98.63266782407405
NVK3537,NVK3537__S_BaduRataRd,18,2G/3G/LTE,Elite,Macro,Standby,C4-HFZ-06,JAZZ,DEODAR,DG site,100,100,100,100,100,100,100,100,100,100,100,100,100,100,100,100,100,100,100,98.661908436214,,,,,,,,,,,,1,99.93309542181069
GUJ3349,GUJ3349__P_FreedTown,9,2G/3G/LTE,Platinum,Macro,Deodar CP Prime,C4-GUJ-01,JAZZ,DEODAR,Non DG Site,100,100,100,100,100,100,100,100,100,100,100,100,100,100,100,100,97.084619341563,91.820344650205,91.355452674897,91.436471193415,,,,,,,,,,,,4,98.58484439300399
GUJ3065,GUJ3065__S_MuhammadiTown,12,2G/3G/LTE,Elite,Macro,Standby,C4-GUJ-01,JAZZ,DEODAR,DG site,100,100,100,100,91.486304012345,100,100,100,100,100,100,100,100,98.964602623456,100,97.935474537037,51.263503086419,54.617091049382,54.753086419753,87.520254629629,,,,,,,,,,,,7,91.82701581790104
DSK6921,DSK6921__S_FarooqiaMosque,12,2G/3G/LTE,Elite,Macro,Deodar CP Prime,C4-WZD-07,JAZZ,DEODAR,Non DG Site,100,100,89.945023148148,100,100,100,100,100,99.231770833333,100,100,100,100,100,100,100,100,99.99180169753,99.718846450617,99.941647376543,,,,,,,,,,,,5,99.44145447530856
GUJ9442,GUJ9442__S_Rahmanpura Warid_MDGJ4215,12,2G/3G/LTE,Diamond,Macro,Standby,C4-GUJ-02,JAZZ,DEODAR,DG site,88.672839506172,92.747878086419,90.291763117283,96.279417438271,99.739101080246,100,99.97974537037,99.776716820987,99.827835648148,97.523630401234,97.542438271604,97.45418595679,100,99.958043981481,100,100,100,96.377314814814,98.718653549382,100,,,,,,,,,,,,14,97.74447820216005
RUR1130,RUR1130__S_OffloadRUR1968A,12,2G/3G/LTE,Elite,Macro,Standby,C4-NRW-05,JAZZ,DEODAR,DG site,100,100,100,100,100,100,100,100,100,100,100,100,100,91.611689814814,100,100,99.574652777777,100,96.158854166666,94.836516203703,,,,,,,,,,,,4,99.10908564814801
SKG1155,SKG1155__P_Zafirwallrailway_Stn,12,2G/3G/LTE,Elite,Macro,OMO,C4-NRW-05,Jazz Guest/UFONE Host,UFONE,Non DG Site,100,97.119502314814,98.831018518518,83.146219135802,91.946855709876,93.200231481481,100,100,93.799672067901,98.803530092592,100,90.703607253086,93.483314043209,100,100,100,98.445698302469,96.212866512345,86.317997685185,96.518132716049,,,,,,,,,,,,13,95.92643229166634
MBN9844,MBN9844__P_MohallahBoharwala,20,2G/3G/LTE,Elite,Macro,Standby,C4-MBD-08,Jazz Host/CM-PAK Guest,DEODAR,Non DG Site,100,100,100,100,100,100,100,100,97.945601851851,100,100,100,100,100,100,100,100,100,100,100,,,,,,,,,,,,1,99.89728009259255
HFZ9814,HFZ9814__S_sohna_service_st,12,2G/3G/LTE,Elite,Macro,Deodar CP Prime,C4-HFZ-06,Jazz Host/UFONE Guest,DEODAR,Non DG Site,100,100,100,100,100,100,100,100,100,100,100,100,100,82.964409722222,100,100,100,100,100,100,,,,,,,,,,,,1,99.1482204861111
GUJ9999,GUJ9999__P_Mohalla_Islam_Pura,12,2G/3G/LTE,Elite,Macro,Standby,C4-GUJ-01,Jazz Host/CM-PAK Guest,DEODAR,DG site,100,98.216628086419,100,100,100,100,100,100,100,100,100,100,100,97.970196759259,100,100,98.564332561728,100,99.994695216049,97.386670524691,,,,,,,,,,,,5,99.60662615740729
RUR8153,RUR8153__S_LadhewalaGoraya,6,2G/LTE,Gold,Macro,B2S,C4-GUJ-01,Enfrashare,Enfrashare,Non DG Site,100,100,100,100,100,100,100,100,100,100,100,100,100,93.878279320987,100,100,100,100,79.259259259259,100,,,,,,,,,,,,2,98.6568769290123
RUR8864,RUR8864__S_KotQadarBakshDistrictCourtHafizabad,9,2G/3G/LTE,Diamond,Macro,Standby,C4-HFZ-06,Jazz Host/TELENOR Guest,DEODAR,DG site,99.991640946502,99.989711934156,99.990997942386,99.994212962963,99.990997942386,99.990997942386,99.988425925925,99.998070987654,99.98778292181,99.990354938271,99.990354938271,99.989711934156,99.997427983539,99.992926954732,99.990997942386,99.990354938271,99.990354938271,99.995498971193,95.421167695473,92.740483539094,,,,,,,,,,,,20,99.40062371399124
SKT4630,SKT4630__S_AbikRoad,16,2G/3G/LTE,Platinum,Macro,Standby,C4-SKT-03,JAZZ,DEODAR,DG site,100,100,100,100,100,100,100,100,100,100,99.646267361111,100,100,100,88.510199652777,95.137803819444,97.527488425925,100,99.98878761574,100,,,,,,,,,,,,5,99.04052734374986
PSR4155,PSR4155__P_ChurchRoadpasroor,20,2G/3G/LTE,Elite,Macro,Standby,C4-NRW-05,JAZZ,DEODAR,DG site,93.357060185185,100,91.212962962963,100,100,83.907696759259,100,100,98.808738425925,100,100,100,91.708912037037,99.986979166666,100,98.442129629629,100,69.572627314814,92.911168981481,96.033564814814,,,,,,,,,,,,10,95.79709201388866
TPL9976,TPL9976__H_ThapNalaVillage,6,2G/LTE,Gold,Macro,Standby,C4-GUJ-01,JAZZ,DEODAR,DG site,30.039544753086,100,91.778549382716,100,97.900270061728,93.520447530864,99.157986111111,100,100,97.997685185185,100,100,100,100,100,100,100,100,100,100,,,,,,,,,,,,6,95.5197241512345
RUR9397,RUR9397__S_Thatta Jahid HasanwalaWarid_HF5189,8,2G/LTE,Diamond,Macro,OMO,C4-HFZ-06,Jazz Guest/PTCL Host,PTCL,Non DG Site,100,100,100,100,100,100,100,100,100,100,74.168836805555,100,100,100,83.422309027777,100,100,100,100,100,,,,,,,,,,,,2,97.8795572916666
SKT4626,SKT4626__S_SanjeetGoharRd,10,2G/3G/LTE,Bronze,Macro,Standby,C4-SKT-03,JAZZ,DEODAR,DG site,100,99.505787037037,100,100,100,100,100,100,100,100,100,100,100,100,100,100,100,100,99.998263888888,100,,,,,,,,,,,,2,99.97520254629625
RUR3753,RUR3753__S_MRDGujShkRd,9,2G/3G/LTE,Platinum,Macro,Standby,C4-GUJ-01,JAZZ,DEODAR,DG site,91.592721193415,93.967978395061,94.875257201646,87.199074074074,81.163194444444,96.971450617283,92.982253086419,98.150077160493,92.72890946502,91.544495884773,92.791280864197,94.81545781893,93.161651234567,84.486239711934,96.249356995884,96.263503086419,98.119855967078,96.494984567901,90.96836419753,83.611111111111,,,,,,,,,,,,20,92.40686085390897
CHW6916,CHW6916__S_MuhallahMahmad,12,2G/3G/LTE,Platinum,Macro,Standby,C4-NRW-05,JAZZ,DEODAR,DG site,98.226273148148,99.356192129629,99.518711419753,100,99.36149691358,98.589891975308,98.446180555555,99.462287808642,98.945794753086,99.104456018518,100,98.847897376543,96.919849537037,100,99.785879629629,94.225019290123,96.676311728395,97.79899691358,99.962384259259,96.110628858024,,,,,,,,,,,,17,98.56691261574043
SKT1621,SKT1621__S_Ratra Sports_Wazirabad Road_MDSK4280,12,2G/3G/LTE,Elite,Macro,Standby,C4-SKT-03,JAZZ,DEODAR,DG site,100,100,100,100,91.949749228395,61.505594135802,40.973668981481,40.225212191358,100,96.586612654321,90.656828703703,91.666666666666,91.666666666666,82.3046875,91.666666666666,91.666666666666,91.666666666666,91.666666666666,91.657503858024,83.074845679012,,,,,,,,,,,,15,86.44673514660461
GUJ5476,GUJ5476__S_FaizAlamTown,12,2G/3G/LTE,Platinum,Macro,B2S,C4-GUJ-02,Enfrashare,Enfrashare,Non DG Site,100,100,100,80.820794753086,100,79.085648148148,100,100,100,100,81.290509259259,100,81.248070987654,100,100,86.973379629629,100,84.611304012345,99.99324845679,80.159143518518,,,,,,,,,,,,8,93.70910493827145
MBN6233,MBN6233__S_Main_City_Bazar_MDMB4173,9,2G/3G/LTE,Elite,Macro,Standby,C4-MBD-08,JAZZ,DEODAR,DG site,96.784979423868,98.070344650205,95.692515432098,98.158436213991,94.697145061728,91.768261316872,93.738425925925,100,93.030478395061,97.037037037037,99.180812757201,98.589248971193,99.128729423868,95.812757201646,94.876543209876,81.864711934156,100,90.223122427983,79.724794238683,100,,,,,,,,,,,,17,94.91891718106955
RUR1061,RUR1061__S_Dhunni,6,2G/LTE,Gold,Macro,Standby,C4-HFZ-06,Jazz Host/TELENOR Guest,DEODAR,DG site,100,100,100,100,100,100,100,100,100,100,100,100,100,96.792052469135,96.653163580246,100,100,100,100,100,,,,,,,,,,,,2,99.67226080246904
SKT3405,SKT3405__S_Silver_Star_RD,9,2G/3G/LTE,Gold,Macro,Standby,C4-SKT-03,JAZZ,DEODAR,DG site,100,100,100,100,100,96.786265432098,100,100,100,100,100,100,100,100,100,100,100,100,100,100,,,,,,,,,,,,1,99.8393132716049
PMD6139,PMD6139__S_KanpurSialkotWarid_MDSK4517,12,2G/3G/LTE,Platinum,Macro,Standby,C4-SKT-03,Jazz Host/TELENOR Guest,DEODAR,DG site,100,100,100,93.544077932098,92.573302469135,100,100,100,100,100,100,100,100,100,85.310570987654,100,86.821469907407,98.212287808642,98.485243055555,100,,,,,,,,,,,,6,97.74734760802455
RUR0879,RUR0879__S_Chaprar,18,2G/3G/LTE,Platinum,Macro,Standby,C4-SKT-03,JAZZ,DEODAR,DG site,100,100,100,100,100,100,100,100,100,100,100,98.529128086419,100,100,100,100,100,100,100,100,,,,,,,,,,,,1,99.92645640432094
SKT8132,SKT8132__T_PansarianBazar,2,2G/LTE,Bronze,Micro,Jazz CP Prime,C4-SKT-03,JAZZ,JAZZ,Non DG Site,100,100,100,93.802083333333,100,100,100,100,100,100,100,63.804976851851,32.002314814814,32.390046296296,29.201388888888,28.770254629629,38.258101851851,54.508101851851,100,100,,,,,,,,,,,,8,78.63686342592567
RUR6212,RUR6212__S_School_SohawaRD_MDMB4307,9,2G/3G/LTE,Platinum,Macro,Deodar CP Prime,C4-MBD-08,JAZZ,DEODAR,Non DG Site,100,100,99.085005144032,100,100,100,100,100,100,100,100,100,100,100,100,100,100,99.805812757201,91.576003086419,100,,,,,,,,,,,,3,99.5233410493826
HWY8851,HWY8851__S_NauthaSukheki,9,2G/3G/LTE,Diamond,Macro,Standby,C4-HFZ-06,JAZZ,DEODAR,DG site,100,100,100,100,100,90.18711419753,82.629886831275,95.636574074074,100,99.992926954732,97.07561728395,100,100,100,100,100,100,100,100,100,,,,,,,,,,,,5,98.27610596707805
GJA6164,GJA6164__S_Dairah_NazarMGondal_MandiBahaodin warid_MR335411,12,2G/3G/LTE,Elite,Macro,Standby,C4-MBD-08,JAZZ,DEODAR,DG site,100,100,99.073109567901,100,100,100,100,100,100,100,100,100,100,100,100,100,100,99.789737654321,99.943576388888,100,,,,,,,,,,,,3,99.9403211805555
GUJ9434,GUJ9434__S_Gulzar Colony Warid_MDGJ4162,12,2G/3G/LTE,Elite,Macro,Standby,C4-GUJ-01,JAZZ,DEODAR,DG site,90.412326388888,76.564911265432,65.674672067901,77.514949845679,95.902777777777,90.728202160493,95.670814043209,90.741705246913,94.414544753086,95.160108024691,96.299189814814,100,97.944637345679,94.051890432098,86.665219907407,69.445408950617,99.512442129629,87.995273919753,57.092978395061,100,,,,,,,,,,,,18,88.08960262345633
HWY0112,HWY0112__P_Pindi_Bhattian_M2Warid_25262,11,2G/LTE,Diamond,Macro,Standby,C4-HFZ-06,JAZZ,DEODAR,DG site,100,100,100,100,94.439709595959,100,100,100,97.49316077441,100,97.220643939393,99.091961279461,95.611847643097,94.142466329966,100,100,100,100,100,100,,,,,,,,,,,,6,98.8999894781143
KQD1725,KQD1725__S_Near Sabzi mandiWarid_KD1612,9,2G/3G/LTE,Gold,Macro,Standby,C4-HFZ-06,JAZZ,DEODAR,DG site,100,100,100,96.943801440329,100,90.181327160493,100,100,100,100,100,100,100,100,100,100,100,97.884516460905,100,100,,,,,,,,,,,,3,99.25048225308635
RUR8753,RUR8753__P_SialkotAirport,16,2G/3G/LTE,Elite,Macro,Deodar CP Prime,C4-WZD-07,Jazz Host/UFONE Guest,DEODAR,Non DG Site,94.211154513888,99.228877314814,89.596715856481,93.073278356481,100,97.265263310185,94.380787037037,99.995659722222,100,80.657913773148,89.553313078703,100,89.607566550925,99.521484375,100,100,82.335792824074,100,98.730107060185,62.320963541666,,,,,,,,,,,,14,93.52394386574045
SKT9638,SKT9638__P_qbaTown_Sialkot,9,2G/3G/LTE,Elite,Macro,Standby,C4-SKT-03,Jazz Host/UFONE Guest,DEODAR,DG site,100,100,100,100,100,100,100,100,100,100,100,100,100,100,100,100,100,100,99.992283950617,100,,,,,,,,,,,,1,99.99961419753086
RUR6405,RUR6405__S_AdamDaraz_CMPak42960,6,2G/LTE,Platinum,Macro,OMO,C4-SKT-03,Jazz Guest/CM-PAK Host,CM-PAK ,Non DG Site,100,100,99.832175925925,100,100,100,100,100,100,100,100,100,100,99.95273919753,99.296875,100,100,95.923032407407,100,100,,,,,,,,,,,,4,99.7502411265431
HFZ9797,HFZ9797__S_Mohalah_pir_kaly,18,2G/3G/LTE,Elite,Macro,Standby,C4-HFZ-06,Jazz Host/TELENOR Guest,DEODAR,DG site,100,100,98.832626028806,100,100,96.918724279835,100,100,100,96.504951131687,96.13811728395,100,100,94.996784979423,100,100,100,100,99.15670010288,100,,,,,,,,,,,,6,99.12739519032905
HMP9711,HMP9711__S_Hameedpur_Khurd,6,2G/LTE,Diamond,Macro,Standby,C4-GUJ-01,Jazz Host/TELENOR Guest,DEODAR,DG site,95.815972222222,100,88.732638888888,100,100,97.520254629629,99.594907407407,100,85.190972222222,96.814236111111,96.530671296296,100,100,98.619791666666,96.38599537037,100,95.908564814814,92.598379629629,95.601851851851,91.206597222222,,,,,,,,,,,,13,96.52604166666636
HJN0014,HJN0014__P_MustafaabadWarid_PB5137,9,2G/3G/LTE,Diamond,Macro,Standby,C4-HFZ-06,JAZZ,DEODAR,DG site,100,100,100,100,100,100,100,100,100,100,100,100,100,100,100,100,100,100,100,100,,,,,,,,,,,,0,100
RUR8519,RUR8519__S_SaidraKalan,6,2G/LTE,Bronze,Macro,B2S,C4-SKT-03,E.co,E.co,Non DG Site,100,100,100,100,100,100,100,100,100,100,100,100,100,100,100,79.311342592592,92.725694444444,79.450231481481,100,100,,,,,,,,,,,,3,97.57436342592585
PND1358,PND1358__P_Fatehke_Burj_WalaWarid_43635,9,2G/LTE,Bronze,Macro,Deodar CP Prime,C4-HFZ-06,JAZZ,DEODAR,Non DG Site,100,100,100,100,88.183513374485,100,91.876929012345,100,88.055555555555,100,100,89.036136831275,100,100,100,82.710905349794,100,100,100,100,,,,,,,,,,,,5,96.9931520061727
MLL8916,MLL8916__S_Miani,20,2G/3G/LTE,Elite,Macro,Standby,C4-MBD-08,JAZZ,DEODAR,DG site,100,100,96.9453125,100,100,100,100,100,100,100,85.059027777777,100,100,100,100,100,100,100,100,100,,,,,,,,,,,,2,99.10021701388885
SPB9661,SPB9661__S_ShahPurBhango,12,2G/3G/LTE,Platinum,Macro,Standby,C4-NRW-05,JAZZ,DEODAR,DG site,100,100,100,100,100,100,100,100,100,100,100,100,100,100,100,100,100,100,100,100,,,,,,,,,,,,0,100
HWY9429,HWY9429__S_Emanabad Warid_MDGJ1825,12,2G/3G/LTE,Platinum,Macro,Standby,C4-GUJ-01,JAZZ,DEODAR,DG site,100,99.651331018518,99.124228395061,99.422743055555,94.763213734567,78.059895833333,87.979841820987,95.798611111111,95.214602623456,92.810088734567,100,91.317515432098,100,100,100,99.640721450617,91.582754629629,99.282889660493,90.300925925925,98.26099537037,,,,,,,,,,,,15,95.66051793981435
MDK3078,MDK3078__H_MadoKhail,18,2G/3G/LTE,Elite,Macro,Standby,C4-GUJ-02,Jazz Host/TELENOR Guest,DEODAR,DG site,100,96.949909979423,96.04648919753,94.444444444444,96.680169753086,90.604102366255,88.869920267489,97.176247427983,100,100,100,99.252186213991,100,100,100,100,100,100,100,100,,,,,,,,,,,,8,98.00117348251005
RUR6268,RUR6268__S_ChakMandhar,9,2G/3G/LTE,Diamond,Macro,B2S,C4-SKT-03,E.Co,E.CO,Non DG Site,87.846579218107,91.432613168724,98.796939300411,92.748199588477,93.712062757201,93.25552983539,94.536394032921,87.154063786008,91.915509259259,90.439171810699,89.415509259259,94.570473251028,94.065715020576,89.769161522633,89.279192386831,92.428626543209,68.635545267489,82.611239711934,90.397376543209,93.609182098765,,,,,,,,,,,,20,90.33095421810651
HWY8837,HWY8837__P_11KMAttawaStop,18,2G/3G/LTE,Elite,Macro,Standby,C4-GUJ-01,Jazz Host/UFONE Guest,DEODAR,DG site,100,100,100,100,99.271476337448,82.868441358024,100,100,91.609439300411,100,100,100,100,100,100,100,100,100,100,100,,,,,,,,,,,,3,98.68746784979416
SKT3404,SKT3404__S_ModeltownSKT,9,2G/3G/LTE,Diamond,Macro,Standby,C4-SKT-03,JAZZ,DEODAR,DG site,100,100,100,99.998070987654,99.999035493827,94.042727623456,100,100,100,98.09124228395,100,100,99.997106481481,100,100,100,100,100,100,100,,,,,,,,,,,,5,99.60640914351839
GUJ9433,GUJ9433__S_Haider Colony Warid_MDGJ4222,18,2G/3G/LTE,Elite,Macro,Standby,C4-GUJ-02,JAZZ,DEODAR,DG site,100,100,100,100,100,96.432613168724,87.643389917695,100,100,100,75.172968106995,100,99.989711934156,100,92.50128600823,98.369984567901,100,99.984567901234,91.983024691358,100,,,,,,,,,,,,8,97.10387731481464
SKT3424,SKT3424__S_MohallaBijliGhar,9,2G/3G/LTE,Diamond,Macro,Standby,C4-SKT-03,JAZZ,DEODAR,DG site,100,100,100,89.53382201646,96.342592592592,81.970164609053,88.861882716049,88.888888888888,88.888888888888,88.834876543209,88.888888888888,88.888888888888,91.667148919753,91.666666666666,91.666666666666,91.666666666666,91.495949074074,91.666666666666,91.666666666666,91.666666666666,,,,,,,,,,,,17,91.71309960133692
GUJ9878,GUJ9878__P_OppSocialHosp_Gj,9,2G/3G/LTE,Platinum,Macro,Deodar CP Prime,C4-GUJ-01,JAZZ,DEODAR,Non DG Site,99.785879629629,100,100,80.24241255144,100,79.263760288065,99.999356995884,100,99.556327160493,100,80.270061728395,99.780092592592,81.909079218107,100,100,88.786008230452,99.565972222222,80.234696502057,100,72.260802469135,,,,,,,,,,,,12,93.08272247942355
SKT3800,SKT3800__P_ShahabRoad,12,2G/3G/LTE,Platinum,Macro,Standby,C4-SKT-03,JAZZ,DEODAR,DG site,98.558063271604,97.762827932098,100,100,95.41618441358,97.165316358024,98.676215277777,98.63136574074,97.747395833333,99.016203703703,98.587480709876,98.96412037037,98.425925925925,100,100,100,100,100,98.021797839506,98.50887345679,,,,,,,,,,,,13,98.77408854166632
CHW6458,CHW6458__S_ButtMarket_CMPak4481,9,2G/3G/LTE,Diamond,Macro,OMO,C4-NRW-05,Jazz Guest/CM-PAK Host,CM-PAK ,Non DG Site,100,100,100,100,100,100,100,100,100,100,100,98.834876543209,100,100,100,100,100,99.425154320987,100,100,,,,,,,,,,,,2,99.9130015432098
GUJ9465,GUJ9465__S_Qasim Town Warid_MDGJ1828,9,2G/3G/LTE,Elite,Macro,Standby,C4-GUJ-01,JAZZ,DEODAR,DG site,89.689429012345,54.622556584362,66.666666666666,63.713348765432,61.412037037037,78.445859053497,96.709104938271,97.11741255144,100,95.699588477366,88.916538065843,91.74961419753,78.263888888888,95.118955761316,98.337834362139,95.791538065843,95.502186213991,94.423868312757,91.039737654321,93.83616255144,,,,,,,,,,,,19,86.35281635802421
RUR3081,RUR3081__P_Offload_RUR9651A,12,2G/3G/LTE,Elite,Macro,Standby,C4-NRW-05,JAZZ,DEODAR,DG site,100,100,100,100,100,96.198398919753,100,100,100,100,97.090567129629,100,100,100,99.828800154321,99.994212962963,100,100,100,100,,,,,,,,,,,,4,99.6555989583333
PND1363,PND1363__P_Purani KeeWarid_295247,9,2G/3G/LTE,Diamond,Macro,Deodar CP Prime,C4-HFZ-06,JAZZ,DEODAR,Non DG Site,99.888760288065,100,99.92991255144,99.98649691358,99.846965020576,99.983924897119,100,100,100,100,99.935056584362,99.8733281893,91.132330246913,99.969135802469,99.953060699588,99.989711934156,100,98.043981481481,99.963348765432,100,,,,,,,,,,,,13,99.42480066872406
DSK3893,DSK3893__P_JamkeRD,12,2G/3G/LTE,Platinum,Macro,Standby,C4-WZD-07,JAZZ,DEODAR,DG site,100,97.650462962963,100,93.474151234567,100,94.212962962963,95.001446759259,88.443769290123,100,99.99855324074,100,72.991898148148,100,100,100,89.376446759259,100,100,92.001832561728,100,,,,,,,,,,,,9,96.15757619598749
KMK5928,KMK5928__S_New Model Town Warid_IK1570,9,2G/3G/LTE,Diamond,Macro,Deodar CP Prime,C4-GUJ-01,JAZZ,DEODAR,Non DG Site,100,100,100,97.777777777777,100,100,100,100,100,95.945859053497,91.306584362139,90.8404063786,91.336805555555,98.973765432098,90.710519547325,100,100,100,100,100,,,,,,,,,,,,7,97.84458590534955
RUR0516,RUR0516__P_BariMinhassanDarmamRD(Zong4830),12,2G/3G/LTE,Diamond,Macro,OMO,C4-NRW-05,Jazz Guest/CM-PAK Host,CM-PAK ,Non DG Site,100,100,100,100,100,100,100,100,77.877604166666,100,100,82.807195216049,100,98.160686728395,95.85262345679,72.914737654321,100,100,81.228298611111,100,,,,,,,,,,,,6,95.4420572916666
GUJ6582,GUJ6582_H_Madina Jamia Alkaram Market Gujranwala,2,2G/3G/LTE,Bronze,Macro,Deodar CP Prime,C4-GUJ-02,JAZZ,DEODAR,Non DG Site,100,100,100,100,100,100,100,100,100,100,100,100,100,100,100,100,100,100,100,100,,,,,,,,,,,,0,100
HFZ5586,HFZ5586__S_KassokiRdHFZ_CMPak40674,12,2G/3G/LTE,Platinum,Macro,OMO,C4-HFZ-06,Jazz Guest/CM-PAK Host,CM-PAK ,Non DG Site,100,100,100,100,100,79.615644290123,62.947530864197,100,100,88.758680555555,86.603009259259,88.644386574074,86.267843364197,87.935474537037,95.426793981481,93.716724537037,94.410686728395,94.809027777777,93.702256944444,91.413483796296,,,,,,,,,,,,13,92.21257716049358
SKT5806,SKT5806__S_Kharkana,9,2G/3G/LTE,Elite,Macro,B2S,C4-SKT-03,Enfrashare,Enfrashare,Non DG Site,100,100,100,100,100,94.110082304526,70.341435185185,48.002829218107,63.464506172839,77.719264403292,80.291923868312,79.385931069958,96.049382716049,81.948302469135,100,100,100,100,100,100,,,,,,,,,,,,9,89.56568287037014
MLL3347,MLL3347__S_Railway_Gate,12,2G/3G/LTE,Platinum,Macro,Standby,C4-MBD-08,JAZZ,DEODAR,DG site,100,100,91.112075617283,100,100,100,99.228395061728,100,100,100,99.757908950617,100,100,100,99.159915123456,100,91.589023919753,100,97.605131172839,100,,,,,,,,,,,,6,98.9226224922838
DSK5984,DSK5984__S_Shadpura Warid_DK5730,12,2G/3G/LTE,Platinum,Macro,Standby,C4-WZD-07,JAZZ,DEODAR,DG site,67.668788580246,77.871334876543,95.708912037037,84.252989969135,81.739969135802,97.463831018518,100,100,58.837287808642,98.88599537037,76.001157407407,99.849537037037,100,98.634259259259,100,97.345196759259,98.491030092592,93.971354166666,97.105516975308,100,,,,,,,,,,,,15,91.19135802469104
RUR5622,RUR5622__S_MameyWal,6,2G/LTE,Platinum,Macro,B2S,C4-NRW-05,Enfrashare,Enfrashare,Non DG Site,100,100,100,100,100,100,100,100,100,100,100,100,100,100,100,100,100,100,99.998070987654,100,,,,,,,,,,,,1,99.99990354938271
MBN9681,MBN9681__S_RailwayMandiBah,12,2G/3G/LTE,Elite,Macro,Standby,C4-MBD-08,JAZZ,DEODAR,DG site,100,100,96.409143518518,100,95.103202160493,100,100,100,100,100,100,100,100,100,100,97.270447530864,100,100,97.10792824074,100,,,,,,,,,,,,4,99.29453607253075
GUJ9415,GUJ9415__S_Sec Y-People Cnly Warid_GJ4731,9,2G/3G/LTE,Platinum,Macro,Standby,C4-GUJ-01,JAZZ,DEODAR,DG site,100,100,100,100,100,99.306841563786,100,100,100,100,100,95.993441358024,73.773148148148,89.463734567901,88.186085390946,90.617926954732,91.186985596707,92.634387860082,94.714506172839,93.230452674897,,,,,,,,,,,,10,95.45537551440309
GUJ5482,GUJ5482__S_MohafizTown,9,2G/3G/LTE,Elite,Macro,B2S,C4-GUJ-01,Enfrashare,Enfrashare,Non DG Site,100,100,100,100,100,95.304783950617,92.822145061728,80.34336419753,100,100,100,100,100,100,100,100,62.326388888888,69.585262345679,92.082047325102,97.837577160493,,,,,,,,,,,,7,94.51507844650185
RUR5145,RUR5145__S_Badiana Warid_MR1B2724,18,2G/3G/LTE,Elite,Macro,Standby,C4-NRW-05,JAZZ,DEODAR,DG site,100,100,100,100,100,100,100,84.024884259259,100,100,100,99.314557613168,100,100,98.661265432098,100,100,100,99.999035493827,100,,,,,,,,,,,,4,99.0999871399176
RUR2762,RUR2762__S_Jatheke,18,2G/3G/LTE,Elite,Macro,Standby,C4-WZD-07,Jazz Host/CM-PAK+UFONE+TELENOR Guest,DEODAR,DG site,100,100,94.390753600823,100,100,88.129822530864,100,100,100,100,100,100,100,100,96.994277263374,100,100,100,100,100,,,,,,,,,,,,3,98.97574266975305
GUJ6134,GUJ6134__S_SectorYPeoplesColony_CMPak5222,9,2G/3G/LTE,Platinum,Macro,OMO,C4-GUJ-01,Jazz Guest/CM-PAK Host,CM-PAK ,Non DG Site,100,100,100,100,100,100,100,100,100,100,100,100,100,100,100,100,100,100,100,100,,,,,,,,,,,,0,100
SKT9483,SKT9483__S_Ghazi Pur_MDSK4188,19,2G/3G/LTE,Elite,Macro,Standby,C4-SKT-03,JAZZ,DEODAR,DG site,94.736842105263,94.736842105263,94.736842105263,94.736842105263,94.736842105263,94.736842105263,94.736842105263,94.736842105263,94.736842105263,94.736842105263,94.736842105263,94.736842105263,94.736842105263,94.736842105263,91.950231481481,94.736842105263,94.736842105263,94.736842105263,94.735928362573,94.736842105263,,,,,,,,,,,,20,94.59746588693937
GUJ3064,GUJ3064__P_MadinaColony,12,2G/3G/LTE,Elite,Macro,Standby,C4-GUJ-01,Jazz Host/TELENOR Guest,DEODAR,DG site,95.570023148148,93.920235339506,95.430652006172,98.521412037037,87.079475308642,92.990933641975,100,98.841628086419,100,97.958140432098,100,92.035108024691,69.992283950617,84.034529320987,94.918499228395,98.100887345679,98.030960648148,97.012924382716,93.891300154321,99.304591049382,,,,,,,,,,,,17,94.38167920524664
GUJ5479,GUJ5479__S_AllahRakhaTown_CMPak_5624,9,2G/3G/LTE,Platinum,Macro,OMO,C4-GUJ-01,Jazz Guest/CM-PAK Host,CM-PAK ,Non DG Site,100,99.223251028806,92.421553497942,99.202031893004,98.818158436214,99.78845164609,99.587191358024,99.863040123456,100,99.681069958847,100,98.638760288065,99.898405349794,98.461291152263,99.422582304526,98.978266460905,100,98.814300411522,98.627186213991,99.220679012345,,,,,,,,,,,,16,99.0323109567897
RUR0909,RUR0909__P_MailuSailu,9,2G/3G/LTE,Elite,Macro,Standby,C4-NRW-05,JAZZ,DEODAR,DG site,99.212962962963,100,98.649048353909,100,100,100,100,100,100,100,100,91.805555555555,100,93.904320987654,84.60390946502,100,95.833333333333,45.563271604938,99.003343621399,100,,,,,,,,,,,,8,95.42878729423856
GUJ6306,GUJ6306__S_MiranJeTown,9,2G/3G/LTE,Platinum,Macro,B2S,C4-GUJ-01,E.Co,E.CO,Non DG Site,100,99.983281893004,89.307484567901,98.204089506172,88.223379629629,100,100,100,99.250900205761,80.756172839506,100,85.353652263374,92.350180041152,100,100,98.008616255144,77.868441358024,96.576003086419,85.400591563786,98.158436213991,,,,,,,,,,,,13,94.47206147119316
GUJ0728,GUJ0728__P_Jagna,12,2G/3G/LTE,Elite,Macro,Standby,C4-GUJ-01,Jazz Host/CM-PAK Guest,DEODAR,DG site,98.847897376543,97.171585648148,95.679012345679,100,100,95.121527777777,93.446180555555,100,100,100,100,100,100,100,100,100,99.70630787037,79.798418209876,96.706211419753,100,,,,,,,,,,,,8,97.82385706018506
RUR5008,RUR5008__S_kalaswala Warid_MDPR3956,6,2G/LTE,Diamond,Macro,OMO,C4-NRW-05,Jazz Guest/UFONE Host,UFONE,Non DG Site,97.526041666666,95.486111111111,98.349729938271,100,92.779706790123,100,100,98.777970679012,100,100,100,100,100,100,100,100,99.515817901234,99.984567901234,100,100,,,,,,,,,,,,7,99.12099729938254
GUJ3945,GUJ3945__S_SethiPlaza,9,2G/3G/LTE,Platinum,Macro,Standby,C4-GUJ-01,JAZZ,DEODAR,DG site,66.666666666666,19.930555555555,86.035879629629,100,91.609439300411,95.250771604938,100,100,100,100,100,100,100,100,100,100,100,100,99.998070987654,100,,,,,,,,,,,,6,92.97456918724265
GUJ9450,GUJ9450__S_Gulshanabad Warid_MDGJ4155,18,2G/3G/LTE,Elite,Macro,Standby,C4-GUJ-02,JAZZ,DEODAR,DG site,95.015753600823,96.056455761316,91.906507201646,77.754951131687,77.744020061728,74.358281893004,94.331597222222,97.140560699588,100,99.272440843621,94.40329218107,95.506044238683,99.878150720164,99.948238168724,98.63683127572,98.271283436214,99.889403292181,96.041988168724,97.324138374485,98.133359053497,,,,,,,,,,,,19,94.08066486625486
GUJ0785,GUJ0785__H_BhuttaMktGujw,9,2G/3G/LTE,Gold,Macro,Standby,C4-GUJ-01,Jazz Host/UFONE Guest,DEODAR,DG site,100,100,100,96.140689300411,99.511959876543,100,100,91.723894032921,100,100,93.189943415637,100,100,100,94.079861111111,100,100,100,100,100,,,,,,,,,,,,5,98.73231738683116
GUJ9418,GUJ9418__S_Faqirpura Warid_GJ4231,12,2G/3G/LTE,Elite,Macro,Standby,C4-GUJ-01,Jazz Host/UFONE Guest,DEODAR,DG site,96.446759259259,92.021122685185,92.279610339506,95.447530864197,94.207658179012,98.277391975308,84.941165123456,97.974537037037,100,96.541763117283,92.64949845679,96.195987654321,93.117283950617,99.148823302469,92.643711419753,98.533950617283,96.012249228395,99.311342592592,98.003954475308,100,,,,,,,,,,,,18,95.68771701388854
GUJ3019,GUJ3019__P_TabarakColony,12,2G/3G/LTE,Elite,Macro,Standby,C4-GUJ-02,Jazz Host/TELENOR+UFONE Guest,DEODAR,DG site,98.22193287037,99.929591049382,99.516782407407,99.999517746913,100,97.185570987654,99.997588734567,100,100,100,100,100,99.999035493827,100,96.707658179012,99.93393132716,100,100,99.992283950617,100,,,,,,,,,,,,10,99.57419463734546
GUJ1456,GUJ1456__P_ShalimarTownGUJ,16,2G/3G/LTE,Elite,Macro,OMO,C4-GUJ-02,Jazz Guest/UFONE Host,UFONE,Non DG Site,97.88013599537,94.084563078703,100,100,100,99.722222222222,100,97.543041087963,100,100,100,100,100,99.991319444444,100,100,100,99.301215277777,99.994212962963,100,,,,,,,,,,,,7,99.4258355034721
RUR9991,RUR9991__S_AalianWali,9,2G/3G/LTE,Diamond,Macro,Standby,C4-NRW-05,JAZZ,DEODAR,DG site,100,100,100,100,100,100,100,100,100,100,100,100,100,100,100,100,100,100,100,100,,,,,,,,,,,,0,100
BPW3014,BPW3014__S_Bhopal_1,12,2G/3G/LTE,Diamond,Macro,Standby,C4-WZD-07,JAZZ,DEODAR,DG site,100,100,100,100,100,100,100,100,100,95.973668981481,100,100,100,100,100,91.628568672839,100,100,100,100,,,,,,,,,,,,2,99.380111882716
SKT3154,SKT3154__P_Opp_Masjid_Molvi,12,2G/3G/LTE,Platinum,Macro,Standby,C4-SKT-03,JAZZ,DEODAR,DG site,100,100,100,100,100,100,100,100,100,100,100,100,100,100,99.632330246913,100,99.805169753086,100,99.99961419753,100,,,,,,,,,,,,3,99.97185570987645
SKT9480,SKT9480__S_Gohadpur_MDSK4281,9,2G/3G/LTE,Elite,Macro,Standby,C4-SKT-03,JAZZ,DEODAR,DG site,77.777777777777,83.427854938271,77.777777777777,77.777777777777,77.777777777777,77.591949588477,77.777777777777,81.547067901234,91.779192386831,96.237139917695,77.777777777777,77.777777777777,77.777777777777,77.777777777777,77.777777777777,77.777777777777,77.777777777777,81.54899691358,99.896476337448,100,,,,,,,,,,,,19,82.26810056584297
RUR6962,RUR6962__S_PostOffice,12,2G/3G/LTE,Platinum,Macro,Deodar CP Prime,C4-NRW-05,JAZZ,DEODAR,Non DG Site,98.050733024691,97.680844907407,99.036940586419,98.239293981481,99.050443672839,76.609760802469,76.505111882716,94.126157407407,97.748360339506,99.642650462963,97.398726851851,100,100,100,100,100,98.210358796296,100,99.999035493827,100,,,,,,,,,,,,13,96.61492091049361
SKT3763,SKT3763__S_SahuWala,19,2G/3G/LTE,Elite,Macro,Standby,C4-SKT-03,JAZZ,DEODAR,DG site,88.871832358674,95.478192007797,92.592897173489,100,95.217166179337,91.873477095516,95.628350389863,95.328338206627,92.618786549707,91.258832846003,94.48708576998,95.008832846003,94.729532163742,92.853923001949,98.303788986354,97.690972222222,63.687256335282,95.328642787524,95.310367933723,77.018153021442,,,,,,,,,,,,19,92.1643213937617
SKT3773,SKT3773__S_Hadi_Town_Stop_garah_MDSK4270,12,2G/3G/LTE,Elite,Macro,Standby,C4-SKT-03,JAZZ,DEODAR,DG site,49.238522376543,44.537519290123,99.850019290123,98.693094135802,100,99.854359567901,98.598572530864,99.992283950617,99.291570216049,98.785204475308,97.827449845679,98.657407407407,98.852719907407,100,99.778645833333,98.725887345679,75.632233796296,97.631655092592,92.972608024691,78.008777006172,,,,,,,,,,,,18,91.3464265046293
JPB1369,JPB1369__P_Khokhar_MarketWarid_JL1608,18,2G/3G/LTE,Elite,Macro,Standby,C4-HFZ-06,Jazz Host/CM-PAK Guest,DEODAR,DG site,100,100,100,100,100,100,97.621849279835,98.936471193415,100,100,100,100,100,99.322916666666,100,100,100,100,100,100,,,,,,,,,,,,3,99.7940618569958
GUJ4658,GUJ4658__P_Peoplesclnychowk,9,2G/3G/LTE,Elite,Macro,Standby,C4-GUJ-01,JAZZ,DEODAR,DG site,97.854938271604,76.831918724279,65.435313786008,91.71875,95.082947530864,98.015046296296,90.628858024691,97.743055555555,100,98.791152263374,98.901105967078,96.150334362139,94.841820987654,95.764531893004,95.835262345679,97.979681069958,94.251543209876,97.694187242798,95.416023662551,100,,,,,,,,,,,,18,93.94682355967039
GUJ9425,GUJ9425__S_PTCL Exchange GPO Warid_GJ3804,12,2G/3G/LTE,Platinum,Macro,Standby,C4-GUJ-02,JAZZ,DEODAR,DG site,91.820601851851,88.004629629629,97.916666666666,87.131944444444,95.721450617283,54.439814814814,95.833333333333,68.950231481481,96.057098765432,100,91.491126543209,100,85.426311728395,100,95.300154320987,57.746141975308,79.791280864197,100,98.712191358024,72.363811728395,,,,,,,,,,,,16,87.8353395061724
SKT3813,SKT3813__S_AbdullahTown,18,2G/3G/LTE,Elite,Macro,Standby,C4-SKT-03,JAZZ,DEODAR,DG site,55.555555555555,55.555555555555,55.555555555555,78.788258744856,100,100,100,100,100,100,100,100,100,100,100,100,89.888438786008,100,99.918981481481,100,,,,,,,,,,,,6,91.76311728395049
CHW4937,CHW4937__S_KhasChawinda,12,2G/3G/LTE,Elite,Macro,Standby,C4-NRW-05,JAZZ,DEODAR,DG site,100,100,100,100,100,100,100,100,100,100,100,98.85368441358,100,100,100,100,100,99.505208333333,99.997588734567,100,,,,,,,,,,,,3,99.91782407407399
KQD4251,KQD4251__S_Sabzimandikkd,12,2G/3G/LTE,Diamond,Macro,Standby,C4-HFZ-06,JAZZ,DEODAR,DG site,100,100,92.88917824074,96.781442901234,100,88.719135802469,98.028067129629,93.983410493827,100,100,100,100,99.428530092592,100,98.658854166666,100,100,97.12143132716,100,100,,,,,,,,,,,,8,98.28050250771585
RUR0832,RUR0832__P_SagaSports,19,2G/3G/LTE,Elite,Macro,Standby,C4-SKT-03,JAZZ,DEODAR,DG site,100,100,98.474658869395,100,100,100,100,99.712475633528,100,100,100,97.839912280701,90.240314327485,86.880787037037,98.001035575048,96.104105750487,99.545565302144,99.605567738791,99.625670077972,93.304398148148,,,,,,,,,,,,11,97.96672453703681
GUJ5891,LTE_GUJ35891_H_New Gulshan colony bazar New Gulshan colony bazar,6,2G/LTE,Bronze,Macro,B2S,C4-GUJ-02,E.Co,E.CO,Non DG Site,100,96.496913580246,100,100,100,100,100,100,100,100,100,100,100,100,99.975565843621,91.271862139917,94.089506172839,100,99.998070987654,100,,,,,,,,,,,,5,99.09159593621385
RUR1769,RUR1769__S_Sohawa_TELENOR LSA_001,3,2G/LTE,Bronze,Macro,OMO,C4-GUJ-01,Jazz Guest/TELENOR Host,TELENOR,Non DG Site,66.981095679012,67.783564814814,78.246527777777,100,100,26.979166666666,88.227237654321,80.069444444444,100,98.819444444444,100,100,84.780092592592,100,99.67399691358,32.118055555555,99.369212962963,100,72.708333333333,96.938657407407,,,,,,,,,,,,13,84.6347415123454
RUR9467,RUR9467__S_MACHI_KHOKAR_MR1R3580,12,2G/3G/LTE,Elite,Macro,Standby,C4-SKT-03,Jazz Host/CM-PAK Guest,DEODAR,DG site,100,100,100,100,100,100,100,100,100,100,100,100,100,100,100,100,99.864969135802,100,100,88.660300925925,,,,,,,,,,,,2,99.42626350308635
SKK3103,SKK3103__H_SHKSukheki,9,2G/3G/LTE,Gold,Macro,Standby,C4-HFZ-06,JAZZ,DEODAR,DG site,100,100,99.49074074074,100,100,90.18711419753,100,100,100,100,100,100,100,95.916280864197,100,100,100,100,100,100,,,,,,,,,,,,3,99.27970679012336
RUR4795,RUR4795__S_QDHChuhewali,6,2G/LTE,Gold,Macro,Standby,C4-HFZ-06,JAZZ,DEODAR,DG site,100,100,100,100,100,100,100,100,100,100,100,100,100,87.8125,98.637152777777,100,100,100,100,100,,,,,,,,,,,,2,99.32248263888884
QDS4170,QDS4170__H_HFZRdQilaDidarSingh,12,2G/3G/LTE,Elite,Macro,Standby,C4-HFZ-06,JAZZ,DEODAR,DG site,95.806327160493,96.059027777777,98.975212191358,100,97.342785493827,89.693287037037,88.206500771604,89.724633487654,98.958333333333,97.410783179012,100,100,100,100,100,90.427758487654,100,100,100,100,,,,,,,,,,,,10,97.13023244598745
GUJ3306,GUJ3306__P_RailwayStation,9,2G/3G/LTE,Diamond,Macro,Standby,C4-GUJ-01,JAZZ,DEODAR,DG site,100,100,100,100,100,100,100,100,100,100,100,100,96.572145061728,100,100,100,100,97.214506172839,100,100,,,,,,,,,,,,2,99.68933256172835
HWY0394,HWY0394__H_PindiBhattian,18,2G/3G/LTE,Hub,Macro,Standby,C4-HFZ-06,JAZZ,DEODAR,DG site,100,100,100,100,100,100,100,100,100,100,100,100,100,100,100,100,100,100,100,100,,,,,,,,,,,,0,100
RUR3536,RUR3536__S_AbdullahPur,9,2G/3G/LTE,Diamond,Macro,Standby,C4-HFZ-06,JAZZ,DEODAR,DG site,100,100,100,100,99.987139917695,100,100,100,100,100,100,100,100,99.922839506172,100,100,100,100,100,100,,,,,,,,,,,,2,99.99549897119336
SKT9365,SKT9365__S_Charind,9,2G+4G+L900,Bronze,Macro,B2S,C4-SKT-03,E.CO,E.CO,Non DG Site,100,100,100,100,100,100,100,97.083333333333,100,100,100,100,100,100,100,99.994212962963,100,100,100,100,,,,,,,,,,,,2,99.85387731481481
KMK5929,KMK5929__S_Mohalla Karachi Warid_IK1568,18,2G/3G/LTE,Elite,Macro,Standby,C4-GUJ-01,JAZZ,DEODAR,DG site,100,100,100,100,97.733731995884,100,100,100,99.349601337448,100,100,100,100,100,100,100,100,100,100,100,,,,,,,,,,,,2,99.8541666666666
RUR6520,RUR6520__S_NearRehmatAbad,6,2G/LTE,Diamond,Macro,B2S,C4-NRW-05,E.Co,E.CO,Non DG Site,88.130787037037,100,100,98.983410493827,87.314814814814,96.357060185185,100,89.163773148148,100,100,100,100,100,100,98.208912037037,100,97.838541666666,100,94.995177469135,66.426504629629,,,,,,,,,,,,9,95.8709490740739
RUR6518,RUR6518__S_AkbarChowk,6,2G/LTE,Diamond,Macro,B2S,C4-NRW-05,E.Co,E.CO,Non DG Site,100,100,99.25636574074,100,100,100,100,100,100,95.636574074074,100,100,100,100,100,100,100,100,100,100,,,,,,,,,,,,2,99.74464699074069
PSR4061,PSR4061__P_Railwayrdpasroor,20,2G/3G/LTE,Elite,Macro,Standby,C4-NRW-05,JAZZ,DEODAR,DG site,100,100,100,100,100,100,100,100,98.825810185185,93.239004629629,100,100,100,100,100,100,100,100,99.305266203703,77.694444444444,,,,,,,,,,,,4,98.45322627314803
SKT1620,SKT1620__S_Pasrur_Road_Shamas_Pura_MDSK4277,12,2G/LTE,Platinum,Macro,Standby,C4-SKT-03,Jazz Host/TELENOR Guest,DEODAR,DG site,100,100,100,96.466531635802,100,100,100,99.710648148148,100,100,100,100,100,100,92.188464506172,97.249710648148,100,100,99.992766203703,100,,,,,,,,,,,,5,99.28040605709866
RUR0903,RUR0903__S_Ferozepur,9,2G/3G/LTE,Platinum,Macro,Standby,C4-NRW-05,JAZZ,DEODAR,DG site,100,100,100,100,100,100,100,100,100,100,100,100,100,100,100,100,100,100,99.999356995884,100,,,,,,,,,,,,1,99.9999678497942
SKT9472,SKT9472__S_Muslim Town SKT_MDSK4175,10,2G/3G/LTE,Platinum,Macro,Standby,C4-SKT-03,Jazz Host/CM-PAK Guest,DEODAR,DG site,71.840856481481,100,100,100,99.055555555555,100,100,100,100,99.77662037037,98.590856481481,100,97.083912037037,100,66.72511574074,100,100,100,99.998263888888,100,,,,,,,,,,,,7,96.6535590277776
GUJ1538,GUJ1538__P_IndustrialEstateIIGUJ,12,2G/3G/LTE,Elite,Macro,Standby,C4-GUJ-01,JAZZ,DEODAR,DG site,100,100,100,100,97.988522376543,86.774209104938,93.545524691358,100,100,100,99.720775462963,95.725790895061,100,100,100,100,100,100,99.994212962963,100,,,,,,,,,,,,6,98.68745177469131
RUR5147,RUR5147__S_Langay Warid_MR525365,12,2G/LTE,Diamond,Macro,Standby,C4-NRW-05,JAZZ,DEODAR,DG site,100,98.369020061728,95.908082561728,100,100,96.272183641975,98.015528549382,93.751929012345,100,100,100,94.349440586419,97.250192901234,95.721450617283,93.278356481481,100,100,100,99.999035493827,100,,,,,,,,,,,,10,98.1457609953701
GUJ9427,GUJ9427__S_Chashma Chowk Warid_GJ4730,12,2G/3G/LTE,Platinum,Macro,Standby,C4-GUJ-01,JAZZ,DEODAR,DG site,100,100,100,100,100,94.524305555555,100,99.985339506172,100,100,100,100,86.633101851851,81.039351851851,100,100,100,100,99.998842592592,96.927083333333,,,,,,,,,,,,6,97.9554012345677
RUR0266,RUR0266__S_Gojra,6,2G/LTE,Gold,Macro,Standby,C4-WZD-07,JAZZ,DEODAR,DG site,100,100,100,100,100,100,100,100,100,99.571759259259,100,99.019097222222,97.873263888888,100,100,100,100,100,100,84.916087962963,,,,,,,,,,,,4,99.0690104166666
RUR5621,RUR5621__S_Lalwan,12,2G/LTE,Platinum,Macro,B2S,C4-NRW-05,Enfrashare,Enfrashare,Non DG Site,100,100,100,100,100,100,100,100,100,100,100,100,100,100,100,100,100,100,100,100,,,,,,,,,,,,0,100
SKT9366,SKT9366__S_Bhabrianwala,6,2G+4G+L9,Bronze,Macro,B2S,C4-SKT-03,E.CO,E.CO,Non DG Site,98.483796296296,100,100,100,89.884259259259,98.825231481481,97.997685185185,100,100,100,100,100,100,95.398341049382,95.650077160493,97.488425925925,100,100,100,95.179398148148,,,,,,,,,,,,8,98.44536072530846
HWY0234,HWY0234__P_MuhallahAbbasNagar,18,2G/3G/LTE,Elite,Macro,Deodar CP Prime,C4-GUJ-01,Jazz Host/CM-PAK Guest,DEODAR,Non DG Site,100,96.224922839506,94.983603395061,100,100,100,100,100,100,99.598443930041,100,100,100,100,100,100,100,100,90.842978395061,100,,,,,,,,,,,,4,99.08249742798344
GUJ0731,GUJ0731__H_OldDhulayChowk,12,2G/3G/LTE,Elite,Macro,Deodar CP Prime,C4-GUJ-02,JAZZ,DEODAR,Non DG Site,100,51.146797839506,99.760320216049,100,100,100,100,100,100,100,100,100,100,100,100,100,100,100,99.993730709876,100,,,,,,,,,,,,3,97.54504243827155
GUJ5837,GUJ5837__S_Sharifpura,9,2G/3G/LTE,Platinum,Macro,B2S,C4-GUJ-02,Enfrashare,Enfrashare,Non DG Site,100,99.367283950617,100,100,100,96.45061728395,100,100,100,92.804783950617,96.983024691358,100,100,100,100,100,100,100,100,100,,,,,,,,,,,,4,99.28028549382711
GUJ9408,GUJ9408__S_Station Park Warid_GJ4202,9,2G/3G/LTE,Elite,Macro,Standby,C4-GUJ-02,JAZZ,DEODAR,DG site,100,94.479166666666,100,87.246817129629,85.215084876543,99.304591049382,100,100,100,91.723572530864,96.971450617283,100,81.240354938271,100,98.27449845679,100,95.810185185185,87.093942901234,99.99855324074,85.000482253086,,,,,,,,,,,,12,95.11793499228364
KMK9799,KMK9799__P_MuhammadPura,12,2G/3G/LTE,Elite,Macro,Deodar CP Prime,C4-GUJ-01,Jazz Host/TELENOR+CM-PAK Guest,DEODAR,Non DG Site,100,100,100,100,99.742959104938,100,100,100,99.351851851851,100,100,100,94.452160493827,100,100,100,100,100,100,100,,,,,,,,,,,,3,99.6773485725308
PSR4200,PSR4200__P_FaisalColony,20,2G/3G/LTE,Elite,Macro,Standby,C4-NRW-05,JAZZ,DEODAR,DG site,100,100,100,100,94.463252314814,94.186921296296,100,94.650752314814,96.028356481481,100,100,100,100,100,96.807002314814,100,100,100,87.73292824074,100,,,,,,,,,,,,6,98.19346064814795
KMK5925,KMK5925__S_Mandiala RD-KMK Warid_IK1566,12,2G/3G/LTE,Elite,Macro,Standby,C4-GUJ-01,Jazz Host/UFONE+CM-PAK Guest,DEODAR,DG site,100,100,100,100,100,100,100,100,100,100,100,100,98.997395833333,100,100,100,100,100,100,100,,,,,,,,,,,,1,99.94986979166666
GUJ9439,GUJ9439__S_Sec Y-People Cnly Warid_MDGJ4223,12,2G/3G/LTE,Elite,Macro,Standby,C4-GUJ-01,Jazz Host/UFONE+TELENOR Guest,DEODAR,DG site,99.83555169753,99.904996141975,100,100,99.581886574074,99.714988425925,100,100,100,78.636188271604,86.691261574074,99.853877314814,99.619984567901,100,100,100,100,100,99.992766203703,99.823977623456,,,,,,,,,,,,10,98.18277391975279
RUR8929,RUR8929__H_BWLChowkMiana,9,2G/3G/LTE,Hub,Macro,Standby,C4-MBD-08,JAZZ,DEODAR,DG site,100,100,100,100,100,100,100,100,100,100,100,100,100,100,100,100,100,100,100,100,,,,,,,,,,,,0,100
RUR0807,RUR0807__S_Karyala,8,2G/LTE,Diamond,Macro,Standby,C4-HFZ-06,Jazz Host/TELENOR Guest,DEODAR,DG site,100,100,100,100,100,100,100,100,100,98.909143518518,100,100,100,100,100,100,100,100,100,100,,,,,,,,,,,,1,99.9454571759259
CHW4936,CHW4936__S_tationChwkPasroorRD,20,2G/3G/LTE,Platinum,Macro,Standby,C4-NRW-05,JAZZ,DEODAR,DG site,100,100,100,100,100,100,100,92.013888888888,94.845775462963,100,81.960358796296,88.660300925925,95.455729166666,100,100,100,98.259837962963,94.414930555555,91.153645833333,91.665219907407,,,,,,,,,,,,9,96.4214843749998
SKT6377,SKT6377__S_Shahabpura,9,2G/3G/LTE,Platinum,Macro,B2S,C4-SKT-03,E.Co,E.CO,Non DG Site,98.632330246913,97.774562757201,100,100,55.66936728395,100,100,100,100,100,100,100,100,100,100,100,100,96.265432098765,100,98.400848765432,,,,,,,,,,,,5,97.33712705761306
GUJ9448,GUJ9448__S_Siddiq Colony Warid_MDGJ4646,12,2G/3G/LTE,Elite,Macro,Standby,C4-GUJ-01,JAZZ,DEODAR,DG site,100,100,100,100,100,100,100,100,100,98.192997685185,96.400945216049,100,100,100,100,100,99.265046296296,100,99.994695216049,99.879436728395,,,,,,,,,,,,5,99.6866560570987
PMD9665,PMD9665__S_Pindi_Mandla,9,2G/3G/LTE,Diamond,Macro,Standby,C4-SKT-03,JAZZ,DEODAR,DG site,99.716435185185,98.833590534979,99.962062757201,99.454732510288,99.553112139917,99.663708847736,99.613554526749,99.924768518518,99.513245884773,99.854038065843,99.719650205761,99.942129629629,99.450874485596,99.800668724279,99.989711934156,74.975565843621,91.501414609053,90.745241769547,99.838605967078,99.021347736625,,,,,,,,,,,,20,97.55372299382671
GUJ9417,GUJ9417__S_Ghuman Shah Rd Warid_GJ4154,18,2G/3G/LTE,Platinum,Macro,Standby,C4-GUJ-01,Jazz Host/TELENOR Guest,DEODAR,DG site,96.934799382716,72.93370627572,87.038001543209,93.341049382716,100,100,100,89.087577160493,100,100,100,100,100,100,100,100,100,100,100,100,,,,,,,,,,,,5,96.9667566872427
GUJ3887,GUJ3887__P_ChandDaQila,9,2G/3G/LTE,Elite,Macro,Standby,C4-GUJ-01,JAZZ,DEODAR,DG site,100,100,98.416280864197,100,91.164480452674,100,93.204089506172,100,100,97.05954218107,99.744727366255,100,100,100,100,100,93.654835390946,100,96.788194444444,96.476337448559,,,,,,,,,,,,8,98.32542438271585
SKT4633,SKT4633__S_RorasRoad,9,2G/3G/LTE,Diamond,Macro,Standby,C4-SKT-03,JAZZ,DEODAR,DG site,100,95.372299382716,100,100,100,100,100,100,100,100,100,100,98.842592592592,100,100,100,91.73482510288,100,100,100,,,,,,,,,,,,3,99.2974858539094
KMK4470,KMK4470__P_AliArcadeGTRoad,20,2G/3G/LTE,Elite,Macro,Standby,C4-GUJ-01,Jazz Host/TELENOR Guest,DEODAR,DG site,100,100,100,96.67505787037,94.77199074074,100,100,100,100,100,100,100,100,100,100,100,100,100,100,100,,,,,,,,,,,,2,99.5723524305555
RUR5977,RUR5977__S_Bhalowali Warid_2I3759,12,2G/LTE,Platinum,Macro,Standby,C4-WZD-07,Jazz Host/CM-PAK Guest,DEODAR,DG site,98.340084876543,99.022472993827,99.05574845679,94.602141203703,93.432195216049,91.194540895061,93.557581018518,98.3984375,100,100,100,100,100,100,99.995177469135,100,100,100,100,92.435378086419,,,,,,,,,,,,10,98.00168788580224
GUJ9437,GUJ9437__S_B3-wapda Town Warid_MDGJ4163,15,2G/3G/LTE,Elite,Macro,Standby,C4-GUJ-01,JAZZ,DEODAR,DG site,99.185570987654,97.891203703703,100,99.001157407407,97.878086419753,97.27662037037,97.93287037037,99.315972222222,98.966435185185,98.994212962963,100,97.297839506172,99.283564814814,99.404320987654,99.032021604938,87.576388888888,91.929012345679,98.928626543209,99.043595679012,98.473379629629,,,,,,,,,,,,18,97.87054398148112
QMZ1531,QMZ1531__S_MangatWarid_1I3520,8,2G/LTE,Diamond,Macro,Standby,C4-HFZ-06,Jazz Host/CM-PAK Guest,DEODAR,DG site,100,100,100,98.348524305555,100,90.188802083333,100,100,100,100,100,100,99.99927662037,99.99927662037,96.040219907407,92.444299768518,89.518952546296,78.802083333333,97.83058449074,100,,,,,,,,,,,,9,97.1586009837961
SMB5436,SMB5436__S_RasoolPura_NEW,12,2G/LTE,Platinum,Macro,B2S,C4-WZD-07,Enfrashare,Enfrashare,Non DG Site,100,100,96.8359375,85.690104166666,95.946180555555,83.012635030864,99.99855324074,95.353973765432,64.452642746913,79.298804012345,100,100,100,100,100,100,100,100,100,100,,,,,,,,,,,,8,95.02944155092575
DSK0321,DSK0321__H_Daska,18,2G/3G/LTE,Hub,Macro,Standby,C4-WZD-07,JAZZ,DEODAR,DG site,98.611111111111,96.595293209876,100,100,100,100,100,100,100,100,100,99.9810313786,99.998392489711,99.997749485596,99.996784979423,100,100,100,100,99.986818415637,,,,,,,,,,,,7,99.7583590534977
GUJ9406,GUJ9406__S_MujahidPura Warid_GJ4230,12,2G/3G/LTE,Elite,Macro,Standby,C4-GUJ-01,JAZZ,DEODAR,DG site,100,99.722222222222,97.946084104938,99.047067901234,97.689525462963,99.100597993827,96.48967978395,99.051890432098,100,99.900655864197,99.918499228395,100,100,100,100,99.150752314814,100,100,99.993730709876,100,,,,,,,,,,,,11,99.40053530092571
BGA6989,BGA6989__S_Chak3MandiBaudin,3,2G/LTE,Hub,Macro,Standby,C4-MBD-08,Jazz Host/TELENOR Guest,DEODAR,DG site,100,100,99.091435185185,100,100,100,100,100,100,100,100,100,100,100,100,100,100,100,99.944058641975,100,,,,,,,,,,,,2,99.951774691358
HWY1485,HWY1485__S_MungawalaWarid_25413,9,2G/3G/LTE,Gold,Macro,OMO,C4-HFZ-06,Jazz Guest/CM-PAK Host,CM-PAK ,Non DG Site,88.128215020576,86.127186213991,80.884130658436,87.932741769547,91.942515432098,64.691358024691,72.5295781893,84.713220164609,90.606995884773,94.806455761316,89.836676954732,89.822530864197,95.461033950617,86.511059670781,88.879886831275,94.848894032921,80.6545781893,83.391846707818,91.736111111111,89.766589506172,,,,,,,,,,,,20,86.66358024691306
RUR4623,RUR4623__H_BosalMandiBahauddin,3,2G/LTE,Gold,Macro,Standby,C4-MBD-08,JAZZ,DEODAR,DG site,100,100,100,100,100,100,100,100,100,100,100,100,100,100,100,100,100,100,100,100,,,,,,,,,,,,0,100
SKT1603,SKT1603__S_Haji Pura_MDSK4180,12,2G/3G/LTE,Elite,Macro,Standby,C4-SKT-03,JAZZ,DEODAR,DG site,100,100,90.437403549382,100,100,100,100,100,100,100,100,100,94.879436728395,91.23649691358,100,100,100,100,99.99180169753,100,,,,,,,,,,,,4,98.82725694444434
GUJ5783,GUJ5783__S_RajKot,9,2G/3G/LTE,Elite,Macro,B2S,C4-GUJ-02,Enfrashare,Enfrashare,Non DG Site,100,100,100,100,100,100,100,100,100,100,100,100,100,100,100,100,100,100,100,100,,,,,,,,,,,,0,100
GUJ6295,GUJ6295__S_Yousafpura,9,2G/3G/LTE,Diamond,Macro,B2S,C4-GUJ-02,E.Co,E.CO,Non DG Site,100,100,100,100,100,96.433256172839,100,100,100,99.88811728395,100,100,100,100,100,100,100,100,100,100,,,,,,,,,,,,2,99.81606867283945
SKT5528,SKT5528_H_Sialkot Sankhatra Rd Kishnaywali Kothey Sialkot,9,2G/LTE,Diamond,Macro,B2S,C4-SKT-03,Enfrashare,Enfrashare,Non DG Site,81.739969135802,100,100,100,92.729552469135,100,100,100,100,95.150462962963,100,100,98.420138888888,93.15586419753,100,89.625771604938,100,100,100,94.330632716049,,,,,,,,,,,,7,97.25761959876525
DSK3806,DSK3806__S_Sohawa_Daska,12,2G/3G/LTE,Platinum,Macro,Deodar CP Prime,C4-WZD-07,JAZZ,DEODAR,Non DG Site,70.808738425925,100,89.911747685185,100,100,100,100,100,99.25106095679,100,100,99.992283950617,100,100,99.771894290123,100,98.083526234567,93.789544753086,100,100,,,,,,,,,,,,7,97.58043981481464
RUR9738,RUR9738__S_MaingraFatowal,6,2G/3G/LTE,Gold,Macro,Standby,C4-NRW-05,JAZZ,DEODAR,DG site,100,100,100,100,100,100,100,96.692708333333,100,100,100,100,100,100,100,100,100,98.86574074074,100,100,,,,,,,,,,,,2,99.77792245370365
DMK6995,DMK6995__S_LorrikkeDaska,9,2G/3G/LTE,Diamond,Macro,Deodar CP Prime,C4-WZD-07,Jazz Host/TELENOR Guest,DEODAR,Non DG Site,100,100,100,100,100,100,100,99.567901234567,100,100,100,100,100,100,100,100,100,100,85.416666666666,99.754372427983,,,,,,,,,,,,3,99.2369470164608
RUR4320,RUR4320__H_HKUNPahrianwali,6,2G/LTE,Hub,Macro,Standby,C4-MBD-08,JAZZ,DEODAR,DG site,100,100,100,100,100,100,100,100,100,100,100,100,100,100,100,100,100,100,100,100,,,,,,,,,,,,0,100
RUR4998,RUR4998__H_Skgaddasheikhpur,15,2G/3G/LTE,Hub,Macro,Standby,C4-NRW-05,JAZZ,DEODAR,DG site,100,100,100,100,100,100,100,100,95.629629629629,100,100,100,100,100,100,100,100,100,98.236111111111,100,,,,,,,,,,,,2,99.69328703703701
PHA6218,PHA6218__S_LariAdda_ChowkPhalia_MR335301,20,2G/3G/LTE,Hub,Macro,Standby,C4-MBD-08,Jazz Host/CM-PAK Guest,DEODAR,DG site,100,99.048032407407,98.000289351851,100,100,100,97.663773148148,93.189236111111,100,100,100,100,99.938368055555,100,100,100,100,100,98.103298611111,100,,,,,,,,,,,,6,99.29714988425914
RUR0414,RUR0414__S_Main_Bazar_Peero_Chak_MDSK4112,9,2G/LTE,Gold,Macro,Deodar CP Prime,C4-SKT-03,JAZZ,DEODAR,Non DG Site,100,100,99.98649691358,100,100,100,100,100,100,100,100,100,100,99.749228395061,99.30619855967,100,100,100,100,93.686342592592,,,,,,,,,,,,4,99.63641332304516
KMK6922,KMK6922__P_tankiwala,20,2G/3G/LTE,Elite,Macro,Standby,C4-GUJ-01,JAZZ,DEODAR,DG site,100,100,100,97.3984375,100,100,100,100,100,100,100,100,99.467013888888,100,100,100,100,100,100,100,,,,,,,,,,,,2,99.8432725694444
SKT3410,SKT3410__P_PakkahGarh,12,2G/3G/LTE,Elite,Macro,Standby,C4-SKT-03,JAZZ,DEODAR,DG site,95.052565586419,99.570794753086,100,100,100,100,100,100,100,100,100,100,100,100,100,100,87.140432098765,95.067515432098,99.998842592592,100,,,,,,,,,,,,5,98.84150752314798
RUR9197,RUR9197__S_AdamKay,12,2G/3G/LTE,Platinum,Macro,OMO,C4-WZD-07,Jazz Guest/UFONE Host,UFONE,Non DG Site,99.883294753086,99.868827160493,99.965760030864,99.839891975308,99.869791666666,99.918016975308,99.929108796296,99.820601851851,98.306327160493,91.287133487654,94.214409722222,100,100,98.154417438271,99.25106095679,100,100,100,100,100,,,,,,,,,,,,13,99.0154320987651
RUR9688,RUR9688__S_BHUDAL_PIND_MR2I3758,12,2G/3G/LTE,Elite,Macro,Deodar CP Prime,C4-SKT-03,Jazz Host/CM-PAK+TELENOR Guest,DEODAR,Non DG Site,98.393614969135,95.733506944444,98.194444444444,95.593171296296,94.509066358024,96.173804012345,96.064332561728,98.697916666666,96.462673611111,94.161844135802,96.915027006172,93.746624228395,96.269290123456,98.002025462963,96.146315586419,100,100,100,100,100,,,,,,,,,,,,15,97.25318287037
GUJ3339,GUJ3339__P_AmnaHospitalGuj,18,2G/3G/LTE,Elite,Macro,Standby,C4-GUJ-01,JAZZ,DEODAR,DG site,99.806547619047,100,100,99.779265873015,100,99.768518518518,100,100,99.544201940035,100,99.794422398589,99.786155202821,95.348600088183,100,100,99.55467372134,99.325947971781,96.081900352733,98.814759700176,90.57953042328,,,,,,,,,,,,12,98.90922619047589
KQD1726,KQD1726__S_Adda Wali MasjidWarid_295293,18,2G/3G/LTE,Elite,Macro,Standby,C4-HFZ-06,JAZZ,DEODAR,DG site,100,100,100,100,88.359375,90.172646604938,100,99.979423868312,100,100,100,100,100,100,100,100,100,97.896733539094,100,88.494727366255,,,,,,,,,,,,5,98.24514531892994
STR5974,STR5974__S_Moh Darbar wala Warid_GJ4129,9,2G/3G/LTE,Platinum,Macro,Standby,C4-NRW-05,JAZZ,DEODAR,DG site,100,100,99.924768518518,100,100,100,100,100,100,100,100,100,100,100,100,100,100,100,100,89.20524691358,,,,,,,,,,,,2,99.4565007716049
KMK0969,KMK0969__S_IttehadStore,2,2G/3G/LTE,Bronze,Micro,Jazz CP Prime,C4-GUJ-01,JAZZ,JAZZ,Non DG Site,100,100,100,100,100,100,100,100,100,100,100,100,100,100,100,100,100,100,100,100,,,,,,,,,,,,0,100
SKT6122,SKT6122__S_PakkiKotli,18,2G/LTE,Elite,Macro,B2S,C4-SKT-03,Enfrashare,Enfrashare,Non DG Site,100,100,49.498778292181,100,92.545653292181,100,90.807613168724,100,100,100,100,100,100,100,100,100,100,100,99.997427983539,100,,,,,,,,,,,,4,96.64247363683124
SKG4059,SKG4059__P_BusStdShakargarh,18,2G/LTE,Elite,Macro,Standby,C4-NRW-05,JAZZ,DEODAR,DG site,100,100,99.16345164609,83.145254629629,82.883551954732,100,100,100,100,100,100,100,100,100,100,100,100,100,100,100,,,,,,,,,,,,3,98.25961291152255
GUJ9995,GUJ9995__P_Bank_Colony,9,2G/3G/LTE,Elite,Macro,Standby,C4-GUJ-01,JAZZ,DEODAR,DG site,97.262731481481,94.80324074074,100,90.275848765432,94.086291152263,96.282793209876,96.19341563786,100,97.017103909465,98.632330246913,86.062885802469,96.581790123456,89.250900205761,99.216820987654,97.670396090535,92.848508230452,93.778935185185,89.076003086419,97.882587448559,95.722736625514,,,,,,,,,,,,18,95.13226594650169
GUJ1501,GUJ1501__S_GMCnewmuslimColonyGUJ,9,2G/3G/LTE,Platinum,Macro,OMO,C4-GUJ-01,Jazz Guest/CM-PAK Host,CM-PAK ,Non DG Site,100,100,100,100,100,100,100,100,100,100,100,100,100,100,100,100,100,100,100,100,,,,,,,,,,,,0,100
GUJ6119,GUJ6119__S_KashmirRdFaridTown_CMPak4266,12,2G/3G/LTE,Diamond,Macro,OMO,C4-GUJ-01,Jazz Guest/CM-PAK Host,CM-PAK ,Non DG Site,90.734953703703,90.198206018518,85.92399691358,95.523726851851,94.107349537037,99.932002314814,100,100,100,96.775173611111,98.425925925925,95.418113425925,100,100,97.242476851851,92.604166666666,86.214795524691,95.059317129629,95.105613425925,94.444444444444,,,,,,,,,,,,15,95.3855131172835
SKT5596,SKT5596_H_Gondewali Road Tibbi Sialkot,9,2G/LTE,Gold,Macro,OMO,C4-SKT-03,Jazz Guest/CM-PAK Host,CM-PAK ,Non DG Site,100,100,100,100,100,100,100,100,100,100,100,100,100,100,100,100,100,100,100,100,,,,,,,,,,,,0,100
RUR2720,RUR2720__S_Beerh,6,2G/LTE,Bronze,Macro,B2S,C4-SKT-03,ATL,ATL,Non DG Site,100,100,100,100,100,100,100,100,100,100,100,100,100,100,100,100,100,100,100,100,,,,,,,,,,,,0,100
RUR1127,RUR1127__S_OffloadRUR4037A,12,2G/3G/LTE,Platinum,Macro,Standby,C4-NRW-05,Jazz Host/CM-PAK Guest,DEODAR,DG site,99.702449845679,99.746817129629,99.723668981481,99.860628858024,99.907407407407,99.883777006172,99.835069444444,99.718846450617,99.929591049382,99.740065586419,99.928144290123,99.832658179012,99.928144290123,99.784915123456,99.713541666666,98.345389660493,99.716435185185,99.784915123456,91.452064043209,97.477334104938,,,,,,,,,,,,20,99.20059317129576
SDK5916,SDK5916__S_GTRDSadhokeWarid_ES4293,18,2G/3G/LTE,Elite,Macro,Standby,C4-GUJ-01,JAZZ,DEODAR,DG site,100,99.962384259259,99.798418209876,99.968814300411,99.994855967078,86.142939814814,100,99.995820473251,100,99.837319958847,100,99.891332304526,99.865933641975,100,99.853395061728,87.482638888888,99.9810313786,99.911908436214,100,100,,,,,,,,,,,,13,98.63433963477334
GUJ5505,GUJ5505__S_ShadmanColony_Ufone3910,12,2G/3G/LTE,Diamond,Macro,OMO,C4-GUJ-01,Jazz Guest/UFONE Host,UFONE,Non DG Site,88.235918209876,99.41936728395,81.660397376543,96.863425925925,78.641975308642,78.994984567901,89.188850308642,98.535879629629,100,100,95.880111882716,82.51880787037,99.30893132716,94.928626543209,90.34336419753,92.631655092592,94.231288580246,100,88.873456790123,91.433256172839,,,,,,,,,,,,17,92.08451485339467
GUJ4147,GUJ4147__P_arywallaRd,12,2G/3G/LTE,Elite,Macro,Standby,C4-GUJ-02,JAZZ,DEODAR,DG site,84.946469907407,94.988908179012,99.456018518518,92.068383487654,95.856963734567,98.634259259259,99.993730709876,99.966724537037,100,100,99.590567129629,100,100,100,100,100,94.84905478395,98.72974537037,98.214216820987,94.580439814814,,,,,,,,,,,,13,97.593774112654
RUR0801,RUR0801__S_Shahzada,6,2G/LTE,Gold,Macro,B2S,C4-NRW-05,Enfrashare,Enfrashare,Non DG Site,100,100,100,100,100,100,100,98.727816358024,100,100,100,100,100,100,100,100,100,100,98.637152777777,100,,,,,,,,,,,,2,99.86824845679004
GUJ9461,GUJ9461__S_Gulzar Colony Warid_MDGJ4235,12,2G/3G/LTE,Elite,Macro,OMO,C4-GUJ-01,Jazz Guest/CM-PAK Host,CM-PAK ,Non DG Site,65.747010030864,96.114486882716,97.430555555555,94.760320216049,91.771315586419,100,100,96.841724537037,100,91.97868441358,99.189332561728,95.50636574074,99.159915123456,100,98.042534722222,94.48543595679,99.410204475308,90.912422839506,94.477719907407,93.491994598765,,,,,,,,,,,,16,94.96600115740709
KMK8981,KMK8981__P_MohalaDarveshpura,12,2G/3G/LTE,Elite,Macro,Standby,C4-GUJ-01,JAZZ,DEODAR,DG site,100,100,100,100,100,96.666666666666,92.611882716049,99.441068672839,97.86361882716,74.974440586419,99.532696759259,99.997588734567,100,100,100,100,100,100,100,100,,,,,,,,,,,,7,98.05439814814795
RUR4663,RUR4663__S_GUJAddaQaziKot,18,2G/3G/LTE,Platinum,Macro,Deodar CP Prime,C4-HFZ-06,JAZZ,DEODAR,Non DG Site,100,100,100,100,100,100,97.874549897119,99.060892489711,100,100,100,100,100,100,100,100,100,100,100,100,,,,,,,,,,,,2,99.8467721193415
SKT5149,SKT5149__S_Nazimabad Warid_MDSK4276,12,2G/3G/LTE,Elite,Macro,Deodar CP Prime,C4-SKT-03,JAZZ,DEODAR,Non DG Site,100,100,100,100,100,100,100,99.708719135802,100,100,100,100,100,100,100,92.771026234567,92.397762345679,100,99.993730709876,100,,,,,,,,,,,,4,99.24356192129619
RUR8836,RUR8836__S_JandasingGuj,12,2G/3G/LTE,Platinum,Macro,Standby,C4-HFZ-06,JAZZ,DEODAR,DG site,100,100,100,100,100,100,100,100,90.085358796296,81.320408950617,100,100,100,100,100,100,100,100,100,100,,,,,,,,,,,,2,98.57028838734564
SKT0572,SKT0572__P_Bohri Mohalla,12,2G/3G/LTE,Platinum,Macro,Standby,C4-SKT-03,Jazz Host/UFONE Guest,DEODAR,DG site,100,100,100,100,100,100,100,96.918885030864,100,100,100,100,100,100,100,100,98.886477623456,100,99.994695216049,95.445119598765,,,,,,,,,,,,4,99.56225887345668
GUJ9410,GUJ9410__S_Baghwala Warid_GJ4214,12,2G/3G/LTE,Elite,Macro,Standby,C4-GUJ-02,JAZZ,DEODAR,DG site,99.341724537037,99.58236882716,100,99.670138888888,98.904320987654,100,100,100,100,100,90.77305169753,100,100,100,100,100,100,87.982735339506,99.994212962963,98.46836419753,,,,,,,,,,,,8,98.73584587191341
GUJ5576,GUJ5576_H_Gondlanwala Rd Siddique Akbar Town Gujranwala,9,2G/LTE,Platinum,Macro,OMO,C4-GUJ-02,Jazz Guest/CM-PAK Host,CM-PAK ,Non DG Site,90.581918724279,71.25257201646,79.850823045267,93.702417695473,87.777134773662,96.559284979423,97.33153292181,82.950102880658,96.067386831275,97.049254115226,97.466563786008,95.877057613168,96.260931069958,98.004758230452,93.519804526749,92.644675925925,97.226723251028,94.813528806584,91.79140946502,95.145961934156,,,,,,,,,,,,20,92.29369212962905
GUJ4662,GUJ4662__S_KhyaliBypass,9,2G/3G/LTE,Platinum,Macro,Deodar CP Prime,C4-GUJ-01,JAZZ,DEODAR,Non DG Site,100,100,89.801311728395,42.55787037037,55.154320987654,100,96.278935185185,100,100,91.828703703703,99.756944444444,100,100,100,100,100,100,100,100,100,,,,,,,,,,,,6,93.76890432098756
GUJ3305,GUJ3305__H_Ferozwala,12,2G/3G/LTE,Elite,Macro,Standby,C4-GUJ-01,Jazz Host/TELENOR Guest,DEODAR,DG site,96.125096450617,96.938657407407,92.014371141975,100,100,99.588155864197,100,100,100,100,100,99.987461419753,100,100,100,99.987461419753,100,100,92.094907407407,95.268614969135,,,,,,,,,,,,8,98.60023630401217
DSK5295,DSK5295__S_Islam Pura_RL_DSK3493,16,2G/3G/LTE,Elite,Macro,Standby,C4-WZD-07,Jazz Host/CM-PAK Guest,DEODAR,DG site,100,87.881582754629,94.31495949074,92.647569444444,100,100,100,100,96.825086805555,99.996021412037,96.607711226851,100,98.35865162037,95.977285879629,100,100,100,93.634259259259,96.331380208333,100,,,,,,,,,,,,10,97.62872540509235
DSK5985,DSK5985__S_Circular RD Warid_DK5757,9,2G/3G/LTE,Elite,Macro,Standby,C4-WZD-07,JAZZ,DEODAR,DG site,98.51015946502,100,89.900334362139,100,100,100,100,100,99.24961419753,100,100,92.823431069958,100,100,100,98.988554526749,100,100,100,98.243312757201,,,,,,,,,,,,6,98.88577031892986
RUR5662,RUR5662_H_USF_USLK021_Changa BaghatPur Rd Wala Kalar Sialkot,6,2G/LTE,Diamond,Macro,B2S,C4-NRW-05,Enfrashare,Enfrashare,Non DG Site,99.21875,100,100,100,100,100,100,100,100,100,98.958333333333,100,100,100,100,100,100,94.351851851851,100,99.542824074074,,,,,,,,,,,,4,99.6035879629629
RUR0434,RUR0434__H_ChowkySukhakey,6,2G/LTE,Diamond,Macro,Standby,C4-HFZ-06,Jazz Host/CM-PAK Guest,DEODAR,DG site,100,100,100,100,100,100,100,100,100,100,100,100,100,100,100,100,100,100,100,100,,,,,,,,,,,,0,100
HFZ5759,HFZ5759__S_Jeelanipura,9,2G/LTE,Elite,Macro,B2S,C4-HFZ-06,Enfrashare,Enfrashare,Non DG Site,100,100,100,100,100,100,100,100,100,100,100,100,100,100,100,100,100,100,100,100,,,,,,,,,,,,0,100
SMB2422,SMB2422__S_Opposite_DryportWarid_MDSK1583,18,2G/3G/LTE,Elite,Macro,Standby,C4-WZD-07,JAZZ,DEODAR,DG site,100,100,98.968621399177,97.424768518518,100,99.529963991769,100,100,100,100,100,100,100,100,100,100,100,100,100,100,,,,,,,,,,,,3,99.7961676954732
GUJ9464,GUJ9464__S_Chicherwali Warid_MDGJ4218,12,2G/3G/LTE,Elite,Macro,Standby,C4-GUJ-01,JAZZ,DEODAR,DG site,100,100,100,100,89.877025462963,100,100,100,100,100,100,100,100,100,100,100,100,68.048321759259,54.085165895061,95.584008487654,,,,,,,,,,,,4,95.37972608024685
RUR6098,RUR6098__S_GondalWarid_MDSK3985,6,2G/LTE,Gold,Macro,OMO,C4-SKT-03,Jazz Guest/UFONE Host,UFONE,Non DG Site,100,100,100,100,100,100,100,100,100,100,100,100,100,100,100,100,98.206018518518,100,100,100,,,,,,,,,,,,1,99.9103009259259
HWY3950,HWY3950__P_SKTAwanSports,12,2G/3G/LTE,Elite,Macro,Standby,C4-SKT-03,Jazz Host/TELENOR Guest,DEODAR,DG site,93.374807098765,96.811342592592,100,100,99.068287037037,99.147858796296,100,100,100,99.349440586419,100,100,100,100,96.773244598765,99.44637345679,100,100,100,85.469714506172,,,,,,,,,,,,8,98.4720534336418
HFZ5343,HFZ5343__S_DefenceColony,9,2G/3G/LTE,Elite,Macro,B2S,C4-HFZ-06,E.Co,E.CO,Non DG Site,100,100,100,100,100,100,100,100,100,100,100,100,100,84.332561728395,100,100,100,100,100,100,,,,,,,,,,,,1,99.21662808641975
HWY5982,HWY5982__S_Kot Bhukran Warid_365324,20,2G/3G/LTE,Platinum,Macro,Standby,C4-WZD-07,Jazz Host/TELENOR Guest,DEODAR,DG site,99.983506944444,100,100,100,100,100,100,100,100,100,100,95.830150462963,90.281828703703,100,100,93.887152777777,99.9765625,99.97974537037,100,99.918692129629,,,,,,,,,,,,7,98.99288194444429
GUJ9728,GUJ9728__P_Khyali_BypassGujwala,16,2G/3G/LTE,Elite,Macro,Standby,C4-HFZ-06,Jazz Host/UFONE Guest,DEODAR,DG site,99.950810185185,100,100,100,100,100,98.286313657407,96.05396412037,100,100,99.756221064814,100,98.163700810185,100,99.779730902777,99.732711226851,98.365885416666,86.864149305555,98.504774305555,97.263816550925,,,,,,,,,,,,11,98.6361038773145
RUR9455,RUR9455__S_Mandiala Warid_MR2I3761,6,2G/LTE,Bronze,Macro,Standby,C4-GUJ-01,JAZZ,DEODAR,DG site,96.07349537037,91.400462962963,80.942322530864,90.034722222222,89.873649691358,96.318479938271,92.608024691358,96.898148148148,97.703510802469,99.281442901234,97.201967592592,95.476466049382,97.916666666666,97.387152777777,94.398148148148,98.539737654321,95.68287037037,93.875385802469,95.624035493827,96.848958333333,,,,,,,,,,,,20,94.7042824074071
SKT8839,SKT8839__P_MuradPurNaiAbadiSKT,12,2G/3G/LTE,Elite,Macro,Standby,C4-SKT-03,Jazz Host/TELENOR Guest,DEODAR,DG site,100,100,100,100,100,100,94.701967592592,100,100,100,100,100,100,100,100,100,100,90.460069444444,99.992766203703,100,,,,,,,,,,,,3,99.25774016203695
RUR5046,RUR5046__S_Goorsial,12,2G/3G/LTE,Elite,Macro,Standby,C4-NRW-05,Jazz Host/CM-PAK Guest,DEODAR,DG site,100,100,100,100,100,100,100,100,100,100,100,100,100,100,100,100,100,100,99.43287037037,100,,,,,,,,,,,,1,99.9716435185185
GUJ0726,GUJ0726__P_Fatomand,18,2G/3G/LTE,Elite,Macro,Standby,C4-GUJ-02,Jazz Host/UFONE+TELENOR Guest,DEODAR,DG site,100,100,100,100,100,98.138181584362,100,100,100,100,91.01691100823,100,97.861689814814,100,100,100,100,100,100,100,,,,,,,,,,,,3,99.3508391203703
GUJ9942,GUJ9942__P_JamiaHanifa,18,2G/3G/LTE,Elite,Macro,Standby,C4-GUJ-02,JAZZ,DEODAR,DG site,100,100,100,100,100,95.833333333333,91.57857510288,100,100,100,100,100,100,100,100,100,100,100,93.402777777777,76.595293209876,,,,,,,,,,,,4,97.8704989711933
RUR9471,RUR9471__S_Hir_MDSK4518,9,2G/3G/LTE,Platinum,Macro,Deodar CP Prime,C4-SKT-03,JAZZ,DEODAR,Non DG Site,100,99.540252057613,100,100,100,100,100,100,100,100,100,100,100,100,100,100,100,100,93.211805555555,100,,,,,,,,,,,,2,99.6376028806584
JPB1364,JPB1364__P_Pindi Bhattian Road Jalapur BhattianWarid_315320,12,2G/3G/LTE,Elite,Macro,Standby,C4-HFZ-06,JAZZ,DEODAR,DG site,99.999035493827,99.999517746913,99.999035493827,99.998070987654,100,100,89.819637345679,100,100,100,100,100,100,94.592496141975,100,99.99855324074,100,100,100,100,,,,,,,,,,,,7,99.22031732253075
GUJ5850,GUJ5850_H_Muslim Town Rehmanpura,9,2G/LTE,Platinum,Macro,B2S,C4-GUJ-02,Enfrashare,Enfrashare,Non DG Site,100,100,100,100,100,100,100,100,100,100,100,100,100,100,100,100,100,100,100,100,,,,,,,,,,,,0,100
GUJ5900,GUJ5900_H_Mubarak Colony Gujranwala,6,2G/LTE,Platinum,Macro,B2S,C4-GUJ-02,E.Co,E.CO,Non DG Site,100,100,100,100,100,98.738425925925,100,100,100,100,99.829282407407,100,100,100,100,99.860146604938,100,100,100,100,,,,,,,,,,,,3,99.92139274691348
RUR5579,RUR5579__S_RajputTown,9,2G/LTE,Platinum,Macro,B2S,C4-GUJ-02,Enfrashare,Enfrashare,Non DG Site,100,100,100,100,100,100,100,100,100,100,100,100,100,100,100,100,100,100,100,100,,,,,,,,,,,,0,100
RUR0720,RUR0720__S_Khambranwala,9,2G/3G/LTE,Hub,Macro,Standby,C4-WZD-07,Jazz Host/CM-PAK Guest,DEODAR,DG site,100,100,100,100,100,100,100,100,100,100,100,100,100,94.452803497942,93.143647119341,100,100,100,100,100,,,,,,,,,,,,2,99.37982253086416
RUR1914,RUR1914_H_USF_UCMW003_Kalas Sharif Po Miayani Bhera Sargodha,2,2G/LTE,Bronze,Macro,B2S,C4-MBD-08,ATL,ATL,Non DG Site,100,100,83.333333333333,72.945601851851,100,100,100,100,100,100,100,100,100,100,86.71875,100,100,90.711805555555,86.915509259259,85.376157407407,,,,,,,,,,,,6,95.30005787037024
GUJ6093,GUJ6093__S_IftikharColony_CMPak42918,18,2G/3G/LTE,Platinum,Macro,OMO,C4-HFZ-06,Jazz Guest/CM-PAK Host,CM-PAK ,Non DG Site,90.344650205761,84.732510288065,64.911908436214,98.36066100823,34.970100308642,56.156764403292,58.63811728395,60.027327674897,61.352559156378,59.638631687242,60.323431069958,59.570473251028,58.101208847736,57.532793209876,59.099472736625,55.842656893004,41.89654063786,53.972479423868,59.536394032921,71.12461419753,,,,,,,,,,,,20,62.306664737653854
RUR6176,RUR6176__S_Dhol_Ranjha_MDPH1532,8,2G/LTE,Diamond,Macro,Standby,C4-MBD-08,JAZZ,DEODAR,DG site,91.970486111111,97.540509259259,80.715422453703,90.402199074074,93.537326388888,93.6328125,100,100,100,100,100,100,100,100,100,100,100,100,100,100,,,,,,,,,,,,6,97.38993778935176
HFZ5803,HFZ5803__S_MuhammadMianDaKot,9,2G/3G/LTE,Platinum,Macro,B2S,C4-HFZ-06,Enfrashare,Enfrashare,Non DG Site,100,100,100,100,100,100,100,100,100,100,100,100,100,100,100,100,100,100,100,100,,,,,,,,,,,,0,100
HFZ3892,HFZ3892__S_MuhalahuzafrKhn,12,2G/3G/LTE,Elite,Macro,Standby,C4-HFZ-06,Jazz Host/UFONE Guest,DEODAR,DG site,100,100,100,100,100,98.955922067901,100,100,100,95.806327160493,100,100,100,100,100,100,100,100,98.060860339506,98.340567129629,,,,,,,,,,,,4,99.55818383487644
SKG3828,SKG3828__S_MohallahIsbSKG,12,2G/3G/LTE,Platinum,Macro,Standby,C4-NRW-05,JAZZ,DEODAR,DG site,100,100,100,83.145254629629,91.944444444444,100,100,96.055169753086,100,100,100,98.878279320987,100,100,100,100,100,100,89.170524691358,87.683256172839,,,,,,,,,,,,6,97.34384645061715
RUR5937,RUR5937__S_Karial-NVKWarid_SH7649,9,2G/3G/LTE,Diamond,Macro,OMO,C4-HFZ-06,Jazz Guest/CM-PAK Host,CM-PAK ,Non DG Site,100,98.948688271604,100,100,100,100,100,91.12461419753,100,100,100,100,91.610082304526,100,100,100,100,100,100,92.305169753086,,,,,,,,,,,,4,98.69942772633729
GUJ9441,GUJ9441__S_Mominabad Warid_MDGJ4221,12,2G/3G/LTE,Elite,Macro,Standby,C4-GUJ-02,JAZZ,DEODAR,DG site,95.465856481481,90.958236882716,97.373167438271,92.988522376543,87.380883487654,92.738715277777,97.08912037037,98.876832561728,99.00318287037,98.060860339506,99.409722222222,97.573784722222,93.686342592592,97.355324074074,98.831500771604,96.625675154321,96.101466049382,97.904610339506,92.462866512345,95.957754629629,,,,,,,,,,,,20,95.79222125771564
RUR1063,RUR1063__S_Narang,6,2G/3G/LTE,Gold,Macro,Standby,C4-MBD-08,Jazz Host/CM-PAK Guest,DEODAR,DG site,100,100,100,100,100,100,100,100,100,100,100,100,100,100,87.410300925925,100,100,100,100,99.976851851851,,,,,,,,,,,,2,99.3693576388888
HWY0700,HWY0700__S_BhiloMahar,20,2G/3G/LTE,Elite,Macro,Deodar CP Prime,C4-WZD-07,JAZZ,DEODAR,Non DG Site,100,100,100,100,100,100,100,100,100,100,100,100,100,100,87.198206018518,96.901909722222,100,100,100,100,,,,,,,,,,,,2,99.205005787037
SKT2115,SKT2115__S_DaskaRoad,9,2G/3G/LTE,Diamond,Macro,OMO,C4-SKT-03,Jazz Guest/UFONE Host,UFONE,Non DG Site,100,100,100,100,100,100,100,100,100,100,100,100,99.992926954732,100,99.98778292181,99.994855967078,100,99.997427983539,100,100,,,,,,,,,,,,4,99.99864969135794
GMW9713,GMW9713__S_Ghumawala,9,2G/3G/LTE,Platinum,Macro,Standby,C4-HFZ-06,JAZZ,DEODAR,DG site,100,100,99.016846707818,100,100,94.622556584362,98.443930041152,99.313271604938,100,100,100,100,100,99.364068930041,100,100,100,100,100,100,,,,,,,,,,,,5,99.53803369341554
SKT8136,SKT8136__Q_ModernBookAzizShahR,4,2G/3G/LTE,Bronze,Micro,Jazz CP Prime,C4-SKT-03,JAZZ,JAZZ,Non DG Site,100,99.524016203703,100,100,100,94.911747685185,100,100,100,94.826388888888,100,100,99.722222222222,100,100,100,89.633969907407,100,99.997106481481,98.454861111111,,,,,,,,,,,,7,98.85351562499986
PND5667,PND5667_H_Near Jamia Masjid,6,2G/LTE,Gold,Macro,B2S,C4-HFZ-06,Enfrashare,Enfrashare,Non DG Site,100,100,100,100,100,100,100,100,100,100,100,100,100,100,100,100,100,100,100,100,,,,,,,,,,,,0,100
DHW6981,DHW6981__S_ChakralaSialkot,12,2G/3G/LTE,Platinum,Macro,Standby,C4-SKT-03,Jazz Host/TELENOR Guest,DEODAR,DG site,90.982349537037,100,100,100,95.615354938271,100,93.359375,97.678915895061,94.801311728395,98.129340277777,100,99.983603395061,100,100,90.109953703703,100,100,100,98.103298611111,100,,,,,,,,,,,,9,97.9381751543208
TMK9457,TMK9457__S_Tarwandi Musa Khan Warid_MDGJ4142,9,2G/3G/LTE,Platinum,Macro,Standby,C4-GUJ-01,JAZZ,DEODAR,DG site,92.541152263374,84.119727366255,100,100,100,99.73186728395,100,100,100,100,100,100,100,100,100,100,100,100,100,100,,,,,,,,,,,,3,98.81963734567896
SKT8935,SKT8935__S_DiamondCity,6,2G/LTE,Bronze,Macro,B2S,C4-SKT-03,E.Co,E.Co,Non DG Site,94.484953703703,97.760416666666,95.950038580246,99.444444444444,99.427083333333,99.456018518518,99.409722222222,95.182291666666,98.628472222222,99.010416666666,98.912037037037,99.400077160493,98.819444444444,96.736111111111,98.726851851851,98.379629629629,94.565007716049,100,96.608796296296,97.488425925925,,,,,,,,,,,,19,97.91951195987608
GUJ0309,GUJ0309__P_GhantaGharGUJ,9,2G/3G/LTE,Elite,Macro,Standby,C4-GUJ-02,Jazz Host/UFONE Guest,DEODAR,DG site,100,100,98.132716049382,100,96.938657407407,95.742669753086,96.781121399177,100,98.790509259259,100,100,97.40162037037,89.922196502057,90.935570987654,100,100,100,100,100,100,,,,,,,,,,,,8,98.2322530864196
GUJ3066,GUJ3066__S_inkRdMalikPark,9,2G/3G/LTE,Elite,Macro,Standby,C4-GUJ-02,JAZZ,DEODAR,DG site,100,98.45357510288,99.393647119341,97.074974279835,99.172453703703,98.152649176954,100,100,100,99.983924897119,100,100,100,100,100,100,94.83024691358,99.224537037037,97.916666666666,88.903034979423,,,,,,,,,,,,10,98.6552854938269
KQD5526,KQD5526_H_Khanqah Dogran Nankana Sahib,6,2G/LTE,Gold,Macro,B2S,C4-HFZ-06,Enfrashare,Enfrashare,Non DG Site,91.397569444444,90.330825617283,85.978009259259,87.55787037037,93.96412037037,90.188078703703,77.906057098765,77.869405864197,92.1875,94.989390432098,94.050925925925,93.605324074074,94.347029320987,94.138695987654,95.659722222222,100,100,61.508487654321,94.050925925925,89.448302469135,,,,,,,,,,,,18,89.95891203703658
GUJ9421,GUJ9421__S_Bakhteywala Warid_GJ1833,18,2G/3G/LTE,Elite,Macro,Standby,C4-GUJ-02,JAZZ,DEODAR,DG site,97.575782627866,100,100,100,95.70877425044,100,100,100,100,100,100,100,100,100,100,100,100,100,99.999448853615,100,,,,,,,,,,,,3,99.66420028659604
RUR4042,RUR4042__H_AddaEesa,12,2G/3G/LTE,Elite,Macro,Standby,C4-NRW-05,JAZZ,DEODAR,DG site,99.998914930555,100,100,100,100,95.107060185185,86.798321759259,94.555483217592,100,100,100,100,100,100,100,100,100,100,99.99927662037,100,,,,,,,,,,,,5,98.82295283564805
GUJ3778,GUJ3778__P_HondaSalesCentre,9,2G/3G/LTE,Elite,Macro,Standby,C4-GUJ-01,JAZZ,DEODAR,DG site,98.225308641975,95.208333333333,94.24961419753,100,100,100,92.932098765432,100,100,100,100,100,100,100,100,100,99.210390946502,68.131430041152,89.637345679012,100,,,,,,,,,,,,7,96.8797260802468
RUR0887,RUR0887__S_Fatehpur,9,2G/3G/LTE,Platinum,Macro,Deodar CP Prime,C4-NRW-05,Jazz Host/TELENOR Guest,DEODAR,Non DG Site,100,100,100,100,100,100,100,89.122299382716,100,100,100,100,100,100,98.684413580246,100,100,100,100,100,,,,,,,,,,,,2,99.3903356481481
HFZ9634,HFZ9634__P_MadinaClnyHafizabad,9,2G/3G/LTE,Platinum,Macro,B2S,C4-HFZ-06,Enfrashare,Enfrashare,Non DG Site,100,100,100,100,100,100,100,100,100,100,100,100,100,100,100,100,100,100,100,100,,,,,,,,,,,,0,100
RUR5623,RUR5623__S_DullamKahalwan,6,2G/LTE,Diamond,Macro,B2S,C4-NRW-05,Enfrashare,Enfrashare,Non DG Site,86.808449074074,100,100,100,99.998070987654,99.973958333333,100,99.810956790123,100,100,99.913194444444,100,100,100,100,60.683834876543,60.07137345679,98.398919753086,98.440393518518,100,,,,,,,,,,,,9,95.20495756172825
RUR4668,RUR4668__S_GUJMandialaTega,18,2G/3G/LTE,Platinum,Macro,Deodar CP Prime,C4-GUJ-01,JAZZ,DEODAR,Non DG Site,100,100,100,96.677919238683,100,100,100,100,98.324009773662,100,65.034079218107,38.466113683127,78.499549897119,100,100,100,100,100,100,100,,,,,,,,,,,,5,93.85008359053492
HFQ6172,HFQ6172__S_Head_Faqeeriyan_MandiBahaodin warid_MR335412,9,2G/3G/LTE,Platinum,Macro,Deodar CP Prime,C4-MBD-08,JAZZ,DEODAR,Non DG Site,100,100,100,100,100,100,100,100,100,100,100,100,100,100,100,100,99.942772633744,92.00552983539,100,100,,,,,,,,,,,,2,99.5974151234567
KMK5618,KMK5618__S_PakTown_CMPak40683,12,2G/3G/LTE,Elite,Macro,OMO,C4-GUJ-01,Jazz Guest/CM-PAK Host,CM-PAK ,Non DG Site,100,98.512731481481,98.897569444444,96.984953703703,100,100,97.075135030864,96.028163580246,100,97.920042438271,97.844328703703,100,85.641396604938,100,99.652777777777,96.225405092592,100,90.430652006172,31.497878086419,85.408468364197,,,,,,,,,,,,13,93.60597511574034
RUR5650,RUR5650_USF_USLK007_Chak Dodhoo Narowal,15,2G/LTE,Platinum,Macro,Solar+DG,C4-NRW-05,JAZZ,DEODAR,DG site,100,67.659722222222,100,100,93.310956790123,100,100,100,100,100,100,100,100,100,100,100,100,95.833333333333,69.111111111111,100,,,,,,,,,,,,4,96.29575617283946
GUJ6260,GUJ6260__S_GMagnoliaPark,9,2G/3G/LTE,Elite,Macro,B2S,C4-GUJ-01,E.Co,E.CO,Non DG Site,100,100,100,100,100,100,100,100,100,100,100,100,100,100,100,100,100,100,100,100,,,,,,,,,,,,0,100
RUR6299,RUR6299__S_PiruChak,6,2G/LTE,Gold,Macro,B2S,C4-GUJ-01,E.Co,E.CO,Non DG Site,100,98.243634259259,100,100,90.677083333333,100,95.998263888888,100,100,100,100,100,100,100,100,100,100,76.692708333333,72.308063271604,97.285879629629,,,,,,,,,,,,6,96.56028163580228
GUJ0724,GUJ0724__P_Garjakh,12,2G/3G/LTE,Elite,Macro,Standby,C4-GUJ-02,JAZZ,DEODAR,DG site,91.079282407407,91.371527777777,91.661361882716,91.267361111111,93.427372685185,100,100,100,100,100,99.593942901234,99.41936728395,100,99.953221450617,100,100,100,98.69068287037,99.993730709876,100,,,,,,,,,,,,10,97.82289255401216
SKT2117,SKT2117__S_AdalatGarhUgokiRoad,12,2G/3G/LTE,Platinum,Macro,OMO,C4-SKT-03,Jazz Guest/UFONE Host,UFONE,Non DG Site,100,100,100,100,100,100,100,100,100,100,100,100,100,100,100,100,100,99.665798611111,99.982156635802,100,,,,,,,,,,,,2,99.98239776234566
SKT4628,SKT4628__S_HolyTrinitySKT_Cantt,12,2G/3G/LTE,Elite,Macro,Deodar CP Prime,C4-SKT-03,JAZZ,DEODAR,Non DG Site,100,99.622878086419,100,100,100,100,100,99.985532407407,100,100,90.81356095679,100,100,99.983603395061,100,100,90.924479166666,100,99.996624228395,100,,,,,,,,,,,,6,99.0663339120369
SKT3810,SKT3810__S_PremnagarSialKt,9,2G/3G/LTE,Gold,Macro,Deodar CP Prime,C4-SKT-03,JAZZ,DEODAR,Non DG Site,100,100,100,100,100,100,100,95.027006172839,99.995498971193,100,100,100,100,100,67.204861111111,100,100,100,100,100,,,,,,,,,,,,3,98.11136831275715
RUR6296,RUR6296__S_Baddoke,6,2G/LTE,Gold,Macro,B2S,C4-WZD-07,E.Co,E.CO,Non DG Site,91.041666666666,90.260416666666,100,100,100,100,100,100,100,100,100,100,100,100,99.239004629629,100,100,100,99.820601851851,87.913773148148,,,,,,,,,,,,5,98.41377314814801
RUR9039,RUR9039__S_CitiHousingSociety,6,2G+4G+L9,Gold,Macro,B2S,C4-SKT-03,ATL,ATL,Non DG Site,100,100,100,100,100,100,100,100,100,100,100,100,100,99.971064814814,99.241898148148,100,100,100,100,99.612268518518,,,,,,,,,,,,3,99.941261574074
RUR5756,RUR5756__S_Aroop,18,2G/3G/LTE,Gold,Macro,OMO,C4-GUJ-01,Jazz Guest/UFONE Host,UFONE,Non DG Site,7.638888888888,39.49749228395,86.973379629629,100,87.289416152263,100,92.501607510288,100,100,100,100,100,100,100,96.218171296296,93.664158950617,97.404835390946,95.088734567901,97.355967078189,84.295910493827,,,,,,,,,,,,11,88.8964281121397
SLM3940,SLM3940__S_PindiRawan,9,2G/3G/LTE,Diamond,Macro,Deodar CP Prime,C4-MBD-08,Jazz Host/TELENOR Guest,DEODAR,Non DG Site,100,100,100,100,100,100,94.40586419753,100,100,100,100,100,100,96.132330246913,93.123070987654,100,97.347608024691,100,100,100,,,,,,,,,,,,4,99.0504436728394
GUJ9435,GUJ9435__S_khialiWarid_MDGJ4635,18,2G/3G/LTE,Elite,Macro,OMO,C4-GUJ-01,Jazz Guest/CM-PAK Host,CM-PAK ,Non DG Site,100,100,100,100,100,100,100,100,100,100,100,100,98.903356481481,93.824266975308,100,100,100,100,99.999678497942,100,,,,,,,,,,,,3,99.63636509773656
DSK5669,DSK5669_H_Gaga Daska Sialkot,6,2G/LTE,Elite,Macro,B2S,C4-WZD-07,Enfrashare,Enfrashare,Non DG Site,100,100,100,100,100,100,100,100,100,100,100,100,100,100,100,100,100,98.550347222222,100,100,,,,,,,,,,,,1,99.9275173611111
KMK4008,KMK4008__P_salamatPura,12,2G/3G/LTE,Elite,Macro,Standby,C4-GUJ-01,JAZZ,DEODAR,DG site,78.830054012345,92.539544753086,80.430169753086,85.005787037037,100,100,99.369212962963,100,100,100,97.457561728395,100,98.861882716049,100,100,100,100,100,100,100,,,,,,,,,,,,7,96.62471064814805
RUR0468,RUR0468__S_SalehPur,12,2G/3G/LTE,Platinum,Macro,OMO,C4-GUJ-01,Jazz Guest/UFONE Host,UFONE,Non DG Site,100,100,100,100,100,100,100,100,100,99.422743055555,100,100,100,100,100,100,100,100,100,100,,,,,,,,,,,,1,99.97113715277774
RUR5666,RUR5666_H_Ghalotian Khurd Sialkot,6,2G/LTE,Platinum,Macro,B2S,C4-WZD-07,Enfrashare,Enfrashare,Non DG Site,100,100,100,100,100,100,100,100,100,100,100,100,100,100,100,100,100,100,100,100,,,,,,,,,,,,0,100
RUR9428,RUR9428__S_Butala Warid_MDGJ4493,6,2G/LTE,Gold,Macro,OMO,C4-GUJ-01,Jazz Guest/UFONE Host,UFONE,Non DG Site,100,100,100,100,100,99.982638888888,100,100,100,100,100,100,100,100,100,100,100,100,100,100,,,,,,,,,,,,1,99.9991319444444
RUR0907,RUR0907__S_Sathiyala,6,2G/LTE,Diamond,Macro,B2S,C4-NRW-05,Enfrashare,Enfrashare,Non DG Site,100,100,100,100,100,100,100,100,89.140625,100,100,86.727430555555,100,100,100,89.632523148148,100,100,89.82349537037,100,,,,,,,,,,,,4,97.76620370370365
RUR6532,RUR6532__S_Chella,6,2G/LTE,Diamond,Macro,B2S,C4-SKT-03,ATL,ATL,Non DG Site,100,100,100,100,100,99.834104938271,100,100,100,100,100,100,100,100,100,100,94.839891975308,100,100,100,,,,,,,,,,,,2,99.73369984567896
GUJ9420,GUJ9420__S_Moh Pondawala Warid_GJ4729,12,2G/3G/LTE,Platinum,Macro,OMO,C4-GUJ-01,Jazz Guest/CM-PAK Host,CM-PAK ,Non DG Site,97.469135802469,73.981963734567,87.529417438271,93.074845679012,100,59.559220679012,99.649884259259,89.597800925925,100,100,100,100,100,100,100,100,100,100,93.892264660493,100,,,,,,,,,,,,8,94.73772665895041
RUR6554,RUR6554__S_RehmetMarriageHallUgoki,6,2G/LTE,Platinum,Macro,B2S,C4-SKT-03,Enfrashare,Enfrashare,Non DG Site,100,100,100,100,96.828703703703,100,100,100,100,100,100,100,95.466820987654,100,100,100,99.509066358024,100,100,100,,,,,,,,,,,,3,99.59022955246905
DSK1138,DSK1138__P_Offload DSK0321C,18,2G/3G/LTE,Elite,Macro,Standby,C4-WZD-07,Jazz Host/TELENOR+CM-PAK Guest,DEODAR,DG site,100,100,100,100,100,100,100,100,100,100,100,100,100,96.154513888888,100,100,100,100,100,100,,,,,,,,,,,,1,99.8077256944444
GUJ1188,GUJ1188__S_OppOfficerColony,9,2G/3G/LTE,Platinum,Macro,OMO,C4-GUJ-02,Jazz Guest/UFONE Host,UFONE,Non DG Site,100,100,100,100,100,100,100,100,100,100,100,100,100,100,100,100,100,100,99.999356995884,100,,,,,,,,,,,,1,99.9999678497942
GUJ5105,GUJ5105__S_Jamal Market Warid_MDGJ4151,27,2G/3G/LTE,Platinum,Macro,Standby,C4-GUJ-01,JAZZ,DEODAR,DG site,90,87.382330246913,95.523533950617,89.456404320987,94.473572530864,63.139660493827,97.726080246913,100,100,100,78.209876543209,100,77.837770061728,99.373263888888,65.80999228395,100,100,100,99.998649691358,98.724729938271,,,,,,,,,,,,13,91.88279320987624
GUJ6386,GUJ6386__S_FazalTown,9,2G/LTE,Elite,Macro,B2S,C4-GUJ-02,E.Co,E.CO,Non DG Site,100,100,100,100,100,93.819444444444,100,100,100,93.933256172839,100,100,93.337191358024,100,100,100,93.059413580246,100,100,83.192515432098,,,,,,,,,,,,5,97.86709104938255
GUJ3616,GUJ3616__P_Dhullay,12,2G/3G/LTE,Elite,Macro,Deodar CP Prime,C4-GUJ-02,Jazz Host/UFONE Guest,DEODAR,Non DG Site,93.850308641975,70.079089506172,88.003472222222,97.199074074074,90.589313271604,99.702932098765,99.209104938271,89.85580632716,89.613233024691,100,99.597318672839,100,100,100,100,100,100,100,99.996624228395,100,,,,,,,,,,,,11,95.8848138503084
BPW9697,BPW9697__S_Baga Chowk_Sahuwal_MDSK1584,9,2G/3G/LTE,Platinum,Macro,Standby,C4-WZD-07,Jazz Host/CM-PAK Guest,DEODAR,DG site,99.940200617283,99.904835390946,99.894547325102,99.904835390946,99.881687242798,99.833461934156,99.881687242798,99.895833333333,99.891975308642,99.955632716049,99.906764403292,99.846965020576,99.956918724279,99.900977366255,99.657278806584,99.83024691358,86.614583333333,99.852752057613,99.803883744856,99.876543209876,,,,,,,,,,,,20,99.21158050411483
DSK5986,DSK5986__S_Moh Rajputan Warid_DK5527,18,2G/3G/LTE,Elite,Macro,Standby,C4-WZD-07,JAZZ,DEODAR,DG site,100,100,89.936985596707,100,96.646412037037,100,100,100,75.450424382716,100,100,100,100,100,100,84.639596193415,100,99.53382201646,100,100,,,,,,,,,,,,5,97.31036201131674
SKT3352,SKT3352__P_SublimeChowk,18,2G/3G/LTE,Elite,Macro,Deodar CP Prime,C4-SKT-03,JAZZ,DEODAR,Non DG Site,100,100,100,100,100,100,100,100,100,100,100,100,100,100,100,100,100,97.921167695473,96.943158436214,100,,,,,,,,,,,,2,99.74321630658434
GUJ5483,GUJ5483__S_GhulamMuhammadTown_CMPAK5607,18,2G/LTE,Platinum,Macro,OMO,C4-GUJ-02,Jazz Guest/CM-PAK Host,CM-PAK ,Non DG Site,100,100,98.097672325102,100,100,100,100,100,100,100,100,100,100,100,100,100,100,100,93.134645061728,100,,,,,,,,,,,,2,99.5616158693415
GUJ9444,GUJ9444__S_Prince Rd Warid_MDGJ1837,12,2G/3G/LTE,Elite,Macro,Standby,C4-GUJ-02,Jazz Host/TELENOR Guest,DEODAR,DG site,100,90.587384259259,100,100,100,100,100,100,100,100,100,100,100,100,100,100,100,100,99.993730709876,100,,,,,,,,,,,,2,99.52905574845676
DDL4094,DDL4094__S_GhogalPur,18,2G/3G/LTE,Diamond,Macro,Standby,C4-NRW-05,JAZZ,DEODAR,DG site,100,100,100,96.795267489711,100,95.615676440329,98.315329218107,100,93.936471193415,98.911715534979,96.110789609053,95.664866255144,79.342849794238,100,99.415830761316,82.137988683127,93.073559670781,99.609696502057,96.035236625514,87.408693415637,,,,,,,,,,,,14,95.6186985596704
SDK8856,SDK8856__H_Raja,18,2G/3G/LTE,Elite,Macro,Standby,C4-GUJ-01,JAZZ,DEODAR,DG site,100,99.293981481481,100,100,100,100,100,100,100,99.570794753086,100,100,91.778227880658,100,100,100,100,100,100,100,,,,,,,,,,,,3,99.53215020576127
DSK9945,DSK9945__P_Gulistan_Colony,9,2G/3G/LTE,Elite,Macro,Standby,C4-WZD-07,JAZZ,DEODAR,DG site,100,100,100,93.475437242798,100,100,100,100,100,100,100,100,100,100,100,100,100,100,100,100,,,,,,,,,,,,1,99.67377186213989
RUR3107,RUR3107__H_ThakarkayWarraich,9,2G/3G/LTE,Diamond,Macro,Deodar CP Prime,C4-HFZ-06,JAZZ,DEODAR,Non DG Site,100,100,100,100,100,100,100,100,100,100,100,100,100,100,100,100,100,100,100,100,,,,,,,,,,,,0,100
HJN1205,HJN1205__S_Hujan M3_CMPAK_7058,9,2G/3G/LTE,Bronze,Macro,OMO,C4-HFZ-06,Jazz Guest/CM-PAK Host,CM-PAK ,Non DG Site,100,100,100,100,100,100,100,100,100,100,100,100,100,99.594907407407,100,100,100,100,100,100,,,,,,,,,,,,1,99.97974537037035
RUR3508,RUR3508__S_DNGShahana,6,2G/3G/LTE,Gold,Macro,Standby,C4-MBD-08,JAZZ,DEODAR,DG site,100,100,100,100,100,100,100,100,100,100,100,100,100,100,100,100,100,100,100,100,,,,,,,,,,,,0,100
RUR6578,RUR6578__S_Gadgore,9,2G/LTE,Platinum,Macro,B2S,C4-NRW-05,Enfrashare,Enfrashare,Non DG Site,100,100,100,100,100,100,100,100,100,100,100,98.875385802469,100,100,100,100,100,99.496527777777,84.836033950617,100,,,,,,,,,,,,3,99.16039737654316
DDL9710,DDL9710__H_Sunari_Khurd_Dhadyal,9,2G/3G/LTE,Gold,Macro,Standby,C4-NRW-05,JAZZ,DEODAR,DG site,100,100,100,100,100,100,100,100,100,100,100,100,100,100,100,100,100,100,100,100,,,,,,,,,,,,0,100
DDL3415,DDL3415__S_KaryalMore,9,2G/3G/LTE,Platinum,Macro,Standby,C4-NRW-05,JAZZ,DEODAR,DG site,100,100,100,100,95.599922839506,100,100,100,100,100,100,89.271476337448,95.216049382716,100,100,100,93.259387860082,100,92.686471193415,100,,,,,,,,,,,,5,98.30166538065833
PND1614,PND1614__P_Aqqal_walaWarid_PB1542,12,2G/3G/LTE,Elite,Macro,Standby,C4-HFZ-06,JAZZ,DEODAR,DG site,100,100,100,100,100,100,100,100,100,100,100,100,100,100,100,100,96.427951388888,100,100,100,,,,,,,,,,,,1,99.8213975694444
RUR4664,RUR4664__H_GUJDhodhapind,6,2G/LTE,Bronze,Macro,Standby,C4-NRW-05,JAZZ,DEODAR,DG site,100,100,100,100,100,100,100,100,100,100,100,100,100,100,100,100,100,100,99.998070987654,100,,,,,,,,,,,,1,99.99990354938271
RUR0372,RUR0372__H_KotlyLouian,12,2G/3G/LTE,Platinum,Macro,DG Prime,C4-SKT-03,JAZZ,DEODAR,DG site,83.782793209876,100,100,100,97.540509259259,99.820601851851,99.999035493827,88.694058641975,100,90.773533950617,99.115065586419,100,94.411168981481,87.041859567901,94.972029320987,85.172164351851,100,100,100,90.047743055555,,,,,,,,,,,,12,95.56852816357996
GML9904,GML9904__H_ReebaKalan,9,2G/3G/LTE,Diamond,Macro,Standby,C4-NRW-05,Jazz Host/CM-PAK Guest,DEODAR,DG site,99.989711934156,99.990354938271,92.654320987654,100,100,99.947273662551,99.160236625514,93.996913580246,100,96.316229423868,100,99.647633744856,99.934413580246,100,99.204603909465,100,99.653420781893,98.589891975308,95.513760288065,94.681712962963,,,,,,,,,,,,14,98.4640239197528
GUJ1644,GUJ1644__P_SarfarazColony_WP,12,2G/3G/LTE,Elite,Macro,Deodar CP Prime,C4-GUJ-01,JAZZ,DEODAR,Non DG Site,100,100,100,100,91.466531635802,100,100,100,100,100,100,100,100,100,100,100,88.11680169753,98.653067129629,99.99324845679,97.117573302469,,,,,,,,,,,,5,98.767361111111
RUR5719,RUR5719_H_USF_USLK016_Ikhlas Pur Narowal,15,2G/LTE,Elite,Macro,B2S,C4-NRW-05,Enfrashare,Enfrashare,Non DG Site,100,100,100,100,100,100,100,100,100,100,100,100,100,100,100,100,100,100,100,100,,,,,,,,,,,,0,100
RUR6564,RUR6564__S_Bilola,9,2G/LTE,Platinum,Macro,B2S,C4-SKT-03,Enfrashare,Enfrashare,Non DG Site,23.258101851851,22.431841563786,23.989840534979,23.805941358024,22.400977366255,25.42824074074,51.311085390946,99.997427983539,100,100,100,100,96.170910493827,100,100,100,100,100,100,100,,,,,,,,,,,,9,74.43971836419735
GUJ9451,GUJ9451__S_Mubarak shah RD Warid_MDGJ4157,12,2G/3G/LTE,Elite,Macro,Standby,C4-GUJ-02,JAZZ,DEODAR,DG site,100,100,100,94.336419753086,84.025077160493,100,100,100,100,100,99.470293209876,100,100,100,100,100,100,100,99.998842592592,95.373070987654,,,,,,,,,,,,5,98.66018518518504
SKG3770,SKG3770__P_MuslimTown_Shakr,18,2G/3G/LTE,Elite,Macro,Standby,C4-NRW-05,Jazz Host/CM-PAK Guest,DEODAR,DG site,99.935378086419,99.986818415637,99.988425925925,83.139146090535,79.629629629629,99.977173353909,99.799704218107,96.463477366255,95.233088991769,99.941486625514,93.315329218107,100,100,99.99453446502,88.215342078189,99.989390432098,100,98.372878086419,100,100,,,,,,,,,,,,15,96.6990901491766
DDL9708,DDL9708__S_Hurr_Kalan_Dhadgal,12,2G/3G/LTE,Platinum,Macro,Standby,C4-NRW-05,JAZZ,DEODAR,DG site,100,100,100,100,100,98.537808641975,100,100,100,98.675733024691,98.563850308642,98.55324074074,100,100,99.710648148148,99.524016203703,99.845679012345,99.854359567901,99.696180555555,98.955439814814,,,,,,,,,,,,10,99.59584780092571
HFZ9403,HFZ9403__S_Alipur RdWarid_HF4172,18,2G/3G/LTE,Elite,Macro,Standby,C4-HFZ-06,JAZZ,DEODAR,DG site,100,100,100,100,100,100,99.219071502057,100,100,100,100,100,100,89.14191100823,100,100,100,100,100,100,,,,,,,,,,,,2,99.41804912551434
RGA9706,RGA9706__S_Sadu_Goraya,9,2G/3G/LTE,Platinum,Macro,Standby,C4-HFZ-06,Jazz Host/CM-PAK Guest,DEODAR,DG site,100,100,100,100,89.994212962963,100,100,100,89.956918724279,100,100,100,100,100,100,100,100,100,95.527263374485,100,,,,,,,,,,,,3,98.77391975308636
RUR5880,RUR5880_H_Paropi Arayian Sialkot,6,2G/LTE,Gold,Macro,B2S,C4-SKT-03,Enfrashare,Enfrashare,Non DG Site,100,100,100,100,100,100,100,100,100,100,99.673032407407,100,100,100,88.588927469135,95.11574074074,97.53086419753,100,100,100,,,,,,,,,,,,4,99.04542824074059
HWY5970,HWY5970_H_Qila Ram Kaur Hafizabad,6,2G/LTE,Gold,Macro,B2S,C4-HFZ-06,Enfrashare,Enfrashare,Non DG Site,100,100,100,100,100,100,100,100,100,100,100,100,100,100,100,100,100,100,99.230324074074,100,,,,,,,,,,,,1,99.9615162037037
RUR8156,RUR8156__S_Koreki,12,2G/3G/LTE,Diamond,Macro,Deodar CP Prime,C4-GUJ-01,JAZZ,DEODAR,Non DG Site,100,100,100,96.69174382716,100,100,100,100,98.3203125,100,82.533757716049,90.198688271604,95.329378858024,100,100,100,100,100,75.077160493827,100,,,,,,,,,,,,6,96.9075520833332
AMN3902,AMN3902__S_GUJAimnabadCity,18,2G/3G/LTE,Elite,Macro,Standby,C4-GUJ-01,JAZZ,DEODAR,DG site,100,100,100,100,100,96.314943415637,100,100,100,100,100,100,100,100,100,100,100,100,100,100,,,,,,,,,,,,1,99.81574717078186
RUR0719,RUR0719__S_Qadirabad_colony,6,2G/LTE,Diamond,Macro,Standby,C4-HFZ-06,Jazz Host/TELENOR Guest,DEODAR,DG site,100,100,100,100,100,100,100,100,100,100,100,100,100,100,100,100,100,100,100,100,,,,,,,,,,,,0,100
GUJ3089,GUJ3089__S_Satellitetown,12,2G/3G/LTE,Platinum,Macro,Standby,C4-GUJ-01,Jazz Host/TELENOR Guest,DEODAR,DG site,100,96.180555555555,98.147665895061,100,100,100,99.33449074074,100,100,97.776331018518,100,94.750675154321,100,100,84.911747685185,82.912326388888,100,80.739776234567,89.918981481481,83.713831018518,,,,,,,,,,,,10,95.4193190586417
NVK6925,NVK6925__S_MattoBaikayRd,9,2G/3G/LTE,Platinum,Macro,Standby,C4-HFZ-06,JAZZ,DEODAR,DG site,100,100,100,100,100,100,100,100,100,100,100,100,100,100,100,100,100,100,100,100,,,,,,,,,,,,0,100
KMK4469,KMK4469__P_AlilHospitalGTRd,9,2G/3G/LTE,Elite,Macro,Deodar CP Prime,C4-GUJ-01,Jazz Host/CM-PAK Guest,DEODAR,Non DG Site,100,100,100,97.645961934156,53.105709876543,100,100,99.973636831275,99.60262345679,100,81.028163580246,100,100,100,100,100,100,100,100,100,,,,,,,,,,,,5,96.56780478395049
GUJ6549,GUJ6549__S_KotliRustam,9,2G/LTE,Diamond,Macro,B2S,C4-GUJ-02,Enfrashare,Enfrashare,Non DG Site,100,100,100,100,100,56.045524691358,100,100,100,100,100,100,100,100,100,100,100,100,99.999356995884,100,,,,,,,,,,,,2,97.8022440843621
GUJ6948,GUJ6948__P_Jandialabagh,12,2G/3G/LTE,Elite,Macro,Standby,C4-GUJ-01,Jazz Host/UFONE Guest,DEODAR,DG site,98.363715277777,91.676793981481,100,100,100,100,100,100,100,95.967399691358,95.70167824074,100,100,100,100,75,15.074749228395,44.990354938271,39.891975308642,33.301504629629,,,,,,,,,,,,9,84.49840856481464
RUR8824,RUR8824__P_LadhaWalaGUJ,12,2G/3G/LTE,Elite,Macro,Deodar CP Prime,C4-HFZ-06,JAZZ,DEODAR,Non DG Site,83.993537808642,89.929108796296,93.732638888888,94.879918981481,79.806134259259,98.783275462963,100,100,100,100,100,100,100,100,100,100,100,100,99.279031635802,100,,,,,,,,,,,,7,97.02018229166654
SKT9948,SKT9948__H_Barhat,19,2G/3G/LTE,Elite,Macro,Standby,C4-SKT-03,Jazz Host/UFONE Guest,DEODAR,DG site,100,100,100,100,100,100,100,100,100,100,99.370735867446,100,100,100,80.822063840155,92.603557504873,96.110501949317,98.671722709551,97.991288986354,100,,,,,,,,,,,,6,98.27849354288479
GUJ1467,GUJ1467__S_GardenTownGUJ,12,2G/3G/LTE,Elite,Macro,Standby,C4-GUJ-02,JAZZ,DEODAR,DG site,99.997106481481,100,100,100,100,100,99.687017746913,100,99.989872685185,100,100,100,100,99.994695216049,95.339023919753,91.779031635802,96.498360339506,90.197723765432,97.057773919753,81.332465277777,,,,,,,,,,,,10,97.59365354938257
GUJ9809,GUJ9809__S_PeopleColonyS2,9,2G/3G/LTE,Elite,Macro,Standby,C4-GUJ-01,Jazz Host/CM-PAK Guest,DEODAR,DG site,91.170910493827,91.049382716049,87.008744855967,91.190843621399,91.004372427983,90.89570473251,90.975437242798,91.129115226337,90.91049382716,90.903420781893,90.374228395061,95.275848765432,100,100,100,100,100,100,100,100,,,,,,,,,,,,12,94.5944251543208
TMK8993,TMK8993__S_BhattiBhango,9,2G/3G/LTE,Diamond,Macro,Standby,C4-GUJ-01,Jazz Host/CM-PAK Guest,DEODAR,DG site,88.160365226337,95.332433127572,99.045781893004,98.997556584362,99.004629629629,99.266975308642,95.070730452674,98.343621399177,99.077932098765,98.244598765432,97.929526748971,98.228523662551,99.144161522633,98.940972222222,99.169881687242,98.840663580246,98.883101851851,97.232510288065,98.832304526749,91.40882201646,,,,,,,,,,,,20,97.45775462962918
GUJ3346,GUJ3346__S_KachaFatomand,12,2G/3G/LTE,Platinum,Macro,Standby,C4-GUJ-01,JAZZ,DEODAR,DG site,99.775752314814,100,100,99.790219907407,100,99.788773148148,100,100,99.578510802469,100,95.46730324074,99.793113425925,99.789255401234,100,100,99.57561728395,99.576581790123,96.469907407407,99.993730709876,99.801793981481,,,,,,,,,,,,12,99.47002797067869
GUJ5469,GUJ5469__S_Jagna,9,2G/3G/LTE,Elite,Macro,B2S,C4-GUJ-01,Enfrashare,Enfrashare,Non DG Site,100,98.858024691358,99.98649691358,100,100,99.88811728395,100,100,100,100,100,100,100,100,100,100,100,100,100,100,,,,,,,,,,,,3,99.9366319444444
GUJ0410,GUJ0410__S_SheranwalaBagh,9,2G/3G/LTE,Platinum,Macro,Standby,C4-GUJ-01,JAZZ,DEODAR,DG site,100,100,100,100,95.722415123456,95.543981481481,100,100,100,100,100,100,96.54899691358,100,100,100,100,100,99.997106481481,93.89949845679,,,,,,,,,,,,5,99.0855999228394
RUR5648,RUR5648__S_Dogranwala,6,2G/LTE,Diamond,Macro,B2S,C4-WZD-07,Enfrashare,Enfrashare,Non DG Site,92.601273148148,97.100694444444,92.68711419753,100,95.101273148148,91.339699074074,95.263310185185,95.109953703703,90.868055555555,91.012731481481,94.071180555555,94.597800925925,94.166666666666,92.699652777777,97.94849537037,97.502893518518,62.523148148148,94.496527777777,95.112847222222,76.817129629629,,,,,,,,,,,,19,92.05102237654273
SKT3422,Skt3422__S_Hammad_Arcade,12,2G/3G/LTE,Platinum,Macro,Standby,C4-SKT-03,JAZZ,DEODAR,DG site,100,100,100,92.819251543209,100,100,100,100,100,100,90.040991512345,100,100,92.816358024691,100,100,100,100,99.997299382716,100,,,,,,,,,,,,4,98.78369502314806
SKT5523,SKT5523__S_GreenWoodStLatefabad,12,2G/3G/LTE,Platinum,Macro,B2S,C4-SKT-03,Enfrashare,Enfrashare,Non DG Site,98.145254629629,100,100,93.781828703703,92.251157407407,100,100,91.759259259259,100,100,99.947916666666,100,86.741898148148,100,100,100,100,100,90.666473765432,100,,,,,,,,,,,,7,97.66468942901221
GUJ0081,GUJ0081__P_MetalWorks,18,2G/3G/LTE,Platinum,Macro,Standby,C4-GUJ-02,JAZZ,DEODAR,DG site,95.238095238095,95.238095238095,95.238095238095,95.238095238095,95.238095238095,87.408785273368,95.238095238095,97.068727954144,100,100,100,100,100,100,100,100,100,100,99.998622134038,100,,,,,,,,,,,,9,97.795235339506
RUR6085,RUR6085__S_KAPORWALI_ADAWarid_MDSK1890,12,2G/3G/LTE,Elite,Macro,Deodar CP Prime,C4-SKT-03,Jazz Host/CM-PAK Guest,DEODAR,Non DG Site,100,100,100,100,100,100,100,91.18393132716,100,100,86.384548611111,95.842978395061,100,99.533661265432,100,100,100,100,93.520447530864,100,,,,,,,,,,,,5,98.32327835648141
RUR9170,RUR9170__S_RorasVillage,9,2G/3G/LTE,Platinum,Macro,Standby,C4-WZD-07,Jazz Host/TELENOR+UFONE Guest,DEODAR,DG site,100,100,100,100,100,100,100,100,100,100,83.260030864197,100,100,94.222608024691,100,100,100,100,100,100,,,,,,,,,,,,2,98.8741319444444
SKK4727,SKK4727__P_KKDSukhikirailwayrd,12,2G/3G/LTE,Hub,Macro,Standby,C4-HFZ-06,JAZZ,DEODAR,DG site,100,100,100,100,100,90.18856095679,100,100,100,100,100,100,100,100,100,100,100,100,100,100,,,,,,,,,,,,1,99.50942804783949
GUJ9730,GUJ9730__P_MozaMaufiwalaGujnwla,16,2G/3G/LTE,Elite,Macro,Standby,C4-GUJ-01,Jazz Host/CM-PAK Guest,DEODAR,DG site,100,100,100,100,100,99.585503472222,100,100,100,91.098090277777,100,100,100,100,100,100,99.214771412037,100,99.991319444444,97.204499421296,,,,,,,,,,,,5,99.3547092013888
GUJ9463,GUJ9463__S_Canal Pasrur Rd Warid_MDGJ3790,12,2G/3G/LTE,Platinum,Macro,Standby,C4-GUJ-01,Jazz Host/TELENOR Guest,DEODAR,DG site,93.986304012345,100,100,67.787905092592,58.300540123456,68.22868441358,69.262152777777,75.020736882716,90.171682098765,83.618827160493,100,100,100,100,100,100,94.511959876543,76.034915123456,71.538387345679,92.397762345679,,,,,,,,,,,,12,87.04299286265405
RUR5006,RUR5006__S_Dera Mutwan Warid_MR1N3555,6,2G/LTE,Diamond,Macro,Standby,C4-NRW-05,JAZZ,DEODAR,DG site,100,100,100,100,100,100,100,99.695216049382,100,100,96.310763888888,85.065586419753,100,100,100,100,100,100,99.658564814814,99.343171296296,,,,,,,,,,,,5,99.00366512345667
KTN1216,KTN1216__S_KTN9622B_Offload,9,2G/3G/LTE,Gold,Macro,Standby,C4-NRW-05,JAZZ,DEODAR,DG site,100,100,100,100,94.004629629629,100,100,100,100,100,100,100,100,100,100,100,100,100,100,100,,,,,,,,,,,,1,99.70023148148145
TKW9895,TKW9895__S_kotAsadUllah,9,2G/3G/LTE,Gold,Macro,Standby,C4-GUJ-02,JAZZ,DEODAR,DG site,100,100,100,94.281764403292,100,100,100,100,77.26015946502,95.860339506172,100,100,100,100,100,100,100,100,100,98.654835390946,,,,,,,,,,,,4,98.30285493827151
GUJ9447,GUJ9447__S_Hafizabad Rd Warid_MDGJ4164,12,2G/3G/LTE,Hub,Macro,Standby,C4-GUJ-02,JAZZ,DEODAR,DG site,100,100,100,100,100,98.306327160493,100,100,100,100,100,100,100,100,100,100,100,100,97.434413580246,97.200520833333,,,,,,,,,,,,3,99.6470630787036
RUR1069,RUR1069__S_KalyanPur,9,2G/3G/LTE,Elite,Macro,Standby,C4-NRW-05,JAZZ,DEODAR,DG site,99.169881687242,100,100,100,100,100,100,100,100,100,100,100,100,100,100,100,100,100,99.706790123456,89.926054526749,,,,,,,,,,,,3,99.44013631687235
GUJ3816,GUJ3816__P_Mohallah_Shaheenabad,16,2G/3G/LTE,Elite,Macro,Standby,C4-GUJ-02,Jazz Host/CM-PAK+UFONE Guest,DEODAR,DG site,84.228515625,93.75,85.70240162037,70.094762731481,100,99.690393518518,94.482060185185,100,100,93.75,88.811487268518,99.850983796296,89.171006944444,100,100,92.080439814814,99.70558449074,96.939742476851,99.993489583333,93.861400462963,,,,,,,,,,,,15,94.10561342592567
GUJ3355,Guj3355__S_MuhallahChahaSarfan,9,2G/3G/LTE,Diamond,Macro,Standby,C4-GUJ-02,Jazz Host/CM-PAK Guest,DEODAR,DG site,99.256044238683,98.56802983539,94.437371399177,91.296296296296,97.457561728395,99.16216563786,94.232253086419,97.783564814814,96.233924897119,99.596193415637,99.388503086419,97.948816872428,97.402263374485,99.085005144032,97.928883744856,99.460519547325,98.765432098765,91.033950617283,97.253729423868,99.139660493827,,,,,,,,,,,,20,97.2715084876539
RUR4978,RUR4978__H_STRAddaKotliBawa,6,2G/LTE,Diamond,Macro,Standby,C4-NRW-05,JAZZ,DEODAR,DG site,100,100,100,100,100,100,100,92.364004629629,100,100,100,100,100,100,100,100,100,100,100,100,,,,,,,,,,,,1,99.61820023148145
GUJ6449,GUJ6449__S_Rasulpura,9,2G/3G/LTE,Platinum,Macro,B2S,C4-GUJ-02,Enfrashare,Enfrashare,Non DG Site,100,87.5,60.870627572016,100,100,100,100,100,100,100,100,100,100,100,100,100,100,100,100,100,,,,,,,,,,,,2,97.4185313786008
GUJ5712,GUJ5712__S_KohloWala,12,2G/3G/LTE,Elite,Macro,B2S,C4-GUJ-01,Enfrashare,Enfrashare,Non DG Site,100,100,80.726273148148,100,100,89.247685185185,100,100,100,98.537326388888,100,100,100,100,100,100,76.192129629629,100,99.995177469135,100,,,,,,,,,,,,5,97.23492959104924
SKG0252,SKG0252_ShkrGrh_Bypass,9,2G/3G/LTE,Platinum,Macro,OMO,C4-NRW-05,Jazz Guest/UFONE Host,UFONE,Non DG Site,100,100,100,83.14107510288,84.135802469135,100,100,97.361111111111,100,100,95.277777777777,100,98.802083333333,100,96.433256172839,100,100,100,100,100,,,,,,,,,,,,6,97.75755529835375
SKG5655,SKG5655__S_MohallaFaisalTown,9,2G/3G/LTE,Platinum,Macro,B2S,C4-NRW-05,Enfrashare,Enfrashare,Non DG Site,100,100,100,83.13978909465,91.956018518518,100,100,100,100,100,100,100,100,100,99.324845679012,100,100,100,100,100,,,,,,,,,,,,3,98.721032664609
HFZ5814,HFZ5814_H_Thatta Khokharan Hafizabad,6,2G/LTE,Platinum,Macro,B2S,C4-HFZ-06,Enfrashare,Enfrashare,Non DG Site,100,100,100,100,100,100,100,100,100,100,100,100,100,100,100,100,100,100,100,100,,,,,,,,,,,,0,100
GUJ9509,GUJ9509__S_Sabzi_Mandi_GT_Road_GJ4238,18,2G/3G/LTE,Elite,Macro,Standby,C4-GUJ-02,JAZZ,DEODAR,DG site,100,100,100,100,100,100,100,100,98.976796737213,100,100,100,100,100,100,100,100,100,99.999173280423,100,,,,,,,,,,,,2,99.94879850088181
SKG4022,SKG4022__H_RailwayRoad,16,2G/3G/LTE,Elite,Macro,Standby,C4-NRW-05,JAZZ,DEODAR,DG site,100,100,100,83.151041666666,91.935763888888,100,98.731553819444,97.366174768518,100,96.011646412037,99.350043402777,100,100,100,98.775679976851,99.444082754629,100,97.892795138888,93.135127314814,92.974898726851,,,,,,,,,,,,11,97.43844039351816
GUJ5873,GUJ5873__S_Kangniwala_CMPak42617,9,2G/3G/LTE,Elite,Macro,OMO,C4-GUJ-01,Jazz Guest/CM-PAK Host,CM-PAK ,Non DG Site,91.330375514403,79.524176954732,67.827932098765,89.225823045267,65.54140946502,99.498456790123,77.691615226337,98.231095679012,100,63.513374485596,97.222222222222,62.521219135802,100,91.765689300411,90.3420781893,87.67103909465,53.724922839506,96.479552469135,68.203446502057,100,,,,,,,,,,,,17,84.01572145061691
HFZ5858,HFZ5858_H_Qila Ram Kou Hafizabad,6,2G/LTE,Gold,Macro,B2S,C4-HFZ-06,Enfrashare,Enfrashare,Non DG Site,100,100,100,100,100,100,100,100,100,100,100,100,100,100,100,100,100,100,99.998070987654,100,,,,,,,,,,,,1,99.99990354938271
GUJ9733,GUJ9733__P_SamnabadGuranwala,16,2G/3G/LTE,Elite,Macro,Standby,C4-GUJ-02,JAZZ,DEODAR,DG site,100,100,100,100,100,81.418185763888,99.98951099537,100,100,100,95.315393518518,72.314453125,85.579427083333,100,100,100,79.907045717592,97.015697337963,99.990957754629,93.714554398148,,,,,,,,,,,,9,95.26226128472204
RUR6337,RUR6337__S_AhdiSharif,6,2G/LTE,Diamond,Macro,Solar+DG,C4-MBD-08,JAZZ,DEODAR,DG site,100,100,100,100,100,100,96.880787037037,100,100,100,100,100,100,100,100,100,100,100,100,100,,,,,,,,,,,,1,99.84403935185185
GJA8788,GJA8788__S_RukkanMalikwal,9,2G/3G/LTE,Diamond,Macro,Standby,C4-MBD-08,JAZZ,DEODAR,DG site,100,100,99.089506172839,100,100,100,100,100,100,100,100,100,100,100,100,100,100,100,99.936342592592,100,,,,,,,,,,,,2,99.95129243827155
SKT8496,SKT8496__S_NawanPindAraian,6,2G/LTE,Bronze,Macro,B2S,C4-SKT-03,Enfrashare,Enfrashare,Non DG Site,100,100,100,100,100,100,100,100,100,100,100,100,100,100,100,100,100,100,100,100,,,,,,,,,,,,0,100
SKT9473,SKT9473__S_Darbar_Sarwar_Shah_MDSK4288,12,2G/3G/LTE,Diamond,Macro,Standby,C4-SKT-03,JAZZ,DEODAR,DG site,92.835165895061,94.093846450617,88.914930555555,95.134548611111,98.693576388888,98.587962962963,98.718653549382,92.405960648148,97.271894290123,94.718846450617,90.00530478395,90.329378858024,92.947530864197,91.036844135802,97.595486111111,96.968557098765,97.308545524691,100,98.613522376543,94.520640432098,,,,,,,,,,,,19,95.03505979938231
SKG6077,SKG6077__S_SaeedMarketDarmanRd,6,2G/3G/LTE,Diamond,Macro,B2S,C4-NRW-05,Enfrashare,Enfrashare,Non DG Site,100,100,100,83.138503086419,91.958912037037,100,100,83.460648148148,100,100,90.240162037037,100,100,100,87.520254629629,100,100,88.313078703703,77.456597222222,80.876736111111,,,,,,,,,,,,8,94.14824459876532
PMD6138,PMD6138__S_Kotli_Said_MeerWarid_MDSK1889,9,2G/3G/LTE,Diamond,Macro,Standby,C4-SKT-03,Jazz Host/TELENOR Guest,DEODAR,DG site,100,100,100,100,100,100,100,100,100,100,100,100,100,100,100,100,100,100,100,100,,,,,,,,,,,,0,100
RUR5973,RUR5973__S_Dharamkot Warid_1N3553,12,2G/3G/LTE,Platinum,Macro,Standby,C4-NRW-05,JAZZ,DEODAR,DG site,88.15055941358,92.204378858024,99.972029320987,98.78086419753,99.984085648148,100,100,100,100,100,99.991319444444,97.564139660493,100,100,99.992766203703,100,99.992766203703,100,99.992766203703,99.992766203703,,,,,,,,,,,,11,98.8309220679009
GUJ5519,GUJ5519_H_Nowshera Sansi Rd,9,2G/LTE,Platinum,Macro,B2S,C4-GUJ-02,ATL,ATL,Non DG Site,59.913194444444,56.596579218107,46.201131687242,64.325488683127,92.197788065843,100,100,100,100,96.14486882716,100,95.485146604938,95.619212962963,100,98.966531635802,98.309220679012,95.496720679012,94.223572530864,94.852912808642,98.966049382716,,,,,,,,,,,,14,89.3649209104936
SKT1617,SKT1617__S_Haji_Pura_MDSK4272,12,2G/3G/LTE,Elite,Macro,Standby,C4-SKT-03,JAZZ,DEODAR,DG site,100,100,100,100,100,100,100,96.395158179012,100,100,100,100,100,99.985050154321,99.99324845679,100,100,99.991319444444,93.884066358024,94.528356481481,,,,,,,,,,,,6,99.23885995370361
RUR0350,RUR0350__S_Pindi_Bhori,18,2G/3G/LTE,Elite,Macro,Standby,C4-NRW-05,JAZZ,DEODAR,DG site,100,100,100,100,97.34375,98.030799897119,100,100,95.425668724279,100,100,100,93.837770061728,100,100,98.281893004115,100,100,94.844071502057,90.296424897119,,,,,,,,,,,,7,98.40301890432086
GUJ9452,GUJ9452__S_Janat Town Warid_MDGJ4161,12,2G/3G/LTE,Platinum,Macro,Standby,C4-GUJ-02,Jazz Host/CM-PAK Guest,DEODAR,DG site,100,98.243152006172,96.587577160493,100,96.550925925925,100,100,100,100,100,100,100,100,91.455439814814,100,100,100,100,99.992766203703,100,,,,,,,,,,,,5,99.14149305555536
GUJ5522,GUJ5522_H_Near Aroop Mor Gujranwala,9,2G/LTE,Elite,Macro,B2S,C4-GUJ-01,Enfrashare,Enfrashare,Non DG Site,82.372685185185,100,95.364583333333,100,97.692901234567,90.769675925925,88.973765432098,100,100,100,100,100,100,100,96.213348765432,73.241383744856,94.64699074074,89.90162037037,92.255015432098,98.576388888888,,,,,,,,,,,,11,95.00041795267461
RUR6587,RUR6587__S_NearShahGharib,15,2G/LTE,Diamond,Macro,B2S,C4-NRW-05,Enfrashare,Enfrashare,Non DG Site,100,100,100,100,100,100,100,100,100,100,100,100,100,100,100,100,100,100,100,100,,,,,,,,,,,,0,100
GML1221,GML1221__S_Off loadGML9904E,9,2G/3G/LTE,Diamond,Macro,Deodar CP Prime,C4-NRW-05,Jazz Host/CM-PAK Guest,DEODAR,Non DG Site,99.802597736625,99.825102880658,99.839891975308,99.819958847736,99.93119855967,99.881687242798,99.193672839506,98.050411522633,99.900334362139,96.255787037037,99.969135802469,99.905478395061,99.863040123456,99.929269547325,99.332561728395,99.8733281893,99.833461934156,98.447145061728,95.473251028806,94.613554526749,,,,,,,,,,,,20,98.98704346707775
GUJ3303,GUJ3303__P_MubarakColony,9,2G/3G/LTE,Platinum,Macro,Standby,C4-GUJ-02,JAZZ,DEODAR,DG site,100,100,99.456018518518,95.204475308642,95.464891975308,100,100,100,100,100,100,100,100,100,99.747299382716,100,100,100,100,100,,,,,,,,,,,,4,99.4936342592592
HFZ9399,HFZ9399__S_Ghora ChowkWarid_HF1839,18,2G/3G/LTE,Elite,Macro,Standby,C4-HFZ-06,Jazz Host/TELENOR Guest,DEODAR,DG site,100,100,100,100,100,100,100,100,100,100,100,91.989776234567,100,100,100,100,100,100,100,100,,,,,,,,,,,,1,99.59948881172835
RUR5764,RUR5764_H_Miani Madharian Wala Kalar Sialkot,6,2G/LTE,Platinum,Macro,B2S,C4-SKT-03,Enfrashare,Enfrashare,Non DG Site,100,100,100,100,100,100,100,100,100,100,100,100,100,100,100,97.565586419753,85.870949074074,100,100,95.442708333333,,,,,,,,,,,,3,98.943962191358
HWY3259,HWY3259__JINNAH_ABADIwarid_MR1V3639,20,2G/3G/LTE,Platinum,Macro,Standby,C4-MBD-08,JAZZ,DEODAR,DG site,98.353877314814,100,100,100,93.986689814814,85.345775462963,95.072916666666,100,100,97.582465277777,100,100,100,100,100,100,93.308449074074,97.708622685185,98.618055555555,97.568287037037,,,,,,,,,,,,9,97.87725694444426
GUJ4651,GUJ4651__P_Imranclny,18,2G/3G/LTE,Elite,Macro,Standby,C4-GUJ-02,Jazz Host/CM-PAK Guest,DEODAR,DG site,100,95.67483281893,95.877057613168,100,100,93.318222736625,100,100,100,100,100,100,100,100,100,94.610339506172,100,100,100,96.680169753086,,,,,,,,,,,,5,98.80803112139905
RUR8069,RUR8069__S_Hundal,9,2G/3G/LTE,Elite,Macro,Deodar CP Prime,C4-SKT-03,JAZZ,DEODAR,Non DG Site,99.992926954732,100,100,100,100,100,100,100,100,100,100,100,100,100,99.143518518518,100,100,100,100,100,,,,,,,,,,,,2,99.9568222736625
RUR0780,RUR0780__S_MangokiVirkan,6,2G/LTE,Diamond,Macro,Standby,C4-HFZ-06,Jazz Host/CM-PAK Guest,DEODAR,DG site,99.846643518518,99.981674382716,100,95.954861111111,98.808834876543,100,99.981674382716,96.227816358024,100,99.810956790123,100,99.572723765432,98.978587962963,99.849537037037,99.97299382716,99.860146604938,99.856288580246,99.795524691358,100,99.66724537037,,,,,,,,,,,,15,99.40827546296276
TPL9977,TPL9977__S_DogalVillage,6,2G/LTE,Gold,Macro,Standby,C4-GUJ-01,JAZZ,DEODAR,DG site,71.024305555555,69.166666666666,100,100,100,97.627314814814,99.603587962963,90.969328703703,100,98.802083333333,100,100,100,100,100,100,100,100,100,100,,,,,,,,,,,,6,96.3596643518517
KNB9979,KNB9979__S_Machrala,9,2G/LTE,Diamond,Macro,Deodar CP Prime,C4-GUJ-01,JAZZ,DEODAR,Non DG Site,100,100,82.108410493827,72.174639917695,54.234182098765,97.910879629629,100,77.266589506172,100,100,100,82.449845679012,100,100,88.055555555555,100,100,100,80.966435185185,100,,,,,,,,,,,,8,91.75832690329199
GUJ3885,GUJ3885__P_ArfatColony,9,2G/3G/LTE,Diamond,Macro,Standby,C4-GUJ-01,Jazz Host/UFONE Guest,DEODAR,DG site,100,96.949588477366,100,100,100,100,100,100,100,100,100,99.126157407407,100,100,100,100,100,100,100,100,,,,,,,,,,,,2,99.80378729423865
GUJ5658,GUJ5658_H_Aziz Colony Gujranwala Punjab Pakistan,9,2G/LTE,Platinum,Macro,B2S,C4-GUJ-01,E.Co,E.CO,Non DG Site,100,100,100,100,100,100,100,100,100,99.637345679012,100,100,100,100,100,100,100,100,100,100,,,,,,,,,,,,1,99.9818672839506
DSK3494,DSK3494__P_GreenlandDaska,9,2G/3G/LTE,Platinum,Macro,Deodar CP Prime,C4-WZD-07,JAZZ,DEODAR,Non DG Site,100,100,89.936342592592,87.131558641975,100,100,100,100,99.236111111111,100,85.088734567901,100,100,100,100,100,100,85.432098765432,100,100,,,,,,,,,,,,5,97.34124228395055
KMK5931,KMK5931__S_City Thana Warid_15253,18,2G/3G/LTE,Elite,Macro,Standby,C4-GUJ-01,JAZZ,DEODAR,DG site,100,100,100,100,99.746334876543,100,100,100,99.363425925925,100,100,100,100,100,100,100,100,100,100,97.59966563786,,,,,,,,,,,,3,99.83547132201639
RUR6072,RUR6072__P_Mianwal RanjhaWarid_4V4341,12,2G/3G/LTE,Diamond,Macro,Standby,C4-MBD-08,JAZZ,DEODAR,DG site,100,100,100,100,100,100,100,100,100,98.166956018518,100,100,100,100,100,100,100,100,98.112943672839,100,,,,,,,,,,,,2,99.81399498456786
GUJ5569,GUJ5569_H_Sardar Colony Gujranwala,9,2G/LTE,Platinum,Macro,B2S,C4-GUJ-01,Enfrashare,Enfrashare,Non DG Site,100,100,85.127314814814,100,100,100,100,100,100,100,100,100,100,100,100,100,85.372299382716,100,100,100,,,,,,,,,,,,2,98.52498070987649
MUS9610,MUS9610__H_SyedVillageMusaKhur,9,2G/3G/LTE,Gold,Macro,Standby,C4-MBD-08,JAZZ,DEODAR,DG site,100,100,100,100,100,100,100,100,100,100,100,100,100,100,100,100,100,100,100,100,,,,,,,,,,,,0,100
GUJ8143,GUJ8143__T_AsiaMultani,3,2G/3G/LTE,Bronze,Micro,Jazz CP Prime,C4-GUJ-02,JAZZ,JAZZ,Non DG Site,100,100,100,100,100,100,100,100,100,100,100,100,100,100,95.601851851851,100,87.1875,13.287037037037,100,87.5,,,,,,,,,,,,4,94.1788194444444
GUJ0470,GUJ0470__P_WapdaTownGujwl,15,2G/3G/LTE,Elite,Macro,Standby,C4-GUJ-01,Jazz Host/TELENOR Guest,DEODAR,DG site,100,99.97299382716,99.998842592592,100,99.997299382716,99.989583333333,99.912422839506,99.983796296296,95.008487654321,94.224151234567,99.949459876543,99.964506172839,100,100,100,100,100,100,99.992283950617,100,,,,,,,,,,,,11,99.44969135802451
RUR8805,RUR8805__S_QilaMian,12,2G/3G/LTE,Platinum,Macro,Standby,C4-HFZ-06,JAZZ,DEODAR,DG site,100,100,100,100,100,100,100,100,100,100,100,100,100,100,100,100,100,100,100,100,,,,,,,,,,,,0,100
GUJ5755,GUJ5755_H_Park Canal View Sector 2 Canal View,9,2G/LTE,Elite,Macro,B2S,C4-GUJ-01,ATL,ATL,Non DG Site,100,100,100,100,100,100,100,100,100,100,100,100,100,100,100,100,100,100,100,100,,,,,,,,,,,,0,100
QDS5492,QDS5492__S_NearBilalMasjid,12,2G/LTE,Diamond,Macro,B2S,C4-HFZ-06,Enfrashare,Enfrashare,Non DG Site,100,100,100,100,100,100,93.482831790123,100,100,100,100,100,100,100,100,97.666859567901,100,100,100,100,,,,,,,,,,,,2,99.55748456790118
GUJ9849,GUJ9849__P_Mohallah_Qadri,18,2G/3G/LTE,Elite,Macro,Standby,C4-GUJ-01,JAZZ,DEODAR,DG site,100,98.279963991769,94.727366255144,100,100,100,100,97.952996399177,100,100,100,100,100,98.434606481481,100,100,100,100,96.053883744856,100,,,,,,,,,,,,5,99.27244084362135
KMK3244,KMK3244__P_Kassoki_Road,9,2G/3G/LTE,Elite,Macro,Standby,C4-GUJ-01,Jazz Host/TELENOR Guest,DEODAR,DG site,92.847222222222,100,100,97.383616255144,100,100,100,100,100,100,100,100,99.483667695473,100,100,100,100,100,100,100,,,,,,,,,,,,3,99.48572530864195
SKT1608,SKT1608__S_Pasroor Road_MDSK4183,12,2G/3G/LTE,Elite,Macro,Standby,C4-SKT-03,Jazz Host/UFONE Guest,DEODAR,DG site,100,99.995659722222,100,100,88.618344907407,100,100,94.82349537037,99.919945987654,99.994695216049,100,100,95.008680555555,100,100,100,100,100,85.912422839506,100,,,,,,,,,,,,7,98.21366222993815
GUJ3359,GUJ3359__S_DeltaRd,9,2G/3G/LTE,Elite,Macro,Standby,C4-GUJ-01,JAZZ,DEODAR,DG site,100,100,100,100,100,100,100,100,91.53549382716,100,100,100,100,100,100,100,100,100,100,100,,,,,,,,,,,,1,99.576774691358
SKT6057,SKT6057__S_Buttar,9,2G/LTE,Diamond,Macro,B2S,C4-SKT-03,Enfrashare,Enfrashare,Non DG Site,100,100,100,100,100,100,100,100,100,100,100,100,100,100,100,100,86.77662037037,100,98.198302469135,88.227237654321,,,,,,,,,,,,3,98.6601080246913
KMK6923,KMK6923__P_SadruddinKamonki,18,2G/3G/LTE,Elite,Macro,Standby,C4-GUJ-01,JAZZ,DEODAR,DG site,100,100,100,100,99.731224279835,100,100,100,99.350244341563,100,100,100,100,100,100,100,100,100,100,100,,,,,,,,,,,,2,99.9540734310699
GUJ4144,GUJ4144__S_BBlockSatteliteTown,9,2G/3G/LTE,Diamond,Macro,Standby,C4-GUJ-01,Jazz Host/TELENOR Guest,DEODAR,DG site,100,100,100,100,100,100,99.664994855967,70.901491769547,100,100,84.741512345679,95.322145061728,100,94.456018518518,82.677469135802,100,100,96.722608024691,96.615226337448,100,,,,,,,,,,,,8,96.055073302469
PSR9855,PSR9855__S_MohallahDoBurj,12,2G/3G/LTE,Elite,Macro,Standby,C4-NRW-05,Jazz Host/CM-PAK Guest,DEODAR,DG site,100,100,99.532696759259,100,100,98.245563271604,100,100,98.870563271604,100,100,100,93.650655864197,100,95.923032407407,100,100,98.983892746913,99.498939043209,96.014660493827,,,,,,,,,,,,8,99.036000192901
RUR2752,RUR2752__P_Bularwali,18,2G/3G/LTE,Platinum,Macro,Standby,C4-SKT-03,JAZZ,DEODAR,DG site,100,100,100,100,100,100,100,100,100,100,100,100,100,100,100,100,99.951131687242,100,92.77199074074,100,,,,,,,,,,,,2,99.6361561213991
GUJ4667,GUJ4667__P_GujDHA1GujCantt,9,2G/3G/LTE,Elite,Macro,Standby,C4-GUJ-02,JAZZ,DEODAR,DG site,100,100,100,100,100,100,98.417566872428,100,100,96.843492798353,100,100,98.072273662551,100,100,100,93.618827160493,100,100,96.671167695473,,,,,,,,,,,,5,99.18116640946491
HFZ9826,HFZ9826__S_Hakim_Colony,12,2G/3G/LTE,Gold,Macro,Standby,C4-HFZ-06,JAZZ,DEODAR,DG site,96.261091820987,94.347511574074,100,100,100,100,100,100,100,98.531057098765,100,100,100,100,100,100,98.129340277777,97.281539351851,100,97.820216049382,,,,,,,,,,,,6,99.11853780864179
GUJ3803,GUJ3803__P_Usman_Colony,9,2G/3G/LTE,Elite,Macro,Deodar CP Prime,C4-GUJ-01,Jazz Host/TELENOR Guest,DEODAR,Non DG Site,98.842592592592,96.99074074074,95.711805555555,100,100,100,93.449074074074,100,100,100,100,100,100,100,100,100,99.728009259259,79.936342592592,96.707175925925,94.881044238683,,,,,,,,,,,,8,97.81233924897099
GUJ3195,GUJ3195__S_BilalPura,9,2G/3G/LTE,Platinum,Macro,Standby,C4-GUJ-01,JAZZ,DEODAR,DG site,100,100,100,100,99.308127572016,100,100,100,100,100,100,100,100,100,100,100,100,100,100,100,,,,,,,,,,,,1,99.9654063786008
SKT8946,SKT8946__P_ShabazClnyMhmdPur,9,2G/3G/LTE,Elite,Macro,Standby,C4-SKT-03,JAZZ,DEODAR,DG site,100,100,99.52449845679,99.322916666666,97.208236882716,95.46730324074,89.504726080246,100,100,100,100,100,99.883294753086,100,100,92.517361111111,100,100,100,100,,,,,,,,,,,,7,98.67141685956776
GUJ4660,GUJ4660__P_ClnyKalarAbadi,18,2G/3G/LTE,Elite,Macro,Standby,C4-GUJ-02,Jazz Host/TELENOR Guest,DEODAR,DG site,100,100,99.466628086419,99.752443415637,95.898276748971,99.889081790123,98.120820473251,100,100,100,100,100,91.087641460905,91.25803755144,99.754372427983,100,100,100,100,100,,,,,,,,,,,,8,98.76136509773646
RUR3268,RUR3268__S_PropiNagra,9,2G/LTE,Gold,Macro,Standby,C4-WZD-07,Jazz Host/CM-PAK Guest,DEODAR,DG site,100,100,100,100,100,100,100,98.285108024691,100,100,100,100,100,100,100,100,100,91.732253086419,99.394290123456,98.948688271604,,,,,,,,,,,,4,99.41801697530849
MDW8987,MDW8987__H_BhagowalSialkot_AB,12,2G/3G/LTE,Diamond,Macro,Standby,C4-SKT-03,JAZZ,DEODAR,DG site,100,100,100,100,100,100,100,96.273148148148,100,100,100,100,100,100,100,100,100,100,100,100,,,,,,,,,,,,1,99.8136574074074
RUR0346,RUR0346__S_Gondlanwala,9,2G/3G/LTE,Elite,Macro,OMO,C4-GUJ-02,Jazz Guest/UFONE Host,UFONE,Non DG Site,100,100,100,100,100,100,100,100,100,100,100,100,100,100,100,100,100,100,100,100,,,,,,,,,,,,0,100
GUJ6441,GUJ6441__S_KhajoorWaliRd,9,2G/LTE,Diamond,Macro,B2S,C4-GUJ-02,Enfrashare,Enfrashare,Non DG Site,83.627829218107,48.151363168724,48.591177983539,91.163194444444,100,96.998456790123,79.394290123456,97.298739711934,100,100,93.222736625514,100,99.980709876543,100,93.016975308642,87.760416666666,100,90.713091563786,100,100,,,,,,,,,,,,12,90.4959490740739
RUR4481,RUR4481__S_HFZWanikayTarar,12,2G/3G/LTE,Diamond,Macro,Standby,C4-HFZ-06,JAZZ,DEODAR,DG site,100,100,100,100,100,100,100,100,100,100,100,100,100,100,100,99.818190586419,100,100,100,100,,,,,,,,,,,,1,99.99090952932094
SKT6551,SKT6551__S_TheGreenFieldSchool_RL_SKT3232,12,2G+3G+4G,Bronze,Macro,B2S,C4-SKT-03,Tawal,Tawal,Non DG Site,100,100,100,100,100,100,100,100,100,100,100,100,100,100,100,100,100,100,100,100,,,,,,,,,,,,0,100
RUR9992,RUR9992__P_HafizabadRoad,12,2G/3G/LTE,Elite,Macro,Standby,C4-HFZ-06,Jazz Host/UFONE Guest,DEODAR,DG site,100,100,100,99.99180169753,100,98.971354166666,92.546778549382,100,100,100,100,100,100,100,100,97.650945216049,100,100,96.280381944444,100,,,,,,,,,,,,5,99.27206307870354
SKT9474,SKT9474__S_Pakistan_Chowk_Sialkot_Cantt_MDSK1891,10,2G/3G/LTE,Diamond,Macro,Standby,C4-SKT-03,JAZZ,DEODAR,DG site,87.537037037037,100,100,100,100,100,99.294560185185,96.03125,100,100,100,100,100,100,100,77.0625,88.150462962963,79.716435185185,99.998263888888,100,,,,,,,,,,,,7,96.3895254629629
SKT3618,SKT3618__S_Pakpura,9,2G/3G/LTE,Platinum,Macro,Standby,C4-SKT-03,JAZZ,DEODAR,DG site,100,100,100,100,100,100,100,100,100,100,100,100,100,100,100,100,100,100,95.329861111111,97.158564814814,,,,,,,,,,,,2,99.62442129629626
SKT3357,SKT3357__S_UhallahShahabuddin,9,2G/3G/LTE,Platinum,Macro,Standby,C4-SKT-03,JAZZ,DEODAR,DG site,100,100,100,100,100,100,100,100,100,100,100,100,100,100,100,88.865097736625,86.727109053497,98.958333333333,89.689429012345,92.395833333333,,,,,,,,,,,,5,97.83179012345667
MBN6443,MBN6443__S_GulbargTown,9,2G/LTE,Platinum,Macro,B2S,C4-MBD-08,E.Co,E.CO,Non DG Site,93.043338477366,95.673225308642,98.004115226337,87.355967078189,82.836291152263,87.113554526749,76.971450617283,98.326260288065,77.536008230452,92.654320987654,91.563143004115,90.931069958847,100,89.546682098765,100,100,100,100,100,100,,,,,,,,,,,,13,93.07777134773634
RUR5311,RUR5311__S_KakhanWali,9,2G/LTE,Diamond,Macro,B2S,C4-SKT-03,Enfrashare,Enfrashare,Non DG Site,100,100,100,100,100,100,100,100,100,100,100,100,100,100,100,100,100,100,100,100,,,,,,,,,,,,0,100
HFQ8540,HFQ8540__S_ChotDheeran,6,2G/3G/LTE,Gold,Macro,Standby,C4-MBD-08,JAZZ,DEODAR,DG site,100,97.173032407407,100,100,90.359760802469,91.015625,96.082175925925,100,100,100,100,100,100,100,100,96.574074074074,100,100,100,100,,,,,,,,,,,,5,98.56023341049374
RUR6392,RUR6392__S_Tamboli_TPLTI001,9,2G/LTE,Gold,Macro,OMO,C4-GUJ-01,Jazz Guest/TELENOR Host,TELENOR,Non DG Site,100,100,89.12037037037,100,100,100,100,100,100,98.306327160493,100,100,100,100,100,100,100,100,100,100,,,,,,,,,,,,2,99.37133487654314
RUR5470,RUR5470__S_Dulchike,9,2G/LTE,Platinum,Macro,B2S,C4-WZD-07,E.Co,E.CO,Non DG Site,70.615354938271,65.869984567901,95.336291152263,94.527391975308,73.84966563786,83.3108281893,88.888888888888,88.888888888888,88.888888888888,92.80028292181,100,100,100,100,100,100,100,100,100,100,,,,,,,,,,,,10,92.14882330246886
RUR6221,RUR6221__S_Village_Mong_MR2X3605,8,2G/LTE,Diamond,Macro,Standby,C4-MBD-08,JAZZ,DEODAR,DG site,98.395543981481,94.210792824074,100,100,96.965422453703,100,100,100,100,100,100,100,100,100,100,100,89.407552083333,100,100,95.438368055555,,,,,,,,,,,,5,98.7208839699073
RUR0178,RUR0178__S_Sharakot,12,2G/3G/LTE,Platinum,Macro,Standby,C4-HFZ-06,JAZZ,DEODAR,DG site,99.279513888888,94.285300925925,97.655767746913,99.926215277777,99.95418595679,99.899691358024,99.930555555555,99.339313271604,99.971547067901,99.97299382716,99.935860339506,99.953703703703,99.791666666666,99.973476080246,99.942611882716,99.893904320987,99.751157407407,99.933449074074,99.926215277777,99.90162037037,,,,,,,,,,,,20,99.46093749999945
GUJ9534,GUJ9534__,18,2G/3G/LTE,Elite,Macro,OMO,C4-GUJ-02,Jazz Guest/PTCL Host,PTCL,Non DG Site,93.166795267489,87.717335390946,78.481224279835,90.058191872428,78.053626543209,90.131494341563,94.606802983539,99.95820473251,99.515496399177,92.569122942386,98.191550925925,96.935763888888,95.633680555555,91.079282407407,96.911008230452,96.358667695473,100,95.396733539094,96.269611625514,96.444830246913,,,,,,,,,,,,19,93.37397119341513
KLW9891,KLW9891__S_Kuluwal,9,2G/3G/LTE,Diamond,Macro,Standby,C4-SKT-03,JAZZ,DEODAR,DG site,100,100,100,100,100,100,100,100,100,92.485210905349,100,100,100,76.981738683127,100,100,100,100,100,100,,,,,,,,,,,,2,98.47334747942381
SKT9484,SKT9484__S_Hotel Taj Mahal_MDSK4283,12,2G/3G/LTE,Elite,Macro,Standby,C4-SKT-03,Jazz Host/CM-PAK Guest,DEODAR,DG site,100,100,100,100,100,100,100,100,100,100,100,100,100,100,100,100,100,100,99.997685185185,100,,,,,,,,,,,,1,99.99988425925925
RUR0712,RUR0712__S_WadalaSandhuan,9,2G/3G/LTE,Diamond,Macro,OMO,C4-NRW-05,Jazz Guest/UFONE Host,UFONE,Non DG Site,100,100,100,100,100,99.893904320987,100,100,100,100,100,100,100,100,100,100,100,100,100,100,,,,,,,,,,,,1,99.99469521604935
RUR2274,RUR2274__S_Bureyala_ZONG-7733,6,2G/LTE,Bronze,Macro,OMO,C4-HFZ-06,Jazz Guest/CM-PAK Host,CM-PAK ,Non DG Site,100,100,100,100,100,90.19386574074,100,100,100,100,100,100,100,100,100,100,100,100,100,100,,,,,,,,,,,,1,99.509693287037
RUR9375,RUR9375__S_Maluchit,6,2G+4G+L9,Bronze,Macro,B2S,C4-SKT-03,Enfrashare,Enfrashare,Non DG Site,95.42148919753,98.547453703703,96.25,100,90.46875,100,100,100,100,100,100,100,95.601851851851,100,100,100,100,100,100,100,,,,,,,,,,,,5,98.8144772376542
RUR9493,RUR9493__S_Ghalla_Mandi_QD1595,11,2G/3G/LTE,Elite,Macro,Deodar CP Prime,C4-HFZ-06,JAZZ,DEODAR,Non DG Site,100,99.979482323232,100,100,93.52904040404,100,100,99.99316077441,99.99316077441,99.99316077441,100,100,99.966856060606,99.986321548821,99.992634680134,95.6734006734,100,100,94.297138047138,99.993686868686,,,,,,,,,,,,11,99.16990214646435
SKT3888,SKT3888__S_amgarha_Aimanaba,12,2G/3G/LTE,Elite,Macro,Standby,C4-SKT-03,JAZZ,DEODAR,DG site,100,100,100,100,99.606481481481,100,100,99.730902777777,99.394772376543,99.994695216049,99.324363425925,99.236111111111,100,100,100,96.001157407407,100,100,99.993730709876,77.106963734567,,,,,,,,,,,,9,98.51945891203681
CML9909,CML9909__H_Chak_Saada,9,2G/3G/LTE,Bronze,Macro,Deodar CP Prime,C4-MBD-08,Jazz Host/TELENOR Guest,DEODAR,Non DG Site,100,100,100,100,100,100,100,100,100,96.849922839506,100,100,100,100,100,100,100,100,100,100,,,,,,,,,,,,1,99.8424961419753
SKT4153,SKT4153__S_SherayWaliKhankah,12,2G/3G/LTE,Platinum,Macro,Standby,C4-SKT-03,JAZZ,DEODAR,DG site,100,100,100,100,100,100,100,100,100,100,100,100,99.407793209876,100,100,100,100,100,99.998070987654,100,,,,,,,,,,,,2,99.9702932098765
JPB3533,JPB3533__P_MohallahMustfabad,12,2G/3G/LTE,Elite,Macro,Standby,C4-HFZ-06,Jazz Host/TELENOR Guest,DEODAR,DG site,100,100,100,100,100,100,100,100,100,100,100,100,100,100,100,100,100,100,100,100,,,,,,,,,,,,0,100
RUR8325,RUR8325__S_Kotli_MughlanWarid_MR625370,6,2G/3G/LTE,Gold,Macro,Standby,C4-WZD-07,JAZZ,DEODAR,DG site,100,100,100,100,100,100,100,100,100,100,100,98.506944444444,100,100,100,100,100,100,100,100,,,,,,,,,,,,1,99.9253472222222
RUR8091,RUR8091__S_Pipnakha,12,2G/3G/LTE,Diamond,Macro,Standby,C4-HFZ-06,JAZZ,DEODAR,DG site,100,99.092881944444,100,100,100,100,97.977430555555,99.144483024691,100,100,100,100,100,100,100,100,100,100,100,100,,,,,,,,,,,,3,99.8107397762345
GUJ3744,GUJ3744__S_Wblkpeoplesclny,12,2G/3G/LTE,Platinum,Macro,Standby,C4-GUJ-01,Jazz Host/TELENOR Guest,DEODAR,DG site,100,99.158468364197,85.828510802469,100,99.016203703703,100,100,100,100,100,100,100,100,100,100,100,100,100,99.993730709876,100,,,,,,,,,,,,4,99.19984567901226
GUJ9430,GUJ9430__S_Nusrat Colony Warid_MDGJ4642,9,2G/3G/LTE,Elite,Macro,OMO,C4-HFZ-06,Jazz Guest/UFONE Host,UFONE,Non DG Site,100,100,87.181712962963,100,100,33.333333333333,0,47.249228395061,100,100,100,100,100,100,100,55.520833333333,38.566100823045,100,100,99.552469135802,,,,,,,,,,,,7,83.07018389917685
SKT6066,SKT6066__S_AFDenimIndustries,9,2G/LTE,Gold,Macro,B2S,C4-SKT-03,Enfrashare,Enfrashare,Non DG Site,100,100,100,100,100,100,100,100,100,100,100,100,100,100,100,100,100,100,100,100,,,,,,,,,,,,0,100
MLL4167,MLL4167__S_ParachaPtrlPump,12,2G/3G/LTE,Platinum,Macro,Standby,C4-MBD-08,Jazz Host/TELENOR Guest,DEODAR,DG site,96.137152777777,99.573206018518,100,100,100,100,100,100,100,100,100,100,100,100,100,100,100,100,100,100,,,,,,,,,,,,2,99.78551793981475
RUR6446,RUR6446__S_ChakMuslim,9,2G/LTE,Gold,Macro,B2S,C4-GUJ-01,Enfrashare,Enfrashare,Non DG Site,100,100,100,100,100,100,100,100,100,100,100,100,100,100,100,100,100,100,100,100,,,,,,,,,,,,0,100
GUJ9446,GUJ9446__S_Qaddafi Rd Warid_MDGJ4640,12,2G/3G/LTE,Platinum,Macro,Standby,C4-GUJ-02,JAZZ,DEODAR,DG site,96.802662037037,99.229359567901,100,98.828125,99.258294753086,100,100,100,100,100,100,99.223090277777,80.865162037037,100,97.722318672839,99.281925154321,100,98.290412808642,88.231577932098,98.844039351851,,,,,,,,,,,,11,97.82884837962945
HFZ5785,HFZ5785_H_Ali Pur Rd Hafizabad,6,2G/LTE,Diamond,Macro,B2S,C4-HFZ-06,Enfrashare,Enfrashare,Non DG Site,100,100,100,100,100,100,100,100,100,100,100,100,100,100,100,100,100,100,100,100,,,,,,,,,,,,0,100
GUJ9422,GUJ9422__S_Meena bazar Warid_GJ4233,9,2G/3G/LTE,Gold,Macro,Deodar CP Prime,C4-GUJ-01,JAZZ,DEODAR,Non DG Site,90.297067901234,99.879758230452,100,91.331018518518,100,91.990258487654,100,100,100,100,96.266878858024,100,91.636766975308,99.382716049382,100,77.874228395061,93.802083333333,100,100,77.136381172839,,,,,,,,,,,,10,95.47985789609025
RUR5664,RUR5664_H_USF_USLK017_Langah Narowal,16,2G/LTE,Platinum,Macro,B2S,C4-NRW-05,Enfrashare,Enfrashare,Non DG Site,100,100,82.366898148148,100,99.53125,100,100,89.898003472222,100,100,81.082175925925,100,100,82.06958912037,100,100,100,100,98.398075810185,88.0859375,,,,,,,,,,,,7,96.0715964988425
GUJ3741,GUJ3741__P_SuperAsiaFactory,12,2G/3G/LTE,Elite,Macro,Standby,C4-GUJ-01,JAZZ,DEODAR,DG site,99.867862654321,89.351369598765,79.769483024691,99.937789351851,86.698977623456,99.987461419753,66.903935185185,99.96624228395,99.923321759259,65.700713734567,70.162519290123,89.365354938271,93.36467978395,98.132233796296,94.279031635802,91.164641203703,63.338155864197,93.054108796296,94.386574074074,96.265914351851,,,,,,,,,,,,20,88.58101851851805
SKK3610,SKK3610__S_InayatpuraHafiz,9,2G/3G/LTE,Platinum,Macro,Deodar CP Prime,C4-HFZ-06,JAZZ,DEODAR,Non DG Site,96.846064814814,99.23353909465,96.802983539094,100,100,90.18711419753,100,100,100,100,100,92.320601851851,98.476080246913,95.104809670781,91.792695473251,95.381944444444,98.560956790123,100,100,100,,,,,,,,,,,,10,97.73533950617255
SKT0315,SKT0315__H_IndustrialEstateSkt,12,2G/3G/LTE,Hub,Macro,Standby,C4-SKT-03,JAZZ,DEODAR,DG site,94.417920524691,94.589602623456,94.908854166666,94.894386574074,94.642168209876,94.561149691358,94.374035493827,94.670138888888,94.923804012345,94.677372685185,94.585744598765,94.410686728395,93.62606095679,94.698591820987,94.953703703703,95.353009259259,87.7734375,94.40055941358,94.421778549382,84.918016975308,,,,,,,,,,,,20,93.79005111882675
RUR9198,RUR9198__S_BunBajwa,6,2G/LTE,Bronze,Macro,Deodar CP Prime,C4-NRW-05,JAZZ,DEODAR,Non DG Site,100,63.025655864197,100,100,100,100,100,98.255208333333,100,100,100,100,100,100,100,100,100,100,99.998070987654,100,,,,,,,,,,,,3,98.06394675925921
HWY0740,HWY0740__S_KotSarwar_CP,6,2G/LTE,Bronze,Macro,OMO,C4-HFZ-06,Jazz Guest/CM-PAK Host,CM-PAK ,Non DG Site,100,100,100,100,100,100,100,100,100,100,100,100,100,100,100,100,100,100,100,100,,,,,,,,,,,,0,100
SKT0816,SKT0816__H_RangPura,9,2G/3G/LTE,Elite,Macro,Standby,C4-SKT-03,JAZZ,DEODAR,DG site,99.999356995884,100,100,100,99.998713991769,100,100,100,100,100,99.998713991769,100,100,100,100,100,100,100,99.996141975308,100,,,,,,,,,,,,4,99.9996463477365
RUR9469,RUR9469__S_Gulbahar Nikki_MDSK4860,9,2G/3G/LTE,Diamond,Macro,Standby,C4-SKT-03,JAZZ,DEODAR,DG site,94.51774691358,97.335390946502,96.003086419753,99.537037037037,99.429012345679,99.450231481481,99.427083333333,93.123070987654,97.711548353909,93.16936728395,81.229423868312,93.801440329218,81.305941358024,96.838991769547,98.742283950617,98.442644032921,98.676054526749,100,99.477237654321,97.579089506172,,,,,,,,,,,,19,95.78983410493797
GUJ9953,GUJ9953__T_PearyHouse,4,2G/3G/LTE,Bronze,Micro,Jazz CP Prime,C4-GUJ-02,JAZZ,JAZZ,Non DG Site,100,100,100,100,100,100,100,100,100,100,100,100,100,100,100,100,100,100,99.997106481481,61.948784722222,,,,,,,,,,,,2,98.09729456018515
PND3552,PND3552__H_CrescentBahuman,9,2G/3G/LTE,Diamond,Macro,Standby,C4-HFZ-06,JAZZ,DEODAR,DG site,99.492026748971,99.448945473251,99.567901234567,99.847608024691,96.230709876543,99.728652263374,98.3404063786,99.526105967078,99.650848765432,99.773019547325,99.645061728395,99.771090534979,99.621913580246,99.65920781893,99.828317901234,99.723508230452,99.520961934156,99.384645061728,99.692644032921,99.734439300411,,,,,,,,,,,,20,99.4094007201642
RUR5356,RUR5356__S_RijadhayWali_PTCL_GTRP2092,6,2G/LTE,Gold,Macro,OMO,C4-NRW-05,Jazz Guest/PTCL Host,PTCL,Non DG Site,100,100,100,100,100,100,100,100,100,100,100,100,100,100,100,100,100,100,100,99.945023148148,,,,,,,,,,,,1,99.9972511574074
RUR1068,RUR1068__P_Darman_UFONE,9,2G/3G/LTE,Platinum,Macro,OMO,C4-NRW-05,Jazz Guest/UFONE Host,UFONE,Non DG Site,100,100,100,100,100,100,100,99.494598765432,85.449459876543,97.445987654321,100,89.919624485596,100,100,100,87.17399691358,99.992283950617,100,85.472608024691,100,,,,,,,,,,,,7,97.247427983539
RUR5242,RUR5242__S_SaydanwalaHFZ_TPLHFR28,9,2G/3G/LTE,Gold,Macro,OMO,C4-HFZ-06,Jazz Guest/TELENOR Host,TELENOR,Non DG Site,100,100,100,100,100,100,89.646347736625,100,100,100,100,100,100,89.690715020576,100,100,100,100,100,100,,,,,,,,,,,,2,98.96685313786006
RUR0176,RUR0176__S_Jamkey_Cheema,9,2G/3G/LTE,Elite,Macro,Standby,C4-WZD-07,JAZZ,DEODAR,DG site,100,100,100,100,100,99.456018518518,100,100,93.173225308642,92.702546296296,100,100,100,100,99.98649691358,100,100,100,100,100,,,,,,,,,,,,4,99.26591435185179
MBI9714,MBI9714__S_Marri_Khurd,6,2G/LTE,Diamond,Macro,Standby,C4-HFZ-06,Jazz Host/TELENOR Guest,DEODAR,DG site,100,100,100,100,100,100,100,100,100,100,100,100,100,100,100,100,100,100,100,100,,,,,,,,,,,,0,100
GUJ4178,GUJ4178__H_Mohallah_Zahid,12,2G/3G/LTE,Elite,Macro,Standby,C4-GUJ-02,JAZZ,DEODAR,DG site,99.792631172839,99.442033179012,99.642168209876,99.899691358024,99.64699074074,100,96.067226080246,94.413097993827,100,99.779128086419,99.116030092592,99.761766975308,99.893422067901,99.78443287037,99.896797839506,99.813850308642,99.904996141975,99.780574845679,99.894386574074,99.894386574074,,,,,,,,,,,,18,99.32118055555519
SKT9482,SKT9482__S_Model Town SKT_MDSK4179,12,2G/3G/LTE,Elite,Macro,Standby,C4-SKT-03,JAZZ,DEODAR,DG site,83.52092978395,100,100,82.948688271604,94.064429012345,100,100,100,97.646219135802,89.809027777777,100,100,100,100,100,100,90.37461419753,100,94.545138888888,100,,,,,,,,,,,,7,96.6454523533948
GUJ9431,GUJ9431__S_Mian Sansi Rd Warid_MDGJ4201,12,2G/3G/LTE,Elite,Macro,Standby,C4-GUJ-02,JAZZ,DEODAR,DG site,100,100,100,100,100,100,100,100,100,99.998070987654,99.999035493827,100,100,100,100,100,100,100,99.992283950617,99.998070987654,,,,,,,,,,,,4,99.99937307098762
RUR5827,RUR5827_H_Phagwari Narowal,6,2G/LTE,Platinum,Macro,B2S,C4-NRW-05,Enfrashare,Enfrashare,Non DG Site,100,100,100,100,96.241319444444,100,100,100,97.77199074074,100,100,100,100,100,100,100,100,100,100,100,,,,,,,,,,,,2,99.7006655092592
KMK5930,KMK5930__S_DaulatPura Warid_IK1569,12,2G/3G/LTE,Platinum,Macro,Standby,C4-GUJ-01,JAZZ,DEODAR,DG site,95.81356095679,95.593171296296,98.750964506172,96.023823302469,94.274209104938,93.234471450617,95.585455246913,98.434124228395,97.266107253086,93.634741512345,97.084297839506,98.122106481481,97.834201388888,98.712866512345,98.472222222222,97.826485339506,98.694058641975,96.852334104938,97.522183641975,93.930844907407,,,,,,,,,,,,20,96.68311149691321
GUJ0729,GUJ0729__H_KalarAbadiNowshera,12,2G/3G/LTE,Elite,Macro,Standby,C4-GUJ-02,JAZZ,DEODAR,DG site,100,100,99.477719907407,81.371045524691,94.943094135802,100,96.474247685185,97.632619598765,100,100,96.271219135802,98.817997685185,100,100,99.755979938271,99.103491512345,95.107060185185,100,99.99324845679,90.763406635802,,,,,,,,,,,,12,97.48555652006151
SKT3400,SKT3400__P_KotliBahram,12,2G/3G/LTE,Elite,Macro,Standby,C4-SKT-03,JAZZ,DEODAR,DG site,93.776523919753,93.746141975308,93.738908179012,93.809317129629,93.835841049382,93.72299382716,93.804976851851,91.287133487654,93.880690586419,93.960262345679,92.01099537037,93.722511574074,93.674768518518,93.800636574074,93.795814043209,93.739872685185,93.733121141975,93.739390432098,92.317226080246,93.654031635802,,,,,,,,,,,,20,93.4875578703699
SKT4148,SKT4148__H_AirportRd,9,2G/3G/LTE,Hub,Macro,Standby,C4-SKT-03,JAZZ,DEODAR,DG site,100,100,100,100,100,100,100,100,100,100,100,100,100,100,100,100,100,100,99.998070987654,100,,,,,,,,,,,,1,99.99990354938271
RUR8823,RUR8823__S_Pagala,6,2G/3G/LTE,Platinum,Macro,Standby,C4-NRW-05,Jazz Host/TELENOR Guest,DEODAR,DG site,100,100,100,100,97.433449074074,100,100,100,100,100,100,100,100,100,100,100,99.795524691358,100,99.787808641975,100,,,,,,,,,,,,3,99.85083912037035
RUR6503,RUR6503__S_Ranjhai_Ufone3702,6,2G/LTE,Platinum,Macro,OMO,C4-WZD-07,Jazz Guest/UFONE Host,UFONE,Non DG Site,100,72.657214506172,99.221643518518,100,99.987461419753,100,100,100,100,92.115162037037,100,100,100,100,100,100,100,100,85.199652777777,100,,,,,,,,,,,,5,97.45905671296285
GUJ3354,GUJ3354__S_Factoryarea,9,2G/3G/LTE,Platinum,Macro,Standby,C4-GUJ-02,JAZZ,DEODAR,DG site,100,100,100,100,100,100,100,100,100,100,100,100,100,100,100,100,100,100,100,100,,,,,,,,,,,,0,100
RUR6156,RUR6156__S_Village_Marakiwal_SialkotWarid_MDSK4291,12,2G/3G/LTE,Hub,Macro,Standby,C4-SKT-03,JAZZ,DEODAR,DG site,100,100,100,100,100,100,100,100,100,100,100,100,100,100,100,100,100,100,100,100,,,,,,,,,,,,0,100
RUR8859,RUR8859__S_NearKotliLala,6,2G/LTE,Bronze,Macro,Standby,C4-SKT-03,JAZZ,DEODAR,DG site,100,94.525462962963,100,100,100,100,100,100,100,100,100,100,100,100,100,100,100,100,100,100,,,,,,,,,,,,1,99.72627314814815
GUJ0279,GUJ0279__P_SatelliteTownGujw,9,2G/3G/LTE,Platinum,Macro,Standby,C4-GUJ-01,Jazz Host/CM-PAK Guest,DEODAR,DG site,100,100,93.136574074074,95.476466049382,100,99.961419753086,100,100,100,100,92.862011316872,99.064429012345,100,100,100,100,100,100,100,100,,,,,,,,,,,,5,99.02504501028795
RUR8157,RUR8157__S_Chohke,9,2G/3G/LTE,Diamond,Macro,Standby,C4-NRW-05,JAZZ,DEODAR,DG site,100,100,100,100,100,99.436728395061,100,96.583719135802,100,100,97.23186728395,100,100,100,98.70949074074,100,95.316358024691,100,95.37037037037,98.753858024691,,,,,,,,,,,,7,99.07011959876525
GUJ9413,GUJ9413__S_Moh Raitanwala Warid_GJ4234,9,2G/3G/LTE,Platinum,Macro,Standby,C4-GUJ-02,Jazz Host/TELENOR Guest,DEODAR,DG site,100,100,100,91.196952160493,100,100,100,100,100,100,100,100,96.533564814814,100,100,100,100,100,100,100,,,,,,,,,,,,2,99.38652584876534
RUR6208,RUR6208__S_GaliNamber_wali_KhutialaSheikhan_MR335302,6,2G/LTE,Platinum,Macro,Standby,C4-MBD-08,Jazz Host/TELENOR Guest,DEODAR,DG site,98.726851851851,100,99.111689814814,100,100,100,100,97.297453703703,100,100,100,98.282214506172,95.332754629629,96.00212191358,98.883101851851,96.134259259259,96.533564814814,100,99.942129629629,92.55787037037,,,,,,,,,,,,11,98.44020061728361
RUR5769,RUR5769__S_Sadgal,15,2G/LTE,Platinum,Macro,B2S,C4-NRW-05,Enfrashare,Enfrashare,Non DG Site,100,100,100,100,100,100,100,100,85.547067901234,100,100,88.032021604938,100,100,100,87.758101851851,100,100,70.603009259259,100,,,,,,,,,,,,4,96.59701003086408
SKT3091,SKT3091__S_Mubarak Pura_MDSK4184,11,2G/3G/LTE,Elite,Macro,Deodar CP Prime,C4-SKT-03,Jazz Host/AUGERE Guest,DEODAR,Non DG Site,100,100,100,100,95.93066077441,85.844907407407,99.523884680134,100,100,100,100,100,100,100,89.051452020202,93.22601010101,99.786405723905,95.444549663299,99.995265151515,100,,,,,,,,,,,,8,97.94015677609411
SKT4154,SKT4154__S_AskariSialkot,9,2G/3G/LTE,Platinum,Macro,Standby,C4-SKT-03,JAZZ,DEODAR,DG site,100,100,100,100,100,100,100,100,100,100,100,100,100,100,100,99.908693415637,91.957304526749,98.30954218107,99.998070987654,100,,,,,,,,,,,,4,99.5086805555555
RUR5301,RUR5301_H_USF_USFJH12_Dara Pur Jhelum,2,2G/LTE,Bronze,Macro,B2S,C4-MBD-08,Enfrashare,Enfrashare,Non DG Site,100,100,97.864583333333,100,100,100,100,100,100,100,100,100,100,81.727430555555,100,100,100,99.6875,90.998263888888,96.672453703703,,,,,,,,,,,,5,98.34751157407395
PND9859,PND9859__P_Pattan_Road,12,2G/3G/LTE,Elite,Macro,Standby,C4-HFZ-06,JAZZ,DEODAR,DG site,100,100,100,100,100,100,100,100,100,100,100,100,100,100,100,98.392650462963,100,100,100,100,,,,,,,,,,,,1,99.91963252314815
GUJ8000,GUJ8000__S_SarafaBazar,4,2G/3G/LTE,Bronze,Micro,Jazz CP Prime,C4-GUJ-02,JAZZ,JAZZ,Non DG Site,100,100,100,100,100,97.569444444444,100,100,100,100,100,100,100,100,100,100,100,98.234953703703,99.997106481481,95.659722222222,,,,,,,,,,,,4,99.5730613425925
STR5975,STR5975__S_AhmadPura Warid_1N3554,9,2G/3G/LTE,Hub,Macro,Standby,C4-NRW-05,JAZZ,DEODAR,DG site,100,100,100,100,100,100,100,100,100,100,100,100,100,100,100,100,100,100,91.815200617283,100,,,,,,,,,,,,1,99.59076003086415
SKG4023,SKG4023__S_MuhallahSulariah,12,2G/3G/LTE,Platinum,Macro,Standby,C4-NRW-05,JAZZ,DEODAR,DG site,100,100,100,83.146219135802,91.94637345679,100,99.652777777777,87.584876543209,90.077160493827,95.254147376543,98.46305941358,100,100,99.758391203703,100,100,94.192708333333,96.586130401234,100,93.732156635802,,,,,,,,,,,,11,96.51970003858
GUJ9416,GUJ9416__S_Muhammad Pura Warid_GJ4216,9,2G/3G/LTE,Elite,Macro,Standby,C4-GUJ-02,JAZZ,DEODAR,DG site,100,100,100,97.201003086419,99.929269547325,93.910108024691,100,100,100,100,95.630787037037,100,100,100,100,98.478009259259,100,100,99.992926954732,100,,,,,,,,,,,,6,99.25710519547314
STR4976,STR4976__S_DTESatrah,9,2G/3G/LTE,Platinum,Macro,Standby,C4-NRW-05,JAZZ,DEODAR,DG site,98.25424382716,100,100,98.782150205761,97.665895061728,98.245884773662,99.468235596707,100,100,96.104681069958,99.266975308642,99.282407407407,100,100,100,97.743055555555,99.342206790123,98.912037037037,99.998713991769,99.326131687242,,,,,,,,,,,,13,99.11963091563754
GUJ3344,GUJ3344__P_MuslimTown,9,2G/3G/LTE,Diamond,Macro,Standby,C4-GUJ-02,JAZZ,DEODAR,DG site,100,100,100,100,100,100,100,100,100,100,100,100,100,100,100,100,100,100,97.219650205761,96.992026748971,,,,,,,,,,,,2,99.7105838477366
RUR4482,RUR4482__S_FZQadriColony,12,2G/3G/LTE,Elite,Macro,Standby,C4-HFZ-06,JAZZ,DEODAR,DG site,100,100,100,100,100,100,100,100,100,100,99.14592978395,100,100,96.576967592592,100,100,100,100,98.680555555555,100,,,,,,,,,,,,3,99.72017264660484
RUR1051,RUR1051__P_Nizampur,9,2G/3G/LTE,Elite,Macro,Standby,C4-GUJ-01,Jazz Host/TELENOR Guest,DEODAR,DG site,75.987654320987,87.456918724279,90.666795267489,100,95.325360082304,96.549639917695,91.978523662551,91.630658436214,87.336033950617,100,99.974922839506,99.764017489711,100,100,100,100,100,100,100,99.949202674897,,,,,,,,,,,,11,95.8309863683125
SKT9848,SKT9848__P_ShahKharasanMasjid,20,2G/3G/LTE,Elite,Macro,Standby,C4-SKT-03,Jazz Host/CM-PAK Guest,DEODAR,DG site,100,100,100,100,100,100,100,100,100,100,100,100,100,100,100,100,100,100,100,100,,,,,,,,,,,,0,100
GUJ8233,GUJ8233__P_Thirty_Feet_Bazar_WP,12,2G/3G/LTE,Elite,Macro,Deodar CP Prime,C4-GUJ-02,JAZZ,DEODAR,Non DG Site,100,99.25106095679,100,89.040316358024,100,94.066358024691,100,100,100,100,100,100,98.570601851851,100,100,100,100,100,99.992283950617,100,,,,,,,,,,,,5,99.04603105709865
STR4035,STR4035__H_WadalaSindhuSatrah,9,2G/3G/LTE,Gold,Macro,Standby,C4-NRW-05,JAZZ,DEODAR,DG site,100,100,100,100,100,99.895833333333,100,100,100,100,95.941358024691,100,100,100,100,100,100,100,99.998070987654,89.958847736625,,,,,,,,,,,,4,99.28970550411516
GUJ5481,GUJ5481__S_AwanChowk,9,2G/3G/LTE,Platinum,Macro,B2S,C4-HFZ-06,Enfrashare,Enfrashare,Non DG Site,100,100,100,100,100,96.446759259259,100,100,100,99.899691358024,100,100,100,100,100,100,100,100,100,100,,,,,,,,,,,,2,99.81732253086416
TKW9894,TKW9894__S_TalwandiKhajorWali,20,2G/3G/LTE,Platinum,Macro,Standby,C4-GUJ-02,Jazz Host/CM-PAK Guest,DEODAR,DG site,100,100,100,100,100,100,98.748263888888,100,100,100,91.421585648148,100,100,100,99.308159722222,99.992766203703,100,91.356481481481,100,100,,,,,,,,,,,,5,99.0413628472221
RUR9498,RUR9498__S_Abadi_Ramgarh_Gujranwala_Road_313556,8,2G/LTE,Diamond,Macro,Standby,C4-HFZ-06,JAZZ,DEODAR,DG site,100,100,100,100,100,100,100,100,100,100,100,100,100,100,100,100,100,100,91.189236111111,100,,,,,,,,,,,,1,99.55946180555556
GUJ6293,GUJ6293__S_PipliwalaGoraya,9,2G/LTE,Diamond,Macro,B2S,C4-GUJ-01,E.Co,E.CO,Non DG Site,100,100,98.263888888888,100,100,100,93.614969135802,100,100,100,100,99.305555555555,96.103395061728,100,100,100,100,100,100,100,,,,,,,,,,,,4,99.36439043209865
RUR0713,RUR0713__S_Watalian,12,2G/3G/LTE,Diamond,Macro,Standby,C4-WZD-07,Jazz Host/CM-PAK Guest,DEODAR,DG site,100,97.763310185185,100,93.693576388888,100,100,100,100,77.729552469135,97.776331018518,89.292534722222,99.172453703703,86.357542438271,76.459297839506,100,91.998939043209,100,98.561921296296,100,100,,,,,,,,,,,,10,95.44027295524666
GUJ9419,GUJ9419__S_Krishan Nagar Warid_GJ4159,18,2G/3G/LTE,Elite,Macro,Standby,C4-GUJ-02,JAZZ,DEODAR,DG site,100,100,100,100,100,100,100,100,100,100,100,100,100,100,100,100,87.652943121693,100,99.998897707231,100,,,,,,,,,,,,2,99.3825920414462
RUR0716,RUR0716__S_Village_Marh_Bashi_1Q3565,8,2G/LTE,Diamond,Macro,Standby,C4-HFZ-06,JAZZ,DEODAR,DG site,100,100,100,100,100,100,100,100,100,100,100,100,100,100,100,100,100,100,100,100,,,,,,,,,,,,0,100
RUR0402,RUR0402__S_Ikhlas_Pur_Warid_MDNR7667,9,2G/LTE,Gold,Macro,OMO,C4-NRW-05,Jazz Guest/PTCL Host,PTCL,Non DG Site,100,100,100,100,100,99.770447530864,100,97.395833333333,100,100,97.523148148148,100,100,99.838605967078,98.114068930041,100,95.817901234567,100,95.249485596707,99.052854938271,,,,,,,,,,,,8,99.13811728395044
GHA5646,GHA5646_H_USF_USLK015_Wali Pur Bur Narowal,6,2G/LTE,Diamond,Macro,B2S,C4-NRW-05,Enfrashare,Enfrashare,Non DG Site,100,100,100,100,100,100,100,100,100,100,100,100,100,100,100,100,100,100,99.719328703703,100,,,,,,,,,,,,1,99.98596643518515
RUR1062,RUR1062__S_Chak_Jano_Kalan,3,2G/LTE,Gold,Macro,Standby,C4-MBD-08,Jazz Host/TELENOR Guest,DEODAR,DG site,95.405092592592,95.092592592592,95.868055555555,97.824074074074,94.074074074074,96.672453703703,83.929398148148,94.907407407407,94.438657407407,94.421296296296,96.226851851851,99.386574074074,95.306712962963,92.627314814814,100,100,96.701388888888,96.481481481481,98.4375,95.225694444444,,,,,,,,,,,,18,95.65133101851816
DSK9833,DSK9833__S_Mohalla_Banwala,12,2G/3G/LTE,Elite,Macro,Standby,C4-WZD-07,Jazz Host/CM-PAK Guest,DEODAR,DG site,100,100,100,100,100,100,100,100,100,100,100,100,100,100,100,100,100,100,100,100,,,,,,,,,,,,0,100
SKT8137,SKT8137__Q_BankAlHabibParsRd,4,2G/3G/LTE,Bronze,Micro,Jazz CP Prime,C4-SKT-03,JAZZ,JAZZ,Non DG Site,100,100,99.819155092592,99.820601851851,99.079861111111,99.244791666666,99.461805555555,100,100,100,100,100,100,100,100,95.843460648148,100,100,99.930555555555,100,,,,,,,,,,,,7,99.66001157407389
GUJ5319,GUJ5319__S_JalilTown_CMPAK40268,9,2G/3G/LTE,Elite,Macro,OMO,C4-GUJ-01,Jazz Guest/CM-PAK Host,CM-PAK ,Non DG Site,80.644933127572,94.19302983539,54.508101851851,85.254629629629,62.558513374485,68.191229423868,83.243955761316,96.161265432098,97.647247942386,69.73058127572,99.261188271604,67.778420781893,98.040766460905,100,100,85.813400205761,64.801311728395,97.222222222222,71.35095164609,97.88387345679,,,,,,,,,,,,18,83.71428112139874
HWY6907,HWY6907__P_SuperRiceMillKamonki,12,2G/3G/LTE,Elite,Macro,Standby,C4-GUJ-01,JAZZ,DEODAR,DG site,100,100,99.43287037037,100,100,100,100,100,100,100,100,100,100,100,100,100,100,100,100,100,,,,,,,,,,,,1,99.9716435185185
GUJ5468,GUJ5468__S_Waniawala,12,2G/3G/LTE,Platinum,Macro,B2S,C4-GUJ-01,Enfrashare,Enfrashare,Non DG Site,77.139274691358,80.5859375,96.061921296296,100,100,95.625,94.538001543209,100,100,100,100,100,100,100,100,84.259259259259,100,100,99.992766203703,100,,,,,,,,,,,,7,96.41010802469125
GUJ9445,GUJ9445__S_Mubarak Colony Warid_MDGJ4641,12,2G/3G/LTE,Elite,Macro,Standby,C4-GUJ-02,JAZZ,DEODAR,DG site,98.623649691358,100,62.07561728395,99.057195216049,85.939429012345,70.703125,99.40055941358,100,99.101080246913,94.199459876543,86.99074074074,100,99.209104938271,100,99.320023148148,100,100,100,95.378086419753,100,,,,,,,,,,,,12,94.4999035493825
RUR5595,RUR5595__S_ThathaManak,6,2G/LTE,Gold,Macro,B2S,C4-HFZ-06,Enfrashare,Enfrashare,Non DG Site,100,100,100,100,100,100,100,100,100,100,100,100,100,100,100,100,100,100,100,100,,,,,,,,,,,,0,100
RUR1067,RUR1067__S_NatlaVillage,9,2G/3G/LTE,Platinum,Macro,Standby,C4-NRW-05,JAZZ,DEODAR,DG site,100,100,100,100,100,100,100,100,100,100,91.512345679012,100,100,100,100,100,100,100,95.237911522633,100,,,,,,,,,,,,2,99.33751286008226
RUR8733,RUR8733__S_GulbaharNikki,6,2G/LTE,Bronze,Macro,B2S,C4-SKT-03,ATL,ATL,Non DG Site,100,100,100,100,100,100,100,100,100,100,100,100,100,100,100,100,100,100,100,100,,,,,,,,,,,,0,100
MNZ1368,MNZ1368__S_LakkarPulla_Warid_MR1Z3702,9,2G/LTE,Diamond,Macro,Standby,C4-NRW-05,Jazz Host/TELENOR+CM-PAK Guest,DEODAR,DG site,94.459876543209,100,100,100,100,100,100,100,100,100,97.256944444444,100,100,100,100,100,100,92.787422839506,87.879372427983,100,,,,,,,,,,,,4,98.61918081275711
GUJ3350,GUJ3350__P_ShahzadTown,16,2G/3G/LTE,Elite,Macro,Standby,C4-GUJ-01,Jazz Host/UFONE Guest,DEODAR,DG site,100,100,99.993851273148,100,99.98046875,100,100,100,100,100,100,99.243344907407,100,100,100,99.231409143518,96.246383101851,94.898726851851,99.056712962963,99.32472511574,,,,,,,,,,,,8,99.3987811053239
AKD2954,AKD2954__S_Amrakhurd,6,2G/LTE,Gold,Macro,Deodar CP Prime,C4-MBD-08,JAZZ,DEODAR,Non DG Site,100,100,100,100,100,100,92.659143518518,100,100,100,100,100,100,100,100,100,100,100,100,95.15625,,,,,,,,,,,,2,99.3907696759259
SMB1258,SMB1258__S_AddaBegowala_Zong_BGW5719,9,2G/3G/LTE,Diamond,Macro,OMO,C4-WZD-07,Jazz Guest/CM-PAK Host,CM-PAK ,Non DG Site,100,99.957561728395,100,100,100,100,100,100,100,100,99.523533950617,62.449202674897,96.543209876543,100,100,100,99.710648148148,99.706790123456,100,100,,,,,,,,,,,,6,97.89454732510279
SKT9477,SKT9477__S_Model town_MDSK4205,18,2G/3G/LTE,Elite,Macro,Standby,C4-SKT-03,JAZZ,DEODAR,DG site,50,50,49.674318415637,50,50,46.882394547325,100,100,100,63.889853395061,100,100,100,100,100,100,100,100,99.999678497942,97.531185699588,,,,,,,,,,,,9,82.89887152777766
SKT9479,SKT9479__S_Mohalla_Bhankan_Sharif_MDSK4287,12,2G/3G/LTE,Platinum,Macro,Standby,C4-SKT-03,JAZZ,DEODAR,DG site,99.566454475308,91.666666666666,91.666666666666,94.395254629629,100,100,96.447241512345,100,100,100,100,100,100,100,100,100,100,92.884837962963,99.994212962963,93.979070216049,,,,,,,,,,,,8,98.03002025462945
GUJ6202,GUJ6202__S_QilaSundarSingh,9,2G/3G/LTE,Platinum,Macro,B2S,C4-GUJ-02,E.Co,E.CO,Non DG Site,100,100,93.470293209876,100,100,95.046296296296,100,100,100,100,100,96.601080246913,100,100,100,100,100,100,99.998070987654,100,,,,,,,,,,,,4,99.25578703703694
HWY3412,HWY3412__S_DskRoadSkt,18,2G/3G/LTE,Platinum,Macro,Standby,C4-SKT-03,JAZZ,DEODAR,DG site,99.867219650205,99.597800925925,99.662101337448,99.662422839506,99.782021604938,99.860146604938,100,100,100,99.988425925925,100,99.96624228395,100,100,100,100,100,100,99.995177469135,100,,,,,,,,,,,,9,99.9190779320985
GUJ3351,Guj3351__P_Muhallahessayan,13,2G/3G/LTE,Elite,Macro,Standby,C4-GUJ-02,Jazz Host/TELENOR Guest,DEODAR,DG site,97.222222222222,82.901976495726,99.843304843304,93.298611111111,99.33360042735,98.706819800569,96.161413817663,97.438123219373,99.22142094017,98.479344729344,87.103365384615,99.138176638176,95.78125,93.422809829059,97.222222222222,94.678151709401,96.12224002849,97.692752849002,96.870993589743,95.415776353276,,,,,,,,,,,,20,95.80272881054078
RUR6516,RUR6516__S_Mokhal,6,2G/LTE,Diamond,Macro,B2S,C4-GUJ-01,E.Co,E.CO,Non DG Site,81.425540123456,85.106095679012,100,100,100,100,100,100,91.036844135802,94.774305555555,91.808449074074,57.417052469135,100,97.795138888888,94.486882716049,96.608796296296,94.710648148148,93.654513888888,81.31462191358,85.27874228395,,,,,,,,,,,,13,92.27088155864163
CML9907,CML9907__S_DhokKasib,9,2G/3G/LTE,Bronze,Macro,Standby,C4-MBD-08,Jazz Host/UFONE+CM-PAK Guest,DEODAR,DG site,100,100,99.450231481481,100,100,100,96.900077160493,100,100,100,100,100,100,100,100,100,100,100,100,100,,,,,,,,,,,,2,99.8175154320987
GUJ5444,GUJ5444__S_SehansraGoraya,9,2G/3G/LTE,Elite,Macro,B2S,C4-GUJ-01,E.Co,E.CO,Non DG Site,79.526105967078,94.041923868312,97.865869341563,98.971836419753,98.497942386831,99.385288065843,97.219650205761,99.969778806584,99.582047325102,98.681841563786,97.610596707818,98.346836419753,96.729681069958,100,98.583461934156,97.238297325102,98.665766460905,99.003343621399,99.321630658436,98.782793209876,,,,,,,,,,,,19,97.4012345679008
QDS8933,QDS8933__P_NoorPurRdQilaDedarS,18,2G/3G/LTE,Hub,Macro,Standby,C4-HFZ-06,JAZZ,DEODAR,DG site,100,100,100,100,100,100,100,100,100,100,100,100,100,100,100,100,100,100,100,100,,,,,,,,,,,,0,100
GUJ9409,GUJ9409__S_Highway staff clny Warid_GJ4220,18,2G/3G/LTE,Platinum,Macro,Standby,C4-GUJ-02,JAZZ,DEODAR,DG site,100,100,100,100,85.714010141093,85.313051146384,99.723875661375,100,100,95.181051587301,95.761684303351,88.076499118165,96.61541005291,96.850749559082,100,100,100,94.424878747795,96.773589065255,100,,,,,,,,,,,,10,96.72173996913554
KTN9622,KTN9622__S_MalikpurShakargarh,18,2G/3G/LTE,Elite,Macro,Standby,C4-NRW-05,JAZZ,DEODAR,DG site,99.9810313786,99.988425925925,100,99.989390432098,98.808834876543,99.996784979423,99.996463477366,99.984567901234,99.992605452674,99.992605452674,99.996463477366,99.989390432098,99.992926954732,99.141268004115,99.976851851851,99.984889403292,100,99.988425925925,99.996141975308,99.992605452674,,,,,,,,,,,,18,99.8894836676949
GUJ6288,GUJ6288__S_WaniaWala,9,2G/3G/LTE,Elite,Macro,B2S,C4-GUJ-01,E.Co,E.CO,Non DG Site,74.583333333333,95.248842592592,80.788323045267,97.064043209876,89.679783950617,83.433641975308,87.573302469135,100,100,100,100,100,100,100,98.958333333333,73.222093621399,100,99.385288065843,99.305555555555,98.324974279835,,,,,,,,,,,,12,93.87837577160465
KTN9624,KTN9624__S_WalipurBuraNarrowal,9,2G/3G/LTE,Platinum,Macro,Standby,C4-NRW-05,JAZZ,DEODAR,DG site,100,100,100,100,99.776234567901,100,100,92.542438271604,100,100,96.454475308642,100,100,100,94.988425925925,100,100,97.445987654321,100,100,,,,,,,,,,,,5,99.06037808641965
DSK5782,DSK5782__S_FarooqiaStreetIslampura,18,2G/3G/LTE,Platinum,Macro,B2S,C4-WZD-07,Enfrashare,Enfrashare,Non DG Site,77.77745627572,78.650012860082,77.77745627572,65.119277263374,77.777134773662,77.777777777777,77.77745627572,77.777777777777,59.085648148148,77.777777777777,67.112590020576,77.396797839506,77.77745627572,78.974729938271,94.616769547325,80.785429526749,94.318737139917,71.822273662551,80.939750514403,94.721900720164,,,,,,,,,,,,20,78.28821051954695
SKG9633,SKG9633__P_MohRiazPura,18,2G/3G/LTE,Platinum,Macro,Standby,C4-NRW-05,JAZZ,DEODAR,DG site,100,100,100,83.145576131687,91.943158436214,100,100,100,100,100,100,100,100,100,100,100,100,100,100,100,,,,,,,,,,,,2,98.75443672839505
KNB9978,KNB9978__S_KotliNawab,20,2G/LTE,Platinum,Macro,Standby,C4-GUJ-01,JAZZ,DEODAR,DG site,100,100,98.984085648148,100,90.087673611111,74.596643518518,100,92.691261574074,99.939814814814,100,100,98.888888888888,100,99.978877314814,97.217881944444,96.356481481481,99.961805555555,100,80.115451388888,100,,,,,,,,,,,,11,96.44094328703676
GML1220,GML1220__S_OffloadGML9905A,9,2G/3G/LTE,Diamond,Macro,Standby,C4-NRW-05,JAZZ,DEODAR,DG site,100,92.930169753086,99.442515432098,100,92.845936213991,99.450231481481,100,96.732253086419,99.546682098765,100,96.938657407407,100,100,100,83.436856995884,90.004501028806,98.036265432098,93.185442386831,90.140817901234,100,,,,,,,,,,,,12,96.634516460905
RUR4794,RUR4794__S_QDHPFBaseChamber,12,2G/3G/LTE,Diamond,Macro,Standby,C4-HFZ-06,Jazz Host/TELENOR Guest,DEODAR,DG site,100,100,100,100,100,100,100,98.399402006172,100,100,100,100,100,89.435281635802,98.211805555555,100,100,100,100,100,,,,,,,,,,,,3,99.30232445987644
GUJ5776,GUJ5776__S_Gobandgarh,9,2G/3G/LTE,Elite,Macro,B2S,C4-GUJ-02,Enfrashare,Enfrashare,Non DG Site,100,81.826774691358,100,99.326774691358,100,100,100,100,100,100,100,100,100,100,100,100,100,100,100,100,,,,,,,,,,,,2,99.0576774691358
RUR0182,RUR0182__S_Cheelian_Wala,3,2G/LTE,Diamond,Macro,Standby,C4-MBD-08,JAZZ,DEODAR,DG site,100,100,100,100,100,100,85.636574074074,100,100,100,100,100,100,100,100,100,100,100,99.971064814814,95.162037037037,,,,,,,,,,,,3,99.03848379629625
GUJ3746,Guj3746__H_Gulshantown,12,2G/3G/LTE,Elite,Macro,Standby,C4-GUJ-02,Jazz Host/TELENOR Guest,DEODAR,DG site,100,100,97.029320987654,100,100,97.183159722222,100,100,100,100,100,100,100,100,100,96.803144290123,99.202835648148,99.97299382716,99.99324845679,100,,,,,,,,,,,,6,99.50923514660487
MCK8972,MCK8972__S_RanmalSharif_BC,6,2G/LTE,Gold,Macro,Standby,C4-MBD-08,JAZZ,DEODAR,DG site,100,100,100,100,100,99.918981481481,100,100,100,100,100,100,100,100,100,100,100,100,100,99.348958333333,,,,,,,,,,,,2,99.96339699074069
GUJ3740,Guj3740__S_SultanPura,12,2G/3G/LTE,Diamond,Macro,Standby,C4-GUJ-02,JAZZ,DEODAR,DG site,97.480227623456,97.25212191358,97.5,96.773244598765,96.306423611111,98.871527777777,98.281732253086,99.254436728395,99.29542824074,92.25212191358,71.407696759259,97.880979938271,96.183449074074,97.814911265432,97.295524691358,98.037712191358,98.783757716049,96.549479166666,96.56780478395,98.160686728395,,,,,,,,,,,,20,96.09746334876509
SKT5152,SKT5152__S_Rauf Plaza Warid_MDSK4176,12,2G/3G/LTE,Elite,Macro,Standby,C4-SKT-03,JAZZ,DEODAR,DG site,98.968460648148,100,100,100,98.239293981481,100,100,100,100,100,100,100,88.829089506172,100,98.78231095679,100,100,100,99.994695216049,100,,,,,,,,,,,,5,99.24069251543202
RUR5259,RUR5259_S_BhagwalAwan_CMPak40850,12,2G/3G/LTE,Platinum,Macro,OMO,C4-SKT-03,Jazz Guest/CM-PAK Host,CM-PAK ,Non DG Site,100,97.584394290123,84.912712191358,100,100,88.261477623456,100,91.315104166666,100,100,100,100,100,100,100,100,100,100,100,100,,,,,,,,,,,,4,98.10368441358015
HFZ5863,HFZ5863_H_Ali Town Hafizabad,6,2G/LTE,Diamond,Macro,B2S,C4-HFZ-06,Enfrashare,Enfrashare,Non DG Site,100,100,100,100,100,100,100,100,100,100,100,100,100,100,100,100,100,100,100,100,,,,,,,,,,,,0,100
RUR3998,RUR3998__H_ChoubraChawinda,20,2G/3G/LTE,Elite,Macro,Standby,C4-NRW-05,JAZZ,DEODAR,DG site,95,94.959780092592,96.769675925925,100,100,100,100,100,96.009259259259,60.909722222222,100,99.263020833333,95,92.577256944444,94.406828703703,95.004918981481,97.285300925925,100,100,100,,,,,,,,,,,,11,95.8592881944442
RUR9670,RUR9670__S_Rattochak,6,2G/3G/LTE,Diamond,Macro,Deodar CP Prime,C4-NRW-05,JAZZ,DEODAR,Non DG Site,100,100,100,99.696180555555,97.87037037037,98.643904320987,99.474344135802,99.592013888888,98.932291666666,98.866705246913,97.60898919753,89.614197530864,83.333333333333,92.542438271604,100,100,100,100,97.005208333333,100,,,,,,,,,,,,12,97.65899884259224
SKT3809,SKT3809__S_RailwayStationSKT,12,2G/3G/LTE,Diamond,Macro,Standby,C4-SKT-03,JAZZ,DEODAR,DG site,100,100,100,100,100,100,100,99.905092592592,100,99.976080246913,100,83.854938271604,98.669753086419,100,100,100,100,100,100,84.581404320987,,,,,,,,,,,,5,98.34936342592576
RUR3737,RUR3737__H_GUJThakarkay,9,2G/3G/LTE,Platinum,Macro,Standby,C4-HFZ-06,JAZZ,DEODAR,DG site,100,100,100,97.398405349794,100,100,100,100,100,95.882844650205,100,100,100,100,100,100,100,100,91.159336419753,100,,,,,,,,,,,,3,99.2220293209876
BPW8989,BPW8989__P_SBDKRD_Bhopalwal,16,2G/3G/LTE,Elite,Macro,Standby,C4-WZD-07,JAZZ,DEODAR,DG site,100,100,100,100,100,99.999638310185,100,100,99.994574652777,92.474681712963,100,99.980107060185,100,98.893590856481,95.763527199074,97.773075810185,99.983000578703,98.518880208333,100,100,,,,,,,,,,,,9,99.16905381944431
SKT4629,SKT4629__S_FGBoysSchoolSKTCantt,9,2G/3G/LTE,Elite,Macro,Standby,C4-SKT-03,JAZZ,DEODAR,DG site,100,100,100,100,100,100,100,100,100,100,100,100,100,100,99.91512345679,92.015174897119,100,100,100,100,,,,,,,,,,,,2,99.59651491769546
GUJ5816,GUJ5816_H_Rakh Kikran Gujranwala,9,2G/LTE,Gold,Macro,B2S,C4-GUJ-01,Enfrashare,Enfrashare,Non DG Site,100,99.666280864197,100,100,100,99.875900205761,100,100,93.655478395061,100,100,100,100,100,100,100,100,100,99.998070987654,100,,,,,,,,,,,,4,99.65978652263365
TMK5823,TMK5823_H_Talwandi Mus Gujranwala,6,2G/LTE,Gold,Macro,B2S,C4-GUJ-01,Enfrashare,Enfrashare,Non DG Site,100,100,100,100,100,100,100,100,100,95.697337962963,100,100,100,100,89.476273148148,100,100,100,100,100,,,,,,,,,,,,2,99.25868055555556
SPB9660,SPB9660__S_DaryaPur,20,2G/3G/LTE,Platinum,Macro,Standby,C4-NRW-05,JAZZ,DEODAR,DG site,99.993055555555,99.990162037037,99.996527777777,99.989583333333,99.986400462963,99.987268518518,100,99.397569444444,97.886863425925,100,96.321469907407,99.969907407407,99.98292824074,98.377025462963,99.969039351851,99.993634259259,99.973379629629,98.565393518518,91.375578703703,97.203993055555,,,,,,,,,,,,18,98.94798900462919
MBN3782,MBN3782__S_MuhallahRoshan,9,2G/3G/LTE,Gold,Macro,Deodar CP Prime,C4-MBD-08,JAZZ,DEODAR,Non DG Site,100,100,100,100,100,100,88.514017489711,100,100,94.820601851851,100,100,100,100,100,100,100,100,100,100,,,,,,,,,,,,2,99.16673096707811
SKT5510,SKT5510__S_ZeeshanColony,9,2G/3G/LTE,Elite,Macro,B2S,C4-SKT-03,E.Co,E.CO,Non DG Site,100,100,100,100,100,100,100,100,100,100,100,100,38.643904320987,100,100,100,100,100,100,100,,,,,,,,,,,,1,96.93219521604935
GML9905,GML9905__S_Gumtala_Narowal,18,2G/3G/LTE,Platinum,Macro,Standby,C4-NRW-05,Jazz Host/CM-PAK Guest,DEODAR,DG site,100,100,100,100,100,100,100,93.83616255144,100,100,97.114197530864,100,100,100,91.9341563786,100,100,92.425090020576,100,100,,,,,,,,,,,,4,98.76548032407399
KTN3416,KTN3416__S_Baghban_Pur_Norowal,9,2G/3G/LTE,Diamond,Macro,Standby,C4-NRW-05,JAZZ,DEODAR,DG site,100,100,100,100,100,100,100,100,100,100,100,100,100,100,100,100,100,100,100,100,,,,,,,,,,,,0,100
RUR5434,RUR5434__S_Sultanpur,15,2G/LTE,Diamond,Macro,B2S,C4-NRW-05,Enfrashare,Enfrashare,Non DG Site,100,100,100,100,83.985725308642,100,84.652391975308,100,100,100,100,100,100,100,100,100,100,100,100,100,,,,,,,,,,,,2,98.4319058641975
KTN4126,KTN4126__S_DalahNanqal_PT,9,2G/3G/LTE,Diamond,Macro,Standby,C4-NRW-05,JAZZ,DEODAR,DG site,100,100,100,100,99.553112139917,100,100,89.564043209876,100,100,85.802469135802,100,100,100,100,100,100,100,100,88.011188271604,,,,,,,,,,,,4,98.14654063785994
SKT3406,SKT3406__P_ZohralHospitalChwk,18,2G/3G/LTE,Elite,Macro,Standby,C4-SKT-03,JAZZ,DEODAR,DG site,100,99.428047839506,98.611111111111,80.453960905349,100,100,100,100,100,100,100,100,98.857381687242,100,100,100,100,100,100,100,,,,,,,,,,,,4,98.8675250771604
WND5005,WND5005__S_Wandoh Warid_MDIK4147,9,2G/3G/LTE,Elite,Macro,Deodar CP Prime,C4-GUJ-01,JAZZ,DEODAR,Non DG Site,75.615354938271,74.771090534979,70.2154063786,82.976466049382,90.131172839506,74.67528292181,100,75.902777777777,77.233153292181,100,100,98.890817901234,100,100,72.5295781893,11.086676954732,45.777391975308,67.867155349794,90.978009259259,87.043467078189,,,,,,,,,,,,15,79.7846900720161
RUR8158,RUR8158__P_IkhlasPur,9,2G/3G/LTE,Diamond,Macro,OMO,C4-NRW-05,Jazz Guest/UFONE Host,UFONE,Non DG Site,100,100,100,100,100,100,100,100,100,100,100,100,100,97.926311728395,100,100,100,100,99.448302469135,100,,,,,,,,,,,,2,99.86873070987649
GUJ6949,GUJ6949__S_JhangiVillage,18,2G/3G/LTE,Platinum,Macro,Standby,C4-GUJ-01,Jazz Host/UFONE Guest,DEODAR,DG site,100,100,100,100,100,100,100,100,100,100,100,100,100,100,100,100,100,100,100,100,,,,,,,,,,,,0,100
GUJ3348,Guj3348__S_Arafatcolony,18,2G/3G/LTE,Platinum,Macro,Standby,C4-GUJ-01,Jazz Host/CM-PAK Guest,DEODAR,DG site,100,96.965112433862,100,100,100,98.981205908289,100,98.810626102292,100,100,100,94.17328042328,100,100,100,100,100,100,99.998622134038,100,,,,,,,,,,,,5,99.44644235008805
GUJ6120,GUJ6120__S_OldTown,9,2G/3G/LTE,Diamond,Macro,B2S,C4-GUJ-01,E.Co,E.CO,Non DG Site,100,83.808834876543,98.378665123456,76.120273919753,100,70.809220679012,100,100,100,100,75.029417438271,100,74.32773919753,99.397183641975,58.333333333333,21.494984567901,89.16618441358,66.660879629629,96.467013888888,63.448109567901,,,,,,,,,,,,13,83.6720920138886
GUJ5771,GUJ5771__S_Fazalpura_CMPak42630,9,2G/3G/LTE,Diamond,Macro,OMO,C4-GUJ-02,Jazz Guest/CM-PAK Host,CM-PAK ,Non DG Site,100,100,100,100,100,100,100,100,100,100,100,100,100,100,100,100,100,100,100,100,,,,,,,,,,,,0,100
GUJ9485,GUJ9485__S_Railway_Track_Rahwali_GJ1600,18,2G/3G/LTE,Elite,Macro,Deodar CP Prime,C4-GUJ-02,Jazz Host/TELENOR Guest,DEODAR,Non DG Site,100,59.506815843621,100,92.406442901234,100,100,100,89.546360596707,100,100,90.620498971193,100,100,100,88.458076131687,99.211033950617,100,99.328703703703,99.972029320987,100,,,,,,,,,,,,8,95.95249807098746
SKT0416,SKT0416__H_NaikaPura,12,2G/3G/LTE,Hub,Macro,Standby,C4-SKT-03,Jazz Host/UFONE Guest,DEODAR,DG site,100,100,100,100,100,100,100,100,100,100,100,100,100,100,100,100,100,100,99.994212962963,100,,,,,,,,,,,,1,99.99971064814815
SKG9840,SKG9840__P_Behind_GovtBoysHich,12,2G/3G/LTE,Hub,Macro,Standby,C4-NRW-05,JAZZ,DEODAR,DG site,100,100,93.336709104938,83.146219135802,91.947337962963,100,100,100,100,100,100,100,100,100,100,100,100,100,100,100,,,,,,,,,,,,3,98.42151331018515
GUJ0348,GUJ0348__P_DCColony,20,2G/3G/LTE,Elite,Macro,Standby,C4-GUJ-02,JAZZ,DEODAR,DG site,100,100,83.049768518518,99.962962962963,100,90.972222222222,88.652488425925,100,100,100,100,100,100,100,99.72171900161,100,100,100,99.999748389694,100,,,,,,,,,,,,6,98.1179454760466
RUR3411,RUR3411__H_SKTUggoki,20,2G/3G/LTE,Hub,Macro,Standby,C4-WZD-07,JAZZ,DEODAR,DG site,100,100,100,100,100,100,100,100,100,100,100,100,100,100,100,100,100,100,100,100,,,,,,,,,,,,0,100
RUR5651,RUR5651__S_Goindke,6,2G/LTE,Bronze,Macro,B2S,C4-WZD-07,Enfrashare,Enfrashare,Non DG Site,100,100,99.247685185185,97.939814814814,100,100,100,92.861689814814,100,100,100,100,99.311342592592,100,100,97.24537037037,100,100,90.775462962963,92.485532407407,,,,,,,,,,,,7,98.49334490740725
RUR0795,RUR0795__S_BegowalWarid_MDWA1952,9,2G/3G/LTE,Diamond,Macro,Standby,C4-WZD-07,JAZZ,DEODAR,DG site,99.620627572016,99.336419753086,99.454089506172,99.644418724279,99.671424897119,99.644418724279,99.525462962963,81.964377572016,99.523533950617,99.37628600823,99.493955761316,99.517103909465,97.72890946502,99.53253600823,99.583333333333,89.881044238683,99.538966049382,99.620627572016,99.645061728395,98.585390946502,,,,,,,,,,,,20,98.04439943415596
HWY5981,HWY5981__S_Rajoki Warid_625368,12,2G/3G/LTE,Diamond,Macro,Standby,C4-WZD-07,Jazz Host/CM-PAK Guest,DEODAR,DG site,100,100,100,100,100,100,100,100,100,100,100,96.245177469135,100,100,100,100,100,100,100,100,,,,,,,,,,,,1,99.81225887345674
SKT8499,SKT8499__S_ChMuhammadBootaRd,6,2G/LTE,Bronze,Macro,B2S,C4-SKT-03,Enfrashare,Enfrashare,Non DG Site,100,100,100,100,100,100,100,100,100,100,100,100,100,100,100,100,95.865162037037,96.469907407407,100,100,,,,,,,,,,,,2,99.6167534722222
SKT5834,SKT5834_H_Rehman Road Sahowali Sialkot,12,2G/LTE,Diamond,Macro,B2S,C4-SKT-03,Enfrashare,Enfrashare,Non DG Site,100,100,100,100,100,100,100,100,100,100,100,100,100,100,96.546585648148,100,99.460358796296,100,99.993730709876,100,,,,,,,,,,,,3,99.80003375771601
RUR1084,RUR1084__P_Marajkae,12,2G/3G/LTE,Elite,Macro,Standby,C4-SKT-03,JAZZ,DEODAR,DG site,100,100,100,100,100,100,100,98.984375,100,92.832754629629,100,100,100,100,99.380787037037,100,100,100,100,100,,,,,,,,,,,,3,99.5598958333333
GUJ4649,Guj4649__P_Loyawalabazar,12,2G/3G/LTE,Elite,Macro,Standby,C4-GUJ-02,JAZZ,DEODAR,DG site,100,100,100,100,100,96.135223765432,93.149594907407,100,100,100,96.18393132716,100,100,100,96.371045524691,100,99.197048611111,100,99.992283950617,100,,,,,,,,,,,,6,99.05145640432092
SKT5746,SKT5746__S_Rangpura,9,2G/3G/LTE,Platinum,Macro,B2S,C4-SKT-03,Enfrashare,Enfrashare,Non DG Site,70.150462962963,100,100,100,90.059799382716,100,100,100,100,100,58.41177983539,88.888888888888,88.888888888888,92.595807613168,100,100,100,100,100,100,,,,,,,,,,,,6,94.44978137860065
GUJ9459,GUJ9459__S_usman Colony Warid_MDGJ4239,9,2G/3G/LTE,Platinum,Macro,Deodar CP Prime,C4-GUJ-01,Jazz Host/TELENOR Guest,DEODAR,Non DG Site,100,100,100,100,100,87.087191358024,100,100,100,87.229295267489,100,100,86.973379629629,100,100,100,85.567129629629,100,100,82.14699074074,,,,,,,,,,,,5,96.45019933127556
GUJ3745,Guj3745__S_Mainmktsatellite,9,2G/3G/LTE,Platinum,Macro,Deodar CP Prime,C4-GUJ-01,JAZZ,DEODAR,Non DG Site,100,100,100,96.537422839506,100,100,100,100,100,100,95.040509259259,100,100,100,96.603009259259,100,100,100,100,100,,,,,,,,,,,,3,99.40904706790118
GUJ3338,GUJ3338__P_ChaudhryPlaza,9,2G/3G/LTE,Elite,Macro,Standby,C4-GUJ-02,JAZZ,DEODAR,DG site,94.650848765432,95.775462962963,100,93.859953703703,95.717592592592,100,100,100,100,100,99.739583333333,100,96.680169753086,100,100,100,100,92.782278806584,99.998713991769,96.541923868312,,,,,,,,,,,,9,98.2873263888887
PHA5663,PHA5663_H_Ghanian Road Phalia Mandi Bahauddin,6,2G/LTE,Platinum,Macro,B2S,C4-MBD-08,ATL,ATL,Non DG Site,100,100,100,95.202546296296,100,100,100,100,91.582754629629,100,100,90.381944444444,18.55324074074,99.033564814814,100,100,100,100,100,100,,,,,,,,,,,,5,94.73770254629616
GUJ5575,GUJ5575_H_Gondlan Wala Rd Model Town,9,2G/LTE,Elite,Macro,B2S,C4-GUJ-02,Enfrashare,Enfrashare,Non DG Site,100,99.90162037037,100,100,100,84.801311728395,100,100,100,100,100,100,100,100,100,100,100,100,99.998070987654,100,,,,,,,,,,,,3,99.23505015432094
DDL9709,DDL9709__S_SarjalDhadyal,9,2G/3G/LTE,Gold,Macro,Standby,C4-NRW-05,JAZZ,DEODAR,DG site,100,100,100,100,100,100,100,100,100,100,100,100,100,100,100,100,100,100,100,100,,,,,,,,,,,,0,100
KLR9491,KLR9491__S_Kolo_Tarrar_HF1983,6,2G/LTE,Diamond,Macro,Standby,C4-HFZ-06,JAZZ,DEODAR,DG site,100,100,100,100,100,100,81.947337962963,100,100,100,100,100,100,100,100,100,100,100,100,100,,,,,,,,,,,,1,99.09736689814815
KTL4948,KTL4948__P_KotliLoharanEast,16,2G/3G/LTE,Elite,Macro,Standby,C4-SKT-03,Jazz Host/CM-PAK Guest,DEODAR,DG site,100,85.636935763888,98.281611689814,100,100,96.485821759259,95.50636574074,96.725622106481,94.262152777777,90.060402199074,87.5,87.5,55.931712962963,57.958984375,62.374855324074,71.690176504629,91.532118055555,100,93.402054398148,51.630497685185,,,,,,,,,,,,16,85.82396556712935
RUR5933,RUR5933__P_ Olakh Bhai kWarid_HF7562,6,2G/LTE,Diamond,Macro,Standby,C4-HFZ-06,JAZZ,DEODAR,DG site,100,100,100,100,100,100,100,100,100,100,100,100,100,93.848379629629,100,100,98.851273148148,100,100,98.317901234567,,,,,,,,,,,,3,99.5508777006172
GUJ6136,GUJ6136__S_JannatTown,9,2G/3G/LTE,Platinum,Macro,B2S,C4-GUJ-02,E.Co,E.CO,Non DG Site,100,100,100,94.074717078189,100,100,100,100,100,100,100,100,100,100,100,100,100,100,100,100,,,,,,,,,,,,1,99.70373585390945
RUR5972,RUR5972__S_Mundikay chowk Warid_475349,12,2G/3G/LTE,Elite,Macro,Standby,C4-WZD-07,JAZZ,DEODAR,DG site,100,100,100,97.556905864197,100,97.536651234567,96.589506172839,100,95.77449845679,100,99.639756944444,100,100,100,100,99.548611111111,100,99.438657407407,100,100,,,,,,,,,,,,7,99.30422935956776
AMN5917,AMN5917__S_AimanabadWarid_GJ1960,12,2G/3G/LTE,Elite,Macro,Standby,C4-GUJ-01,JAZZ,DEODAR,DG site,99.99180169753,99.991319444444,100,99.987461419753,82.320601851851,68.511284722222,99.527391975308,71.704282407407,58.333333333333,75.737847222222,99.989872685185,68.198302469135,74.990837191358,81.62712191358,77.96199845679,99.993730709876,99.99180169753,99.991319444444,87.815875771604,100,,,,,,,,,,,,18,87.33330922067859
RUR0433,RUR0433__S_MaraliWala,12,2G/3G/LTE,Elite,Macro,Standby,C4-HFZ-06,JAZZ,DEODAR,DG site,100,100,100,100,100,100,100,100,100,100,100,100,100,100,100,100,100,98.765914351851,100,100,,,,,,,,,,,,1,99.93829571759255
RUR5942,RUR5942__S_Tatlay Ali-KMK Warid_305407,18,2G/3G/LTE,Elite,Macro,Standby,C4-HFZ-06,JAZZ,DEODAR,DG site,100,100,97.227044753086,100,100,96.929333847736,100,100,100,100,100,100,100,100,100,100,100,100,100,95.822723765432,,,,,,,,,,,,3,99.4989551183127
HWY9737,HWY9737__P_MoreAmenabad2,12,2G/3G/LTE,Hub,Macro,Standby,C4-GUJ-01,JAZZ,DEODAR,DG site,100,99.973476080246,100,100,100,100,100,100,100,100,100,100,100,100,100,100,100,100,100,100,,,,,,,,,,,,1,99.9986738040123
GUJ9453,GUJ9453__S_Chuhanwala Warid_MDGJ1834,12,2G/3G/LTE,Platinum,Macro,Deodar CP Prime,C4-GUJ-02,JAZZ,DEODAR,Non DG Site,100,100,100,100,100,100,100,100,100,100,100,99.76417824074,100,100,100,100,100,100,99.993730709876,100,,,,,,,,,,,,2,99.9878954475308
RUR8085,RUR8085__P_Tahli_Goraya_VillageWarid_315346,6,2G/LTE,Diamond,Macro,Standby,C4-HFZ-06,JAZZ,DEODAR,DG site,100,100,100,100,100,100,93.666087962963,100,77.61574074074,100,100,97.738233024691,100,99.969135802469,100,100,100,97.538580246913,100,100,,,,,,,,,,,,5,98.3263888888888
GUJ0727,GUJ0727__P_MuhammadiTown,9,2G/3G/LTE,Platinum,Macro,Standby,C4-GUJ-01,Jazz Host/UFONE Guest,DEODAR,DG site,100,98.712705761316,100,100,90.578060699588,100,89.338348765432,100,100,94.469521604938,100,93.730066872428,100,100,100,98.707561728395,89.746013374485,98.108281893004,95.212191358024,100,,,,,,,,,,,,9,97.4301376028805
JPB4945,JPB4945__H_Pindibhatianrd,9,2G/3G/LTE,Hub,Macro,Standby,C4-HFZ-06,JAZZ,DEODAR,DG site,100,100,100,100,100,100,100,100,100,100,100,100,100,100,100,100,100,100,100,96.906507201646,,,,,,,,,,,,1,99.8453253600823
HMP9712,HMP9712__S_Kotli_Nagra,6,2G/LTE,Diamond,Macro,Standby,C4-GUJ-01,JAZZ,DEODAR,DG site,100,100,99.751157407407,100,100,97.488425925925,99.597800925925,100,100,98.822337962963,100,100,100,100,100,100,100,100,100,100,,,,,,,,,,,,4,99.782986111111
SKT4622,SKT4622__P_uhallahKhuwala,18,2G/3G/LTE,Elite,Macro,Standby,C4-SKT-03,Jazz Host/TELENOR+UFONE Guest,DEODAR,DG site,100,100,100,100,95.294495884773,100,100,99.713541666666,100,100,100,100,100,100,100,97.857510288065,100,100,99.999356995884,100,,,,,,,,,,,,4,99.64324524176939
SKT8758,SKT8758__S_QabrastanShaheedan_CMPak7163,6,2G/LTE,Bronze,Macro,OMO,C4-SKT-03,Jazz Guest/CM-PAK Host,CM-PAK ,Non DG Site,82.228009259259,47.019675925925,92.233796296296,93.732638888888,95.3125,96.851851851851,97.129629629629,100,100,100,100,100,100,100,100,100,100,100,100,100,,,,,,,,,,,,7,95.22540509259241
SCK9901,SCK9901__S_UdhoWali,12,2G/3G/LTE,Diamond,Macro,Standby,C4-HFZ-06,Jazz Host/CM-PAK Guest,DEODAR,DG site,100,100,100,100,100,100,100,100,100,100,100,100,100,100,100,96.153549382716,100,100,100,100,,,,,,,,,,,,1,99.8076774691358
QDS9645,QDS9645__P_BohktlaRd,20,2G/3G/LTE,Elite,Macro,Standby,C4-HFZ-06,Jazz Host/CM-PAK Guest,DEODAR,DG site,100,100,99.162037037037,100,100,100,100,100,100,100,100,100,100,100,100,100,100,100,100,100,,,,,,,,,,,,1,99.95810185185185
GUJ5490,GUJ5490__T_SiddiqSadiqHospital,2,2G/LTE,Bronze,Micro,Jazz CP Prime,C4-GUJ-01,JAZZ,JAZZ,Non DG Site,100,100,100,100,100,100,100,100,100,100,100,100,100,100,100,100,100,100,99.997106481481,100,,,,,,,,,,,,1,99.99985532407405
RUR5934,RUR5934__P_Bagga SharifWarid_HF5099,6,2G/LTE,Diamond,Macro,B2S,C4-HFZ-06,Enfrashare,Enfrashare,Non DG Site,100,100,95.286458333333,100,100,100,100,100,100,100,100,100,100,57.097800925925,100,100,100,100,100,100,,,,,,,,,,,,2,97.6192129629629
SKT6400,SKT6400__S_HamzaGhaus,9,2G/3G/LTE,Platinum,Macro,B2S,C4-SKT-03,ATL,ATL,Non DG Site,100,100,100,97.671682098765,100,100,100,100,99.388503086419,97.438271604938,99.315200617283,97.582947530864,100,100,100,100,98.655478395061,100,100,94.735725308642,,,,,,,,,,,,7,99.2393904320986
RUR4468,RUR4468__S_MaanVillage_Ufone_3892,6,2G/LTE,Diamond,Macro,OMO,C4-HFZ-06,Jazz Guest/UFONE Host,UFONE,Non DG Site,100,85.928819444444,100,100,100,100,100,100,100,100,100,100,100,100,100,77.256944444444,100,100,100,100,,,,,,,,,,,,2,98.15928819444439
QMS9702,QMS9702__S_JagowalQilaMoolSingh,3,2G/LTE,Bronze,Macro,Standby,C4-HFZ-06,Jazz Host/CM-PAK Guest,DEODAR,DG site,100,100,98.715277777777,100,100,100,100,100,100,100,100,100,100,100,100,100,100,100,100,98.877314814814,,,,,,,,,,,,2,99.87962962962955
GUJ5614,GUJ5614_H_Shadman Town Gujranwala Punjab Pakistan,9,2G/LTE,Platinum,Macro,OMO,C4-GUJ-01,Jazz Guest/CM-PAK Host,CM-PAK ,Non DG Site,100,100,100,100,100,100,100,100,100,100,100,100,100,97.385545267489,100,100,100,100,100,100,,,,,,,,,,,,1,99.86927726337446
SKT3812,SKT3812__S_GhausPura,12,2G/3G/LTE,Platinum,Macro,Standby,C4-SKT-03,Jazz Host/TELENOR Guest,DEODAR,DG site,100,100,100,100,100,100,98.303433641975,100,100,100,100,100,100,100,100,100,96.563464506172,90.717592592592,99.994212962963,100,,,,,,,,,,,,4,99.2789351851851
SKT5848,SKT5848__S_AlRehmatSuperStore,9,2G/3G/LTE,Elite,Macro,B2S,C4-SKT-03,Enfrashare,Enfrashare,Non DG Site,100,100,100,100,100,100,100,100,100,100,100,100,100,100,100,100,100,100,100,100,,,,,,,,,,,,0,100
RUR9651,RUR9651__S_VllgeDialprNoorKot_N,6,2G/LTE,Diamond,Macro,Deodar CP Prime,C4-NRW-05,JAZZ,DEODAR,Non DG Site,100,100,100,100,100,100,100,91.721643518518,100,100,94.615162037037,100,100,100,94.192708333333,100,100,92.08236882716,100,100,,,,,,,,,,,,4,98.6305941358024
RUR4977,RUR4977__H_STRChecharWali,6,2G/LTE,Gold,Macro,Deodar CP Prime,C4-NRW-05,JAZZ,DEODAR,Non DG Site,100,100,100,100,100,100,100,100,100,100,100,100,100,100,100,100,100,100,100,100,,,,,,,,,,,,0,100
RUR5793,RUR5793_H_LR_Village Mouza Jalhan Gujranwala,6,2G/LTE,Bronze,Macro,OMO,C4-HFZ-06,Jazz Guest/CM-PAK Host,CM-PAK ,Non DG Site,90.407986111111,91.793981481481,87.962962962963,88.923611111111,94.366319444444,91.290509259259,94.065393518518,100,95.244020061728,93.197337962963,91.030092592592,94.997106481481,88.843557098765,73.46836419753,94.513888888888,92.848186728395,96.223958333333,94.6875,93.78761574074,90.66261574074,,,,,,,,,,,,19,91.9157503858021
GUJ9449,GUJ9449__S_Saddar Thana Warid_MDGJ4156,18,2G/3G/LTE,Elite,Macro,Deodar CP Prime,C4-GUJ-01,JAZZ,DEODAR,Non DG Site,100,100,100,100,100,100,100,100,100,98.555169753086,97.222222222222,83.448431069958,96.95569701646,100,100,100,100,100,88.607253086419,100,,,,,,,,,,,,5,98.23943865740725
KSK4269,KSK4269__S_KassoKe_TPLHFR06,6,2G/LTE,Gold,Macro,OMO,C4-HFZ-06,Jazz Guest/TELENOR Host,TELENOR,Non DG Site,100,100,100,99.310378086419,100,100,100,100,100,98.200231481481,100,100,100,99.661458333333,100,100,89.418402777777,99.641203703703,80.815972222222,95.434027777777,,,,,,,,,,,,7,98.12408371913558
SKT3399,SKT3399__S_ishatParkParisRd,9,2G/3G/LTE,Platinum,Macro,Standby,C4-SKT-03,JAZZ,DEODAR,DG site,100,100,100,100,96.828703703703,89.971547067901,100,98.854166666666,100,100,90.739776234567,99.305555555555,96.127989969135,100,100,100,100,100,100,100,,,,,,,,,,,,6,98.59138695987636
SKT9478,SKT9478__S_Sialkot Cantt_MDSK4181,12,2G/3G/LTE,Platinum,Macro,Standby,C4-SKT-03,JAZZ,DEODAR,DG site,87.042824074074,95.516493055555,100,100,100,94.149305555555,100,100,100,100,100,100,99.67399691358,100,92.472511574074,100,95.42824074074,100,99.998842592592,100,,,,,,,,,,,,7,98.21411072530847
RUR8984,RUR8984__P_QadirTownUgokiSKT,18,2G/3G/LTE,Elite,Macro,Standby,C4-WZD-07,Jazz Host/TELENOR Guest,DEODAR,DG site,100,100,100,100,100,100,100,100,100,100,100,100,100,100,100,100,85.922067901234,100,95.817258230452,89.820280349794,,,,,,,,,,,,3,98.57798032407399
SKT1618,SKT1618__S_Rang Pura Green Town_MDSK4275,20,2G/3G/LTE,Platinum,Macro,Standby,C4-SKT-03,JAZZ,DEODAR,DG site,83.147858796296,100,99.326967592592,100,92.126157407407,100,100,100,100,100,100,100,86.467592592592,94.450231481481,100,100,100,100,100,100,,,,,,,,,,,,5,97.7759403935184
RUR5289,RUR5289__T_ForwardSports_PvtLtd,3,2G/3G/LTE,Bronze,Micro,Jazz CP Prime,C4-WZD-07,JAZZ,JAZZ,Non DG Site,100,100,100,100,100,100,100,99.479166666666,100,100,100,100,100,100,100,100,100,100,100,100,,,,,,,,,,,,1,99.9739583333333
DSK9637,DSK9637__P_Gali_College,9,2G/3G/LTE,Diamond,Macro,Deodar CP Prime,C4-WZD-07,JAZZ,DEODAR,Non DG Site,100,100,100,90.83912037037,100,100,100,100,75.204475308642,91.423611111111,88.12757201646,100,100,100,100,85.204475308642,88.987268518518,88.373842592592,100,100,,,,,,,,,,,,7,95.40801826131676
SKT5487,SKT5487__S_AkbarAbad,18,2G/3G/LTE,Elite,Macro,B2S,C4-SKT-03,Enfrashare,Enfrashare,Non DG Site,100,100,100,76.870498971193,100,100,100,97.489390432098,100,100,100,100,98.957690329218,83.063271604938,81.35641718107,59.829603909465,72.222222222222,78.868312757201,79.873649691358,85.710198045267,,,,,,,,,,,,10,90.7120627572015
RUR5559,RUR5559__S_Dehlra_Ufone1511,6,2G/LTE,Diamond,Macro,OMO,C4-NRW-05,Jazz Guest/UFONE Host,UFONE,Non DG Site,100,100,100,100,100,100,100,100,100,100,100,100,100,100,100,100,100,100,100,100,,,,,,,,,,,,0,100
RUR5657,RUR5657__S_Lakhnoor,6,2G/LTE,Gold,Macro,B2S,C4-NRW-05,Enfrashare,Enfrashare,Non DG Site,100,100,100,100,100,100,100,100,100,100,100,100,100,100,100,100,100,100,100,100,,,,,,,,,,,,0,100
RUR9494,RUR9494__S_DhareneKay_MeerDaadKay_VT4146,6,2G/LTE,Diamond,Macro,Standby,C4-HFZ-06,JAZZ,DEODAR,DG site,100,100,100,100,100,100,100,100,100,100,100,100,100,100,100,100,100,100,100,100,,,,,,,,,,,,0,100
RUR0786,RUR0786__S_BaddoRattan,9,2G/3G/LTE,Platinum,Macro,Standby,C4-HFZ-06,Jazz Host/CM-PAK Guest,DEODAR,DG site,100,100,100,100,100,100,100,100,100,100,100,100,100,100,100,100,100,100,100,100,,,,,,,,,,,,0,100
RUR0995,RUR0995__S_Gunhor_UFONE_3732,6,2G/LTE,Diamond,Macro,OMO,C4-GUJ-01,Jazz Guest/UFONE Host,UFONE,Non DG Site,100,100,100,100,100,100,100,100,100,100,100,100,100,100,100,100,100,100,100,100,,,,,,,,,,,,0,100
SKT4186,SKT4186__S_Doburji_Malian_Pasroor_Road_MDSK4271,18,2G/3G/LTE,Elite,Macro,Standby,C4-SKT-03,Jazz Host/TELENOR Guest,DEODAR,DG site,94.905156893004,100,100,100,100,100,100,100,100,100,100,100,100,100,100,100,100,92.295524691358,80.388374485596,100,,,,,,,,,,,,3,98.3794528034979
RUR5143,RUR5143__S_Kalahrawan Warid_MDSK7567,6,2G/LTE,Gold,Macro,OMO,C4-SKT-03,Jazz Guest/PTCL Host,PTCL,Non DG Site,100,100,100,100,100,100,100,100,100,100,100,100,100,100,100,100,99.762731481481,100,100,100,,,,,,,,,,,,1,99.98813657407405
RUR4999,RUR4999__S_NRWMundiKhailNRW,6,2G/3G/LTE,Diamond,Macro,Deodar CP Prime,C4-NRW-05,JAZZ,DEODAR,Non DG Site,100,100,100,100,100,100,100,100,100,100,100,100,100,100,100,100,100,100,100,100,,,,,,,,,,,,0,100
GUJ8145,GUJ8145__T_MeenaBazar,4,2G/3G/LTE,Bronze,Micro,Jazz CP Prime,C4-GUJ-02,JAZZ,JAZZ,Non DG Site,100,100,100,100,100,39.697627314814,100,100,100,100,100,100,100,100,100,100,100,100,99.997106481481,95.739293981481,,,,,,,,,,,,3,96.7717013888888
RUR1151,RUR1151__S_SingraPind,9,2G/3G/LTE,Diamond,Macro,Standby,C4-NRW-05,JAZZ,DEODAR,DG site,100,100,100,100,100,100,100,100,100,100,99.650848765432,100,100,100,100,100,100,100,96.404320987654,100,,,,,,,,,,,,2,99.8027584876543
RUR6398,RUR6398__S_NawanPind,9,2G/LTE,Platinum,Macro,B2S,C4-NRW-05,ATL,ATL,Non DG Site,100,100,99.488168724279,100,100,99.09336419753,100,100,100,100,100,93.987268518518,100,100,100,100,100,100,100,100,,,,,,,,,,,,3,99.62844007201635
RGA9707,RGA9707__S_Budha_Goraya,9,2G/3G/LTE,Platinum,Macro,Standby,C4-HFZ-06,JAZZ,DEODAR,DG site,99.438657407407,99.704861111111,100,100,100,100,100,99.872685185185,100,100,100,100,100,100,100,100,99.988425925925,100,99.851466049382,100,,,,,,,,,,,,5,99.94280478395049
RUR1968,RUR1968__H_Kingra,12,2G/3G/LTE,Elite,Macro,Standby,C4-NRW-05,Jazz Host/CM-PAK Guest,DEODAR,DG site,99.975405092592,99.953221450617,99.963348765432,99.995177469135,99.991319444444,99.976851851851,99.988908179012,99.987461419753,99.995659722222,99.99324845679,99.999517746913,99.990837191358,99.914641203703,99.997106481481,99.99855324074,99.969618055555,99.964313271604,99.972029320987,99.999517746913,100,,,,,,,,,,,,19,99.9813368055551
RUR0515,RUR0515__S_Phalora,6,2G/LTE,Gold,Macro,OMO,C4-NRW-05,Jazz Guest/UFONE Host,UFONE,Non DG Site,100,100,93.851273148148,99.491705246913,100,100,100,99.473379629629,100,92.824074074074,100,100,100,100,100,100,100,99.780092592592,100,100,,,,,,,,,,,,5,99.2710262345678
RUR0733,RUR0733__S_MonaDepot,6,2G/LTE,Diamond,Macro,Standby,C4-MBD-08,JAZZ,DEODAR,DG site,100,100,100,100,100,100,100,100,100,100,100,100,100,100,100,100,100,100,100,100,,,,,,,,,,,,0,100
KLW9890,KLW9890__S_RangKhukhran,9,2G/3G/LTE,Platinum,Macro,Standby,C4-SKT-03,Jazz Host/CM-PAK+TELENOR Guest,DEODAR,DG site,100,100,100,100,100,97.679398148148,100,99.996784979423,100,100,100,100,88.650977366255,100,100,100,100,100,92.063400205761,100,,,,,,,,,,,,4,98.91952803497934
SKT0831,SKT0831__P_IqbalParkPasroorRd,18,2G/3G/LTE,Elite,Macro,Standby,C4-SKT-03,JAZZ,DEODAR,DG site,99.922518004115,100,100,99.995498971193,99.999356995884,99.998713991769,99.999678497942,99.70228909465,99.999678497942,99.999356995884,100,99.995498971193,100,100,96.844778806584,86.549961419753,100,100,99.999678497942,100,,,,,,,,,,,,12,99.15035043724257
GUJ9993,GUJ9993__P_Taj_Pura,12,2G/3G/LTE,Elite,Macro,Standby,C4-GUJ-02,JAZZ,DEODAR,DG site,99.367766203703,99.6875,100,99.545717592592,99.762731481481,100,100,100,100,100,99.599247685185,100,100,93.940972222222,100,100,100,98.718653549382,100,100,,,,,,,,,,,,7,99.53112943672825
ASH1251,ASH1251__S_AshrafAbad_Ufone_7743,9,2G/3G/LTE,Bronze,Macro,OMO,C4-GUJ-01,Jazz Guest/UFONE Host,UFONE,Non DG Site,88.587962962963,100,100,100,70.368441358024,100,100,100,100,100,100,100,76.502057613168,100,100,100,85.080375514403,98.560313786008,100,84.799382716049,,,,,,,,,,,,6,95.19492669753075
GUJ6135,GUJ6135__S_NabiPura_CMPak4087,9,2G/3G/LTE,Platinum,Macro,OMO,C4-GUJ-01,Jazz Guest/CM-PAK Host,CM-PAK ,Non DG Site,95.680941358024,82.382973251028,72.737911522633,79.666280864197,71.586934156378,99.898405349794,87.952674897119,99.967206790123,99.698431069958,68.840663580246,99.175668724279,67.677469135802,99.972350823045,99.81545781893,95.66808127572,71.52070473251,49.516460905349,99.906121399177,73.860596707818,99.851466049382,,,,,,,,,,,,20,85.76884002057561
GUJ0006,GUJ0006__H_Ghalla,9,2G/3G/LTE,Hub,Macro,Standby,C4-GUJ-02,JAZZ,DEODAR,DG site,100,100,100,100,97.024819958847,97.863297325102,100,100,100,100,100,100,97.159850823045,100,100,100,100,100,99.998070987654,100,,,,,,,,,,,,4,99.6023019547324
GUJ5819,UGUJ5819__S_SharifFarmRahwali_CMPak7210,9,2G/3G/LTE,Elite,Macro,OMO,C4-GUJ-02,Jazz Guest/CM-PAK Host,CM-PAK ,Non DG Site,100,100,100,100,100,85.509259259259,100,100,100,84.773823302469,100,100,84.162326388888,100,100,100,89.168595679012,100,99.991319444444,82.946084104938,,,,,,,,,,,,6,96.3275704089505
GUJ5261,GUJ5261_S_KotShahan_CMPak7593,9,2G/3G/LTE,Diamond,Macro,OMO,C4-GUJ-02,Jazz Guest/CM-PAK Host,CM-PAK ,Non DG Site,100,100,100,100,100,100,81.113040123456,99.729938271604,100,100,100,100,100,100,100,100,100,100,100,100,,,,,,,,,,,,2,99.042148919753
GUJ8152,GUJ8152__Q_BankSquare,4,2G/3G/LTE,Bronze,Micro,Jazz CP Prime,C4-GUJ-02,JAZZ,JAZZ,Non DG Site,22.832754629629,100,37.5,36.212384259259,100,100,71.545138888888,100,100,100,100,100,75,0,43.408564814814,100,100,58.333333333333,0,0,,,,,,,,,,,,10,67.24160879629616
GUJ9720,GUJ9720__T_Amir_Plaza,2,2G/3G/LTE,Bronze,Micro,Jazz CP Prime,C4-GUJ-01,JAZZ,JAZZ,Non DG Site,99.375,92.563657407407,93.220486111111,84.820601851851,86.556712962963,58.567708333333,94.994212962963,94.6875,100,96.024305555555,100,93.171296296296,68.431712962963,94.160879629629,89.172453703703,95.42824074074,100,95.462962962963,94.699074074074,65,,,,,,,,,,,,17,89.81684027777756
GUJ0316,GUJ0316__S_ThanawalaBazar,2,2G/3G/LTE,Bronze,Micro,Jazz CP Prime,C4-GUJ-01,JAZZ,JAZZ,Non DG Site,100,100,100,89.059606481481,100,89.693287037037,100,100,100,100,100,100,100,100,100,100,100,100,99.994212962963,99.024884259259,,,,,,,,,,,,4,98.888599537037
RUR5532,RUR5532__S_CitiHousing,12,2G/LTE,Elite,Macro,B2S,C4-GUJ-01,Enfrashare,Enfrashare,Non DG Site,100,100,100,100,100,100,100,100,100,100,100,100,100,100,100,100,100,100,100,100,,,,,,,,,,,,0,100
HFZ4067,HFZ4067__P_RailwayHafizabad,12,2G/3G/LTE,Hub,Macro,Standby,C4-HFZ-06,JAZZ,DEODAR,DG site,100,100,100,100,99.505690586419,98.114872685185,100,100,100,100,100,100,100,100,100,97.765721450617,100,100,100,100,,,,,,,,,,,,3,99.76931423611106
RUR0506,RUR0506__S_Sivia,9,2G/3G/LTE,Platinum,Macro,Deodar CP Prime,C4-MBD-08,Jazz Host/TELENOR+CM-PAK Guest,DEODAR,Non DG Site,95.484182098765,100,100,100,100,100,90.821759259259,93.478009259259,100,100,100,100,100,100,100,97.266589506172,100,100,100,100,,,,,,,,,,,,4,98.85252700617276
MLL8787,MLL8787__S_GreenTown,9,2G/3G/LTE,Diamond,Macro,Deodar CP Prime,C4-MBD-08,JAZZ,DEODAR,Non DG Site,100,100,100,100,100,100,100,100,100,100,100,100,100,100,100,100,100,100,100,94.668852880658,,,,,,,,,,,,1,99.7334426440329
RUR6177,RUR6177__S_Hailan_MR4W4343,6,2G/LTE,Diamond,Macro,Standby,C4-MBD-08,JAZZ,DEODAR,DG site,100,100,100,100,100,100,98.852237654321,94.696180555555,100,100,97.395833333333,94.603587962963,100,100,100,100,100,96.780478395061,100,100,,,,,,,,,,,,5,99.11641589506165
KHJ6977,KHJ6977__S_GaduKalanPhalia,6,2G/3G/LTE,Bronze,Macro,Deodar CP Prime,C4-MBD-08,Jazz Host/TELENOR Guest,DEODAR,Non DG Site,100,100,100,100,100,100,100,100,100,100,100,100,100,100,100,100,100,100,99.988425925925,99.97974537037,,,,,,,,,,,,2,99.99840856481475
MNZ9889,MNZ9889__S_Manzoor_PuraPlot,9,2G/3G/LTE,Diamond,Macro,Standby,C4-NRW-05,JAZZ,DEODAR,DG site,100,100,100,100,100,100,100,100,100,100,100,100,100,100,100,100,100,100,100,100,,,,,,,,,,,,0,100
NVK4973,NVK4973__P_KarialRd,12,2G/3G/LTE,Hub,Macro,Standby,C4-HFZ-06,JAZZ,DEODAR,DG site,100,100,100,100,100,93.806905864197,100,100,100,100,100,100,100,100,100,100,100,99.992766203703,100,99.992766203703,,,,,,,,,,,,3,99.68962191358015
RUR8584,RUR8584__S_Chhabilpur,6,2G/LTE,Bronze,Macro,B2S,C4-SKT-03,ATL,ATL,Non DG Site,100,100,100,100,100,100,100,100,100,100,100,100,100,100,100,100,100,100,100,100,,,,,,,,,,,,0,100
MBN6230,MBN6230__S_MohallahShafaqtabad_MDMB3286,9,2G/3G/LTE,Diamond,Macro,Standby,C4-MBD-08,JAZZ,DEODAR,DG site,100,100,100,100,100,100,81.326517489711,100,100,100,100,100,100,100,100,100,100,100,100,100,,,,,,,,,,,,1,99.06632587448556
PSR0269,PSR0269__S_MainRdPasroor,12,2G/3G/LTE,Hub,Macro,Standby,C4-NRW-05,Jazz Host/TELENOR Guest,DEODAR,DG site,100,100,100,100,100,100,100,100,100,100,100,100,100,100,100,100,100,99.998070987654,100,99.49749228395,,,,,,,,,,,,2,99.9747781635802
QSG3418,QSG3418__H_ChowkQila,6,2G/LTE,Bronze,Macro,Deodar CP Prime,C4-NRW-05,JAZZ,DEODAR,Non DG Site,100,100,100,100,99.366319444444,100,100,100,100,100,100,100,99.40586419753,100,100,100,100,100,99.998070987654,95.303819444444,,,,,,,,,,,,4,99.70370370370361
RUR0275,RUR0275__S_Dhudu_Chak_Warid_MDNR7579,18,2G/LTE,Elite,Macro,OMO,C4-NRW-05,Jazz Guest/CM-PAK Host,CM-PAK ,Non DG Site,100,100,100,100,100,100,100,100,100,100,100,100,92.311599794238,96.657343106995,100,100,100,100,97.340213477366,100,,,,,,,,,,,,3,99.31545781892996
DHW6096,DHW6096__S_DhallewalWarid_MDSK1968,12,2G/3G/LTE,Elite,Macro,OMO,C4-SKT-03,Jazz Guest/UFONE Host,UFONE,Non DG Site,87.830343364197,100,100,100,78.207465277777,100,99.992283950617,84.096739969135,100,100,100,81.193094135802,100,99.992283950617,88.600501543209,100,98.207947530864,100,87.958622685185,100,,,,,,,,,,,,9,95.30396412037017
MCK6200,MCK6200__S_Mano_Chak_MDPH1591,6,2G/LTE,Gold,Macro,Standby,C4-MBD-08,JAZZ,DEODAR,DG site,100,100,100,100,100,100,100,100,100,100,100,100,100,100,100,100,100,100,100,100,,,,,,,,,,,,0,100
RUR0803,RUR0803__S_Khar,9,2G/3G/LTE,Platinum,Macro,Deodar CP Prime,C4-HFZ-06,Jazz Host/CM-PAK Guest,DEODAR,Non DG Site,100,100,100,100,100,100,100,100,100,100,100,100,100,100,100,100,100,100,100,100,,,,,,,,,,,,0,100
RUR2061,RUR2061__S_5KMOppBlochWala_Ufone_5592,6,2G/LTE,Gold,Macro,OMO,C4-HFZ-06,Jazz Guest/UFONE Host,UFONE,Non DG Site,100,100,100,100,100,100,100,100,100,100,100,100,100,98.605324074074,100,100,100,100,100,100,,,,,,,,,,,,1,99.9302662037037
GUJ5194,GUJ5194__T_Gujranwala Food Industries(JOJO),2,2G/3G/LTE,Bronze,Micro,Jazz CP Prime,C4-GUJ-01,JAZZ,JAZZ,Non DG Site,81.979166666666,87.592592592592,100,100,100,100,98.373842592592,99.0625,100,98.958333333333,93.107638888888,100,100,100,100,98.726851851851,98.298611111111,92.118055555555,99.994212962963,100,,,,,,,,,,,,10,97.41059027777757
RUR5010,RUR5010__S_Qila Kalarwala Warid_MDNR1590,8,2G/LTE,Hub,Macro,Standby,C4-NRW-05,JAZZ,DEODAR,DG site,100,100,100,97.313368055555,100,100,100,100,100,100,100,100,100,100,100,100,100,100,100,100,,,,,,,,,,,,1,99.86566840277774
RUR5148,RUR5148__S_Lapaywali Warid_MR2B3708,9,2G/3G/LTE,Gold,Macro,Deodar CP Prime,C4-NRW-05,Jazz Host/CM-PAK Guest,DEODAR,Non DG Site,100,100,100,100,100,100,43.763503086419,100,100,100,100,100,100,100,100,100,100,100,100,100,,,,,,,,,,,,1,97.18817515432094
RUR5979,RUR5979__S_Ghalotian Kalan Warid_GJ3993,9,2G/3G/LTE,Platinum,Macro,OMO,C4-WZD-07,Jazz Guest/UFONE Host,UFONE,Non DG Site,100,100,99.24961419753,97.916666666666,100,100,100,98.483153292181,100,100,100,100,99.278549382716,100,100,97.226080246913,100,100,100,94.307484567901,,,,,,,,,,,,6,99.32307741769534
PPW3211,PPW3211__S_PuliRansikey,6,2G/LTE,Gold,Macro,Deodar CP Prime,C4-MBD-08,Jazz Host/TELENOR Guest,DEODAR,Non DG Site,100,100,100,100,100,100,100,100,100,100,100,100,100,100,100,100,100,100,100,100,,,,,,,,,,,,0,100
RUR8812,RUR8812__H_SKGMozaQila,15,2G/3G/LTE,Hub,Macro,Standby,C4-NRW-05,JAZZ,DEODAR,DG site,88.690200617283,100,100,100,100,100,100,100,100,100,100,100,100,100,93.960648148148,100,100,95.036265432098,100,100,,,,,,,,,,,,3,98.88435570987644
GUJ0317,GUJ0317__Q_Jinnahmarket,2,2G/3G/LTE,Bronze,Micro,Jazz CP Prime,C4-GUJ-02,JAZZ,JAZZ,Non DG Site,100,100,100,100,100,99.965277777777,100,100,100,100,100,100,100,100,100,100,100,100,99.994212962963,51.041666666666,,,,,,,,,,,,3,97.5500578703703
SKT6137,SKT6137__S_AzamTower_TPLSK116,9,2G/LTE,Diamond,Macro,OMO,C4-SKT-03,Jazz Guest/TELENOR Host,TELENOR,Non DG Site,87.5,47.47299382716,100,100,70.833333333333,40.038580246913,100,100,100,100,100,100,100,100,100,100,100,100,100,92.033179012345,,,,,,,,,,,,5,91.89390432098756
RUR5364,RUR5364__S_Balgan,6,2G/LTE,Diamond,Macro,B2S,C4-WZD-07,Enfrashare,Enfrashare,Non DG Site,100,100,100,100,100,100,100,100,100,100,100,100,100,100,100,100,100,100,100,100,,,,,,,,,,,,0,100
QDS5748,QDS5748__S_LarriAdda,12,2G/LTE,Elite,Macro,B2S,C4-HFZ-06,Enfrashare,Enfrashare,Non DG Site,100,100,100,100,100,100,100,100,100,100,100,100,100,100,100,100,100,100,100,100,,,,,,,,,,,,0,100
RUR5412,RUR5412__S_ModelTownUgoke,9,2G/LTE,Platinum,Macro,B2S,C4-WZD-07,Enfrashare,Enfrashare,Non DG Site,100,100,100,100,100,100,100,100,100,100,100,100,100,100,98.890817901234,100,100,100,100,100,,,,,,,,,,,,1,99.94454089506169
MDW8986,MDW8986__S_SohWaliChicharSKT,9,2G/3G/LTE,Platinum,Macro,Deodar CP Prime,C4-SKT-03,Jazz Host/UFONE Guest,DEODAR,Non DG Site,90.110596707818,100,100,100,86.77662037037,98.964763374485,100,75.446244855967,100,100,100,100,100,100,100,100,98.530735596707,100,98.46579218107,100,,,,,,,,,,,,6,97.41473765432085
DHW6980,DHW6980__S_KotehraKotiLaharan,9,2G/3G/LTE,Diamond,Macro,Standby,C4-SKT-03,Jazz Host/UFONE Guest,DEODAR,DG site,100,100,100,100,100,100,100,100,100,100,100,100,100,100,100,100,97.476208847736,100,100,100,,,,,,,,,,,,1,99.8738104423868
GUJ9462,GUJ9462__S_DC Rd Warid_MDGJ4212,10,2G/3G/LTE,Elite,Macro,Standby,C4-GUJ-01,JAZZ,DEODAR,DG site,100,100,100,100,100,100,100,100,100,100,100,100,100,100,100,100,100,98.712384259259,99.999421296296,92.480324074074,,,,,,,,,,,,3,99.55960648148144
SKT3811,SKT3811__S_FazilChwkGulshan,9,2G/3G/LTE,Diamond,Macro,Standby,C4-SKT-03,JAZZ,DEODAR,DG site,100,100,77.114197530864,87.952674897119,100,100,100,100,100,100,100,75.280349794238,90.22762345679,100,95.15625,100,100,100,100,100,,,,,,,,,,,,5,96.28655478395055
SKT0110,SKT0110__P_SialkotCantt,20,2G/3G/LTE,Elite,Macro,Standby,C4-SKT-03,JAZZ,DEODAR,DG site,100,99.571469907407,100,100,100,100,100,100,100,100,100,100,99.214699074074,100,100,100,88.923900462963,100,99.999710648148,97.843171296296,,,,,,,,,,,,5,99.2776475694444
HRW9396,HRW9396__S_Kot Hassan KhanWarid_HF5127,9,2G/LTE,Diamond,Macro,Standby,C4-HFZ-06,Jazz Host/CM-PAK Guest,DEODAR,DG site,100,100,100,100,100,100,100,100,100,100,100,100,100,100,100,100,100,100,100,96.427469135802,,,,,,,,,,,,1,99.8213734567901
HRW9980,HRW9980__S_Jorian,6,2G/LTE,Gold,Macro,Standby,C4-HFZ-06,JAZZ,DEODAR,DG site,100,100,100,100,100,100,94.875578703703,100,100,99.980709876543,100,100,100,100,100,100,100,100,100,86.267361111111,,,,,,,,,,,,3,99.05618248456786
HWY6906,HWY6906__H_ShurimanaykaPindi,9,2G/3G/LTE,Gold,Macro,Standby,C4-HFZ-06,JAZZ,DEODAR,DG site,100,100,100,100,100,100,100,100,100,100,100,100,100,100,100,96.153549382716,100,100,100,100,,,,,,,,,,,,1,99.8076774691358
GUJ0318,GUJ0318__T_LinkKasabanMarket,2,2G/3G/LTE,Bronze,Micro,Jazz CP Prime,C4-GUJ-02,JAZZ,JAZZ,Non DG Site,100,100,100,85.89699074074,100,98.402777777777,100,100,100,100,100,100,100,100,100,100,100,100,100,98.645833333333,,,,,,,,,,,,3,99.1472800925925
DMK6997,DMK6997__H_TalharaDaska,9,2G/3G/LTE,Diamond,Macro,Standby,C4-WZD-07,Jazz Host/TELENOR Guest,DEODAR,DG site,100,100,99.988425925925,100,100,99.853395061728,100,100,100,91.797839506172,100,100,100,100,100,94.171167695473,100,99.994855967078,99.994212962963,99.949845679012,,,,,,,,,,,,7,99.28748713991754
RUR5915,RUR5915__S_GhomaPind-SDKWarid_ES1538,6,2G/LTE,Diamond,Macro,Standby,C4-GUJ-01,JAZZ,DEODAR,DG site,100,100,98.005401234567,100,100,100,100,79.267939814814,100,100,100,100,100,100,100,100,100,100,100,100,,,,,,,,,,,,2,98.86366705246905
RUR6445,RUR6445__S_AdaRaiGujranwala,6,2G/LTE,Diamond,Macro,B2S,C4-GUJ-01,E.Co,E.CO,Non DG Site,100,100,100,84.936342592592,100,83.891782407407,100,83.969907407407,100,99.612268518518,84.933449074074,100,100,100,84.02199074074,100,100,86.921296296296,100,100,,,,,,,,,,,,7,95.4143518518517
RUR5919,RUR5919__S_Chandali-KMK Warid_IK5085,6,2G/LTE,Bronze,Macro,OMO,C4-GUJ-01,Jazz Guest/UFONE Host,UFONE,Non DG Site,100,100,100,100,100,97.210648148148,100,100,100,100,100,100,100,100,100,100,100,100,100,100,,,,,,,,,,,,1,99.8605324074074
GUJ9516,GUJ9516_S_Rail Bazar Warid_GJ0333,2,2G/LTE,Bronze,Micro,Jazz CP Prime,C4-GUJ-02,JAZZ,JAZZ,Non DG Site,87.5,22.482638888888,100,100,100,97.048611111111,100,100,100,100,100,100,100,100,100,54.166666666666,0,21.469907407407,100,95.341435185185,,,,,,,,,,,,7,83.90046296296285
GUJ4654,GUJ4654__S_HaideryMosque,9,2G/3G/LTE,Diamond,Macro,Deodar CP Prime,C4-GUJ-02,JAZZ,DEODAR,Non DG Site,100,92.766203703703,100,100,100,100,100,100,100,99.380787037037,100,100,100,100,100,100,100,100,100,100,,,,,,,,,,,,2,99.607349537037
GUJ5317,GUJ5317__S_GulabPura_NEW,12,2G/3G/LTE,Elite,Macro,B2S,C4-GUJ-02,Enfrashare,Enfrashare,Non DG Site,100,100,96.861979166666,100,100,54.691840277777,100,100,90.425347222222,90.200135030864,100,100,88.48861882716,96.959394290123,100,100,92.465277777777,100,99.996527777777,86.309413580246,,,,,,,,,,,,9,94.81992669753059
GUJ6380,GUJ6380__S_FeroazewalaRoadChenabParkTowerWalaBazar,9,2G/LTE,Diamond,Macro,OMO,C4-GUJ-01,Jazz Guest/CM-PAK Host,CM-PAK ,Non DG Site,100,99.990354938271,100,100,100,100,100,100,100,100,100,100,100,100,100,100,100,100,99.998070987654,100,,,,,,,,,,,,2,99.99942129629626
GUJ8149,GUJ8149__T_SrafaBazar,4,2G/3G/LTE,Bronze,Micro,Jazz CP Prime,C4-GUJ-02,JAZZ,JAZZ,Non DG Site,100,100,100,100,100,96.106770833333,100,67.683738425925,100,100,100,100,97.064525462963,100,100,100,100,100,99.997106481481,94.369212962963,,,,,,,,,,,,5,97.76106770833326
RUR4666,RUR4666__P_GUJButtranwali,9,2G/3G/LTE,Elite,Macro,Standby,C4-GUJ-01,JAZZ,DEODAR,DG site,100,100,100,100,100,100,94.225180041152,100,100,100,100,100,100,100,100,100,100,100,100,100,,,,,,,,,,,,1,99.7112590020576
RUR6206,RUR6206__S_BhikhiSharief_MDMB4981,6,2G/LTE,Diamond,Macro,OMO,C4-MBD-08,Jazz Guest/CM-PAK Host,CM-PAK ,Non DG Site,100,100,99.091435185185,100,100,100,100,100,100,100,100,99.730902777777,100,100,100,100,100,100,99.939236111111,100,,,,,,,,,,,,3,99.93807870370365
GUJ5467,GUJ5467__S_RaviBlockDCColony,9,2G/3G/LTE,Elite,Macro,B2S,C4-GUJ-02,Enfrashare,Enfrashare,Non DG Site,100,100,100,100,100,85.161072530864,100,100,100,85.405092592592,100,100,83.130787037037,100,100,100,87.604166666666,100,99.99855324074,81.770833333333,,,,,,,,,,,,6,96.15352527006159
GUJ9515,GUJ9515__S_Rahwali _GJ4165,12,2G/3G/LTE,Elite,Macro,Standby,C4-GUJ-02,JAZZ,DEODAR,DG site,97.553530092592,87.236689814814,88.883101851851,88.631944444444,100,91.530092592592,91.087577160493,94.37924382716,99.085262345679,87.458719135802,100,100,92.320601851851,99.978009259259,100,99.67824074074,85.886574074074,99.949074074074,98.608410493827,91.064814814814,,,,,,,,,,,,16,94.66659432870328
GUJ0723,GUJ0723__H_ShahinAbad,16,2G/3G/LTE,Hub,Macro,Standby,C4-GUJ-02,JAZZ,DEODAR,DG site,100,100,100,100,100,100,100,100,100,100,99.41333912037,100,100,100,100,100,100,100,99.993489583333,100,,,,,,,,,,,,2,99.97034143518515
GUJ3302,GUJ3302__H_PindiBypass,12,2G/3G/LTE,Hub,Macro,Standby,C4-GUJ-02,JAZZ,DEODAR,DG site,100,100,100,100,100,100,100,100,100,94.308449074074,100,100,100,100,100,100,98.243634259259,100,99.992283950617,100,,,,,,,,,,,,3,99.62721836419749
GUJ3304,GUJ3304__P_IhasanHospNowshera,9,2G/3G/LTE,Platinum,Macro,Standby,C4-GUJ-02,JAZZ,DEODAR,DG site,99.633487654321,100,99.473379629629,100,100,100,100,99.998713991769,100,100,100,100,100,100,100,100,100,100,100,100,,,,,,,,,,,,3,99.95527906378595
RUR6300,RUR6300__S_Abdal,6,2G/LTE,Gold,Macro,B2S,C4-GUJ-01,E.Co,E.CO,Non DG Site,100,100,92.118055555555,100,100,100,86.785300925925,94.64699074074,100,100,100,100,100,100,100,100,100,100,100,100,,,,,,,,,,,,3,98.677517361111
GUJ3742,GUJ3742__P_HafizPlaza,18,2G/3G/LTE,Hub,Macro,Standby,C4-GUJ-01,JAZZ,DEODAR,DG site,99.978459362139,100,100,100,100,100,100,100,100,100,100,100,100,100,100,100,100,100,100,100,,,,,,,,,,,,1,99.99892296810694
GUJ5226,GUJ5226__T_Imtiaz Store King Mall,2,2G/LTE,Bronze,Micro,Jazz CP Prime,C4-GUJ-01,JAZZ,JAZZ,Non DG Site,100,100,100,100,100,100,100,100,100,100,100,100,100,100,100,100,100,100,99.997106481481,100,,,,,,,,,,,,1,99.99985532407405
GUJ8945,GUJ8945__S_WahdatColony,9,2G/3G/LTE,Platinum,Macro,Standby,C4-GUJ-01,JAZZ,DEODAR,DG site,100,96.948945473251,100,100,100,99.009130658436,100,100,100,100,100,100,100,100,100,100,100,98.849022633744,100,100,,,,,,,,,,,,3,99.74035493827155
GUJ3340,GUJ3340__H_LohewalaBazar,12,2G/3G/LTE,Elite,Macro,Standby,C4-GUJ-02,JAZZ,DEODAR,DG site,100,100,100,100,100,100,100,100,100,100,100,100,99.488811728395,100,100,100,100,100,99.997685185185,100,,,,,,,,,,,,2,99.97432484567899
GUJ9407,GUJ9407__S_Usman Gill Cnly Warid_GJ4152,12,2G/3G/LTE,Hub,Macro,Standby,C4-GUJ-01,JAZZ,DEODAR,DG site,100,100,100,100,100,100,100,100,100,100,100,100,100,100,100,100,100,100,99.995659722222,100,,,,,,,,,,,,1,99.9997829861111
GUJ3342,GUJ3342__H_Chowkniayen,9,2G/3G/LTE,Hub,Macro,Standby,C4-GUJ-02,JAZZ,DEODAR,DG site,100,100,100,100,100,100,100,100,100,100,100,100,100,100,100,100,100,100,100,100,,,,,,,,,,,,0,100
GUJ9443,GUJ9443__S_SultanpuraWarid_MDGJ3916,12,2G/3G/LTE,Elite,Macro,OMO,C4-GUJ-02,Jazz Guest/UFONE Host,UFONE,Non DG Site,84.027777777777,37.548707561728,91.666666666666,91.666666666666,91.666666666666,94.599729938271,100,100,100,100,100,100,100,100,100,100,100,100,99.992766203703,100,,,,,,,,,,,,7,94.55844907407385
GUJ9511,GUJ9511__S_Gujranawala cantt_GJ4207,12,2G/3G/LTE,Platinum,Macro,Standby,C4-GUJ-02,Jazz Host/TELENOR Guest,DEODAR,DG site,91.666666666666,91.05324074074,85.975597993827,93.491512345679,100,90.374710648148,95.264756944444,100,100,100,100,100,100,100,100,100,100,100,100,100,,,,,,,,,,,,6,97.3913242669752
GUJ9454,GUJ9454__S_OPP Jinah Park Warid_MDGJ4224,9,2G/3G/LTE,Platinum,Macro,Standby,C4-GUJ-01,Jazz Host/TELENOR Guest,DEODAR,DG site,100,100,77.076903292181,100,76.072530864197,100,88.115997942386,100,100,68.009902263374,100,73.08320473251,100,100,100,100,74.097222222222,100,77.366898148148,100,,,,,,,,,,,,7,91.6911329732509
HWY9394,HWY9394__S_HusaykiWarid_25414,9,2G/3G/LTE,Hub,Macro,Standby,C4-HFZ-06,JAZZ,DEODAR,DG site,100,100,100,100,100,100,100,100,100,100,100,100,100,100,100,100,100,100,100,100,,,,,,,,,,,,0,100
DSK5650,DSK5650__S_HaqPura,9,2G/3G/LTE,Elite,Macro,B2S,C4-WZD-07,Enfrashare,Enfrashare,Non DG Site,100,99.998713991769,89.920910493827,91.105967078189,100,100,100,100,83.628472222222,100,88.531378600823,100,100,100,100,86.069315843621,100,83.431069958847,100,100,,,,,,,,,,,,7,96.13429140946491
GUJ6461,GUJ6461__S_NawanPind,9,2G/LTE,Platinum,Macro,B2S,C4-HFZ-06,E.Co,E.CO,Non DG Site,100,100,100,100,100,96.086033950617,100,100,100,100,100,100,99.981352880658,100,100,100,100,100,100,100,,,,,,,,,,,,2,99.80336934156375
HWY3266,HWY3266__S_KaliSubha,6,2G/3G/LTE,Diamond,Macro,Deodar CP Prime,C4-GUJ-01,Jazz Host/CM-PAK Guest,DEODAR,Non DG Site,100,100,100,100,100,100,100,100,100,100,100,100,100,100,100,100,100,100,100,100,,,,,,,,,,,,0,100
GUJ9512,GUJ9512__S_Kashmiri_Colony_Rahwali_GJ1905,9,2G/3G/LTE,Elite,Macro,OMO,C4-GUJ-02,Jazz Guest/CM-PAK Host,CM-PAK ,Non DG Site,84.400077160493,100,92.756558641975,99.938271604938,99.956275720164,100,100,100,100,99.355709876543,99.963991769547,100,100,100,100,100,100,100,99.992283950617,92.352752057613,,,,,,,,,,,,8,98.43579603909451
GUJ9843,GUJ9843__S_MohallaIsbGuran,9,2G/3G/LTE,Platinum,Macro,Standby,C4-GUJ-02,JAZZ,DEODAR,DG site,100,100,100,100,100,99.958847736625,100,100,100,100,100,100,100,100,100,100,100,100,100,100,,,,,,,,,,,,1,99.99794238683126
HWY5796,HWY5796_H_Itwaar bazar more_Eminabad More Gujranwala,6,2G/LTE,Diamond,Macro,OMO,C4-GUJ-01,Jazz Guest/PTCL Host,PTCL,Non DG Site,100,100,100,100,92.006172839506,100,100,94.148341049382,100,100,100,97.399691358024,100,100,94.393325617283,98.486689814814,100,100,92.947530864197,100,,,,,,,,,,,,6,98.46908757716031
SKG5615,SKG5615_H_Mohallah Bijli Ghar near Jamwal Phatak Shakar Grah,9,2G/LTE,Platinum,Macro,B2S,C4-NRW-05,Enfrashare,Enfrashare,Non DG Site,100,100,100,83.13978909465,83.25552983539,100,100,80.866126543209,100,100,85.434027777777,100,100,100,83.611111111111,100,100,85.243055555555,96.67824074074,100,,,,,,,,,,,,7,94.9113940329216
GUJ5922,GUJ5922_H_Abdullah Colony Gujranwala,6,2G/LTE,Platinum,Macro,B2S,C4-GUJ-01,E.Co,E.CO,Non DG Site,100,100,100,100,100,100,100,100,100,100,100,100,100,100,100,100,100,100,100,100,,,,,,,,,,,,0,100
PHA5873,PHA5873_H_Hailan_Road_MDPH1531_Relocation PHA6213,12,2G/3G/LTE,Bronze,Macro,B2S,C4-MBD-08,E.Co,E.CO,Non DG Site,100,93.728298611111,97.8515625,100,100,100,100,100,99.98649691358,100,100,100,100,100,95.026041666666,100,100,100,100,100,,,,,,,,,,,,4,99.32961998456786
BGA6219,BGA6219__S_Village_Bagga_MR2X3604,6,2G/3G/LTE,Bronze,Macro,Standby,C4-MBD-08,Jazz Host/UFONE Guest,DEODAR,DG site,100,100,100,100,100,100,100,100,100,100,100,100,100,100,100,100,100,100,100,100,,,,,,,,,,,,0,100
RUR0180,LTE_RUR0180__S_Manget,3,2G/LTE,Bronze,Macro,Standby,C4-MBD-08,JAZZ,DEODAR,DG site,100,100,100,100,100,100,100,100,100,100,100,100,100,98.697916666666,100,100,100,100,100,100,,,,,,,,,,,,1,99.9348958333333
RUR1294,LTE_RUR1294__S_Mazaffar,3,2G/LTE,Bronze,Macro,Deodar CP Prime,C4-NRW-05,JAZZ,DEODAR,Non DG Site,100,100,100,100,100,100,100,100,100,100,100,100,100,100,100,100,100,100,92.586805555555,100,,,,,,,,,,,,1,99.62934027777774
RUR3270,LTE_RUR3270__S_DolatPur,3,2G/LTE,Bronze,Macro,Standby,C4-NRW-05,JAZZ,DEODAR,DG site,100,100,100,100,100,100,100,100,100,100,100,100,100,100,100,100,100,100,99.998070987654,100,,,,,,,,,,,,1,99.99990354938271
RUR5945,LTE_RUR5945__S_Majo Chak Warid_305298,6,2G/3G/LTE,Gold,Macro,Standby,C4-GUJ-01,JAZZ,DEODAR,DG site,100,100,100,100,85.515046296296,100,100,100,100,100,100,100,84.862075617283,100,100,100,98.235918209876,100,100,100,,,,,,,,,,,,3,98.43065200617275
RUR6067,RUR6067__P_BherowalWarid_PH7511,6,2G/3G/LTE,Gold,Macro,OMO,C4-MBD-08,Jazz Guest/TELENOR Host,TELENOR,Non DG Site,100,100,100,100,100,100,93.010223765432,98.836805555555,96.267361111111,100,100,100,70.810185185185,100,100,100,100,78.489583333333,66.574074074074,100,,,,,,,,,,,,6,95.1994116512345
RUR6081,RUR6081__P_Bheko_MorWarid_4V4340,6,2G/3G/LTE,Bronze,Macro,Standby,C4-MBD-08,JAZZ,DEODAR,DG site,100,100,100,97.777777777777,97.396797839506,94.91512345679,100,100,100,100,100,98.512731481481,100,100,100,100,100,97.852044753086,92.965856481481,95.820794753086,,,,,,,,,,,,7,98.76205632716035
RUR6178,RUR6178__S_Ghunian_Village_Samma_Road_MR2C3723,6,2G/3G/LTE,Bronze,Macro,Standby,C4-MBD-08,JAZZ,DEODAR,DG site,100,100,100,100,100,100,88.857060185185,100,100,100,100,100,100,100,100,100,100,100,100,100,,,,,,,,,,,,1,99.44285300925925
RUR6227,RUR6227__S_SADLANWALA_MR4W4344,6,2G/3G/LTE,Bronze,Macro,Standby,C4-MBD-08,Jazz Host/CM-PAK Guest,DEODAR,DG site,100,100,99.985532407407,100,100,100,100,99.556327160493,100,100,100,100,100,100,100,100,100,100,98.647762345679,100,,,,,,,,,,,,3,99.90948109567894
SKT3605,SKT3605__S_BansanWalaBazar_WP,9,2G/3G/LTE,Hub,Macro,Standby,C4-SKT-03,JAZZ,DEODAR,DG site,100,100,100,100,100,94.520961934156,100,100,100,100,100,100,100,100,100,100,72.03125,85.864840534979,89.556327160493,100,,,,,,,,,,,,4,97.09866898148141
NKW6994,NKW6994__S_Chak44MandiBahuddin,4,2G/LTE,Bronze,Macro,Standby,C4-MBD-08,JAZZ,DEODAR,DG site,100,100,100,100,100,100,100,100,100,100,100,100,100,100,100,100,100,100,100,100,,,,,,,,,,,,0,100
RUR5632,RUR5632_H_Wadala Sindh,6,2G/LTE,Gold,Macro,B2S,C4-NRW-05,Tawal,Tawal,DG site,97.005208333333,93.099922839506,99.965277777777,100,100,99.835069444444,100,100,100,100,100,100,100,100,100,100,100,100,100,100,,,,,,,,,,,,4,99.495273919753
RUR5930,RUR5930_H_USF_USLK001_Mojianwala Mandi Bahauddin,4,2G/LTE,Bronze,Macro,Solar+DG,C4-MBD-08,JAZZ,DEODAR,DG site,100,100,99.176793981481,100,100,100,100,100,100,100,100,100,100,100,100,100,96.335358796296,100,100,100,,,,,,,,,,,,2,99.77560763888886
RUR5727,RUR5727_H_USF_MOT_M11_U3_Guniaur Gujranwala,6,2G/LTE,Bronze,Macro,B2S,C4-GUJ-01,Tawal,Tawal,Non DG Site,0,0,0,28.596643518518,85.966435185185,100,100,99.082754629629,100,100,100,100,100,100,100,100,100,100,91.666666666666,62.897376543209,,,,,,,,,,,,8,78.41049382716037
GUJ4715,GUJ4715__S_GUJDairyAndMilkShop,9,2G/LTE,Gold,Macro,B2S,C4-GUJ-01,Enfrashare,Enfrashare,Non DG Site,100,100,100,100,100,100,100,100,100,100,100,100,100,100,100,100,100,100,100,100,,,,,,,,,,,,0,100
GUJ6042,GUJ6042__S_CitiHousingPhase2,9,2G/LTE,Gold,Macro,B2S,C4-GUJ-01,Enfrashare,Enfrashare,Non DG Site,100,100,100,100,100,100,100,100,100,100,100,100,99.400077160493,100,100,100,100,100,100,100,,,,,,,,,,,,1,99.97000385802465
NVK6051,NVK6051__S_KidsPlanetMontessori,6,2G/LTE,Gold,Macro,B2S,C4-HFZ-06,Enfrashare,Enfrashare,Non DG Site,100,100,100,100,100,100,100,100,100,100,100,100,91.171875,100,100,100,100,100,100,91.15162037037,,,,,,,,,,,,2,99.1161747685185
RUR6466,RUR6466__S_Sakhi_LHFR16TP,3,2G/LTE,Bronze,Macro,B2S,C4-HFZ-06,Jazz Guest/TELENOR Host,TELENOR,Non DG Site,100,100,100,100,100,100,81.703317901234,100,100,100,100,100,100,75.694444444444,100,100,100,100,100,100,,,,,,,,,,,,2,97.8698881172839
SKT4194,SKT4194__S_Sethi Plaza Sialkot_IESK0032,2,2G/LTE,Bronze,Micro,Jazz CP Prime,C4-SKT-03,JAZZ,JAZZ,Non DG Site,100,100,100,100,100,100,100,100,100,100,100,100,99.90162037037,100,100,100,100,100,99.994212962963,100,,,,,,,,,,,,2,99.99479166666666
SKT6408,SKT6408__S_MeharStGohadpur,9,2G/LTE,Platinum,Macro,B2S,C4-SKT-03,E.Co,E.CO,Non DG Site,100,100,100,100,100,100,100,100,100,99.988425925925,99.988425925925,100,100,100,100,100,100,100,100,100,,,,,,,,,,,,2,99.9988425925925
KTL6094,KTL6094__S_NokhwalWarid_MDSK1984,9,2G/3G/LTE,Elite,Macro,Standby,C4-SKT-03,JAZZ,DEODAR,DG site,100,100,100,100,100,100,100,100,100,100,100,100,100,100,100,100,100,100,100,100,,,,,,,,,,,,0,100
SMB4742,SMB4742__S_TheEducators,6,2G/LTE,Gold,Macro,B2S,C4-WZD-07,E.Co,E.CO,Non DG Site,100,100,100,100,100,100,100,100,100,100,100,100,100,100,100,100,100,100,100,100,,,,,,,,,,,,0,100
GUJ6808,GUJ6808__S_MianSansi_CMPak43352,6,2G/LTE,Gold,Macro,OMO,C4-GUJ-02,Jazz Guest/CM-PAK Host,CM-PAK ,Non DG Site,100,100,100,100,100,100,100,100,100,100,100,100,100,100,100,100,100,100,99.999035493827,100,,,,,,,,,,,,1,99.99995177469135
DSK9027,DSK9027__S_HameedColony,6,2G/LTE,Diamond,Macro,B2S,C4-WZD-07,Tawal,Tawal,Non DG Site,100,100,100,100,100,100,100,100,100,100,100,100,100,100,100,100,100,100,100,100,,,,,,,,,,,,0,100
GUJ6809,GUJ6809__S_UniversityOfKotli_CMPak43241,6,2G/LTE,Bronze,Macro,B2S,C4-GUJ-01,Jazz Guest/CM-PAK Host,CM-PAK ,Non DG Site,92.333140432098,89.913194444444,78.02662037037,94.329668209876,92.939814814814,93.090277777777,65.944251543209,83.616898148148,95.711805555555,93.59375,98.211805555555,94.12037037037,83.802083333333,94.039351851851,90.798611111111,92.638888888888,87.332175925925,93.194444444444,92.000385802469,93.34587191358,,,,,,,,,,,,20,89.94917052469086
GJR0841,GJR0841__S_Service Ind_gujrat,4,2G/LTE,Bronze,Macro,Deodar CP Prime,C4-GRT-04,JAZZ,DEODAR,Non DG Site,100,100,100,100,100,100,100,100,100,100,100,100,100,100,100,100,100,99.344618055555,99.997106481481,100,,,,,,,,,,,,2,99.9670862268518
RUR9019,RUR9019__S_NewCrescentPublicHighSchool_CMPak4382,6,2G/LTE,Bronze,Macro,B2S,C4-GUJ-01,Enfrashare,Enfrashare,Non DG Site,100,100,91.435185185185,100,93.524305555555,100,100,100,100,93.373842592592,100,90.630787037037,100,100,100,100,92.61574074074,100,93.078703703703,100,,,,,,,,,,,,6,97.7329282407406
AMN9053,AMN9053__S_Eminabad,6,2G+4G+L9,Bronze,Macro,B2S,C4-GUJ-01,TAWAL,Tawal,Non DG Site,100,100,100,100,100,100,100,100,100,100,100,100,100,100,100,100,100,100,100,100,,,,,,,,,,,,0,100
GJR9032,GJR9032__S_RabbitsFarm_CMPak43168,6,2G+4G+L9,Bronze,Macro,OMO,C4-GRT-04,Jazz Guest/CM-PAK Host,CM-PAK ,Non DG Site,100,100,100,100,100,100,70.833333333333,18.697916666666,51.851851851851,100,100,100,100,100,100,100,100,100,100,95.092592592592,,,,,,,,,,,,4,91.82378472222209
GUJ8151,GUJ8151__T_SikandarKursiHouse,2,2G/3G,Bronze,Micro,Jazz CP Prime,C4-GUJ-02,JAZZ,JAZZ,Non DG Site,99.704861111111,96.67824074074,95.850694444444,88.362268518518,94.739583333333,68.616898148148,97.494212962963,100,100,100,100,100,91.400462962963,100,100,100,100,100,100,93.80787037037,,,,,,,,,,,,9,96.3327546296295
HWY9044,HWY9044__S_Salar_CMPak7118,6,2G+4G+L9,Bronze,Macro,OMO,C4-NRW-05,ZONG,ZONG,Non DG Site,100,100,100,100,100,100,100,100,100,100,100,100,100,100,100,100,100,100,100,100,,,,,,,,,,,,0,100
MBN5670,MBN5670_H_Rehmanpura Mandi Bahauddin_Relocation_MBN5548,6,2G+4G+L9,Diamond,Macro,B2S,C4-MBD-08,E.Co,E.CO,Non DG Site,99.963348765432,100,100,99.907407407407,99.87461419753,100,99.797453703703,100,97.1875,100,99.942129629629,100,100,99.918981481481,100,97.949459876543,93.617283950617,100,100,100,,,,,,,,,,,,9,99.4079089506171
NRW9048,NRW9048__S_MedinaTownPark,6,2G+4G+L9,Gold,Macro,B2S,C4-NRW-05,Enfrashare,Enfrashare,Non DG Site,100,100,100,66.735146604938,100,100,100,100,100,100,100,100,100,100,100,100,100,100,100,100,,,,,,,,,,,,1,98.33675733024691
PND9055,PND9055__S_DarbarSufiMuhammadInayatHajvery,6,2G+4G+L9,Bronze,Macro,B2S,C4-HFZ-06,TAWAL,Tawal,Non DG Site,100,100,100,100,100,100,100,100,95.653935185185,100,100,100,100,100,100,100,100,100,100,100,,,,,,,,,,,,1,99.78269675925925
PSR9054,PSR9054__S_AliAkbarStreet,9,2G+4G+L9,Gold,Macro,B2S,C4-NRW-05,TAWAL,Tawal,Non DG Site,100,100,100,100,100,100,100,100,100,100,100,100,100,100,100,100,100,100,100,100,,,,,,,,,,,,0,100
RUR0423,RUR0423__S_HabibpurWarid_MDSK5041,3,2G,Bronze,Macro,OMO,C4-WZD-07,Jazz Guest/UFONE Host,UFONE,Non DG Site,94.450231481481,100,100,100,100,100,100,100,100,100,100,100,100,100,100,100,100,100,100,84.577546296296,,,,,,,,,,,,2,98.95138888888886
RUR5144,RUR5144__S_DCONarowal,1,2G/LTE,Platinum,Micro,Jazz CP Prime,C4-NRW-05,JAZZ,JAZZ,Non DG Site,0,0,0,0,0,0,0,0,0,0,0,0,0,0,0,0,0,0,0,0,,,,,,,,,,,,20,0
RUR6617,RUR6617_H_Galluke Motorway,12,2G/LTE,Gold,Macro,B2S,C4-HFZ-06,Enfrashare,Enfrashare,Non DG Site,100,100,100,100,100,90.188078703703,96.349826388888,100,100,100,100,100,100,100,91.106770833333,100,73.263406635802,100,100,100,,,,,,,,,,,,4,97.5454041280863
RUR6618,RUR6618_H_Kathrani Motorway,9,2G/LTE,Bronze,Macro,B2S,C4-HFZ-06,Enfrashare,Enfrashare,Non DG Site,100,100,100,100,100,100,100,100,100,100,100,100,100,100,100,100,100,100,100,100,,,,,,,,,,,,0,100
RUR9038,RUR9038__S_Mandiala,6,2G+4G+L9,Bronze,Macro,B2S,C4-GUJ-01,Enfrashare,Enfrashare,Non DG Site,100,100,100,100,100,100,100,100,100,100,100,100,100,100,100,100,100,100,100,100,,,,,,,,,,,,0,100
SKT9468,SKT9468__S_Langri_wala_Ranger_road_MDSK4284,18,2G/3G/LTE,Elite,Macro,Standby,C4-SKT-03,Jazz Host/UFONE Guest,DEODAR,DG site,100,100,100,100,100,100,100,100,100,100,100,100,100,100,100,100,100,100,100,89.238683127572,,,,,,,,,,,,1,99.46193415637859
RUR9062,LTE_RUR9062_S_USF USLK002_SaderainGujrat,4,2G+4G+L9,Bronze,Macro,Solar+DG,C4-GRT-04,JAZZ,DEODAR,DG site,100,100,100,100,100,100,67.372685185185,100,100,100,100,100,100,90.033275462963,100,100,100,100,100,100,,,,,,,,,,,,2,97.8702980324074
SKG9037,SKG9037__S_Tera,9,2G+4G+L9,Gold,Macro,B2S,C4-NRW-05,Enfrashare,Enfrashare,Non DG Site,99.286908436214,100,100,82.280092592592,91.957947530864,100,99.472736625514,98.921682098765,93.505015432098,100,100,98.01311728395,81.05324074074,91.747685185185,93.046553497942,97.922453703703,100,85.421810699588,95.165895061728,87.869727366255,,,,,,,,,,,,14,94.7832433127569
PMD9689,PMD9689__S_KobayChak_PT,20,2G/3G/LTE,Platinum,Macro,Standby,C4-SKT-03,Jazz Host/TELENOR Guest,DEODAR,DG site,100,100,100,100,100,100,100,100,100,100,100,100,100,100,100,100,100,100,100,100,,,,,,,,,,,,0,100
SKT5699,SKT5699__S_BijliMohalla,12,2G/LTE,Elite,Macro,B2S,C4-SKT-03,Enfrashare,Enfrashare,Non DG Site,100,100,92.659625771604,94.091435185185,100,100,100,100,100,100,100,100,100,100,100,100,100,100,99.992283950617,100,,,,,,,,,,,,3,99.3371672453703
KMK9066,KMK9066__S_BaghdadTown,6,2G+3G+4G,Bronze,Macro,B2S,C4-GUJ-01,E.CO,E.CO,Non DG Site,100,100,100,100,100,100,100,100,100,100,100,100,100,100,100,100,100,100,100,100,,,,,,,,,,,,0,100
NRW9050,NRW9050__S_NationInstituteOfTechnology_TPLNW010,6,2G+3G+4G,Bronze,Macro,B2S,C4-NRW-05,Jazz Guest/TELENOR Host,TELENOR,Non DG Site,100,100,100,66.736111111111,100,100,100,100,100,100,100,100,100,100,100,100,100,100,100,100,,,,,,,,,,,,1,98.33680555555554
SKG9076,SKG9076__S_RasheedPura,9,2G+3G+4G,Bronze,Macro,B2S,C4-NRW-05,E.CO,E.CO,Non DG Site,100,100,100,83.136574074074,91.957947530864,100,100,72.310313786008,98.55324074074,100,77.407407407407,100,100,100,74.357638888888,100,100,76.527777777777,100,98.697916666666,,,,,,,,,,,,8,93.6474408436212
MUS9612,MUS9612__S_LakhaMusaKhurd,6,2G/3G/LTE,Bronze,Macro,Standby,C4-MBD-08,JAZZ,DEODAR,DG site,100,100,100,100,100,100,100,100,100,100,100,100,100,100,100,100,100,100,99.483024691358,94.534143518518,,,,,,,,,,,,2,99.7008584104938
GUJ9789,GUJ9789__Q_MobilinkHouseGUJ,1,2G/3G/LTE,Bronze,Micro,Jazz CP Prime,C4-GUJ-02,JAZZ,JAZZ,Non DG Site,99.091435185185,100,100,100,100,100,100,100,100,100,100,100,100,100,100,100,100,98.605324074074,99.994212962963,100,,,,,,,,,,,,3,99.8845486111111
HWY9278,LTE_HWY9278__S_ Nadala SandhRorhiSharif,6,2G/LTE,Bronze,Macro,B2S,C4-GUJ-01,Tawal,Tawal,Non DG Site,100,100,100,100,100,100,100,100,100,100,100,100,100,100,100,100,100,100,86.177662037037,96.579861111111,,,,,,,,,,,,2,99.1378761574074
RUR9282,RUR9282__S_HarbanspurZafarwal,6,2G+4G+L9,Bronze,Macro,B2S,C4-NRW-05,Enfrashare,Enfrashare,Non DG Site,100,100,100,100,100,100,100,100,83.478009259259,100,100,83.431712962963,100,100,100,83.998842592592,100,100,82.818287037037,100,,,,,,,,,,,,4,96.68634259259255
HWY5619,HWY5619_H_Lalamusa Gt Rd Kotla Qasim Gujrat,6,2G+4G+L9,Bronze,Macro,OMO,C4-GRT-04,Jazz Guest/CM-PAK Host,CM-PAK ,Non DG Site,100,100,100,100,100,100,100,100,100,89.742476851851,100,100,100,100,100,100,99.982638888888,100,100,99.094328703703,,,,,,,,,,,,3,99.4409722222221
SDL9296,SDL9296__S_PTCLExchange_GTRP2168,9,2G+4G+L9,Bronze,Macro,OMO,C4-GRT-04,Jazz Guest/PTCL Host,PTCL,Non DG Site,100,100,100,100,100,100,100,100,100,100,100,100,100,100,100,100,100,100,100,100,,,,,,,,,,,,0,100
RUR6022,LTE_RUR6022__S_BhoaHassan_GTRP2094,6,2G/LTE,Bronze,Macro,OMO,C4-MBD-08,Jazz Guest/PTCL Host,PTCL,Non DG Site,100,100,100,100,100,100,100,100,100,100,100,100,99.620949074074,100,100,100,100,100,100,100,,,,,,,,,,,,1,99.9810474537037
RUR9063,LTE_RUR9063__S_Doga_CMPak4824,9,2G/LTE,Bronze,Macro,OMO,C4-MBD-08,Jazz Guest/CM-PAK Host,CM-PAK ,Non DG Site,100,100,100,100,100,100,100,100,100,100,100,100,100,100,100,100,95.053369341563,100,98.613040123456,86.290509259259,,,,,,,,,,,,3,98.99784593621389
PHA9332,LTE_PHA9332__S_JamiaMasjidFarooqEAzam,6,2G/LTE,Bronze,Macro,B2S,C4-MBD-08,Enfrashare,Enfrashare,Non DG Site,100,100,100,100,100,100,100,100,100,100,100,100,100,100,100,100,100,100,97.876157407407,100,,,,,,,,,,,,1,99.89380787037035
GUJ9306,LTE_GUJ9306__S_BISECricketGround,9,2G/LTE,Bronze,Macro,B2S,C4-GUJ-02,Tawal,Enfrashare,Non DG Site,99.914480452674,100,100,100,100,100,100,100,100,100,99.614197530864,100,100,100,100,100,100,100,100,100,,,,,,,,,,,,2,99.9764338991769
NRW9343,LTE_NRW9343__S_TheCollegeOfLawNarowal,9,2G/LTE,Bronze,Macro,B2S,C4-NRW-05,Enfrashare,Enfrashare,Non DG Site,100,99.810956790123,99.804526748971,66.145833333333,100,100,99.610339506172,99.808384773662,80.951646090535,99.783950617283,99.792952674897,99.988425925925,89.751157407407,99.579475308642,64.805169753086,99.987139917695,99.805812757201,100,99.97427983539,99.755658436214,,,,,,,,,,,,16,94.96778549382678
SKT5140,SKT5140__S_GPO_MDSK1887,9,2G/3G/LTE,Diamond,Macro,Standby,C4-SKT-03,JAZZ,DEODAR,DG site,100,100,89.315200617283,100,100,100,100,100,91.853780864197,91.666666666666,91.666666666666,78.141878858024,91.566840277777,94.780574845679,100,100,100,91.125578703703,100,100,,,,,,,,,,,,8,96.00585937499974
JPB9368,LTE_JPB9368__S_UtilityStore,6,2G+4G+L9,Bronze,Macro,B2S,C4-HFZ-06,Enfrashare,Enfrashare,Non DG Site,100,100,100,100,100,100,91.793981481481,100,100,100,100,100,100,100,100,100,100,100,100,100,,,,,,,,,,,,1,99.58969907407405
GUJ9350,GUJ9350__S_MuhammadPura,9,2G+4G+L9,Bronze,Macro,B2S,C4-GUJ-02,ATL,ATL,Non DG Site,100,100,100,100,100,100,100,100,100,100,100,100,100,100,100,100,100,100,100,100,,,,,,,,,,,,0,100
MBN9360,MBN9360__S_LilaTown,6,2G+4G+L9,Bronze,Macro,B2S,C4-MBD-08,E.co,E.co,Non DG Site,97.573302469135,100,100,98.061342592592,99.884259259259,96.510416666666,96.111111111111,100,97.991898148148,100,99.947916666666,99.994212962963,100,97.619598765432,100,100,99.253472222222,100,100,100,,,,,,,,,,,,10,99.1473765432097
RUR9361,RUR9361__S_ThattaKhairoMatmal,6,2G+4G+L9,Bronze,Macro,B2S,C4-HFZ-06,E.co,E.co,Non DG Site,100,100,100,100,83.020833333333,100,91.984953703703,100,85.873842592592,100,100,84.0625,100,96.493055555555,100,80.208333333333,100,100,100,100,,,,,,,,,,,,6,96.08217592592581
SKT3200,SKT3200__P_GaudPur,18,2G/3G/LTE,Elite,Macro,Standby,C4-SKT-03,Jazz Host/CM-PAK Guest,DEODAR,DG site,97.910558127572,100,100,100,100,100,100,100,100,100,100,100,100,100,100,100,100,100,99.222929526749,99.138052983539,,,,,,,,,,,,3,99.813577031893
RUR9357,RUR9357__S_TatlayAali,9,2G+4G+L9,Bronze,Macro,B2S,C4-HFZ-06,E.co,E.co,Non DG Site,100,95.306712962963,92.702546296296,100,100,100,100,100,100,100,100,100,95.412808641975,100,100,100,100,100,99.145447530864,100,,,,,,,,,,,,4,99.12837577160491
KMK9308,KMK9308__S_ImamBargahKashana,6,2G+4G+L9,Bronze,Macro,B2S,C4-GUJ-01,ATL,ATL,Non DG Site,100,99.844714506172,100,99.97974537037,100,100,99.983603395061,100,100,100,100,100,95.402199074074,99.694251543209,100,100,100,100,100,100,,,,,,,,,,,,5,99.7452256944443
SKT5525,SKT5525_H_Zafarwal Rd Mohalla Nizamabad Sialkot,9,2G/LTE,Platinum,Macro,B2S,C4-SKT-03,Enfrashare,Enfrashare,Non DG Site,65.493827160493,59.710648148148,49.039994855967,81.441615226337,84.719007201646,100,100,100,100,100,100,100,89.17824074074,100,96.765046296296,92.505787037037,74.122299382716,87.47299382716,99.994212962963,100,,,,,,,,,,,,11,89.02218364197515
RUR9031,LTE_RUR9031__S_Jatria_CMPak43660,9,2G+4G+L900,Bronze,Macro,B2S,C4-GRT-04,Jazz Guest/CM-PAK Host,CM-PAK ,Non DG Site,100,100,100,100,100,100,100,100,100,100,97.936599794238,100,70.833333333333,67.112268518518,87.739197530864,38.684413580246,100,100,84.132587448559,99.384645061728,,,,,,,,,,,,7,92.2911522633743
GJR9359,GJR9359__S_AminAbadGali3,6,2G+4G+L9,Bronze,Macro,B2S,C4-GRT-04,E.co,E.co,Non DG Site,100,99.056712962963,99.311342592592,100,100,86.62037037037,100,100,100,100,97.494212962963,100,100,98.796296296296,100,100,95.613425925925,100,100,100,,,,,,,,,,,,6,98.84461805555546
RUR9369,LTE_RUR9369__S_Sumlanwala,6,2G/LTE,Bronze,Macro,B2S,C4-MBD-08,Enfrashare,Enfrashare,Non DG Site,100,100,100,100,100,100,99.976851851851,100,100,100,100,100,100,100,100,100,100,100,100,100,,,,,,,,,,,,1,99.99884259259255
MLL9384,LTE_MLL9384__S_Islampura,9,2G/LTE,Bronze,Macro,B2S,C4-MBD-08,Enfrashare,Enfrashare,Non DG Site,100,100,100,100,100,100,100,100,100,100,100,100,100,100,100,100,100,100,100,100,,,,,,,,,,,,0,100
RUR8070,RUR8070__P_KharanayMoreBazzar,9,2G/3G/LTE,Hub,Macro,Standby,C4-SKT-03,Jazz Host/TELENOR Guest,DEODAR,DG site,100,100,100,100,100,100,100,100,100,100,100,100,100,100,99.253472222222,100,100,100,100,100,,,,,,,,,,,,1,99.9626736111111
SKT5831,SKT5831_H_Chenab Rangers Rd Saidanwali Sialkot,9,2G/LTE,Diamond,Macro,B2S,C4-SKT-03,Enfrashare,Enfrashare,Non DG Site,93.335262345679,100,100,100,90.150462962963,100,99.824459876543,100,100,100,100,100,100,100,100,100,100,100,100,100,,,,,,,,,,,,3,99.16550925925925
SKT0721,SKT0721__H_HajiPura,9,2G/3G/LTE,Hub,Macro,Standby,C4-SKT-03,JAZZ,DEODAR,DG site,100,100,100,100,100,100,100,100,100,100,100,100,100,100,100,99.439300411522,93.157150205761,100,100,100,,,,,,,,,,,,2,99.62982253086415
GUJ9552,LTE_GUJ9552__S_GulshanColony,6,2G/LTE,Bronze,Macro,B2S,C4-GUJ-02,Enfrashare,Enfrashare,Non DG Site,100,100,100,100,100,100,100,100,100,100,100,100,100,100,100,100,100,100,100,100,,,,,,,,,,,,0,100
GUJ9556,LTE_GUJ9556__S_GovtShuhadaEAPSMemorial School,6,2G/LTE,Bronze,Macro,B2S,C4-GUJ-01,Enfrashare,Enfrashare,Non DG Site,100,100,100,100,100,100,100,100,100,100,100,100,100,100,100,100,100,100,100,100,,,,,,,,,,,,0,100
RUR9550,LTE_RUR9550__S_Attawa_CMPak5629,6,2G/LTE,Bronze,Macro,OMO,C4-GUJ-01,Jazz Guest/CM-PAK Host,CM-PAK ,Non DG Site,100,100,79.826388888888,100,86.475694444444,67.442129629629,100,100,95.434027777777,90.254629629629,100,87.760416666666,100,100,100,100,90.497685185185,100,90.300925925925,100,,,,,,,,,,,,8,94.39959490740715
SKG9387,LTE_SKG9387__S_DinPur_CMPak40720,6,2G/LTE,Bronze,Macro,OMO,C4-NRW-05,Jazz Guest/CM-PAK Host,CM-PAK ,Non DG Site,100,100,92.361111111111,83.136574074074,81.877893518518,100,100,100,100,100,100,100,100,100,100,100,100,100,100,100,,,,,,,,,,,,3,97.86877893518515
DSK9391,LTE_DSK9391__S_Mandranwala_CMPak40762,6,2G/LTE,Bronze,Macro,OMO,C4-WZD-07,Jazz Guest/CM-PAK Host,CM-PAK ,Non DG Site,100,75,7.03125,0,31.105324074074,21.736111111111,43.136574074074,100,100,100,100,100,100,100,100,100,100,91.724537037037,100,100,,,,,,,,,,,,7,78.48668981481481
RUR9475,RUR9475__S_Jalphanwali_Sialkot_MDSK4859,18,2G/3G/LTE,Platinum,Macro,Deodar CP Prime,C4-SKT-03,JAZZ,DEODAR,Non DG Site,100,100,100,100,100,100,100,58.220807613168,100,100,100,100,100,79.166666666666,49.761123971193,100,94.126157407407,94.761766975308,87.853973765432,100,,,,,,,,,,,,6,93.1945248199587
GJR8423,GJR8423__S_DaraGulabShahCemetery,9,2G/LTE,Bronze,Macro,B2S,C4-GRT-04,Enfrashare,Enfrashare,Non DG Site,97.893518518518,100,95.748456790123,91.753472222222,100,100,100,100,100,100,100,100,100,100,100,100,100,100,100,100,,,,,,,,,,,,3,99.26977237654316
GUJ8388,GUJ8388__S_GMagnoliaPark,6,2G/LTE,Bronze,Macro,B2S,C4-GUJ-01,E.co,E.co,Non DG Site,100,100,100,100,100,100,100,100,100,100,100,100,100,100,100,100,100,100,100,100,,,,,,,,,,,,0,100
GUJ8434,GUJ8434__S_MughalHomeopathicClinic,6,2G/LTE,Bronze,Macro,B2S,C4-GUJ-02,Enfrashare,Enfrashare,Non DG Site,100,100,100,100,100,100,99.999035493827,99.756944444444,99.875578703703,100,100,99.998070987654,99.753086419753,99.75212191358,100,99.90837191358,99.627700617283,99.880401234567,99.999035493827,99.99324845679,,,,,,,,,,,,11,99.9271797839504
GUJ9561,GUJ9561__S_KotliArbang,6,2G/LTE,Bronze,Macro,B2S,C4-GUJ-01,E.co,E.co,Non DG Site,80.208333333333,69.253472222222,100,100,99.369212962963,100,99.016203703703,100,100,100,100,100,100,100,96.20949074074,93.55324074074,98.023726851851,92.100694444444,92.748842592592,72.934027777777,,,,,,,,,,,,10,94.67086226851823
KMK8459,KMK8459__S_PuranaChajokiRd,9,2G/LTE,Bronze,Macro,B2S,C4-GUJ-01,Tawal,Tawal,Non DG Site,100,100,100,100,100,100,100,100,100,100,100,100,100,100,100,100,100,100,100,100,,,,,,,,,,,,0,100
NVK8507,NVK8507__S_GoheerRoad,6,2G/LTE,Bronze,Macro,B2S,C4-HFZ-06,Enfrashare,Enfrashare,Non DG Site,100,100,83.333333333333,97.555941358024,100,100,100,100,100,100,100,100,83.842592592592,100,100,100,100,100,100,83.923611111111,,,,,,,,,,,,4,97.432773919753
QDS8414,QDS8414__S_AlliedSchool,9,2G/LTE,Bronze,Macro,B2S,C4-HFZ-06,E.co,E.co,Non DG Site,100,100,100,100,100,100,84.346064814814,100,100,100,100,100,100,100,100,94.884259259259,100,100,100,100,,,,,,,,,,,,2,98.96151620370364
RUR8491,RUR8491__S_SaharanChatha,6,2G/LTE,Bronze,Macro,B2S,C4-HFZ-06,E.co,E.co,Non DG Site,100,100,100,100,100,100,100,100,100,100,100,100,100,100,100,100,100,100,100,100,,,,,,,,,,,,0,100
RUR9314,RUR9314__S_SidraRabNawazHospital,6,2G/LTE,Bronze,Macro,B2S,C4-NRW-05,ATL,ATL,Non DG Site,100,100,100,100,100,100,100,100,100,100,100,100,100,100,100,100,100,100,97.251157407407,100,,,,,,,,,,,,1,99.86255787037035
RUR9562,RUR9562__S_Jora,6,2G/LTE,Bronze,Macro,B2S,C4-GRT-04,E.co,E.co,Non DG Site,100,100,100,100,100,100,100,100,100,100,100,100,99.999035493827,100,100,100,100,100,100,100,,,,,,,,,,,,1,99.99995177469135
SKK8435,SKK8435__S_MarkaziImamBargah,6,2G/LTE,Bronze,Macro,B2S,C4-HFZ-06,Enfrashare,Enfrashare,Non DG Site,100,100,100,100,100,90.202546296296,100,100,100,100,100,100,100,100,100,100,100,100,100,100,,,,,,,,,,,,1,99.51012731481481
GUJ8579,GUJ8579__S_ MadduKhalilNawabChowk,6,2G/LTE,Bronze,Macro,B2S,C4-GUJ-02,ATL,ATL,Non DG Site,100,100,84.461805555555,100,100,76.32137345679,100,100,100,100,100,100,100,100,100,100,100,100,100,100,,,,,,,,,,,,2,98.03915895061725
MBN8580,MBN28580__S_FamilyWelfareCenterMandi2,6,2G/LTE,Bronze,Macro,B2S,C4-MBD-08,ATL,ATL,Non DG Site,100,66.225887345679,100,100,100,99.224537037037,89.84375,100,84.427083333333,100,100,100,100,97.170138888888,95.833333333333,90.960648148148,100,100,100,100,,,,,,,,,,,,7,96.1842689043209
RUR8394,RUR8394__S_Maranian_Marari,6,2G/LTE,Bronze,Macro,B2S,C4-GRT-04,E.co,E.co,Non DG Site,99.032600308642,94.032600308642,82.069830246913,93.622685185185,93.791473765432,95.847800925925,95.884452160493,96.93287037037,97.485532407407,89.755979938271,93.920717592592,83.611111111111,92.264660493827,95.866126543209,81.188271604938,92.1875,90.866126543209,87.989004629629,89.081790123456,90.509259259259,,,,,,,,,,,,20,91.7970196759255
RUR8493,RUR8493__S_ChowkQilaKalarWala,6,2G/LTE,Bronze,Macro,B2S,C4-NRW-05,E.co,E.co,Non DG Site,100,100,100,100,100,100,100,100,100,100,100,100,100,100,100,100,100,88.80787037037,100,100,,,,,,,,,,,,1,99.4403935185185
SKT9850,SKT9850__S_Mohalla_IslamPura,9,2G/3G/LTE,Platinum,Macro,Deodar CP Prime,C4-SKT-03,Jazz Host/CM-PAK Guest,DEODAR,Non DG Site,100,100,100,100,93.072916666666,100,100,100,100,100,100,100,100,100,100,100,100,100,100,100,,,,,,,,,,,,1,99.6536458333333
MDW5146,MDW5146__S_Model town Warid_MR525364,9,2G/LTE,Platinum,Macro,Deodar CP Prime,C4-SKT-03,JAZZ,DEODAR,Non DG Site,97.110982510288,100,100,100,94.793595679012,100,100,85.893775720164,100,100,100,100,100,100,100,100,100,100,100,100,,,,,,,,,,,,3,98.8899176954732
RUR8521,RUR8521__S_Nindowal,6,2G/LTE,Bronze,Macro,B2S,C4-GRT-04,E.co,E.co,Non DG Site,100,100,100,100,100,100,100,100,100,100,100,100,100,100,100,100,100,100,100,100,,,,,,,,,,,,0,100
RUR8532,RUR8532__S_KhawasPur,6,2G/LTE,Bronze,Macro,B2S,C4-GRT-04,Enfrashare,Enfrashare,Non DG Site,100,100,100,100,100,100,100,100,100,100,100,100,100,100,100,100,100,100,100,91.128472222222,,,,,,,,,,,,1,99.5564236111111
PMD6133,PMD6133__S_PindPanjoranWarid_MDSK7574,9,2G/3G/LTE,Diamond,Macro,OMO,C4-SKT-03,Jazz Guest/CM-PAK Host,CM-PAK ,Non DG Site,100,100,100,100,100,100,100,100,100,100,100,100,100,100,100,100,100,100,100,100,,,,,,,,,,,,0,100
SKT1182,SKT1182__S_Abbot Road_MDSK4174,12,2G/3G/LTE,Elite,Macro,Deodar CP Prime,C4-SKT-03,JAZZ,DEODAR,Non DG Site,100,99.994212962963,100,100,100,99.996913580246,99.999228395061,100,96.875,98.272376543209,99.998842592592,99.840277777777,99.86574074074,100,100,100,100,99.988811728395,100,100,,,,,,,,,,,,9,99.74157021604914
SKT5620,SKT5620_H_Cantt View Colony Sialkot,9,2G/LTE,Gold,Macro,OMO,C4-SKT-03,Jazz Guest/CM-PAK Host,CM-PAK ,Non DG Site,100,100,100,100,100,100,100,100,100,100,100,100,100,100,100,100,100,100,92.312885802469,100,,,,,,,,,,,,1,99.61564429012346
GUJ8144,GUJ8144__Baghbnpura,2,2G/LTE,Bronze,Macro,Deodar CP Prime,C4-GUJ-02,JAZZ,DEODAR,Non DG Site,100,100,100,100,100,100,100,100,100,100,100,100,100,100,100,100,100,100,100,100,,,,,,,,,,,,0,100
GUJ8512,GUJ8512__S_DBlockGardenTown,6,2G/LTE,Bronze,Macro,B2S,C4-GUJ-02,Enfrashare,Enfrashare,Non DG Site,78.634259259259,57.494212962963,91.452546296296,100,100,68.605324074074,100,100,100,71.252893518518,99.21875,100,75.931712962963,98.576388888888,94.791666666666,90.248842592592,76.846064814814,100,100,65.931712962963,,,,,,,,,,,,12,88.4492187499998
HJW8621,HJW8621__S_GovtGirlsHighSchool_Ufone7884,6,2G/LTE,Bronze,Macro,OMO,C4-GRT-04,Jazz Guest/UFONE Host,UFONE,Non DG Site,100,100,100,99.930555555555,97.65625,94.809027777777,100,100,100,100,100,100,100,100,100,100,93.755787037037,100,99.479166666666,99.594907407407,,,,,,,,,,,,6,99.2612847222221
SKT9279,LTE_SKT9279__S_KalmaChowkBusStop,9,2G/LTE,Bronze,Macro,B2S,C4-SKT-03,ATL,ATL,Non DG Site,100,100,100,100,100,100,100,100,100,100,100,100,100,100,100,100,100,100,100,100,,,,,,,,,,,,0,100
RUR8675,RUR8675__S_KamalpurChishtian,6,2G/LTE,Bronze,Macro,B2S,C4-NRW-05,ATL,ATL,Non DG Site,100,100,100,100,100,100,100,100,100,100,100,100,100,100,100,100,100,100,100,100,,,,,,,,,,,,0,100
WND8628,WND8628__S_PTCLExchangeWahndo_GTRP2150,6,2G/LTE,Bronze,Macro,OMO,C4-GUJ-01,Jazz Guest/PTCL Host,PTCL,Non DG Site,84.960455246913,89.34799382716,92.122878086419,95.785108024691,85.034722222222,68.715277777777,84.236111111111,68.489583333333,100,100,100,98.65162037037,100,100,95.11574074074,85.283564814814,100,100,81.325231481481,100,,,,,,,,,,,,12,91.45341435185156
RUR9559,LTE_RUR9559__S_JurianKalan,6,2G/LTE,Bronze,Macro,B2S,C4-SKT-03,ATL,ATL,Non DG Site,100,100,95.21412037037,100,100,100,100,100,100,100,100,100,100,100,100,100,100,100,100,100,,,,,,,,,,,,1,99.7607060185185
LLM8663,LLM8663__S_GraveyardNouGuza_Ufone7923,6,2G/LTE,Bronze,Macro,OMO,C4-GRT-04,Jazz Guest/UFONE Host,UFONE,Non DG Site,100,100,100,100,100,100,100,100,100,100,100,100,100,100,100,100,100,100,90.457175925925,97.077546296296,,,,,,,,,,,,2,99.37673611111106
RUR8653,RUR8653__S_MangatNeech_Ufone3757,6,2G/LTE,Bronze,Macro,OMO,C4-HFZ-06,Jazz Guest/UFONE Host,UFONE,Non DG Site,100,100,100,100,100,100,100,100,100,100,100,94.103009259259,100,100,100,100,100,100,100,100,,,,,,,,,,,,1,99.70515046296295
KTL8796,KTL8796__S_KotliLoharan,6,2G/LTE,Bronze,Macro,B2S,C4-SKT-03,ATL,ATL,Non DG Site,100,100,100,100,100,100,100,99.351851851851,100,63.641975308642,100,100,99.17824074074,100,100,100,100,100,100,100,,,,,,,,,,,,3,98.10860339506165
HWY5734,HWY5734__S_Ghuinke,6,2G/LTE,Elite,Macro,B2S,C4-SKT-03,Enfrashare,Enfrashare,Non DG Site,100,100,100,100,100,100,100,100,100,100,100,100,100,100,100,100,100,100,92.461419753086,100,,,,,,,,,,,,1,99.6230709876543
SKT4627,SKT4627__S_GojraJAIL_AB,12,2G/3G/LTE,Hub,Macro,Standby,C4-SKT-03,JAZZ,DEODAR,DG site,100,99.525462962963,100,100,100,100,100,100,100,100,95.329861111111,91.666666666666,91.666666666666,94.168595679012,100,100,100,100,100,100,,,,,,,,,,,,5,98.61786265432092
SKT5471,SKT5471__S_GhalibRdSKTCantt_Ufone3419,9,2G/3G/LTE,Platinum,Macro,OMO,C4-SKT-03,Jazz Guest/UFONE Host,UFONE,Non DG Site,94.501671810699,92.325745884773,87.483281893004,90.769675925925,93.167438271604,96.430041152263,93.483796296296,99.072145061728,95.832047325102,93.171296296296,90.859053497942,91.809413580246,88.258101851851,82.11741255144,86.738683127572,100,100,100,99.998070987654,50.694444444444,,,,,,,,,,,,17,91.33561599794196
GJR8662,GJR8662_S_PaddyRoad_Ufone3608,6,2G/LTE,Bronze,Macro,OMO,C4-GRT-04,Jazz Guest/UFONE Host,UFONE,Non DG Site,100,100,66.666666666666,55.15625,100,100,100,100,100,100,100,100,100,100,100,100,100,100,100,85.688657407407,,,,,,,,,,,,3,95.37557870370365
GJR8847,GJR8847__S_Lundpur_CMPak7149,6,2G/LTE,Bronze,Macro,OMO,C4-GRT-04,Jazz Guest/CM-PAK Host,CM-PAK ,Non DG Site,100,100,100,87.390046296296,31.493055555555,100,100,100,100,100,100,100,100,100,100,100,100,100,100,100,,,,,,,,,,,,2,95.94415509259255
GUJ8794,GUJ8794__S_SalimColony_CMPak6746,6,2G/LTE,Bronze,Macro,OMO,C4-GUJ-01,Jazz Guest/CM-PAK Host,CM-PAK ,Non DG Site,22.847222222222,100,94.131944444444,100,100,100,100,100,100,100,100,100,100,100,100,100,100,100,100,100,,,,,,,,,,,,2,95.8489583333333
GUJ8809,GUJ8809__S_KhalidColony_CMPak7894,6,2G/LTE,Bronze,Macro,OMO,C4-GUJ-02,Jazz Guest/CM-PAK Host,CM-PAK ,Non DG Site,100,100,100,100,100,100,100,100,100,100,100,98.720100308642,100,76.064814814814,100,97.268518518518,99.339313271604,100,100,78.443287037037,,,,,,,,,,,,5,97.49180169753075
PSR8901,PSR8901__S_DrAbdulSattarHospital,6,2G/LTE,Bronze,Macro,B2S,C4-NRW-05,Enfrashare,Enfrashare,Non DG Site,100,100,100,100,100,100,100,100,100,100,100,100,100,97.943672839506,100,100,100,100,100,100,,,,,,,,,,,,1,99.8971836419753
RUR1517,RUR1517__S_KotBilal,6,2G/LTE,Bronze,Macro,B2S,C4-HFZ-06,ATL,ATL,Non DG Site,100,100,93.067129629629,100,100,100,100,100,100,100,100,100,100,100,100,100,100,100,100,100,,,,,,,,,,,,1,99.65335648148145
RUR8633,RUR8633__S_PTCLExchangeTatlayAali_GTRP2060,6,2G/LTE,Bronze,Macro,OMO,C4-HFZ-06,Jazz Guest/PTCL Host,PTCL,Non DG Site,100,100,92.505787037037,100,100,100,100,100,100,100,100,100,100,100,100,100,100,100,100,98.107638888888,,,,,,,,,,,,2,99.53067129629625
RUR8710,RUR8710__S_Lambanwali_Ufone1319,6,2G/LTE,Bronze,Macro,OMO,C4-GUJ-02,Jazz Guest/UFONE Host,Ufone,Non DG Site,100,79.166666666666,43.813657407407,98.923611111111,100,100,100,100,100,100,100,100,100,100,100,100,100,100,100,100,,,,,,,,,,,,3,96.0951967592592
GUJ0101,GUJ0101__S_QaziTown_TPLGW202,6,2G/LTE,Bronze,Macro,OMO,C4-GUJ-01,Jazz Guest/TELENOR Host,TELENOR,Non DG Site,100,100,81.394675925925,100,80.74074074074,40.914351851851,93.935185185185,100,100,77.77199074074,100,78.101851851851,100,100,100,100,78.425925925925,100,82.372685185185,100,,,,,,,,,,,,8,90.6828703703701
GUJ8620,GUJ8620__S_ChanDaQilaChowk_Ufone3952,6,2G/LTE,Bronze,Macro,OMO,C4-GUJ-01,Jazz Guest/UFONE Host,UFONE,Non DG Site,100,100,80.567129629629,100,81.422646604938,29.166666666666,0,27.025462962963,100,85.601851851851,100,82.514467592592,100,100,100,100,83.993055555555,100,88.65162037037,100,,,,,,,,,,,,9,82.9471450617282
GUJ0774,GUJ0774__S_ChiraghNagar_CMPak4926,6,2G/LTE,Bronze,Macro,OMO,C4-GUJ-02,Jazz Guest/CM-PAK Host,CM-PAK ,Non DG Site,68.703703703703,94.809027777777,100,95.306712962963,95.167824074074,100,91.122685185185,100,100,95.989583333333,98.888888888888,94.971064814814,100,100,95.30574845679,91.267361111111,87.109375,84.409722222222,100,92.199074074074,,,,,,,,,,,,13,94.2625385802467
HWY1064,HWY1064__S_DeonaMandi,6,2G/LTE,Bronze,Macro,OMO,C4-GRT-04,Jazz Guest/CM-PAK Host,CM-PAK ,Non DG Site,0,0,0,0,0,39.567901234567,98.773148148148,99.021026234567,98.784722222222,97.818287037037,95.58449074074,100,100,100,95.081018518518,95.266203703703,99.971064814814,77.038966049382,96.571180555555,83.399884259259,,,,,,,,,,,,17,68.8438946759256
RUR0753,RUR0753__S_Saria,6,2G/LTE,Bronze,Macro,B2S,C4-NRW-05,E.Co,E.Co,Non DG Site,100,100,100,100,88.541666666666,100,100,100,100,100,100,100,100,100,100,100,92.974537037037,100,86.637731481481,100,,,,,,,,,,,,3,98.40769675925921
RUR1140,RUR1140__S_ChahalKalan,6,2G/LTE,Bronze,Macro,B2S,C4-HFZ-06,ATL,ATL,Non DG Site,100,100,100,100,100,100,100,100,100,100,100,100,100,100,100,100,100,100,100,100,,,,,,,,,,,,0,100
RUR1193,RUR1193__S_Chopala_NEW,6,2G/LTE,Bronze,Macro,B2S,C4-GRT-04,ATL,ATL,Non DG Site,100,100,76.278935185185,100,100,100,100,100,100,100,100,100,100,100,100,100,100,100,100,100,,,,,,,,,,,,1,98.81394675925925
RUR8778,RUR8778__S_Sahibwal,3,2G/LTE,Bronze,Macro,B2S,C4-MBD-08,TAWAL,TAWAL,Non DG Site,100,100,100,100,100,100,100,100,100,100,100,98.935185185185,100,100,100,98.159722222222,100,100,100,100,,,,,,,,,,,,2,99.85474537037035
SKG9026,SKG9026__S_AOneGamingZone,6,2G/LTE,Bronze,Macro,B2S,C4-NRW-05,Enfrashare,Enfrashare,Non DG Site,100,100,100,83.136574074074,79.72511574074,100,100,80.752314814814,100,100,85.324074074074,100,82.737268518518,100,83.958333333333,100,100,84.137731481481,97.719907407407,100,,,,,,,,,,,,8,93.87456597222204
GUJ8834,GUJ8834__S_Lohianwala,6,2G/LTE,Bronze,Macro,B2S,C4-GUJ-02,Tawal,Tawal,Non DG Site,100,100,100,100,100,100,100,100,100,100,94.195601851851,100,92.175925925925,100,100,100,100,90.58449074074,100,85.185185185185,,,,,,,,,,,,4,98.10706018518505
PSR1382,PSR1382__S_SaweraHospital,6,2G/LTE,Bronze,Macro,B2S,C4-NRW-05,Enfra,Enfra,Non DG Site,98.368055555555,100,95.966435185185,95.422453703703,100,100,100,86.689814814814,100,100,94.508101851851,100,100,93.708526234567,95.786072530864,100,100,100,88.350694444444,92.037037037037,,,,,,,,,,,,9,97.041859567901
RUR0669,RUR0669__S_Ladar,6,2G/LTE,Bronze,Macro,B2S,C4-NRW-05,Tawal,Tawal,Non DG Site,100,100,100,100,100,100,100,100,96.221064814814,100,100,97.115162037037,100,100,100,97.800925925925,100,100,92.667824074074,100,,,,,,,,,,,,4,99.19024884259248
RUR0979,LTE_RUR0979__S_Aidal,6,2G/LTE,Bronze,Macro,B2S,C4-MBD-08,ATL,ATL,Non DG Site,100,100,99.085648148148,100,100,100,100,100,100,100,100,100,100,100,100,100,100,100,99.947916666666,100,,,,,,,,,,,,2,99.9516782407407
RUR1165,RUR1165__S_Darajake,6,2G/LTE,Bronze,Macro,B2S,C4-GUJ-01,E.Co,E.Co,Non DG Site,100,100,100,100,100,100,100,100,100,100,100,100,100,100,100,100,100,100,100,100,,,,,,,,,,,,0,100
RUR2476,RUR2476__S_Dhamthal,6,2G/LTE,Bronze,Macro,B2S,C4-GRT-04,ATL,ATL,Non DG Site,100,100,100,100,100,100,100,100,100,100,99.710648148148,100,100,100,100,100,100,100,100,100,,,,,,,,,,,,1,99.9855324074074
RUR2577,RUR2577__S_Gujgran,6,2G/LTE,Bronze,Macro,B2S,C4-GRT-04,ATL,ATL,Non DG Site,100,100,100,100,100,100,100,100,100,100,99.710648148148,100,100,100,100,100,100,99.699074074074,100,100,,,,,,,,,,,,2,99.9704861111111
RUR2701,RUR2701__S_KotlaArabAliKhan,6,2G/LTE,Bronze,Macro,B2S,C4-GRT-04,E.Co,E.Co,Non DG Site,100,100,100,100,100,100,100,100,100,100,100,100,100,100,100,100,100,100,100,100,,,,,,,,,,,,0,100
RUR5722,RUR5722__S_ChittiSheikhan_CMPak4992,9,2G/3G/LTE,Diamond,Macro,OMO,C4-SKT-03,Jazz Guest/CM-PAK Host,CM-PAK ,Non DG Site,100,100,100,100,100,100,100,100,100,100,100,100,100,100,100,100,100,100,100,100,,,,,,,,,,,,0,100
RUR2734,RUR2734__S_BhuppraGuraya,6,2G/LTE,Bronze,Macro,B2S,C4-HFZ-06,ATL,ATL,Non DG Site,100,100,100,100,100,100,100,100,100,100,100,100,100,100,100,100,100,100,100,100,,,,,,,,,,,,0,100
SKT9543,LTE_SKT9543__S_Fatehgarh,6,2G/LTE,Bronze,Macro,B2S,C4-SKT-03,ATL,ATL,Non DG Site,83.333333333333,83.333333333333,83.333333333333,83.333333333333,83.333333333333,83.333333333333,83.333333333333,83.333333333333,83.333333333333,83.333333333333,86.985918209876,100,100,100,100,100,100,100,100,100,,,,,,,,,,,,11,91.01596257716031
SKT9388,LTE_SKT9388__S_KaakeWali_CMPak42996,6,2G/LTE,Bronze,Macro,OMO,C4-SKT-03,Jazz Guest/CM-PAK Host,CM-PAK ,Non DG Site,100,100,100,100,88.02662037037,100,100,100,100,100,100,100,91.018518518518,100,100,100,100,100,100,100,,,,,,,,,,,,2,98.9522569444444
GHK8940,GHK8940__S_GilWalaRd,6,2G/LTE,Bronze,Macro,B2S,C4-GUJ-02,E.Co,E.Co,Non DG Site,100,100,100,100,100,100,100,100,100,100,100,100,100,100,100,100,100,100,100,100,,,,,,,,,,,,0,100
HFZ1525,HFZ1525__S_HafizabadCourt,6,2G/LTE,Bronze,Macro,B2S,C4-HFZ-06,ATL,ATL,Non DG Site,100,100,100,100,100,100,100,100,100,100,100,100,100,100,100,100,100,100,100,94.826388888888,,,,,,,,,,,,1,99.7413194444444
JPB8846,JPB8846__S_FarrukhSattarRiceMills,6,2G/LTE,Bronze,Macro,B2S,C4-HFZ-06,ATL,ATL,Non DG Site,100,100,100,100,100,100,98.530092592592,100,100,100,100,100,100,100,100,100,100,100,100,100,,,,,,,,,,,,1,99.9265046296296
MBN6234,MBN6234__S_Mandibhauddin_Bazar_1_OEMB0247,2,2G/LTE,Bronze,Micro,Jazz CP Prime,C4-MBD-08,JAZZ,DEODAR,Non DG Site,99.777199074074,98.993055555555,100,96.973379629629,99.230324074074,100,100,100,76.5625,98.130787037037,98.096064814814,94.594907407407,96.817129629629,100,95.804398148148,81.906828703703,99.916087962963,97.916666666666,98.067129629629,100,,,,,,,,,,,,14,96.6393229166664
NRW2398,NRW2398__S_KanjroorRoad,6,2G/LTE,Bronze,Macro,B2S,C4-NRW-05,ATL,ATL,Non DG Site,80.965470679012,83.333333333333,83.333333333333,55.613425925925,83.333333333333,83.333333333333,83.333333333333,83.333333333333,83.333333333333,83.333333333333,83.333333333333,83.333333333333,83.333333333333,83.333333333333,71.146797839506,83.333333333333,87.979359567901,100,100,100,,,,,,,,,,,,17,83.95191936728365
RUR2804,RUR2804__S_Jassoran,6,2G/LTE,Bronze,Macro,B2S,C4-NRW-05,Enfra,Enfra,Non DG Site,100,100,100,100,100,100,100,100,100,100,100,100,100,100,98.697916666666,100,100,100,100,100,,,,,,,,,,,,1,99.9348958333333
RUR2704,RUR2704__S_Chechian_Jhans,6,2G+4G+L9,Bronze,Macro,B2S,C4-GRT-04,ATL,ATL,Non DG Site,100,100,100,100,100,100,100,100,100,100,85.243055555555,100,100,100,100,100,100,100,84.041280864197,39.722222222222,,,,,,,,,,,,3,95.4503279320987
RUR2703,RUR2703__S_Ramkay,6,2G+4G+L9,Bronze,Macro,B2S,C4-GRT-04,ATL,ATL,Non DG Site,100,100,100,100,100,100,100,100,100,100,100,100,100,100,100,100,100,100,100,100,,,,,,,,,,,,0,100
ALC4371,ALC4371__S_OldTempleAlipurChatha,6,2G/LTE,Bronze,Macro,B2S,C4-HFZ-06,Enfra,Enfra,DG site,100,100,100,100,100,100,100,100,100,100,100,100,100,100,100,100,100,100,100,100,,,,,,,,,,,,0,100
BGA6986,BGA6986__MajhiMalakwal,3,2G/LTE,Bronze,Macro,Deodar CP Prime,C4-MBD-08,JAZZ,DEODAR,Non DG Site,100,100,100,100,100,100,100,100,100,100,100,100,100,100,100,81.811342592592,100,100,100,100,,,,,,,,,,,,1,99.09056712962959
BGA6987,BGA6987__KhewaMandi,3,2G/LTE,Bronze,Macro,Standby,C4-MBD-08,JAZZ,DEODAR,DG site,93.096064814814,100,99.473379629629,100,100,100,100,100,100,100,100,100,100,100,100,100,100,100,100,100,,,,,,,,,,,,2,99.62847222222214
DAD6974,DAD6974__BharayWalaPhalia,4,2G/LTE,Bronze,Macro,Standby,C4-MBD-08,JAZZ,DEODAR,DG site,100,100,100,99.984085648148,100,100,100,100,100,100,99.994212962963,100,99.965277777777,99.985532407407,100,99.984085648148,100,100,100,100,,,,,,,,,,,,5,99.99565972222214
FRP9896,FRP9896__MeluNau,3,2G/LTE,Bronze,Macro,Standby,C4-MBD-08,JAZZ,DEODAR,DG site,100,100,100,100,100,100,96.064814814814,100,100,100,100,100,100,100,100,91.93287037037,100,100,100,100,,,,,,,,,,,,2,99.3998842592592
GOW6983,GOW6983__DeraSarfana,3,2G/LTE,Bronze,Macro,Standby,C4-MBD-08,JAZZ,DEODAR,DG site,100,100,100,100,100,100,90.293209876543,100,100,100,100,99.386574074074,100,100,100,100,100,100,100,98.258101851851,,,,,,,,,,,,3,99.3968942901234
GOW6984,GOW6984__Ghughanwali_Phalia,4,2G/LTE,Bronze,Macro,Standby,C4-MBD-08,JAZZ,DEODAR,DG site,92.864583333333,100,100,100,100,100,100,100,100,100,100,100,100,100,100,100,100,100,100,100,,,,,,,,,,,,1,99.64322916666666
HWY3271,HWY3271__Basu Panoon,3,2G/LTE,Bronze,Macro,Standby,C4-NRW-05,JAZZ,DEODAR,DG site,100,100,100,100,100,98.188657407407,97.754629629629,98.86574074074,97.424768518518,97.349537037037,100,100,100,100,100,100,100,98.18287037037,99.137731481481,96.996527777777,,,,,,,,,,,,8,99.19502314814795
KHZ6976,KHZ6976__MonaSyedanMalikwal,3,2G/LTE,Bronze,Macro,Standby,C4-MBD-08,JAZZ,DEODAR,DG site,100,100,100,100,100,100,100,100,100,100,100,100,100,100,100,100,100,100,100,100,,,,,,,,,,,,0,100
KMK8569,KMK8569_H_ChoudryMktKamonki,18,2G/LTE,Bronze,Macro,Standby,C4-GUJ-01,JAZZ,DEODAR,DG site,100,100,95.798289609053,100,100,100,100,100,100,100,100,100,100,100,100,100,100,100,100,100,,,,,,,,,,,,1,99.78991448045265
NKW6941,NKW6941__NakkayWalaChwkGojra,3,2G/LTE,Bronze,Macro,Deodar CP Prime,C4-MBD-08,JAZZ,DEODAR,Non DG Site,100,100,100,100,100,100,100,100,100,100,100,100,100,100,100,100,100,100,100,100,,,,,,,,,,,,0,100
QMS9703,QMS9703__Dharo_KI,3,2G/LTE,Bronze,Macro,Standby,C4-HFZ-06,JAZZ,DEODAR,DG site,100,100,100,100,100,100,100,100,100,100,100,100,100,99.496527777777,100,100,98.883101851851,100,94.27662037037,98.292824074074,,,,,,,,,,,,4,99.5474537037036
RUR0188,RUR0188__Qadirabad_new,4,2G/LTE,Bronze,Macro,Standby,C4-MBD-08,JAZZ,DEODAR,DG site,100,100,100,100,100,98.28125,100,100,100,100,100,100,100,100,100,94.346064814814,100,94.508101851851,96.707175925925,100,,,,,,,,,,,,4,99.1921296296295
RUR0362,RUR0362_Lala Pindi_NEW,3,2G/LTE,Bronze,Macro,B2S,C4-MBD-08,Enfra,Enfra,Non DG Site,100,100,100,100,100,100,100,100,100,100,100,100,100,100,100,100,100,100,100,100,,,,,,,,,,,,0,100
RUR0368,RUR0368_Joklian_New,3,2G/LTE,Bronze,Macro,OMO,C4-MBD-08,Jazz Guest/CM-PAK Host,CM-PAK ,Non DG Site,100,100,100,100,100,99.53125,100,100,100,100,100,100,100,100,100,100,100,100,100,100,,,,,,,,,,,,1,99.9765625
RUR0374,RUR0374__ChorundPI_NEW,3,2G/LTE,Bronze,Macro,Standby,C4-MBD-08,JAZZ,DEODAR,DG site,100,100,100,100,100,100,93.541666666666,100,100,100,100,100,100,99.924768518518,100,100,100,100,100,100,,,,,,,,,,,,2,99.67332175925921
RUR0505,RUR0505__Lak,3,2G/LTE,Bronze,Macro,Standby,C4-MBD-08,JAZZ,DEODAR,DG site,100,100,100,100,100,95.063657407407,97.980324074074,100,100,100,99.571759259259,100,100,100,100,100,100,100,100,100,,,,,,,,,,,,3,99.630787037037
RUR0513,RUR0513__BuddaGuraya,3,2G/LTE,Bronze,Macro,B2S,C4-WZD-07,Enfra,Enfra,Non DG Site,79.259259259259,92.974537037037,100,100,100,100,100,100,68.18287037037,68.003472222222,100,100,83.18287037037,87.829861111111,97.494212962963,71.973379629629,100,87.528935185185,72.569444444444,67.743055555555,,,,,,,,,,,,11,88.83709490740726
RUR0714,RUR0714_LoharanWallNEW,3,2G/LTE,Bronze,Macro,Standby,C4-WZD-07,JAZZ,DEODAR,DG site,100,100,100,95.38387345679,100,100,89.149305555555,92.743055555555,94.270833333333,100,95.572916666666,100,100,100,100,92.280092592592,100,97.650462962963,100,95.486111111111,,,,,,,,,,,,8,97.62683256172826
RUR0739,RUR0739__Udo-DoneeUddok,3,2G/LTE,Bronze,Macro,Standby,C4-HFZ-06,JAZZ,DEODAR,DG site,100,100,100,100,100,90.196759259259,93.802083333333,100,100,96.984953703703,93.009259259259,100,100,100,100,97.708333333333,100,100,100,100,,,,,,,,,,,,5,98.58506944444436
RUR0755,RUR0755_PharianWalNEW,3,2G/LTE,Bronze,Macro,Standby,C4-MBD-08,JAZZ,DEODAR,DG site,100,100,100,100,100,100,100,100,100,100,100,100,100,100,100,100,100,100,100,100,,,,,,,,,,,,0,100
RUR0805,RUR0805_Cheelian_WallNEW,3,2G/LTE,Bronze,Macro,OMO,C4-MBD-08,Jazz Guest/UFONE Host,UFONE,Non DG Site,100,100,100,100,100,100,92.621527777777,100,100,100,100,100,100,100,100,100,100,100,100,95.15625,,,,,,,,,,,,2,99.38888888888884
RUR0806,RUR0806_Chak_BusawNEW,3,2G/LTE,Bronze,Macro,OMO,C4-MBD-08,Jazz Guest/UFONE Host,UFONE,Non DG Site,100,100,100,100,100,100,89.600694444444,100,100,100,100,100,100,92.528935185185,52.829861111111,49.103009259259,93.28125,54.027777777777,92.731481481481,89.641203703703,,,,,,,,,,,,8,90.687210648148
RUR0872,RUR0872_kotGhulamMuhammad,3,2G/LTE,Bronze,Macro,Standby,C4-NRW-05,JAZZ,DEODAR,DG site,100,100,100,100,100,100,100,95.52662037037,99.548611111111,100,100,100,100,100,100,100,100,100,99.53125,100,,,,,,,,,,,,3,99.73032407407405
RUR1097,RUR1097__ChakSaidan,3,2G/LTE,Bronze,Macro,Standby,C4-MBD-08,JAZZ,DEODAR,DG site,100,100,100,100,100,100,95.023148148148,100,100,100,100,100,100,100,100,100,100,100,100,100,,,,,,,,,,,,1,99.7511574074074
RUR1295,RUR1295__Rachhara,3,2G/LTE,Bronze,Macro,Deodar CP Prime,C4-NRW-05,JAZZ,DEODAR,Non DG Site,100,100,89.253472222222,100,99.461805555555,100,99.230324074074,98.28125,100,100,100,100,100,100,100,100,100,100,99.461805555555,96.851851851851,,,,,,,,,,,,6,99.12702546296285
RUR1309,RUR1309__Khai_LBMR07TP,3,2G/LTE,Bronze,Macro,OMO,C4-MBD-08,Jazz Guest/TELENOR Host,TELENOR,Non DG Site,100,100,99.149305555555,100,100,100,100,100,100,100,100,100,100,100,100,100,100,100,99.947916666666,100,,,,,,,,,,,,2,99.95486111111106
RUR2937,RUR2937__S_MuralaRoadJinnahCity,3,2G/LTE,Bronze,Macro,Standby,C4-MBD-08,JAZZ,DEODAR,DG site,100,100,99.780092592592,100,100,100,100,100,96.838348765432,100,100,100,100,100,100,75,79.382716049382,100,100,100,,,,,,,,,,,,4,97.5500578703703
RUR3101,RUR3101__S_Kassesy,3,2G/LTE,Bronze,Macro,B2S,C4-HFZ-06,Enfra,Enfra,Non DG Site,100,100,100,100,100,100,100,100,100,100,100,100,100,100,100,100,100,100,100,100,,,,,,,,,,,,0,100
RUR3155,RUR3155__S_BaraManga,6,2G/LTE,Bronze,Macro,B2S,C4-NRW-05,Enfra,Enfra,Non DG Site,100,100,100,100,100,100,100,81.059027777777,100,100,84.947916666666,100,100,100,83.530092592592,100,100,84.068287037037,100,98.478009259259,,,,,,,,,,,,5,96.60416666666654
RUR3264,RUR3264__Ugo_Chak,3,2G/LTE,Bronze,Macro,Standby,C4-NRW-05,JAZZ,DEODAR,DG site,100,100,100,100,100,97.523148148148,99.53125,100,100,98.686342592592,100,100,100,100,100,100,100,100,100,85.729166666666,,,,,,,,,,,,4,99.0734953703703
RUR3267,RUR3267__ChakRandhawa,3,2G/LTE,Bronze,Macro,OMO,C4-NRW-05,Jazz Guest/TELENOR Host,TELENOR,Non DG Site,95.162037037037,99.456018518518,95.752314814814,100,88.234953703703,82.418981481481,97.152777777777,100,100,100,100,97.598379629629,100,99.594907407407,98.703703703703,96.915509259259,100,100,85.219907407407,100,,,,,,,,,,,,11,96.81047453703674
RUR3269,RUR3269__KulBajwa,3,2G/LTE,Bronze,Macro,Standby,C4-NRW-05,JAZZ,DEODAR,DG site,100,100,100,100,98.900462962963,100,100,98.39699074074,100,100,100,98.472222222222,100,100,100,98.836805555555,100,100,99.780092592592,100,,,,,,,,,,,,5,99.7193287037036
RUR3933,RUR3933__S_AbidAbad,6,2G/LTE,Bronze,Macro,B2S,C4-HFZ-06,ATL,ATL,Non DG Site,100,100,100,100,100,100,100,100,100,100,100,100,100,100,100,100,100,100,100,100,,,,,,,,,,,,0,100
RUR4314,RUR4314__BHEChak22Malikwal,3,2G/LTE,Bronze,Macro,Standby,C4-MBD-08,JAZZ,DEODAR,DG site,100,100,87.725694444444,100,100,100,100,100,100,100,100,87.5,39.849537037037,100,100,66.608796296296,100,100,100,100,,,,,,,,,,,,4,94.08420138888884
RUR4413,RUR4413__DNGMojianwala,3,2G/LTE,Bronze,Macro,Standby,C4-MBD-08,JAZZ,DEODAR,DG site,100,100,100,100,100,100,92.042824074074,100,100,100,100,100,100,100,100,100,100,100,100,94.618055555555,,,,,,,,,,,,2,99.33304398148144
RUR4533,RUR4533__MBNFahdFlourMill,3,2G/LTE,Bronze,Macro,Standby,C4-MBD-08,JAZZ,DEODAR,DG site,100,100,100,100,100,100,100,100,100,100,100,100,100,95.960648148148,100,100,100,100,100,100,,,,,,,,,,,,1,99.7980324074074
RUR4873,RUR4873__S_Marala,6,2G/LTE,Bronze,Macro,B2S,C4-MBD-08,Tawal,Tawal,DG site,100,100,100,100,100,100,100,100,100,100,100,100,100,100,100,100,100,100,100,75.456211419753,,,,,,,,,,,,1,98.77281057098764
RUR4913,RUR4913__DNGMangowalKhojaVlg,3,2G/LTE,Bronze,Macro,Standby,C4-MBD-08,JAZZ,DEODAR,DG site,100,99.155092592592,100,100,72.256944444444,100,98.80787037037,81.003086419753,100,100,100,100,100,100,100,100,99.716435185185,100,100,100,,,,,,,,,,,,5,97.54697145061719
RUR6613,RUR6613__S_MasjidMandhariaWali,6,2G/LTE,Bronze,Macro,B2S,C4-MBD-08,ATL,ATL,DG site,100,100,100,100,100,100,92.630208333333,100,100,100,100,100,100,100,100,100,100,100,100,100,,,,,,,,,,,,1,99.63151041666666
SDK1691,SDK1691__S_NearMadniPolyTexPvt,6,2G/LTE,Bronze,Macro,B2S,C4-GUJ-01,ATL,ATL,Non DG Site,100,100,100,100,100,100,100,100,100,65.909529320987,100,100,100,100,100,100,100,100,100,100,,,,,,,,,,,,1,98.29547646604935
RUR8506,RUR8506__S_GoloPhalaUgoki,6,2G/LTE,Bronze,Macro,B2S,C4-SKT-03,Enfrashare,Enfrashare,Non DG Site,100,100,100,100,100,100,100,100,100,100,100,100,100,100,100,100,100,100,100,100,,,,,,,,,,,,0,100
MBN9554,LTE_MBN9554__S_KuthyalaSyedan_CMPak40748,3,2G/LTE,Bronze,Macro,OMO,C4-MBD-08,Jazz Guest/CM-PAK Host,CMPak,DG site,100,100,100,100,51.134259259259,72.986111111111,100,100,100,100,100,100,100,100,100,100,100,100,100,100,,,,,,,,,,,,2,96.2060185185185
RUR5117,LTE_RUR5117__S_MariThakran,6,2G/LTE,Bronze,Macro,B2S,C4-GUJ-01,ATL,ATL,DG site,100,100,99.942129629629,100,100,100,100,100,100,100,100,100,95.410879629629,100,100,100,100,100,100,100,,,,,,,,,,,,2,99.7676504629629
HFZ9755,LTE_HFZ9755__S_VanikeChowk,6,2G/LTE,Bronze,Macro,B2S,C4-HFZ-06,Enfrashare,Enfrashare,DG site,100,100,100,100,100,100,100,100,100,100,100,100,100,98.541666666666,100,100,100,100,100,100,,,,,,,,,,,,1,99.9270833333333
RUR5137,LTE_RUR5137__S_DargaPur_Ufone3943,6,2G/LTE,Bronze,Macro,OMO,C4-GUJ-01,Jazz Guest/UFONE Host,Jazz Guest/UFONE Host,DG site,98.263888888888,100,98.541666666666,100,100,100,100,100,100,100,100,100,100,100,100,100,100,100,100,100,,,,,,,,,,,,2,99.8402777777777
RUR4989,LTE_RUR4989__S_Mandeer,6,2G/LTE,Bronze,Macro,JAZZ,C4-MBD-08,JAZZ,JAZZ,DG site,100,100,100,100,100,100,100,100,100,100,100,100,100,100,100,100,100,100,100,98.223379629629,,,,,,,,,,,,1,99.91116898148145
GUJ9672,LTE_GUJ9672__S_FFOSupportProgramKhialiBranch,6,2G/LTE,Bronze,Macro,JAZZ,C4-GUJ-01,JAZZ,JAZZ,DG site,100,100,100,100,100,100,100,100,100,100,100,100,100,100,100,100,100,93.96412037037,100,100,,,,,,,,,,,,1,99.6982060185185
RUR2333,LTE_RUR2333__S_Philoki,6,2G/LTE,Bronze,Macro,JAZZ,C4-HFZ-06,JAZZ,JAZZ,DG site,100,100,100,100,91.226851851851,100,100,100,96.458333333333,100,100,100,100,100,100,93.211805555555,100,100,88.206018518518,100,,,,,,,,,,,,4,98.45515046296285
SKT9693,LTE_SKT9693__S_SKTCollegeOfPhysicalTherapy,6,2G/LTE,Bronze,Macro,JAZZ,C4-SKT-03,JAZZ,JAZZ,DG site,100,100,95.483217592592,100,100,100,100,100,100,100,100,100,100,100,100,100,87.465277777777,100,100,97.841435185185,,,,,,,,,,,,3,99.03949652777769
RUR5291,LTE_RUR5291__S_UggoChak,6,2G/LTE,Bronze,Macro,JAZZ,C4-HFZ-06,JAZZ,JAZZ,DG site,100,100,100,100,98.808834876543,60.109953703703,97.195216049382,100,100,100,100,100,100,100,100,100,100,100,100,100,,,,,,,,,,,,3,97.8057002314814
GUJ9856,LTE_GUJ9856__S_IllyasColony,6,2G/LTE,Bronze,Macro,B2S,C4-HFZ-06,Enfrashare,Enfrashare,Non DG Site,100,100,87.702546296296,100,100,39.768518518518,100,100,100,100,100,100,100,100,100,100,86.979166666666,100,100,100,,,,,,,,,,,,3,95.72251157407399
SKG2336,LTE_SKG2336__S_DinpurKhurdNewGraveyard,6,2G/LTE,Bronze,Macro,JAZZ,C4-NRW-05,JAZZ,JAZZ,DG site,100,100,100,83.136574074074,91.958912037037,100,100,100,100,100,100,100,70.35011574074,39.085648148148,100,100,87.5,38.142361111111,100,100,,,,,,,,,,,,6,90.50868055555551
GJR9857,LTE_GJR9857__S_HashmiColony,6,2G/LTE,Bronze,Macro,B2S,C4-GRT-04,E.Co,E.Co,Non DG Site,100,100,100,100,100,100,100,100,100,100,100,100,100,100,100,100,100,100,100,100,,,,,,,,,,,,0,100
GUJ9725,LTE_GUJ9725__S_AlNoorSchoolLadheWalaWarraich,6,2G/LTE,Bronze,Macro,B2S,C4-GUJ-02,Enfrashare,Enfrashare,Non DG Site,100,100,100,100,100,100,97.910879629629,99.058641975308,100,100,100,100,100,100,100,100,100,100,100,100,,,,,,,,,,,,2,99.84847608024685
SKT9963,LTE_SKT9963__S_QabristanJodhayWaliKhurd,6,2G/LTE,Bronze,Macro,B2S,C4-SKT-03,Tawal,Tawal,Non DG Site,90.538194444444,100,100,100,87.326388888888,100,100,100,100,100,100,100,100,100,100,100,100,100,100,100,,,,,,,,,,,,2,98.8932291666666
GUJ9829,LTE_GUJ9829__S_eKhidmatMarkazPITB,6,2G/LTE,Bronze,Macro,JAZZ,C4-GUJ-02,JAZZ,JAZZ,DG site,100,96.533564814814,100,82.679398148148,100,67.332175925925,100,100,90.572916666666,100,83.750964506172,100,83.292824074074,100,100,89.212962962963,100,82.534722222222,100,78.819444444444,,,,,,,,,,,,9,92.7364486882714
RUR5403,LTE_RUR5403__S_NadalaSulehrian,6,2G/LTE,Bronze,Macro,JAZZ,C4-NRW-05,JAZZ,JAZZ,DG site,100,100,94.328703703703,100,100,100,100,100,100,100,100,100,100,100,100,100,100,100,72.239583333333,100,,,,,,,,,,,,2,98.3284143518518
RUR5610,LTE_RUR5610__S_Harpoki,6,2G/LTE,Bronze,Macro,JAZZ,C4-GUJ-01,JAZZ,JAZZ,DG site,100,100,100,100,56.774691358024,97.986111111111,100,100,100,100,100,100,84.195601851851,100,91.128472222222,100,92.71412037037,100,100,95.05787037037,,,,,,,,,,,,6,95.89284336419739
RUR7696,RUR7696__S_BhaggatGarahRd,6,2G/LTE,Bronze,Macro,Standby,C4-GUJ-02,Deodar,DG site,DG site,100,100,100,100,100,100,100,100,100,100,100,100,100,100,100,85.407986111111,100,100,100,100,,,,,,,,,,,,1,99.27039930555556
GUJ9760,GUJ9760__S_HBLGondlanwalaRd,6,2G/LTE,Bronze,Macro,Standby,C4-GUJ-02,Deodar,DG site,DG site,0,0,28.49537037037,100,100,83.362268518518,100,100,100,100,100,100,100,100,100,100,100,100,100,100,,,,,,,,,,,,4,85.5928819444444
SKT9594,SKT9594__S_UBLBhoth_CMPak42641,6,2G/LTE,Bronze,Macro,OMO,C4-SKT-03,Jazz Guest/CM-PAK Host,Non DG Site,Non DG Site,100,100,100,100,100,100,100,100,100,100,99.623842592592,100,100,100,87.462384259259,93.722029320987,97.488425925925,100,100,100,,,,,,,,,,,,4,98.91483410493814
SKT9950,SKT9950__S_TalwaraMughlan_CMPak42636,6,2G/LTE,Bronze,Macro,OMO,C4-SKT-03,Jazz Guest/CM-PAK Host,Non DG Site,Non DG Site,92.418981481481,100,100,100,82.974537037037,99.99324845679,100,100,100,100,100,100,92.1875,100,100,100,100,100,100,100,,,,,,,,,,,,4,98.3787133487654
SKT8131,SKT8131__T_SarafaBazar,2,2G/LTE,General,Micro,Jazz CP Prime,C4-SKT-03,JAZZ,JAZZ,Non DG Site,100,100,100,100,100,100,100,100,100,100,100,100,99.265046296296,100,100,100,100,100,99.855324074074,100,,,,,,,,,,,,2,99.9560185185185
SKT8138,SKT8138__T_MadniRestRlyRd,2,2G/LTE,General,Micro,Jazz CP Prime,C4-SKT-03,JAZZ,JAZZ,Non DG Site,100,100,99.832175925925,99.849537037037,99.184027777777,99.265046296296,99.537037037037,100,100,100,100,100,100,100,100,95.879629629629,100,100,99.936342592592,100,,,,,,,,,,,,7,99.67418981481465
RUR0435,RUR0435__S_DhalDholan,3,2G/LTE,General,Macro,OMO,C4-MBD-08,Jazz Guest/TELENOR Host,Deodar,Non DG Site,100,100,100,100,65.011574074074,100,79.583333333333,100,100,100,100,100,100,100,100,91.666666666666,69.259259259259,99.253472222222,100,100,,,,,,,,,,,,5,95.23871527777769
RUR4641,RUR4641__S_HumberPhalia,3,2G/LTE,General,Macro,Deodar CP Prime,C4-MBD-08,Jazz Host/CM-PAK Guest,Deodar,Non DG Site,100,100,100,100,100,100,100,100,100,100,100,100,100,100,100,100,100,100,100,100,,,,,,,,,,,,0,100
RUR0732,RUR0732__S_Salemaa,3,2G/LTE,General,Macro,Standby,C4-MBD-08,Jazz Host/TELENOR+CM-PAK Guest,Deodar,DG site,85.862268518518,78.269675925925,94.652777777777,94.045138888888,91.724537037037,92.274305555555,87.447916666666,90.376157407407,91.996527777777,93.153935185185,95.052083333333,90.653935185185,95.810185185185,97.314814814814,88.298611111111,96.944444444444,95.879629629629,96.255787037037,96.643518518518,92.268518518518,,,,,,,,,,,,20,92.24623842592548
RUR0736,RUR0736__S_Chemo_Shana,3,2G/LTE,General,Macro,Standby,C4-MBD-08,Jazz Host/TELENOR Guest,Deodar,DG site,100,96.20949074074,100,100,100,100,99.53125,100,100,100,100,100,100,100,100,100,94.710648148148,100,100,100,,,,,,,,,,,,3,99.5225694444444
RUR0744,RUR0744__S_Rerkabala,3,2G/LTE,General,Macro,B2S,C4-MBD-08,Enfrashare,Enfrashare,Non DG Site,100,100,100,100,100,100,100,100,100,100,100,100,100,100,100,100,100,100,100,100,,,,,,,,,,,,0,100
RUR1094,RUR1094__S_Badshahpur_WARID_MR2X3603,4,2G/LTE,General,Macro,Standby,C4-MBD-08,Jazz Host/CM-PAK Guest,Deodar,DG site,100,96.193576388888,100,100,100,100,99.519675925925,100,100,100,100,100,100,100,100,94.114583333333,94.716435185185,100,100,100,,,,,,,,,,,,4,99.22721354166654
RUR1095,RUR1095__S_HariaPind_Zong_5806,3,2G/LTE,General,Macro,OMO,C4-MBD-08,Jazz Guest/CM-PAK Host,CM-PAK ,Non DG Site,100,96.197916666666,100,100,100,100,99.53125,100,100,100,100,100,100,100,100,100,94.720293209876,100,100,100,,,,,,,,,,,,3,99.52247299382711
RUR4398,RUR4398__H_MLLBagowalPindMa,3,2G/LTE,General,Macro,JAZZ,C4-MBD-08,JAZZ,Deodar,DG site,100,91.875,100,100,100,100,99.537037037037,100,96.984953703703,100,100,100,100,100,100,98.576388888888,94.716435185185,100,100,100,,,,,,,,,,,,5,99.08449074074065
RUR4334,RUR4334__S_Mangowal_RL_RUR6920,3,2G/LTE,General,Macro,B2S,C4-MBD-08,E.Co,E.Co,DG site,93.848379629629,95.480324074074,100,100,100,100,100,100,100,100,100,100,100,100,100,100,100,98.59375,100,100,,,,,,,,,,,,3,99.39612268518515
KMK9727,KMK9727__S_RILLSSchoolHimalayaCampus,6,2G/LTE,General,Macro,Deodar CP Prime,C4-GUJ-01,JAZZ,Deodar,Non DG Site,100,100,100,100,100,100,97.745949074074,100,100,84.890046296296,100,100,100,100,100,86.77662037037,100,100,100,100,,,,,,,,,,,,3,98.470630787037
RUR4325,RUR4325__S_Sidh,6,2G/LTE,General,Macro,Deodar CP Prime,C4-MBD-08,JAZZ,Deodar,Non DG Site,100,100,100,100,100,100,100,100,100,100,100,99.282407407407,100,100,100,100,100,100,100,100,,,,,,,,,,,,1,99.96412037037035
GUJ8736,GUJ8736__S_BartanMarket_CMPak4769_RL_GUJ3738,9,2G/LTE,General,Macro,OMO,C4-GUJ-02,Jazz Guest/CM-PAK Host,CM-PAK,DG site,100,100,100,100,100,87.838220164609,100,100,100,100,100,100,100,100,100,100,100,100,100,100,,,,,,,,,,,,1,99.39191100823045
RUR7008,RUR7008__S_Solgin,6,2G/LTE,General,Macro,B2S,C4-HFZ-06,Enfrashare,Enfrashare,DG site,100,100,100,100,100,100,100,100,100,100,100,100,100,93.478009259259,93.541666666666,100,100,100,100,100,,,,,,,,,,,,2,99.35098379629625
RUR6773,RUR6773__S_DeraSial,6,2G/LTE,General,Macro,B2S,C4-GUJ-02,Enfrashare,Enfrashare,DG site,100,100,100,100,100,100,100,100,100,100,100,100,100,100,100,100,100,100,100,100,,,,,,,,,,,,0,100
KMK4527,KMK4527__S_NRSPMicrofinanceBank,6,2G/LTE,General,Macro,B2S,C4-GUJ-01,Enfrashare,Enfrashare,DG site,100,100,100,100,100,100,100,100,100,100,100,100,100,100,100,100,100,100,100,96.875,,,,,,,,,,,,1,99.84375
RUR8752,RUR8752__RandirBaggaira,6,2G/LTE,General,Macro,Stand by,C4-WZD-07,Stand by,,Stand by,93.868634259259,99.945987654321,100,100,100,100,100,100,100,100,100,98.862847222222,100,100,100,99.990354938271,99.903549382716,99.827353395061,99.728973765432,83.903356481481,,,,,,,,,,,,8,98.80155285493815
SMB8086,SMB8086__S_OpenplotMorSambrialmajraRoadWarid_MR325299,20,2G/LTE,General,Macro,Stand by,C4-WZD-07,Stand by,,Stand by,100,100,100,100,100,100,100,100,100,100,100,100,100,100,95.815393518518,93.338252314814,95.770254629629,95.843171296296,93.008969907407,100,,,,,,,,,,,,5,98.68880208333321
RUR5556,RUR5556__S_Dhidowali,6,2G/LTE,Hub,Macro,B2S,C4-WZD-07,E.Co,e.coPK000061PU,E.Co,100,100,100,100,100,95.286458333333,90.167824074074,87.934027777777,80.395447530864,98.804012345679,82.672646604938,100,96.93287037037,100,100,77.743055555555,100,84.49074074074,99.594907407407,99.965277777777,,,,,,,,,,,,11,94.6993634259257
SMB6385,SMB6385__S_NadraOffice_TPLSM001,9,2G/LTE,General,Macro,OMO,C4-WZD-07,Telenor,LSM001,Telenor,100,100,100,100,100,100,100,100,100,100,100,100,100,100,100,100,100,100,100,100,,,,,,,,,,,,0,100
RUR0510,RUR0510__S_MittranWaliWarid_MDDK1993,9,2G/LTE,General,Macro,Stand by,C4-WZD-07,Stand by,,Stand by,100,99.355709876543,88.888888888888,88.888888888888,88.888888888888,93.030478395061,100,100,100,100,100,100,100,100,100,100,100,100,100,100,,,,,,,,,,,,5,97.9526427469134
RUR5983,RUR5983__S_Ghudiala kalan Warid_625369,9,2G/LTE,Platinum,Macro,Stand by,C4-WZD-07,Stand by,,Stand by,100,100,100,100,100,100,100,100,100,100,100,100,100,100,100,100,100,100,100,100,,,,,,,,,,,,0,100
RUR5976,RUR5976__S_Othian Warid_625367,9,2G/LTE,General,Macro,Deodar CP Prime,C4-WZD-07,CP Prime,,CP Prime,89.475308641975,75.38387345679,99.24961419753,97.94174382716,100,100,100,98.487654320987,91.779835390946,91.219135802469,100,100,93.515946502057,100,100,97.241512345679,100,100,100,94.326774691358,,,,,,,,,,,,10,96.43106995884754
RUR3419,RUR3419__SKTRohaila,9,2G/LTE,Platinum,Macro,Deodar CP Prime,C4-WZD-07,CP Prime,,CP Prime,100,100,100,100,100,100,100,100,100,100,100,100,100,100,100,100,100,100,100,87.998971193415,,,,,,,,,,,,1,99.39994855967075
RUR1087,RUR1087_Majra,6,2G/LTE,General,Macro,GLO,C4-WZD-07,GLO,,GLO,84.884259259259,93.188657407407,93.825231481481,89.74537037037,83.333333333333,83.333333333333,83.333333333333,83.333333333333,83.333333333333,88.203125,100,100,100,100,97.873263888888,100,100,100,100,90.844907407407,,,,,,,,,,,,12,92.76157407407385
WZB9389,WZB9389__S_AnsariTown_CMPak43334,6,2G/LTE,General,Macro,OMO,C4-WZD-07,CM Pak,43334,CM Pak,100,100,100,100,100,100,100,100,87.112268518518,100,100,100,100,100,100,54.166666666666,15.844907407407,54.27662037037,100,84.832175925925,,,,,,,,,,,,5,89.8116319444443
SMB9283,SMB9283__S_SambrialCinema,6,2G/LTE,General,Macro,B2S,C4-WZD-07,E.Co,e.coPK019733PU,E.Co,100,100,100,100,100,100,100,100,100,100,100,100,100,100,100,100,100,100,100,100,,,,,,,,,,,,0,100
DSK9367,DSK9367__S_Younasabad,9,2G/LTE,General,Macro,B2S,C4-WZD-07,E.Co,E.coPK018309PU,E.Co,99.814814814814,99.844393004115,100,100,98.204732510288,87.939814814814,100,100,100,100,100,100,99.998070987654,100,100,100,99.796167695473,80.609567901234,100,100,,,,,,,,,,,,7,98.3103780864196
RUR8422,RUR8422__S_MaloMeh,6,2G/LTE,Platinum,Macro,B2S,C4-WZD-07,E.Co,e.coPK000991PU,E.Co,100,90.613425925925,100,97.390046296296,100,100,100,100,96.62037037037,100,99.456018518518,100,100,100,100,99.386574074074,100,96.660879629629,100,100,,,,,,,,,,,,6,99.0063657407406
RUR8581,RUR8581__S_Kanwalit,6,2G/LTE,General,Macro,B2S,C4-WZD-07,ATL,ATSLK5,ATL,84.105902777777,95.098379629629,87.453703703703,96.267361111111,91.186342592592,93.831018518518,98.784722222222,87.216435185185,92.586805555555,92.719907407407,97.314814814814,90.073302469135,95.266203703703,96.15162037037,95.52662037037,89.111689814814,94.670138888888,86.429398148148,93.958333333333,87.76523919753,,,,,,,,,,,,20,92.27589699074022
RUR1190,RUR1190__S_GhalotianMor,6,2G/LTE,General,Macro,B2S,C4-WZD-07,E.Co,e.coPK019950PU,E.Co,100,100,100,100,100,100,100,100,100,100,100,100,100,99.756944444444,100,100,100,100,86.168981481481,100,,,,,,,,,,,,2,99.29629629629625
HWY1001,HWY1001__S_KotKhizri,6,2G/LTE,General,Macro,B2S,C4-WZD-07,Enfrashare,EC1-WZD-09617,Enfrashare,100,100,99.17824074074,100,100,100,95.615354938271,100,91.415895061728,96.805555555555,100,100,69.623842592592,100,100,99.942129629629,100,100,100,79.306520061728,,,,,,,,,,,,7,96.59437692901213
RUR2886,RUR2886__S_Kheuewali,6,2G/LTE,General,Macro,B2S,C4-WZD-07,Enfrashare,EC1-WZD-09683,Enfrashare,81.46412037037,100,100,100,100,96.070601851851,100,100,100,100,100,100,100,100,100,100,100,100,100,100,,,,,,,,,,,,2,98.87673611111106
RUR0186,RUR0186__S_HEAD_BOMBANWALAWarid_MDDK1610,12,2G/LTE,General,Macro,Deodar CP Prime,C4-WZD-07,CP Prime,,CP Prime,99.71305941358,99.769000771604,100,99.696662808642,99.84230324074,99.840856481481,99.714988425925,99.91512345679,99.771412037037,99.894386574074,99.972029320987,99.712577160493,99.995659722222,99.436246141975,99.905478395061,99.837962962963,99.968653549382,99.946952160493,99.707754629629,99.995177469135,,,,,,,,,,,,19,99.83181423611066
HWY0367,HWY0367__JasarwalNEW,20,2G/LTE,Platinum,Macro,Stand by,C4-WZD-07,Stand by,,Stand by,100,99.827256944444,99.801793981481,99.839699074074,100,100,100,91.997685185185,79.5625,79.958043981481,94.451388888888,96.947337962963,100,99.810185185185,100,99.82349537037,100,99.825231481481,100,100,,,,,,,,,,,,11,97.0922309027776
SMB4149,SMB4149__S_MalkhanwalaWarid_MDSK5094,6,2G/LTE,Hub,Macro,OMO,C4-WZD-07,Telenor,LMH001,Telenor,100,100,100,100,100,100,100,100,100,100,100,100,100,100,100,100,100,100,100,100,,,,,,,,,,,,0,100
RUR4494,RUR4494__WaraichRiceMillGlot,9,2G/LTE,General,Macro,Stand by,C4-WZD-07,Stand by,,Stand by,100,100,94.749228395061,97.501929012345,100,100,100,98.497299382716,100,100,100,99.944058641975,91.853137860082,100,100,71.520061728395,78.840020576131,100,100,92.087834362139,,,,,,,,,,,,8,96.24967849794218
RUR0192,RUR0192__S_KandanSianWarid_MDDK7678,6,2G/LTE,Platinum,Macro,OMO,C4-WZD-07,Telenor,LWZ004,Telenor,100,100,100,100,100,100,100,100,100,100,100,100,100,100,100,100,100,100,100,91.333912037037,,,,,,,,,,,,1,99.56669560185185
RRC0004,RRC0004__S_Pindian_Bhanoke_Ufone7797,6,2G/LTE,General,Macro,OMO,C4-WZD-07,Ufone,7797,Ufone,100,100,100,100,100,39.305555555555,86.261574074074,100,100,100,100,100,100,100,100,100,100,100,100,100,,,,,,,,,,,,2,96.27835648148145
WZB8294,WZB8294_S_Usmanmarriagehall,6,2G/LTE,General,Macro,B2S,C4-WZD-07,ATL,ATWZR01,ATL,100,100,100,100,100,100,100,100,100,100,100,100,100,100,100,100,100,100,100,100,,,,,,,,,,,,0,100
RUR7515,RUR7515__S_Raipur,6,2G/LTE,General,Macro,B2S,C4-WZD-07,E.Co,e.coPK016275PU,E.Co,100,100,100,100,100,100,100,100,100,100,100,100,100,97.871334876543,100,100,100,100,99.25636574074,78.071952160493,,,,,,,,,,,,3,98.7599826388888
WZB8260,WZB8260__S_ThathaFaqirullah_CMPak7179,6,2G/LTE,General,Macro,OMO,C4-WZD-07,CM Pak,7179,CM Pak,100,100,100,100,100,100,100,100,100,100,100,100,100,100,100,100,100,100,100,98.107638888888,,,,,,,,,,,,1,99.9053819444444
SMB8296,SMB8296__S_Amrikpura_CMPak44388,6,2G/LTE,General,Macro,OMO,C4-WZD-07,CM Pak,44388,CM Pak,100,100,100,100,100,100,100,100,100,100,100,100,100,100,100,100,100,100,100,100,,,,,,,,,,,,0,100
RUR7606,RUR7606_S_Kakakolo,6,2G/LTE,General,Macro,B2S,C4-WZD-07,ENFRA-,9977,ENFRA-,100,100,100,100,100,100,100,100,100,100,100,100,100,100,100,100,100,100,100,100,,,,,,,,,,,,0,100
TDA8306,TDA8306__S_Mota_CMPak41202,6,2G/LTE,General,Macro,OMO,C4-GRT-04,CM Pak,41202,CM Pak,100,100,100,100,100,100,100,100,100,100,96.788194444444,100,100,100,100,100,100,100,100,100,,,,,,,,,,,,1,99.8394097222222
JPJ8263,JPJ8263__S_DarbarPirAhmad_CMPak43008,6,2G/LTE,General,Macro,OMO,C4-GRT-04,CM Pak,CMPak_43008,CM Pak,100,100,100,100,100,100,100,100,100,100,100,100,100,100,100,100,100,100,100,100,,,,,,,,,,,,0,100
GUJ8284,GUJ8284_S_jamiamasjid muhalla Quaid-e-azam,6,2G/LTE,General,Macro,B2S,C4-GUJ-01,E.Co,e.coPK015525PU,E.Co,100,99.837962962963,100,100,100,100,95.416666666666,100,100,100,100,95.306712962963,100,100,100,100,100,80.263310185185,86.134259259259,100,,,,,,,,,,,,5,97.8479456018518
GUJ8279,GUJ8279_S_NowshehrasansiGraveyard,6,2G/LTE,General,Macro,B2S,C4-GUJ-01,E.Co,e.coPK020181PU,E.Co,100,100,96.662808641975,100,100,100,100,100,100,100,100,96.292438271604,100,100,100,100,100,100,100,100,,,,,,,,,,,,2,99.64776234567896
GUJ8287,GUJ8287_S_Usmancolony,6,2G/LTE,General,Macro,B2S,C4-GUJ-01,E.Co,e.coPK015632PU,E.Co,99.337384259259,99.074074074074,100,100,100,100,100,100,100,62.538580246913,100,100,100,100,100,100,100,83.044945987654,92.549189814814,100,,,,,,,,,,,,5,96.82720871913571
KMK8278,KMK8278_S_Kassuki,6,2G/LTE,General,Macro,B2S,C4-GUJ-01,E.Co,e.coPK020221PU,E.Co,100,100,100,100,100,100,100,100,100,100,100,100,100,100,100,100,100,100,100,100,,,,,,,,,,,,0,100
KMK8290,KMK8290__S_JamiaMasjidAkbari,6,2G/LTE,General,Macro,B2S,C4-GUJ-01,E.Co,e.coPK020180PU,E.Co,100,100,100,100,100,100,100,100,100,100,100,100,100,100,100,100,100,100,100,100,,,,,,,,,,,,0,100
RUR7589,RUR7589__S_KhanPiaraEminabadRd,6,2G/LTE,General,Macro,B2S,C4-GUJ-01,Enfrashare,EC1-GUJ-09974 ,Enfrashare,97.957175925925,87.8125,100,100,73.605324074074,98.576388888888,100,80.863233024691,100,100,100,100,100,100,100,100,100,100,83.65162037037,100,,,,,,,,,,,,6,96.1233121141974
RRC0016,RRC0016_S_Bhundri,6,2G/LTE,General,Macro,B2S,C4-GUJ-01,ATL,ATMDK8,ATL-,100,100,100,100,100,99.953703703703,100,99.635416666666,100,100,100,100,100,100,100,100,100,100,100,100,,,,,,,,,,,,2,99.97945601851845
GUJ9940,GUJ9940__S_GovtGirlsDegreeCollegeTariqAbad,6,2G/LTE,General,Macro,B2S,C4-GUJ-01,E.Co-,e.coPK015524PU,E.Co-,100,100,89.467592592592,69.560185185185,100,81.400462962963,100,100,100,100,82.939814814814,100,81.556712962963,100,100,87.644675925925,100,79.189814814814,100,78.732638888888,,,,,,,,,,,,8,92.52459490740719
GUJ8289,GUJ8289__S_CocaCola WearHosue,6,2G/LTE,General,Macro,B2S,C4-GUJ-02,E.Co,e.coPK016311PU,E.Co,100,100,100,100,100,100,100,100,100,100,100,100,100,100,100,100,100,100,94.224537037037,100,,,,,,,,,,,,1,99.71122685185185
GUJ8280,GUJ8280__S_GulshanEIyazTown,6,2G/LTE,General,Macro,B2S,C4-GUJ-02,E.Co,e.coPK020182PU,E.Co,100,99.924768518518,100,84.24961419753,100,83.501157407407,100,100,100,100,85.058834876543,100,85.347222222222,100,100,89.701003086419,100,83.859953703703,100,80.520833333333,,,,,,,,,,,,8,94.60816936728375
Guj8283,GUJ8283__S_RuryalaWarriach,6,2G/LTE,General,Macro,B2S,C4-GUJ-02,E.Co,e.coPK017041PU,E.Co,100,100,100,100,100,100,100,100,100,97.731481481481,95.093557098765,100,100,100,100,100,100,100,100,100,,,,,,,,,,,,2,99.6412519290123
GUJ9945,GUJ9945_S_AlBadarTown,6,2G/LTE,General,Macro,B2S,C4-GUJ-02,Tawal-,TWPGRW0030,Tawal-,96.973379629629,100,100,100,100,100,100,100,100,100,100,100,100,100,96.197916666666,93.408564814814,97.951388888888,94.756944444444,97.372685185185,100,,,,,,,,,,,,6,98.83304398148131
GUJ8282,GUJ8282_GulshanColonyGround,6,2G/LTE,General,Macro,B2S,C4-GUJ-02,E.Co-,e.coPK016357PU,E.Co-,100,100,100,100,100,100,100,100,100,100,100,100,100,100,100,100,100,100,100,100,,,,,,,,,,,,0,100
RUR7159,RUR7159_S_PTCL EXCHANGE LOUDHARY ROAD,6,2G/LTE,General,Macro,B2S,C4-HFZ-06,ATL,ATP-BT3,ATL,100,100,100,100,98.703703703703,100,89.820601851851,100,100,100,100,100,100,95.792824074074,100,95.011574074074,100,100,100,100,,,,,,,,,,,,4,98.96643518518509
RRC0003,RRC0003__S_ChhapanwaliLahoreSargodhaRd,6,2G/LTE,General,Macro,B2S,C4-HFZ-06,E.Co,e.coPK020177PU,E.Co,100,100,100,85.653935185185,100,90.190972222222,100,100,100,100,100,100,100,100,100,100,100,96.319444444444,100,100,,,,,,,,,,,,3,98.60821759259254
HFZ9986,HFZ9986__S_Qadirabad,6,2G/LTE,General,Macro,B2S,C4-HFZ-06,E.Co,e.coPK020223PU,E.Co,95.777391975308,100,100,95.833333333333,86.203703703703,100,91.666666666666,86.041666666666,92.893518518518,97.916666666666,94.96624228395,100,100,100,100,100,100,96.71875,83.680555555555,97.858796296296,,,,,,,,,,,,11,95.97786458333306
HFZ8274,HFZ8274__S_TheBestKnowledgeSchool,6,2G/LTE,General,Macro,B2S,C4-HFZ-06,E.Co,e.coPK020174PU,E.Co,100,100,100,100,100,100,100,100,100,100,100,100,100,100,100,100,100,100,100,100,,,,,,,,,,,,0,100
MBN8249,MBN8249__S_ArshadTown,6,2G/LTE,General,Macro,B2S,C4-MBD-08,Enfrashare,EC1-MBD-04022,Enfrashare,100,100,100,100,100,100,100,100,96.99074074074,100,100,100,100,100,100,84.982638888888,80.902777777777,100,100,100,,,,,,,,,,,,3,98.14380787037024
NRW9954,NRW9954__S_GovtDegreeCollegeGround,6,2G/LTE,General,Macro,OMO,C4-NRW-05,Ufone,0,Ufone,100,100,100,66.736111111111,100,100,100,100,100,100,100,100,100,100,100,100,100,100,100,100,,,,,,,,,,,,1,98.33680555555554
SKG8293,SKG8293_S_AsadAutosNoorkotRoad,6,2G/LTE,General,Macro,B2S,C4-NRW-05,Tawal-,TWPNRW0012,Tawal-,100,100,100,83.136574074074,91.959876543209,100,100,100,100,100,100,100,100,100,100,100,100,100,100,100,,,,,,,,,,,,2,98.75482253086416
RRC0011,RRC0011S_Baherikhurd,6,2G/LTE,General,Macro,B2S,C4-NRW-05,ENFRA-,EC1-NRW-10061,ENFRA-,100,100,87.5,100,99.596836419753,100,100,100,100,100,100,100,100,93.744212962963,100,100,100,100,74.577546296296,100,,,,,,,,,,,,4,97.7709297839506
RRC0010,RRC0010__S_FatehpurAfghanan,6,2G/LTE,General,Macro,B2S,C4-NRW-05,ENFRA-,EC1-SKG-10059,ENFRA-,100,100,100,100,100,100,100,84.085648148148,100,99.484953703703,88.559027777777,100,100,100,79.670138888888,100,100,87.696759259259,100,100,,,,,,,,,,,,5,96.97482638888874
NRW9985,NRW9985__S_SocialSecurityMedicalCenter,6,2G/LTE,General,Macro,B2S,C4-NRW-05,E.Co-,e.coPK020150PU,E.Co-,100,98.148148148148,100,66.736111111111,98.171296296296,100,100,100,95.104166666666,91.5625,100,100,100,100,100,98.159722222222,100,99.079861111111,100,100,,,,,,,,,,,,7,97.3480902777777
NRW9932,NRW9932__S_LibertyRoundabout,6,2G/LTE,General,Macro,B2S,C4-NRW-05,E.Co-,e.coPK016356PU,E.Co-,100,100,100,66.734182098765,98.761574074074,95.21412037037,100,92.858796296296,97.505787037037,100,94.322916666666,98.975694444444,95.208333333333,100,96.429398148148,97.413194444444,94.496527777777,92.997685185185,90.323109567901,89.033564814814,,,,,,,,,,,,14,95.01374421296269
SKT8312,SKT8312__S_JamiyaMAsjisMuqadas,6,2G/LTE,General,Macro,OMO,C4-SKT-03,CM Pak,0,CM Pak,83.65162037037,89.762731481481,94.565972222222,100,100,100,100,100,100,100,100,100,100,100,100,100,100,100,100,100,,,,,,,,,,,,3,98.39901620370365
SKT8295,SKT8295__S_Harrar_CMPak42561,6,2G/LTE,General,Macro,OMO,C4-SKT-03,CM Pak,42561,CM Pak,100,100,100,100,100,100,100,100,100,100,100,100,100,100,100,100,100,100,100,100,,,,,,,,,,,,0,100
SKT9953,SKT9953__S_GulshanEIqbalPark_CMPak7175,6,2G/LTE,General,Macro,OMO,C4-SKT-03,CM Pak,7175,CM Pak,22.164351851851,57.14699074074,0,41.155478395061,63.08449074074,93.009259259259,92.934027777777,55.231481481481,82.639853395061,89.90837191358,100,100,100,100,100,100,100,100,100,100,,,,,,,,,,,,10,79.8637152777775
SKT9995,SKT9995__S_RiazStEminabadRd,6,2G/LTE,General,Macro,B2S,C4-SKT-03,E.Co,e.coPK020179PU,E.Co,100,100,100,100,100,100,100,100,100,100,100,100,100,100,100,100,100,100,100,100,,,,,,,,,,,,0,100
DHW9861,DHW9861 S_Kaimpura,6,2G/LTE,General,Macro,B2S,C4-SKT-03,ATL,ATSLK10,ATL,100,100,74.982638888888,100,100,100,100,100,100,100,100,100,100,100,100,100,99.994212962963,100,100,100,,,,,,,,,,,,2,98.74884259259255
DSK7614,DSK7614__S_BarkatMarket,6,2G/LTE,General,Macro,B2S,C4-WZD-07,ENFRA-,EC1-DSK-09961,ENFRA-,85.208333333333,100,100,100,100,100,100,100,100,100,100,100,100,100,100,100,100,100,79.797453703703,100,,,,,,,,,,,,2,98.2502893518518
RRC0020,RRC0020__S_NearWazirKeChatha,6,2G/LTE,General,Macro,B2S,C4-HFZ-06,ENFRA-,EC1-APC-10081,ENFRA-,100,100,100,100,100,100,100,100,100,100,100,100,100,100,100,100,100,100,100,100,,,,,,,,,,,,0,100
GUJ9923,GUJ9923__S_GraveyardKhiyaliNorth,6,2G/LTE,General,Macro,B2S,C4-GUJ-01,ENFRA-,EC1-GUJ-10194,ENFRA-,100,100,100,100,100,100,100,100,100,100,100,100,100,100,100,100,100,100,100,100,,,,,,,,,,,,0,100
RRC0024,RRC0024__S_MakkahRiceMillsHafizabadRd,6,2G/LTE,General,Macro,B2S,C4-HFZ-06,ENFRA-,EC1-HFZ-10114,ENFRA-,100,100,100,100,100,100,82.881944444444,100,100,100,100,100,100,100,100,100,100,100,100,100,,,,,,,,,,,,1,99.1440972222222
KTN9837,KTN9837__S_Gug,6,2G/LTE,General,Macro,B2S,C4-NRW-05,ATL,ATNRW7,ATL,100,100,100,100,95.283564814814,100,100,100,100,100,100,100,100,100,100,100,100,100,100,100,,,,,,,,,,,,1,99.76417824074069
SKT9812,SKT9812__S_HunterPura,6,2G/LTE,General,Macro,B2S,C4-SKT-03,Tawal,TWPSKT0005,Tawal,100,100,100,100,100,100,100,100,100,99.994212962963,99.994212962963,100,100,100,100,100,100,100,100,100,,,,,,,,,,,,2,99.9994212962963
RUR7431,RUR7431__S_AddaLadharGhumman,6,2G/LTE,General,Macro,B2S,C4-SKT-03,ENFRA-,EC1-SKT-06359,ENFRA-,100,100,100,98.232060185185,100,100,100,100,100,100,100,100,100,100,99.380787037037,100,100,100,100,99.548611111111,,,,,,,,,,,,3,99.85807291666666
GUJ9871,GUJ9871__S_Rehmanabad_CMPak42627,6,2G/LTE,General,Macro,OMO,C4-GUJ-02,ZONG-,42627,ZONG-,100,100,100,100,100,19.548611111111,100,100,100,100,100,100,100,100,100,100,100,100,100,100,,,,,,,,,,,,1,95.97743055555554
RRC0005,RRC0005__S_Baghanwala_CMPak40859,6,2G/LTE,General,Macro,OMO,C4-MBD-08,ZONG-,40859,ZONG-,100,100,100,100,100,100,93.854166666666,100,100,100,100,100,100,100,100,100,100,100,99.184027777777,100,,,,,,,,,,,,2,99.65190972222214
RRC0032,RRC0032__S_NuranghaAbad,6,2G/LTE,General,Macro,B2S,C4-NRW-05,ENFRA-,EC1-SKG-10132,ENFRA-,96.25,100,100,100,100,94.619020061728,100,100,100,100,72.094907407407,100,100,99.704861111111,100,100,100,100,98.993055555555,100,,,,,,,,,,,,5,98.08309220679004
RRC0049,RRC0049__S_SherGarhHospital,6,2G/LTE,General,Macro,B2S,C4-GRT-04,Tawal-,TWPGJR0006,Tawal-,100,100,100,100,100,100,100,100,100,100,100,100,100,100,99.346064814814,100,100,100,100,99.305555555555,,,,,,,,,,,,2,99.93258101851845
RRC0058,RRC0058__S_Pindkalu,6,2G/LTE,General,Macro,B2S,C4-MBD-08,E.Co-,e.coPK010B2PU,E.Co-,100,100,100,100,100,100,100,100,100,100,100,100,100,100,100,100,100,100,88.975694444444,100,,,,,,,,,,,,1,99.4487847222222
GUJ9099,GUJ9099__S_GhosiaFlyoverGMagnliaPark,6,2G/LTE,General,Macro,B2S,C4-GUJ-01,Tawal-,TWPGRWDD13,Tawal-,100,100,100,100,100,100,100,100,100,100,100,100,100,100,100,100,100,100,100,100,,,,,,,,,,,,0,100
FTP8308,FTP8308_S_GPSMatharabad_TPLFP001,6,2G/LTE,General,Macro,Telenor-,C4-GRT-04,Telenor-,,Telenor-,100,100,100,100,100,100,100,100,100,100,100,100,100,100,100,100,100,100,100,100,,,,,,,,,,,,0,100
RRC0055,RRC0055__S_Jandala,6,2G/LTE,General,Macro,ENFRA-,C4-GRT-04,ENFRA-,,ENFRA-,100,100,100,100,100,100,100,100,100,100,100,100,100,100,99.079861111111,100,100,100,100,100,,,,,,,,,,,,1,99.95399305555556
RRC0009,RRC0009__S_Kassoki,6,2G/LTE,General,Macro,ENFRA-,C4-GRT-04,ENFRA-,,ENFRA-,100,100,100,100,100,100,100,100,100,100,100,100,88.067129629629,100,100,100,100,100,100,100,,,,,,,,,,,,1,99.40335648148145
KNJ9613,KNJ9613_S_ShabbirshareefHospitalKunja,6,2G/LTE,General,Macro,E.Co-,C4-GRT-04,E.Co-,,E.Co-,100,92.751736111111,95.966435185185,92.248263888888,96.938657407407,96.078317901234,96.108217592592,97.189429012345,92.845293209876,92.052469135802,86.743827160493,93.955439814814,99.991319444444,94.206211419753,90.854552469135,96.840277777777,92.764274691358,86.644483024691,64.026813271604,91.250964506172,,,,,,,,,,,,19,92.47284915123404
RRC0061,RRC0061_S_Loroy,6,2G/LTE,General,Macro,ENFRA-,C4-GRT-04,ENFRA-,,ENFRA-,100,100,100,100,100,100,100,100,100,100,100,100,100,100,100,99.363425925925,100,100,100,62.15374228395,,,,,,,,,,,,2,98.07585841049374
RRC0052,RRC0052__S_HelipadGroundCitiHousing,6,2G/LTE,General,Macro,ENFRA-,C4-GUJ-01,ENFRA-,,ENFRA-,100,100,100,100,100,100,82.378472222222,100,100,92.123842592592,100,100,93.975694444444,100,89.265046296296,91.765046296296,98.020833333333,100,100,100,,,,,,,,,,,,6,97.37644675925915
GUJ9596,GUJ9596__S_FunDunyaAmusementPark,6,2G/LTE,General,Macro,ENFRA-,C4-GUJ-02,ENFRA-,,ENFRA-,100,100,100,100,100,85.208333333333,100,100,100,84.918981481481,100,100,83.836805555555,100,100,100,87.471064814814,100,100,82.008101851851,,,,,,,,,,,,5,96.1721643518517
KQD9824,KQD9824_S_PTCLExchange,6,2G/LTE,General,Macro,E.Co-,C4-HFZ-06,E.Co-,,E.Co-,100,100,100,100,100,90.185185185185,100,100,100,100,100,100,63.148148148148,100,100,100,72.129629629629,88.391203703703,100,100,,,,,,,,,,,,4,95.69270833333326
RRC0038,RRC0038_S_BhoonKalan,6,2G/LTE,General,Macro,Tawal-,C4-HFZ-06,Tawal-,,Tawal-,100,100,100,100,100,100,100,100,100,100,100,100,100,78.460648148148,100,100,100,100,100,100,,,,,,,,,,,,1,98.9230324074074
SKG9719,SKG9719_S_SairaMumtaz Memorial Hospital,6,2G/LTE,General,Macro,Tawal-,C4-NRW-05,Tawal-,,Tawal-,100,100,100,83.136574074074,91.958912037037,100,100,85.491898148148,85.508294753086,100,89.410686728395,100,100,100,88.315972222222,100,100,90.279706790123,100,100,,,,,,,,,,,,7,95.70510223765426
RRC0044,RRC0044__S_ChanniBarmna,6,2G/LTE,General,Macro,E.Co-,C4-NRW-05,E.Co-,,E.Co-,100,100,100,100,100,100,99.201388888888,98.298611111111,100,96.336805555555,100,100,100,100,99.33449074074,100,100,98.583140432098,95.347222222222,94.577546296296,,,,,,,,,,,,7,99.08396026234549
RRC0045,RRC0045__S_Chahla,6,2G/LTE,General,Macro,ENFRA-,C4-NRW-05,ENFRA-,,ENFRA-,100,93.797260802469,91.178626543209,100,100,100,95.833333333333,72.569444444444,100,100,87.487461419753,100,91.354166666666,100,100,100,100,100,99.427083333333,79.606481481481,,,,,,,,,,,,8,95.56269290123441
RRC0050,RRC0050__S_BhutaRawal,6,2G/LTE,General,Macro,E.Co-,C4-NRW-05,E.Co-,,E.Co-,100,100,100,100,100,100,100,100,100,100,100,100,100,91.234567901234,100,100,100,100,85.439814814814,100,,,,,,,,,,,,2,98.8337191358024
RRC0063,RRC0063__S_GovtBoysHighSchoolTalwandiBhindran,6,2G/LTE,General,Macro,ENFRA-,C4-NRW-05,ENFRA-,,ENFRA-,100,100,98.582175925925,100,100,98.229166666666,100,97.951388888888,100,97.621527777777,93.570601851851,100,100,100,100,100,100,96.493055555555,93.093171296296,100,,,,,,,,,,,,7,98.7770543981479
RRC0021,RRC0021__S_KothaRahmatKhan,6,2G/LTE,General,Macro,ENFRA-,C4-SKT-03,ENFRA-,,ENFRA-,100,100,100,100,100,100,100,100,100,100,100,100,100,100,100,100,100,100,100,100,,,,,,,,,,,,0,100
RRC0064,RRC0064_S_chak Qazian,6,2G/LTE,General,Macro,Enfrashare,C4-NRW-05,Enfrashare,,Enfrashare,100,100,100,100,100,100,100,100,100,100,100,100,100,100,100,100,100,100,100,100,,,,,,,,,,,,0,100
RRC0073,RRCD073_5_ChaoraGujran,6,2G/LTE,General,Macro,Tawal-,C4-NRW-05,Tawal-,,Tawal-,100,35.270061728395,36.788194444444,100,100,100,100,51.041666666666,96.284722222222,100,86.996527777777,100,100,100,80.763888888888,98.379629629629,98.392168209876,77.096836419753,93.940972222222,97.871334876543,,,,,,,,,,,,11,87.64130015432075
RUR7135,RUR7135__S_Mailowal,6,2G/LTE,General,Macro,ATL-,C4-MBD-08,ATL-,,ATL-,100,100,100,100,100,100,100,100,100,100,100,100,100,100,100,100,100,100,100,100,,,,,,,,,,,,0,100
GUJ9699,GUJ9699__S_GhosiaFlyoverGMagnoliaPark,6,2G/LTE,General,Macro,Tawal-,C4-GUJ-01,Tawal-,,Tawal-,100,100,100,100,100,89.774305555555,100,100,95.532407407407,100,100,100,100,100,100,100,100,85.092592592592,100,72.117091049382,,,,,,,,,,,,4,97.1258198302468
GJR9523,,6,2G/LTE,General,Macro,ZONG-,C4-GRT-04,ZONG-,,ZONG-,100,100,100,100,100,100,100,100,100,100,100,100,100,100,100,100,100,100,100,100,,,,,,,,,,,,0,100
SKT9593,SKT9593__S_AllahMalakFamilyRestaurant_Ufone3420,6,2G/LTE,General,Macro,Ufone-,C4-SKT-03,Ufone-,,Ufone-,100,100,100,100,100,82.384259259259,100,100,100,82.094907407407,45.300925925925,100,100,100,100,100,91.898148148148,100,100,100,,,,,,,,,,,,4,95.08391203703695
SKT9535,SKT9535__S_SulemanSweetsAndBakers,6,2G/LTE,General,Macro,ENFRA-,C4-SKT-03,ENFRA-,,ENFRA-,100,100,100,100,100,100,100,100,100,100,100,100,100,100,100,100,100,100,100,100,,,,,,,,,,,,0,100
RRC0095,RRC0095__S_Jabal,6,2G/LTE,General,Macro,ENFRA-,C4-NRW-05,ENFRA-,,ENFRA-,100,92.847222222222,100,100,100,100,92.204861111111,100,100,88.049768518518,100,100,100,100,100,100,100,100,100,100,,,,,,,,,,,,3,98.65509259259254
GJR9530,GJR9530__S_Rescue1122Gujrat,6,2G/LTE,General,Macro,E.Co,C4-GRT-04,E.Co,,E.Co,100,100,100,100,100,100,100,100,100,92.210648148148,100,83.541666666666,100,99.17824074074,100,100,100,100,100,86.770833333333,,,,,,,,,,,,4,98.08506944444436
RRC7589,,6,2G/LTE,General,Macro,EC1-GUJ-09974,C4-GUJ-01,Enfrashare,EC1-GUJ-09974,,100,100,100,100,100,100,100,100,100,100,100,100,100,100,100,100,100,100,100,100,,,,,,,,,,,,0,100
LLM9549,,6,2G/LTE,General,Macro,EC1-LLM-03004,C4-GRT-04,Enfrashare,EC1-LLM-03004,,100,100,100,100,100,100,100,100,100,100,78.484760802469,85.555555555555,87.528935185185,87.712191358024,85.175540123456,81.925154320987,69.742476851851,81.857638888888,64.005594135802,87.406442901234,,,,,,,,,,,,10,90.46971450617255
RRC0054,,6,2G/LTE,General,Macro,Enfrashare,C4-SKT-03,Enfrashare,EC1-SKT-10110,,100,100,100,100,100,100,90.891203703703,100,100,100,100,100,100,100,100,100,76.458333333333,100,100,100,,,,,,,,,,,,2,98.3674768518518
KMK9793,,6,2G/LTE,General,Macro,Enfrashare,C4-GUJ-01,Enfrashare,EC1-KMK-10150,,100,100,100,100,100,100,100,100,100,100,100,100,100,100,100,100,100,100,100,100,,,,,,,,,,,,0,100
GUJ9533,GUJ9533__S_TaekwondoKarateAcademy_CMPak43038,6,2G/LTE,General,Macro,CMPAK-43038,C4-GUJ-01,ZONG-,CMPAK-43038,,100,100,92.667824074074,100,91.313657407407,100,100,100,100,88.975694444444,100,88.310185185185,100,100,100,100,90.42824074074,100,93.721064814814,100,,,,,,,,,,,,6,97.27083333333321
RRC0096,RRC0096__S_ChakGamrolla,6,2G/LTE,General,Macro,ATNRW9,C4-NRW-05,ATL,,,100,100,100,100,100,100,100,100,84.826388888888,100,100,85.179398148148,100,100,100,85.694444444444,100,100,64.02199074074,73.125,,,,,,,,,,,,5,94.642361111111
SOH9575,SOH9575__S_Talwara,6,2G/LTE,General,Macro,ATWZR02,C4-WZD-07,ATL,,,100,100,100,100,91.319444444444,89.930555555555,100,100,100,100,79.809027777777,100,100,100,100,100,100,100,100,100,,,,,,,,,,,,3,98.0529513888888
RRC0074,RRC0074__S_Kopra,6,2G/LTE,General,Macro,ATSLK27,C4-WZD-07,ATL,,,100,100,87.5,58.368055555555,100,88.917824074074,87.916666666666,81.25,94.12037037037,100,95.376157407407,100,97.222222222222,100,97.546296296296,100,100,99.403935185185,100,100,,,,,,,,,,,,10,94.38107638888876
RRC0106,LTE_RRC0106__S_DaulatNagar,6,2G/LTE,General,Macro,EC1-GUT-04555,C4-GRT-04,Enfrashare,,,100,100,100,100,100,99.519675925925,100,100,100,100,100,100,100,100,100,100,100,100,99.832175925925,100,,,,,,,,,,,,2,99.9675925925925
RRC0104,RRC0104__S_KotBhawaniDas,6,2G/LTE,General,Macro,ATGJ20,C4-HFZ-06,ATL,,,100,100,100,100,100,85.011574074074,95.590277777777,54.712577160493,54.712577160493,75.630787037037,91.591435185185,100,100,100,100,100,100,100,84.976851851851,100,,,,,,,,,,,,7,92.1113040123455
