SiteCode,Site Name,NoofCells,(2G/3G),Priority,Type,Category,MBU#,OMO Colocation,OMO host name ,,2026-01-01 00:00:00,2026-02-01 00:00:00,2026-03-01 00:00:00,2026-04-01 00:00:00,2026-05-01 00:00:00,2026-06-01 00:00:00,2026-07-01 00:00:00
JPJ5679,JPJ5679__S_QamarAbadRd,12,2G/3G/LTE,General,Macro,OMO,C4-GRT-04,Jazz Guest/CM-PAK Host,CM-PAK ,Non DG Site,97.83051448626038,99.74264908509697,99.97042699621635,99.4850823045267,99.88777503982475,98.85590277777767,99.99929995519706
KHR1735,KHR1735__S_KharianCantt,9,2G/3G/LTE,Bronze,Macro,Standby,C4-MBD-08,DEODAR,DEODAR,DG site,99.64769597106064,99.96238425925922,99.78312093455455,99.62658607681755,99.83366935483868,100,99.71902794371422
KHR0035,KHR0035__S_Pind _Paira _Cantt_MDKN3306,9,2G/3G/LTE,Bronze,Macro,Standby,C4-MBD-08,DEODAR,DEODAR,DG site,99.91960374352846,99.93124448853614,100,99.30962791495185,99.3318564980751,99.33082561728389,99.53098035311295
KHR1736,KHR1736__S_Panjwari,9,2G/3G/LTE,Gold,Macro,CP Prime,C4-MBD-08,DEODAR,DEODAR,Non DG Site,99.9791542214257,99.84120094797171,100,99.84786522633743,99.99906660692947,100,98.38440030532317
KHR1734,KHR1734__S_NorthColony,9,2G/3G/LTE,Gold,Macro,Standby,C4-MBD-08,DEODAR,DEODAR,DG site,99.9800876144962,97.24105305702514,100,99.8480366941015,99.99937773795301,100,99.85055339838041
KHR0079,KHR0079__S_KharianCantt2,9,2G/3G/LTE,Bronze,Macro,OMO,C4-MBD-08,Jazz Guest/CM-PAK Host,CM-PAK ,Non DG Site,95.76264436479477,99.00148350235149,99.99970961104471,99.59293552812066,97.87205047789722,97.4251971879286,95.83378965883439
WZB9816,WZB9816__P_MohahlaAllbad,16,2G/3G/LTE,Elite,Macro,Standby,C4-WZD-07,DEODAR,DEODAR,DG site,98.004020590651,98.90925977595884,99.71666853345273,98.24619020061715,97.8552260678015,98.41986159336412,98.32507280465921
KRW8774,KRW8774__S_TandaKarianWalaRd,9,2G/3G/LTE,Platinum,Macro,Standby,C4-GRT-04,DEODAR,DEODAR,DG site,98.38829981415103,99.92157646237503,100,99.7609310699588,99.49963908801274,99.70779749657065,96.99186081242527
GUJ3541,GUJ3541__S_AritilleryMosque,9,2G/3G/LTE,Gold,Macro,Standby,C4-GUJ-02,DEODAR,DEODAR,DG site,99.41774940262839,99.82834086566719,99.59445108190621,99.56820130315496,99.79732925129426,99.0746527777777,99.14965817071547
RUR3263,RUR3263__S_MehtaSuja_TPLMS001,6,2G/LTE,Gold,Macro,OMO,C4-NRW-05,Jazz Guest/TELENOR Host,TELENOR,Non DG Site,95.3499290621264,94.263771770282,67.85176473516488,84.34188528806531,78.76894787933057,83.70961934156334,94.18698352250087
GJR6250,GJR6250__S_Adil_Colony_Rehman_Shaheed Road_MDGU4253,9,2G/3G/LTE,Gold,Macro,Standby,C4-GRT-04,DEODAR,DEODAR,DG site,100,99.98374118165782,100,100,99.71728560998274,100,99.90958532457186
GJR6249,GJR6249__S_Mughal_Colony_MDGU4251,9,2G/3G/LTE,Diamond,Macro,Standby,C4-GRT-04,DEODAR,DEODAR,DG site,98.6835631554492,99.98208774250439,99.91873257666268,99.42674039780503,99.61697696800739,99.4619984567901,99.76069875879462
DIL2202,DIL2202__S_Rolia,9,2G/3G/LTE,Platinum,Macro,Standby,C4-GRT-04,Jazz Host/CM-PAK Guest,DEODAR,DG site,98.00685317934395,99.91278108465598,99.62348997743263,99.37152777777769,99.52824240010617,100,98.85420815080299
HWY9504,HWY9504__S_Jandiala_Dhabwala_Near_Gakhar_15251,20,2G/3G/LTE,Platinum,Macro,Standby,C4-WZD-07,JAZZ,DEODAR,DG site,97.05995183691735,99.70862268518508,99.90872349163672,97.5943962191357,99.02780577956983,97.04459876543193,91.94516315710844
SOH6444,SOH6444__S_Sohdra,6,2G/LTE,Gold,Macro,B2S,C4-WZD-07,E.Co,E.CO,Non DG Site,98.74206615890074,98.90187527557315,99.54347744922339,99.9614197530864,99.87249850657102,97.16521990740729,97.26140139635584
RUR1236,RUR1236__S_SHAHBAZPUR _Ufone_3663,6,2G/LTE,Gold,Macro,OMO,C4-GRT-04,Jazz Guest/UFONE Host,UFONE,Non DG Site,97.79056526284349,99.98491236772483,100,99.52961033950609,100,99.97791280864197,99.36118578255675
RUR8759,RUR8759__S_Matwanwala,4,2G/LTE,Gold,Macro,Standby,C4-MBD-08,JAZZ,DEODAR,DG site,99.13945825866165,99.98837425595237,99.60792824074075,98.64091435185173,98.82443809737146,99.57089120370367,99.20652255077647
RUR0528,RUR0528__S_Gunja,6,2G/LTE,Bronze,Macro,OMO,C4-GRT-04,Jazz Guest/UFONE Host,UFONE,Non DG Site,98.89778723616081,99.48257688492052,99.38638739545998,98.92669753086417,99.76590501792109,100,99.94016950418158
RUR5645,RUR5645__S_QilaSuraSingh_CMPak41244,6,2G/LTE,Bronze,Macro,OMO,C4-GRT-04,Jazz Guest/CM-PAK Host,CM-PAK ,Non DG Site,100,99.98842592592588,100,100,98.4742756869773,99.99983924897116,98.30548710673033
RUR8835,RUR8835__S_VillageJattanWali,6,2G/LTE,Diamond,Macro,Standby,C4-HFZ-06,Jazz Host/TELENOR Guest,DEODAR,DG site,99.84636350059732,99.97736855158728,100,99.47231867283948,99.64540397252087,100,99.93587589605733
RUR5489,RUR5489__S_Dhaunkal_CMPak7703,6,2G/LTE,Diamond,Macro,OMO,C4-WZD-07,Jazz Guest/CM-PAK Host,CM-PAK ,Non DG Site,98.0105037833532,97.98604221781292,99.41218015730774,99.24951774691353,98.71207312823566,98.50524048353896,97.81782034050167
RUR3202,RUR3202__S_Mirakpur,6,2G/LTE,Diamond,Macro,Standby,C4-NRW-05,JAZZ,DEODAR,DG site,98.91735737753868,99.26056823192229,99.55797615491832,96.98048482510278,99.71453728594182,96.95942644032901,96.8885653126242
SRW9971,SRW9971__S_MozqKhussar,6,2G/LTE,Diamond,Macro,Standby,C4-WZD-07,JAZZ,DEODAR,DG site,97.93066756272391,99.98790922619047,100,99.95775462962959,99.97255824372755,94.01929012345657,98.5666816009557
RUR8314,RUR8314__S_DomalaTown_Warid_MR525366,6,2G/LTE,Diamond,Macro,CP Prime,C4-NRW-05,JAZZ,DEODAR,Non DG Site,98.99706914575857,99.9823288690476,99.2215501792114,98.63406635802448,99.82249975109517,98.47984182098755,99.34603370171239
RUR5641,RUR5641__S_KotlaSarangKhan_CMPak7488,6,2G/LTE,Gold,Macro,OMO,C4-GRT-04,Jazz Guest/CM-PAK Host,CM-PAK ,Non DG Site,89.78587962962925,96.97213955026434,91.95150711867748,81.0425668724276,90.21436927518884,94.57635673868279,86.26602324770968
RUR0527,RUR0527__S_Jheranwala,6,2G/LTE,Gold,Macro,OMO,C4-GRT-04,Jazz Guest/UFONE Host,UFONE,Non DG Site,99.78821311230584,99.97695519179892,100,99.9981674382716,96.96059214456388,100,99.88789949223414
RUR4508,RUR4508__S_DharowalKangWZB,8,2G/LTE,Diamond,Macro,Standby,C4-WZD-07,JAZZ,DEODAR,DG site,99.60879162933094,99.98788339120368,99.51325884856627,99.00766782407403,100,99.16056616512343,98.99522569444441
RUR3201,RUR3201__S_Gngohar(Telenor_LNWR-07),6,2G/LTE,Gold,Macro,OMO,C4-NRW-05,Jazz Guest/TELENOR Host,TELENOR,Non DG Site,99.22416367980881,99.95256696428568,100,99.99987139917694,99.95874402628432,98.57555298353897,99.77411887694142
QSG1616,QSG1616__S_ChotaChowk_QilaSobaSingh_Warid_MDQH4295,6,2G/LTE,Elite,Macro,Standby,C4-NRW-05,Jazz Host/TELENOR Guest,DEODAR,DG site,99.17593837116682,99.75901124338621,99.85196385902029,99.57857510288058,99.86509358821185,99.19007201646076,98.40791143966541
HWY1262,HWY1262__S_NawanLHRRasoolNagar_Warid_MR2J3778_TL,8,2G/LTE,Diamond,Macro,Standby,C4-HFZ-06,JAZZ,DEODAR,DG site,98.85792357377504,99.9820446841931,99.14928222072875,99.34213445216044,98.68993615591386,99.11815200617276,96.91688601403806
RUR9502,RUR9502__S_Bhoman Batth_QD5087,8,2G/LTE,Gold,Macro,OMO,C4-HFZ-06,Jazz Guest/UFONE Host,UFONE,Non DG Site,99.44054752837509,98.07878120866381,96.66538325119453,87.09695698302416,95.38840819145734,96.05695408950606,97.13529999253281
PPW3212,PPW3212__S_KhanWali,8,2G/LTE,Bronze,Macro,CP Prime,C4-MBD-08,Jazz Host/TELENOR Guest,DEODAR,Non DG Site,98.74582306600946,99.06448929398137,99.76205477150536,94.22649016203691,99.20936939964152,99.75007233796292,96.86316924283146
RUR6241,RUR6241__S_Chokori_Khurd_Ktla_Qasim_MDLM3309,6,2G/LTE,Bronze,Macro,Standby,C4-GRT-04,JAZZ,DEODAR,DG site,94.46370345479849,99.2123429232802,99.00571858821169,98.37676826131677,99.8496926025487,99.7264660493827,97.70733771405804
RUR3173,RUR3173__S_Barak_Pind,6,2G/LTE,Diamond,Macro,Standby,C4-NRW-05,JAZZ,DEODAR,DG site,99.46334876543206,99.78397817460313,99.86653723616082,98.94724794238677,99.43053066507353,98.57538580246906,99.30707387495013
RUR0408,RUR0408__S_BOODA_DOHALA_RD_Warid_MDQH1593,6,2G/LTE,Diamond,Macro,Standby,C4-NRW-05,Jazz Host/CM-PAK Guest,DEODAR,DG site,95.62188868976492,99.9792286706349,98.43351752289918,98.313014403292,99.73507193349255,97.8537487139916,99.35530540621265
RUR5551,RUR5551__S_SouthKarnana,6,2G/LTE,Gold,Macro,B2S,C4-GRT-04,E.Co,E.CO,Non DG Site,98.47844484269206,98.48782655423271,95.67895011947421,92.76575360082283,95.22494772998789,95.74176954732484,93.23551373954584
RUR5642,RUR5642__S_DhummaMalka,6,2G/LTE,Gold,Macro,B2S,C4-GRT-04,Enfrashare,Enfrashare,Non DG Site,98.96567602548778,99.99596974206347,97.24854390680999,99.83198302469133,99.51902255077655,97.3532664609052,99.38508064516121
RUR5643,RUR5643__S_Ajnala,6,2G/LTE,Gold,Macro,B2S,C4-GRT-04,Enfrashare,Enfrashare,Non DG Site,98.34929435483863,99.99565972222221,98.28087664277176,97.60098379629623,100,100,100
RUR0905,RUR0905__S_ToteyWali,6,2G/LTE,Gold,Macro,CP Prime,C4-NRW-05,JAZZ,DEODAR,Non DG Site,91.87605784547982,99.53486689814804,99.14809214456385,97.14338991769525,97.76797715053743,95.09680426954705,97.13218090402215
RUR5689,RUR5689__S_GurahMahantan,6,2G/LTE,Diamond,Macro,B2S,C4-GRT-04,Enfrashare,Enfrashare,Non DG Site,99.48112679211464,99.99617642195764,100,99.3532021604938,100,98.69405864197526,99.69275811429706
KPD8889,KPD8889__S_JassarVillage_Warid_MDSK1972,9,2G/LTE,Platinum,Macro,Standby,C4-NRW-05,Jazz Host/CM-PAK Guest,DEODAR,DG site,98.14122029735815,99.42138815402699,99.87675063055887,98.85939643347038,97.9183260321252,98.50829475308633,97.20971475507757
RUR5763,RUR5763__S_MehmandChak,9,2G/LTE,Diamond,Macro,B2S,C4-MBD-08,ATL,ATL,Non DG Site,98.56176573078444,98.84651951058194,99.65028872958978,95.86104681069948,94.67468140183169,95.61593364197509,96.9062790388954
RUR0181,RUR0181__S_BankayCheema,8,2G/LTE,Diamond,Macro,CP Prime,C4-GUJ-02,Jazz Host/UFONE Guest,DEODAR,Non DG Site,100,99.97734271660049,100,100,99.20978942652326,99.92124807098763,98.78812910692947
RUR5649,RUR5649__S_Gidian,6,2G/LTE,Diamond,Macro,B2S,C4-GRT-04,Enfrashare,Enfrashare,Non DG Site,99.70544188902161,96.62597369194577,99.77596492101416,98.63316615226334,98.37471375945829,99.70927640603547,99.94723217841494
RUR5644,RUR5644__S_MariKhokhran,6,2G/LTE,Bronze,Macro,B2S,C4-GRT-04,Enfrashare,Enfrashare,Non DG Site,100,99.98976934523807,100,100,100,100,100
RUR0512,RUR0512__S_Surukhpur,6,2G/LTE,Gold,Macro,OMO,C4-GRT-04,Jazz Guest/TELENOR Host,TELENOR,Non DG Site,99.20474910394265,99.97261491402115,100,100,99.98123879928313,99.98861882716047,99.4768331839904
RUR6255,RUR6255__S_Sheikh_Chogany_MR1R2703,6,2G/LTE,Gold,Macro,CP Prime,C4-GRT-04,JAZZ,DEODAR,Non DG Site,100,99.97840195105819,100,99.5835262345679,100,98.07619598765426,99.92999551971327
RUR0874,RUR0874__S_Buchiana,6,2G/LTE,Gold,Macro,Standby,C4-GRT-04,JAZZ,DEODAR,DG site,99.220710125448,99.90265376984121,100,99.40036651234567,99.69655391278371,99.5287422839506,99.19908651931497
RUR5506,RUR5506__S_Jaidpur,6,2G/LTE,Diamond,Macro,B2S,C4-GRT-04,E.Co,E.CO,Non DG Site,92.97722520907968,98.35668816137544,99.53047839506168,99.26572788065818,98.93461270410161,98.62979681069933,98.9063620071681
RUR0179,RUR0179__H_Badomali,8,2G/LTE,Diamond,Macro,Standby,C4-NRW-05,JAZZ,DEODAR,DG site,99.83394937275983,99.69685226521156,99.55747834528071,99.4791666666666,99.30641894414572,99.68759645061719,99.59700754181596
RUR5507,RUR5507__S_AdalGarh,6,2G/LTE,Gold,Macro,B2S,C4-GUJ-02,E.Co,E.CO,Non DG Site,99.98049208482675,99.98263888888884,98.63189466348068,100,98.51008686778165,99.7532793209876,90.6872573178015
RUR5583,RUR5583__S_ChakPindi_Ufone1362,6,2G/LTE,Bronze,Macro,OMO,C4-GRT-04,Jazz Guest/UFONE Host,UFONE,Non DG Site,99.88777503982473,99.1435874118165,98.79209602747906,100,96.95275164277179,97.51321373456787,99.98746141975302
RUR9764,RUR9764__S_Kot_SanaullahWarid_MR2K3780,6,2G/LTE,Platinum,Macro,Standby,C4-WZD-07,JAZZ,DEODAR,DG site,99.96490442054957,99.98201884920631,100,99.7736625514403,99.789830993628,100,99.9985687972919
RUR5620,RUR5620__S_ChakSanatta,6,2G/LTE,Diamond,Macro,B2S,C4-WZD-07,Enfrashare,Enfrashare,Non DG Site,98.01601080246907,99.14186507936499,99.78955097570687,96.10349151234556,96.46570713859002,98.0786715534979,96.574167413381
RUR6245,RUR6245__S_Ugowal_MDGU7674,6,2G/LTE,Gold,Macro,OMO,C4-GRT-04,Jazz Guest/TELENOR Host,TELENOR,Non DG Site,95.1224922839504,95.63347387566121,98.52091422739932,92.58863811728366,99.98375896057345,100,98.51478494623652
KAH9488,KAH9488__S_Village_Kot_Hara_1M3549,6,2G/LTE,Gold,Macro,Standby,C4-HFZ-06,JAZZ,DEODAR,DG site,98.89392921146953,99.98170882936506,99.94829002389484,99.25987011316865,99.33019713261645,99.417277520576,99.12177045997603
RUR5792,RUR5792__S_Romal,6,2G/LTE,Diamond,Macro,B2S,C4-NRW-05,Enfrashare,Enfrashare,Non DG Site,96.74697580645149,98.0307953042327,98.76044155714851,98.04425154320975,99.53972520908003,99.9997427983539,98.77032307845477
RUR8997,RUR8997__H_MaddoKhalwal,6,2G/LTE,Diamond,Macro,Standby,C4-NRW-05,JAZZ,DEODAR,DG site,98.80335897052964,99.82973021384473,99.23271978295493,96.94145447530848,98.7129754082038,94.18296682098747,98.27670748705685
RUR4021,RUR4021__S_AwanSharif,6,2G/LTE,Diamond,Macro,Standby,C4-GRT-04,JAZZ,DEODAR,DG site,99.2773878268949,99.99614197530865,100,99.56275720164601,99.9230261847869,99.8737139917695,99.85644414575866
RUR9210,RUR9210__S_Dheenda,9,2G/3G/LTE,Diamond,Macro,Standby,C4-GRT-04,Jazz Host/CM-PAK Guest,DEODAR,DG site,99.16367980884094,99.90527171516753,99.52909282490369,99.88143004115221,99.69370187840167,99.80180469821669,99.96079749103941
GJR5729,GJR5729__S_Gillanwala,9,2G/3G/LTE,Platinum,Macro,B2S,C4-GRT-04,Enfrashare,Enfrashare,Non DG Site,98.23194610380982,99.9068562610229,100,99.9725008573388,99.98332337714055,99.9998070987654,96.76888357891933
RUR3204,RUR3204__S_Giddin_TPLBDR02,3,2G/LTE,Bronze,Macro,OMO,C4-NRW-05,Jazz Guest/TELENOR Host,TELENOR,Non DG Site,79.26523297490989,91.3926091269838,88.01977548785305,78.76028806584321,92.59632616487424,81.62609310699551,75.42419603743483
HWY1895,HWY1895__S_Chrirawla,8,2G/LTE,Gold,Macro,Standby,C4-GRT-04,JAZZ,DEODAR,DG site,98.91369380973704,99.44100839120368,100,99.63756269290118,100,100,99.57607620221026
GJR6258,GJR6258__S_Star_Colony_Bhimber_Road_MDGU4249,9,2G/3G/LTE,Platinum,Macro,Standby,C4-GRT-04,Jazz Host/CM-PAK Guest,DEODAR,DG site,96.68050162617776,99.39004170340954,99.15434587813594,95.71924296982137,99.05806119739792,99.2068115569272,100
RUR5671,RUR5671__S_Sohal_TelenorISHL01,6,2G/LTE,Gold,Macro,OMO,C4-GRT-04,Jazz Guest/TELENOR Host,TELENOR,Non DG Site,94.81988625049756,96.59050512566127,96.0589033253683,95.97505144032888,97.36860936877721,97.92525077160478,95.79123730585398
JPS8768,JPS8768__H_PeerShah,12,2G/3G/LTE,Platinum,Macro,CP Prime,C4-GRT-04,Jazz Host/CM-PAK Guest,DEODAR,Non DG Site,96.9829157954994,99.67623594576699,99.50481941955384,99.31458976337429,98.8598292512942,99.55020254629616,99.34682708582224
RUR5603,RUR5603__S_Hanj_CMPak40819,6,2G/LTE,Gold,Macro,OMO,C4-GRT-04,Jazz Guest/CM-PAK Host,CM-PAK ,Non DG Site,99.98963933691755,99.86586474867723,100,99.99980709876543,99.929528823178,98.3358410493827,99.99757317801672
JPJ4875,JPJ4875__P_KashmirNagar,12,2G/3G/LTE,Diamond,Macro,Standby,C4-GRT-04,JAZZ,DEODAR,DG site,98.50794006371949,99.97514674272483,99.88108572281955,99.6488715277777,99.45561404818787,99.44462127057609,99.9771785394265
KRW6447,KRW6447__S_PoliceStation_CMPak42464,12,2G/LTE,Diamond,Macro,OMO,C4-GRT-04,Jazz Guest/CM-PAK Host,CM-PAK ,Non DG Site,99.51846251493424,99.98861538249558,99.99884881521302,96.52874228395054,100,100,99.99738649940261
GJR6266,GJR6266__S_Miana_Pura_MDGU4257,12,2G/3G/LTE,Platinum,Macro,Standby,C4-GRT-04,JAZZ,DEODAR,DG site,99.34981394364783,98.98241154100518,98.71821796594965,98.51549639917685,99.03678502090787,99.31592399691354,99.14344073576251
LLM9854,LLM9854__P_GtRoadLalamusa,9,2G/3G/LTE,Diamond,Macro,Standby,C4-GRT-04,Jazz Host/UFONE Guest,DEODAR,DG site,99.7806733705031,99.24571024397407,99.8438329682729,99.4850823045267,100,100,99.52199903756801
RUR4503,RUR4503__S_RajaThanaNarrowal,12,2G/3G/LTE,Platinum,Macro,Standby,C4-NRW-05,JAZZ,DEODAR,DG site,98.29389747610504,99.64261601631388,99.1223149392671,97.00720164609024,98.33692689665457,94.55920460390927,98.52063420947806
JPJ6301,JPJ6301__S_Qadir_Colony_MDJJ1558,16,2G/3G/LTE,Hub,Macro,Standby,C4-GRT-04,JAZZ,DEODAR,DG site,99.64476226478487,99.98949807787692,100,100,100,99.55989583333333,99.90792077359616
RUR9496,RUR9496__S_Naiabadi_Jhang_Road_HF4123,12,2G/3G/LTE,Platinum,Macro,Standby,C4-HFZ-06,JAZZ,DEODAR,DG site,99.82589107925129,99.82006792879186,99.5498245221026,98.95280349794227,99.78410618279568,99.75368119855958,98.91763739545983
GUJ0233,GUJ0233__S_C2WaterTank,9,2G/3G/LTE,Gold,Macro,OMO,C4-GUJ-02,Jazz Guest/CM-PAK Host,CM-PAK ,Non DG Site,99.49389353511212,99.88281249999997,99.65578537767156,99.63899605624138,99.81649492234168,99.11458333333327,99.30962100092917
GJR6291,GJR6291__S_Boraywala_chowk_MDGU4203,9,2G/3G/LTE,Diamond,Macro,CP Prime,C4-GRT-04,Jazz Host/CM-PAK Guest,DEODAR,Non DG Site,99.91344334926322,99.87335115373308,99.94113401035442,98.89936985596697,100,99.8633616255144,98.52749983406332
KNJ4254,KNJ4254__H_CircularRdKunjah,9,2G/3G/LTE,Platinum,Macro,Standby,C4-GRT-04,JAZZ,DEODAR,DG site,96.53634425195766,99.50800999412093,99.04580263507215,96.01671810699546,98.47514685384287,96.61040380658399,96.04801373954561
LLM3835,LLM3835__S_Muhallaqasba,12,2G/3G/LTE,Diamond,Macro,CP Prime,C4-GRT-04,JAZZ,DEODAR,Non DG Site,96.1230740989642,99.86930941358023,99.97381832437273,99.44757908950606,100,99.94592335390944,98.63453927718032
JPS8766,JPS8766__P_SiyamCollege,13,2G/3G/LTE,Platinum,Macro,Standby,C4-GRT-04,Jazz Host/CM-PAK Guest,DEODAR,DG site,98.85601909291414,99.15593521062262,98.690463881996,99.23913817663804,99.5582465995772,99.96094491927823,98.90280362558578
KRW8773,KRW8773__P_KarianwalaCity,12,2G/3G/LTE,Platinum,Macro,Standby,C4-GRT-04,JAZZ,DEODAR,DG site,99.37409772003178,99.93923611111107,99.42585436579053,99.42457561728389,99.86447132616486,99.56632587448553,99.55072680207083
RUR0363,RUR0363__S_MansoorWaliPI,9,2G/3G/LTE,Diamond,Macro,CP Prime,C4-WZD-07,Jazz Host/CM-PAK+TELENOR Guest,DEODAR,Non DG Site,91.87599561927502,96.90765542328039,99.88457039028263,96.88138717421113,99.09993943316069,94.21759259259242,98.19718239745114
GJR9887,GJR9887__S_MohallaNoorPur,12,2G/3G/LTE,Platinum,Macro,Standby,C4-GRT-04,Jazz Host/CM-PAK Guest,DEODAR,DG site,99.46914824770992,99.95973186728388,99.86137557248105,99.2697241512345,99.40125945838307,99.47244727366234,99.47437524890474
RUR1583,RUR1583__S_HassanPathan,9,2G/3G/LTE,Diamond,Macro,CP Prime,C4-GRT-04,JAZZ,DEODAR,Non DG Site,94.59720977698116,95.64750514403275,99.0184438470728,98.07111625514396,99.30812757201643,99.25304355281206,95.75405714854632
GHK0384,Ghk0384__P_Gakkarmandi,12,2G/3G/LTE,Elite,Macro,Standby,C4-GUJ-02,JAZZ,DEODAR,DG site,99.8586376194742,99.86360849316573,99.87974785941834,93.7920203189297,98.39120370370328,91.51957947530819,94.10722508462725
RUR1581,RUR1581__S_PindiAwan,12,2G/3G/LTE,Diamond,Macro,CP Prime,C4-GRT-04,JAZZ,DEODAR,Non DG Site,99.33596861310228,99.99634865520282,100,99.8956886574074,99.18051199721225,99.64485275205757,99.6277006172839
BGL2206,BGL2206__H_DhalKakka,9,2G/3G/LTE,Diamond,Macro,Standby,C4-GRT-04,JAZZ,DEODAR,DG site,97.41047723350579,99.41309799382707,99.52826314217435,99.379350994513,98.97586038099018,99.5186471193415,99.79793077127306
RUR6275,RUR6275__S_JamiaMasjidAsharfia,9,2G/LTE,Diamond,Macro,B2S,C4-NRW-05,E.Co,E.CO,Non DG Site,93.7671122062922,97.12944591416803,99.48613600159297,97.13250171467753,97.55365973051897,95.36887002743467,96.3177021107126
SCK9899,SCK9899__S_Naiwala,9,2G/3G/LTE,Diamond,Macro,Standby,C4-HFZ-06,JAZZ,DEODAR,DG site,99.35751443647949,99.86414241622572,100,97.9174382716049,99.831740342493,96.59610768175577,97.85124618345932
GFG9668,GFG9668__S_LubbanPulyStop_Warid_MR485355,12,2G/LTE,Platinum,Macro,Standby,C4-NRW-05,JAZZ,DEODAR,DG site,98.87880824372745,99.01801215277769,99.56690561529268,98.46107011959859,98.43073290023872,97.98447145061711,96.33831065188143
BGL2204,BGL2204__S_MairShareef,9,2G/3G/LTE,Diamond,Macro,Standby,C4-GRT-04,Jazz Host/TELENOR Guest,DEODAR,DG site,96.35870917960928,99.34581220605514,98.73757550112816,96.1113897462274,97.50970728793268,97.1174982853221,95.37984949555255
SKL9912,SKL9912__S_ChakSada,16,2G/3G/LTE,Platinum,Macro,Standby,C4-GRT-04,JAZZ,DEODAR,DG site,97.49397961469516,98.73845176091251,99.09450371490435,98.20317322530848,99.14658704823762,98.52399209104927,98.52451556899624
GHK6955,GHK6955__P_Suditown,12,2G/3G/LTE,Hub,Macro,Standby,C4-GUJ-02,JAZZ,DEODAR,DG site,99.70857912684183,99.97824694113741,99.6197667761846,97.48398919753063,99.99989110414175,99.510497042181,99.15478146156904
RUR6448,RUR6448__S_Nonar,9,2G/LTE,Platinum,Macro,B2S,C4-NRW-05,Enfrashare,Enfrashare,Non DG Site,91.24230469268532,98.68723820546732,98.24758562325752,98.16949588477361,91.1055522368245,96.3466435185184,96.50888175361736
RUR0800,RUR0800__S_NoorJmalDinga,9,2G/3G/LTE,Diamond,Macro,CP Prime,C4-MBD-08,JAZZ,DEODAR,Non DG Site,99.87579649542009,99.97671406525572,100,99.06076388888883,99.989234866587,100,99.95973964555952
RUR5422,RUR5422__S_SheikhPur,9,2G/LTE,Platinum,Macro,B2S,C4-GRT-04,E.Co,E.CO,Non DG Site,96.65772683525809,99.0553810258671,99.51695871498733,94.48846879286683,98.837116686579,98.69067215363503,98.42372726669316
RUR0398,RUR0398__S_Village_Nunanwali_MR2X2707,12,2G/3G/LTE,Platinum,Macro,CP Prime,C4-MBD-08,JAZZ,DEODAR,Non DG Site,98.39592667264034,98.97451636904755,100,100,98.98751120071681,99.77197145061723,99.62046370967735
RUR1575,RUR1575__P_haqiqa,12,2G/3G/LTE,Elite,Macro,Standby,C4-MBD-08,JAZZ,DEODAR,DG site,98.9486416019514,99.56888296406512,99.95096575069691,99.74233217592591,98.98893306949404,95.18962191357996,99.28089842194342
RUR5385,RUR5385__S_NatKalan,9,2G/LTE,Gold,Macro,B2S,C4-GUJ-02,Enfrashare,Enfrashare,Non DG Site,99.64549731182788,99.92371215461492,99.74391842559398,99.42901234567901,99.0039658834461,98.2682827503428,96.01932745917945
RUR5511,RUR5511__S_Marjal_NEW,9,2G/LTE,Platinum,Macro,B2S,C4-NRW-05,Enfrashare,Enfrashare,Non DG Site,93.79179526748955,96.8337099500293,97.68282058940652,96.89585476680374,97.06862720695598,97.37562157064461,97.46494590468592
GJR6287,GJR6287__S_Badshahi_Road_MDGU4256,9,2G/3G/LTE,Gold,Macro,Standby,C4-GRT-04,Jazz Host/CM-PAK Guest,DEODAR,DG site,98.75715601354031,99.12241420487935,99.97123075136064,98.1435828189299,99.88631272401432,99.52070473251023,99.79940345811757
RUR3844,RUR3844__H_LLMNadirHospitalJor,9,2G/3G/LTE,Diamond,Macro,Standby,C4-GRT-04,JAZZ,DEODAR,DG site,98.82898579583153,99.92097938712517,100,99.8943544238683,100,99.06886574074069,99.09761632151852
JPJ6290,JPJ6290__S_Mohallah_Shershah_Circular_Road_MDJJ1559,9,2G/LTE,Platinum,Macro,Standby,C4-GRT-04,Jazz Host/CM-PAK Guest,DEODAR,DG site,99.71178896190092,99.84976668136389,100,100,99.96023745519713,97.99841392318237,98.24349943581561
BBK9608,BBK9608__H_KhanPuraNorowal,9,2G/3G/LTE,Diamond,Macro,Standby,C4-NRW-05,JAZZ,DEODAR,DG site,99.74721641444305,99.96148864638447,100,99.28684413580247,99.82340203106327,99.99995713305894,99.94804111907604
NRW5589,NRW5589__S_BijliGharChowk_CMPak4799,9,2G/LTE,Platinum,Macro,OMO,C4-NRW-05,Jazz Guest/CM-PAK Host,CM-PAK ,Non DG Site,95.87639386698514,99.15633267195764,98.35451098499925,94.3440715020573,90.78274342891244,91.69322273662516,98.22194842692139
ALC3049,ALC3049__S_JamiaMuhammadia,12,2G/3G/LTE,Elite,Macro,CP Prime,C4-HFZ-06,Jazz Host/CM-PAK Guest,DEODAR,Non DG Site,97.458635130426,99.53187003968245,98.13876754778961,95.47268840020551,98.01817316308227,98.15481931584348,98.114250423138
SKL9913,SKL9913__S_RasheedaVillage,9,2G/3G/LTE,Diamond,Macro,Standby,C4-GRT-04,JAZZ,DEODAR,DG site,99.20076662684183,99.9380132550705,99.96300652130624,99.74799061213986,99.59472072879329,99.96603330761313,99.98548573775388
DIL2203,DIL2203__S_KALAS,9,2G/3G/LTE,Diamond,Macro,CP Prime,C4-GRT-04,Jazz Host/TELENOR Guest,DEODAR,Non DG Site,99.8588502256736,99.99634865520282,99.98637246117084,99.99822102194783,99.99995851586351,98.92813357338817,99.54732510288065
GJR9716,GJR9716__P_Darbar_PandeyShah,12,2G/3G/LTE,Elite,Macro,CP Prime,C4-GRT-04,JAZZ,DEODAR,Non DG Site,98.87775039824761,99.81906897596994,99.66296731879719,97.40464248971172,98.96836730884104,99.3706275720164,98.21753036638772
KHR0295,KHR0295__H_FruitMandi,13,2G/3G/LTE,Hub,Macro,Standby,C4-MBD-08,JAZZ,DEODAR,DG site,99.41424558864063,99.41860945767186,99.37435380479721,98.02847518993339,99.15477667493784,99.865340099715,99.10422985019748
NRW5630,NRW5630__S_MasterGhulamRasoolColony,9,2G/LTE,Platinum,Macro,B2S,C4-NRW-05,Enfrashare,Enfrashare,Non DG Site,99.79581508031326,99.91634057172246,100,99.97948816872426,97.41972819593781,97.81642232510279,99.26882135271468
RUR3736,RUR3736__H_GJRMangowalGharbi,12,2G/3G/LTE,Elite,Macro,Standby,C4-MBD-08,JAZZ,DEODAR,DG site,99.90757852947031,99.89719397596996,100,100,99.83718513540418,100,99.7377321037435
RUR0758,RUR0758__S_BuzargWall,9,2G/3G/LTE,Diamond,Macro,Standby,C4-GRT-04,Jazz Host/UFONE+TELENOR Guest,DEODAR,DG site,99.96197978892867,99.97278714726629,99.66132350988978,99.9969135802469,99.94696253152789,99.99335562414262,99.38696817337045
NRW4000,NRW4000__P_KatcheryRdNarowal,12,2G/3G/LTE,Platinum,Macro,Standby,C4-NRW-05,JAZZ,DEODAR,DG site,98.92977150537621,99.43240534060836,99.67939503683787,98.09846000514383,99.48378696236554,97.38625257201642,99.37137532357616
WZB9858,WZB9858__S_WazirabadWarid_MDWA4193,12,2G/3G/LTE,Elite,Macro,Standby,C4-WZD-07,Jazz Host/CM-PAK Guest,DEODAR,DG site,98.72151595479876,99.12266107253065,98.86840091099157,99.17071759259248,99.9058361957387,99.10871592078186,99.18029420549581
RUR3735,Rur3735__H_Gjrmuhallahkhokhar,9,2G/3G/LTE,Platinum,Macro,Standby,C4-GRT-04,Jazz Host/UFONE+TELENOR Guest,DEODAR,DG site,98.7630675029867,99.66407627865954,100,99.0422668038408,99.61963195274126,98.41553069272969,98.2073460108853
SOH4009,SOH4009__P_AddaSodra,16,2G/3G/LTE,Elite,Macro,Standby,C4-WZD-07,JAZZ,DEODAR,DG site,99.15191905615285,99.98723751653439,100,100,99.85943100358419,99.10649353780857,98.06959145385288
RUR6235,RUR6235__S_Daulat_Nager_road_MDLM3311,12,2G/3G/LTE,Diamond,Macro,Standby,C4-GRT-04,JAZZ,DEODAR,DG site,94.4149181103143,98.98931809413556,97.41635242433254,99.1450135030863,99.92679087017123,99.8199588477366,100
BBK9607,BBK9607__H_MusalmaniaGoriaBobak,12,2G/3G/LTE,Diamond,Macro,Standby,C4-NRW-05,JAZZ,DEODAR,DG site,99.87783440362404,99.97735132826278,99.9995644165671,99.87218685699582,99.72967381023489,99.77440200617269,99.52289613201897
KHR0006,KHR0006__S_Kharian-1_MDKN2769,16,2G/3G/LTE,Elite,Macro,CP Prime,C4-MBD-08,JAZZ,DEODAR,Non DG Site,91.65670269563888,95.73309358465583,99.86237119175622,98.4558256172837,98.07333669354824,98.52208719135797,96.45664155839297
ALC9648,ALC9648__S_MuhallaHaiderabad,9,2G/3G/LTE,Elite,Macro,Standby,C4-HFZ-06,Jazz Host/TELENOR Guest,DEODAR,DG site,97.28428249037533,99.41498107730725,97.63704284481587,92.95976937585682,96.80124120536264,94.48167438271552,96.58241238550337
AMG9500,AMG9500__S_Masjid_Bilal_2J3779,9,2G/3G/LTE,Platinum,Macro,CP Prime,C4-HFZ-06,JAZZ,DEODAR,Non DG Site,99.48507815611309,99.98319003527335,100,100,99.77679460374351,98.60510973936894,98.77150952475763
RUR5628,RUR5628__S_Khaner,12,2G/LTE,Elite,Macro,B2S,C4-NRW-05,Enfrashare,Enfrashare,Non DG Site,95.92544367283934,97.02870094797167,98.72467393468732,97.1420235339504,95.86214406610888,96.92816036522613,93.53984655017894
RUR6254,RUR6254__S_LAKHWAN_WALA_MR1R3577,12,2G/3G/LTE,Platinum,Macro,Standby,C4-GRT-04,JAZZ,DEODAR,DG site,96.14068411489401,97.9694906029539,98.55100059737123,94.59188528806536,98.51725843787304,97.46455439814768,96.7242881322179
JPJ3534,JPJ3534__S_MangowalRd,12,2G/3G/LTE,Platinum,Macro,Standby,C4-GRT-04,Jazz Host/TELENOR Guest,DEODAR,DG site,99.38999651533251,99.97232211750436,100,99.41861175411519,100,99.22416730967072,99.61410419155706
GJR0766,GJR0766__P_GJRServiceMoreGujrat,12,2G/3G/LTE,Diamond,Macro,Standby,C4-GRT-04,Jazz Host/TELENOR Guest,DEODAR,DG site,98.84579724213455,99.80282738095232,100,97.75461355452664,99.63936803066504,99.99995177469133,99.75938682297887
KHR2637,KHR2637__S_BidarMarjan,12,2G/3G/LTE,Platinum,Macro,Standby,C4-MBD-08,Jazz Host/CM-PAK Guest,DEODAR,DG site,99.55562711569091,99.92416570216048,100,99.91594328703702,99.62732726005571,99.9773019547325,99.81784834229387
RUR5004,RUR5004__S_Hutcher stop Warid_MR483560,12,2G/LTE,Platinum,Macro,Standby,C4-NRW-05,Jazz Host/CM-PAK Guest,DEODAR,DG site,98.22588423436868,99.29720224316573,99.93503584229386,99.0546231995884,97.8550004978095,99.53528485082293,95.56193374153715
BGL1622,BGL1622__S_Village_Malka_MDKN3890,12,2G/LTE,Platinum,Macro,Standby,C4-GRT-04,Jazz Host/CM-PAK Guest,DEODAR,DG site,98.09849163679793,98.87164834104922,97.9740858970529,99.61580504115217,99.65251331640773,98.40110596707811,98.13284050179196
JPJ5673,JPJ5673__S_MangowalSharqi_CMPak40679,9,2G/LTE,Gold,Macro,OMO,C4-GRT-04,Jazz Guest/CM-PAK Host,CM-PAK ,Non DG Site,91.46362256073238,98.63037827013507,98.35585921943414,87.01974022633706,98.07275073012048,94.7620027434838,95.51674714589112
HWY8854,Hwy8854__P_Miangeehotel,12,2G/3G/LTE,Platinum,Macro,Standby,C4-GRT-04,JAZZ,DEODAR,DG site,97.94189939267213,99.7213955026454,99.48812724014324,94.63419495884749,98.85444668458761,98.36357060185173,99.4728662634408
GJR3403,GJR3403__S_RailwayStnGJR,12,2G/3G/LTE,Platinum,Macro,Standby,C4-GRT-04,JAZZ,DEODAR,DG site,99.33427294902425,99.97950424382715,99.56289202508955,100,99.97411389884506,99.96333269032912,100
HWY6909,HWY6909__H_ChakMurtazaGJR,12,2G/3G/LTE,Platinum,Macro,Standby,C4-GRT-04,JAZZ,DEODAR,DG site,99.86644700816406,99.5541053516313,99.99950219036239,94.4041602366254,99.12495955296687,99.35011574074068,98.38326986260448
WZB0817,WZB0817__H_NazimabadWazirabad,12,2G/3G/LTE,Hub,Macro,Standby,C4-WZD-07,JAZZ,DEODAR,DG site,99.99738649940261,99.57895860890646,100,99.5743312757201,99.83687400438062,99.92822466563777,98.5120625497808
RUR1731,RUR1731__S_Dhunni,9,2G/3G/LTE,Diamond,Macro,Standby,C4-MBD-08,JAZZ,DEODAR,DG site,99.90151666002917,99.69060019841268,100,100,99.56497660294698,99.60570987654319,96.71198808575593
RUR1771,RUR1771__S_MohriSharifDngRd,9,2G/3G/LTE,Diamond,Macro,Standby,C4-MBD-08,JAZZ,DEODAR,DG site,97.104946568432,99.99632569077012,100,99.69549468449931,100,99.67181069958846,100
JPJ3112,JPJ3112__P_Farroqeazamjalalpu,12,2G/3G/LTE,Diamond,Macro,Standby,C4-GRT-04,JAZZ,DEODAR,DG site,95.52256011051344,99.26713031856252,99.12909759557935,99.33230452674881,96.5671047391475,97.83273855452649,98.34075380824352
KHR0629,KHR0629__S_GalianaRoad,9,2G/3G/LTE,Elite,Macro,Standby,C4-MBD-08,JAZZ,DEODAR,DG site,99.74626227930432,99.8295579805996,100,100,99.67551108456118,99.75173611111107,99.69096392539485
RUR0875,RUR0875__S_KarariwalaKalan,9,2G/3G/LTE,Platinum,Macro,Standby,C4-MBD-08,Jazz Host/CM-PAK Guest,DEODAR,DG site,99.8838651599628,99.99435074955908,100,100,99.92929028939334,99.90650720164606,99.9227150537634
GJR0737,GJR0737__P_shahen_Chow,12,2G/3G/LTE,Hub,Macro,Standby,C4-GRT-04,JAZZ,DEODAR,DG site,99.82273309936278,99.44037973985871,99.79540023894847,99.457835005144,99.99992221724409,99.99988747427976,100
RUR5728,RUR5728__S_Karmabad,9,2G/LTE,Diamond,Macro,B2S,C4-WZD-07,Enfrashare,Enfrashare,Non DG Site,98.83954350856227,99.93923611111107,100,99.61490483539093,100,99.227409122085,99.86330977034375
GJR3427,GJR3427__SFurnitureMarket,12,2G/3G/LTE,Elite,Macro,CP Prime,C4-GRT-04,JAZZ,DEODAR,Non DG Site,88.8031100657107,99.97891865079363,100,97.20746527777767,99.83239371764232,96.11196309156367,100
RUR9508,RUR9508__S_Guliyan_Wali_Pulli_Amjad_Nagar_Rd_2J3776,9,2G/3G/LTE,Diamond,Macro,Standby,C4-WZD-07,Jazz Host/CM-PAK Guest,DEODAR,DG site,99.91039426523294,99.74013447971775,99.24372345015254,94.7452632030177,95.03181833266939,96.69045781892983,99.19018817204294
GJR0397,GJR0397__P_Marghazar,16,2G/3G/LTE,Elite,Macro,Standby,C4-GRT-04,JAZZ,DEODAR,DG site,96.43751866786107,99.29102337549583,98.67430182198301,95.37647087191331,97.5816485588408,95.05359037422805,96.81086422864358
GJR3437,GJR3437__P_DrRabaniRaod,12,2G/3G/LTE,Platinum,Macro,Standby,C4-GRT-04,JAZZ,DEODAR,DG site,99.50775960772592,99.80194899140206,99.84669018817198,99.32108410493815,99.80863886399837,99.18563528806573,99.1778207138589
HWY0204,HWY0204__S_KotlaArb_AliKhan_Kharian_MR745460,18,2G/3G/LTE,Hub,Macro,Standby,C4-GRT-04,Jazz Host/UFONE Guest,DEODAR,DG site,99.38404354174962,99.85237314447383,100,100,100,99.56682956104251,100
RUR4509,RUR4509__S_Wzbwaiyanwalapind,9,2G/3G/LTE,Gold,Macro,Standby,C4-GUJ-02,JAZZ,DEODAR,DG site,100,99.97297086272779,100,98.7691829561042,98.12081010221688,98.40314214677633,97.59543425594039
FTP8761,FTP8761__S_Gs_laravillage,9,2G/3G/LTE,Platinum,Macro,CP Prime,C4-GRT-04,Jazz Host/CM-PAK Guest,DEODAR,Non DG Site,99.18900587415361,99.735059340094,99.70270393601486,98.93308470507539,99.51480153989111,99.73876886145402,98.20315611310228
TDA3548,TDA3548__P_Bagowal,12,2G/3G/LTE,Hub,Macro,Standby,C4-GRT-04,JAZZ,DEODAR,DG site,99.96917728660559,99.97232785861253,100,100,99.89639336917561,100,100
HWY1732,HWY1732__S_Guliana,12,2G/3G/LTE,Platinum,Macro,Standby,C4-MBD-08,JAZZ,DEODAR,DG site,99.29342144563915,99.13302951388879,99.68059289127832,99.4661297582304,99.61772886798087,99.89646026234567,98.30782058940648
MIR2209,MIR2209__S_Dahu,9,2G/3G/LTE,Gold,Macro,CP Prime,C4-MBD-08,JAZZ,DEODAR,Non DG Site,98.89380475906003,99.46508946942969,100,100,100,99.7506858710562,98.97799681401828
JPJ3113,JPJ3113__H_Kashmirmahaljalalpu,12,2G/3G/LTE,Elite,Macro,Standby,C4-GRT-04,JAZZ,DEODAR,DG site,99.12192602548778,99.97435446979715,99.79639585822376,98.91857960390927,100,99.1656860853909,99.40202172939058
KHR0196,KHR0196__S_Jandialawala_GT_Rd_MDKN4196,9,2G/3G/LTE,Hub,Macro,Standby,C4-MBD-08,JAZZ,DEODAR,DG site,97.6000389950881,99.46201223544956,99.34845015266154,99.8024477023319,100,99.98156721536348,100
RUR4621,RUR4621__P_Solary_town_Zafarwai,12,2G/3G/LTE,Elite,Macro,Standby,C4-NRW-05,JAZZ,DEODAR,DG site,99.2290328803264,99.13120384149025,99.16633997909193,95.85037294238673,96.38853108821169,94.02748842592571,99.12326388888869
BGL2205,BGL2205__H_PindiHashim,9,2G/3G/LTE,Diamond,Macro,Standby,C4-MBD-08,JAZZ,DEODAR,DG site,97.8786464555952,98.7281837889476,99.13586469534039,98.55296210562393,97.87901981282342,96.37349965706419,98.60600856232567
MIR2208,MIR2208__S_CHHIMBER,12,2G/3G/LTE,Platinum,Macro,Standby,C4-MBD-08,Jazz Host/CM-PAK Guest,DEODAR,DG site,99.13908490143362,99.99545304232804,99.96579114396656,98.13945151748963,99.90770298187967,99.73839377572011,96.54627451712452
GJR0796,GJR0796__P_ZahoorPalace,12,2G/3G/LTE,Elite,Macro,Standby,C4-GRT-04,JAZZ,DEODAR,DG site,98.86906984269206,99.97800581459433,99.51762246117077,98.15660365226323,99.44094422043001,99.66996206275711,99.6276850607327
PND3233,PND3233__S_MirajKey,9,2G/3G/LTE,Gold,Macro,Standby,C4-HFZ-06,JAZZ,DEODAR,DG site,99.57545134740471,99.96628821281595,99.14897368246376,98.02812071330582,100,99.17864797668025,98.69105104208138
KHR5301,KHR5301__S_NearMTPark_CMPak7503,9,2G/3G/LTE,Bronze,Macro,OMO,C4-MBD-08,Jazz Guest/CM-PAK Host,CM-PAK ,DG Site,99.98848815213061,99.49928350970015,100,98.4551826131687,100,100,97.67804991371291
WZB0029,WZB0029__S_SuiGasTower_AhmedNasarRoadWarid_MDWA1510,9,2G/3G/LTE,Platinum,Macro,Standby,C4-WZD-07,JAZZ,DEODAR,DG site,99.38109816806042,99.96536963550845,99.7272625448028,99.91280864197527,98.91583283552356,99.02220507544577,93.70795582769135
AMG8797,AMG8797__S_KaluCheema,12,2G/3G/LTE,Diamond,Macro,CP Prime,C4-HFZ-06,JAZZ,DEODAR,Non DG Site,99.61537982875345,99.82055018187825,99.05246602449206,95.22329925411505,98.58135142871362,97.61855388374478,98.08561081242527
NRW3203,NRW3203__S_Dulam(TP-LBDR05),9,2G/3G/LTE,Gold,Macro,OMO,C4-NRW-05,Jazz Guest/TELENOR Host,TELENOR,Non DG Site,96.69473068498597,97.52725878159897,98.70243843754145,99.56157836076791,95.46314964157678,85.24387002743457,94.08822016460873
RUR9205,RUR9205__P_Hazara,12,2G/3G/LTE,Diamond,Macro,Standby,C4-GRT-04,JAZZ,DEODAR,DG site,98.42026334129808,99.95246362433852,100,99.71958590534969,100,99.70965149176955,99.62997187375545
RUR5948,RUR5948_H_Daulat Nagar Gujrat,6,2G/LTE,Diamond,Macro,B2S,C4-GRT-04,Enfrashare,Enfrashare,Non DG Site,99.0279644563918,99.99555638227511,99.29373257666258,99.99826388888887,99.41429584826757,100,99.85818647949021
RUR4041,RUR4041__S_Sankhatra,12,2G/3G/LTE,Platinum,Macro,Standby,C4-NRW-05,JAZZ,DEODAR,DG site,95.7446921047389,96.80805293761009,99.45188047590597,98.06444508744843,99.34917612504968,99.1854906121398,98.18279258761439
NRW1135,NRW1135__S_Narowal_2_Warid_MDNR5774,12,2G/3G/LTE,Platinum,Macro,Standby,C4-NRW-05,JAZZ,DEODAR,DG site,99.09146629828736,99.72384121472653,99.3139560931899,99.74697788065836,97.9233093140182,96.1153388631685,97.38850619772971
RUR5698,RUR5698__S_Malikpur,9,2G/LTE,Platinum,Macro,B2S,C4-GRT-04,Enfrashare,Enfrashare,Non DG Site,94.42687591265083,99.99641754850086,100,100,99.06420084959507,99.61689814814807,98.43447165803782
RUR0509,RUR0509__S_SarokiGjrat,9,2G/3G/LTE,Diamond,Macro,OMO,C4-GRT-04,Jazz Guest/UFONE Host,UFONE,Non DG Site,98.34944992035038,99.8461383009994,99.38723782025752,86.52169067215353,95.9143518518518,100,98.97515515067032
FTP6242,FTP6242__S_Fatehpur_MDFP4296,16,2G/3G/LTE,Elite,Macro,Standby,C4-GRT-04,Jazz Host/CM-PAK Guest,DEODAR,DG site,99.39203442353639,99.99544012483464,99.99998833258663,99.99973476080244,99.9419429510155,99.58754099151233,97.60101646505369
LLM0360,LLM0360__H_Lalamusa,9,2G/3G/LTE,Hub,Macro,Standby,C4-GRT-04,JAZZ,DEODAR,DG site,99.3181667330412,99.7330155055849,100,99.9997427983539,99.71792861409797,99.99944272976677,99.9989421545201
RUR0776,RUR0776__S_BahddarMor,9,2G/3G/LTE,Diamond,Macro,Standby,C4-MBD-08,Jazz Host/CM-PAK Guest,DEODAR,DG site,99.67434952874017,99.99570565108756,99.97006919553961,99.613683127572,99.87847222222219,99.93822873799724,99.91387893269614
HJW8769,HJW8769__P_Hajiwala,16,2G/3G/LTE,Elite,Macro,Standby,C4-GRT-04,Jazz Host/CM-PAK Guest,DEODAR,DG site,99.7098664314514,99.90868623925209,99.89451491562079,99.42980806327114,99.95987576538188,98.96138358410448,97.04808607750849
GUJ4838,GUJ4838__S_GujranwalaCantt,9,2G/3G/LTE,Gold,Macro,Standby,C4-GUJ-02,JAZZ,DEODAR,DG site,96.82374634939595,99.98002094356261,99.99782208283553,98.61709104938264,99.79627140581438,99.99995713305894,99.25459229390674
SCK9900,SCK9900__S_KotFazal,9,2G/3G/LTE,Platinum,Macro,Standby,C4-HFZ-06,Jazz Host/TELENOR Guest,DEODAR,DG site,98.96144464356827,99.29763282627857,99.34309869905739,97.81751543209867,99.84771173503246,97.80952074759941,98.8526110115491
RUR8090,RUR8090__P_UNIVERSITY_OF_GUJRAT,12,2G/3G/LTE,Platinum,Macro,OMO,C4-GRT-04,Jazz Guest/UFONE Host,UFONE,Non DG Site,99.78164824771007,98.93955990961193,99.69728507068884,97.65022183641958,97.06914575866166,95.08714313271578,97.0441308243724
JPJ6312,JPJ6312__S_Ittefaq_Colony_MDJJ1561,12,2G/3G/LTE,Platinum,Macro,Standby,C4-GRT-04,JAZZ,DEODAR,DG site,99.6769215452011,99.75399925595232,100,99.4730581275719,99.93782046495416,99.99961419753085,99.8661203205893
GJR5647,GJR5647__S_NearIkramHospital,9,2G/LTE,Platinum,Macro,B2S,C4-GRT-04,Enfrashare,Enfrashare,Non DG Site,99.01616221956719,99.97191449882423,100,98.71525634430722,99.99991703172704,99.98632544581612,99.72330080977028
RUR6442,RUR6442__S_FaizaneMadinaZafarwal,9,2G/LTE,Diamond,Macro,B2S,C4-NRW-05,E.Co,E.CO,Non DG Site,91.31670649143747,98.62415490887699,99.568979822116,98.18930041152252,97.63890963095699,95.52938528806577,96.85805373025349
MIR2211,MIR2211__S_BhaoGhaseetPur,16,2G/3G/LTE,Elite,Macro,Standby,C4-MBD-08,JAZZ,DEODAR,DG site,98.25567502986847,99.54033099785042,99.88175076538228,98.78818238811726,99.37392659796885,96.0704089506171,95.24226217144552
GJR5415,GJR5415__S_Muslimabad_CMPak4330,12,2G/3G/LTE,Platinum,Macro,OMO,C4-GRT-04,Jazz Guest/CM-PAK Host,CM-PAK ,Non DG Site,99.69660058243726,99.81436700837737,99.8157015382317,98.16301761831257,97.67995818399041,99.92822466563783,98.22873108323371
RUR9489,RUR9489__S_Jamkey_Chatta_Main_Bazar_WA1971,9,2G/3G/LTE,Platinum,Macro,Standby,C4-WZD-07,JAZZ,DEODAR,DG site,99.57041102482403,99.99159501763668,99.69946817337046,98.83547668038399,99.7794288464091,99.82705332647456,99.60780897384832
LLM6252,LLM6252__S_Lalamusa_GT_Rd_MDLM4189,9,2G/3G/LTE,Platinum,Macro,Standby,C4-GRT-04,JAZZ,DEODAR,DG site,99.91149359484932,99.74502590388003,99.92719534050178,99.88884602194783,100,99.66720250342932,99.66592824903748
RUR0650,RUR0650__H_DhoriaDingaRoad,19,2G/3G/LTE,Elite,Macro,Standby,C4-MBD-08,Jazz Host/TELENOR Guest,DEODAR,DG site,98.80465949820781,99.95560515873014,99.95572916666664,99.22873263888879,98.91537858422927,99.13007330246906,97.70052083333323
RUR9501,RUR9501__S_KalasKay_1M3547,16,2G/3G/LTE,Elite,Macro,Standby,C4-HFZ-06,JAZZ,DEODAR,DG site,99.96689954823775,99.80555297205686,99.85799591173831,99.0314911265432,99.92046324298087,99.6101224922839,96.79205635827343
KHJ6979,KHJ6979__S_KhujianwalaGujrat,9,2G/3G/LTE,Platinum,Macro,CP Prime,C4-MBD-08,JAZZ,DEODAR,Non DG Site,99.99968886897649,99.63344172545557,99.89433990442055,99.9980709876543,99.66590750696929,96.04031635802464,98.82201646090527
NRW1234,NRW1234__S_Mangwal(Ufone_1308),9,2G/3G/LTE,Platinum,Macro,OMO,C4-NRW-05,Jazz Guest/UFONE Host,UFONE,Non DG Site,99.74765199787598,99.97646145649618,99.23131969334923,95.72367969821661,91.94971292977544,97.65485682441694,99.9516709810168
RUR6240,RUR6240__S_ Dolat_Nagar_Chowk_Kotla_BhimberRoad_MR745461,16,2G/3G/LTE,Platinum,Macro,Standby,C4-GRT-04,JAZZ,DEODAR,DG site,99.39110103046583,99.93662677744703,99.94790499925325,99.630714699074,99.70894470579444,100,98.98317325642161
KHR5760,KHR5760__S_BismillahPlaza,9,2G/LTE,Platinum,Macro,B2S,C4-MBD-08,Enfrashare,Enfrashare,Non DG Site,98.34523928049903,99.23590443121691,99.86017771804059,100,100,99.67871227709189,99.86584030266826
HWY0478,HWY0478__P_MalikPura,9,2G/3G/LTE,Platinum,Macro,Standby,C4-MBD-08,Jazz Host/CM-PAK+UFONE Guest,DEODAR,DG site,99.55632716049377,99.72527649176949,99.70430107526877,99.02171210562393,98.85725723483327,98.69202246227685,99.04783535775915
RUR5786,RUR5786__S_NearZafar,12,2G/LTE,Platinum,Macro,B2S,C4-NRW-05,Enfrashare,Enfrashare,Non DG Site,98.47790036340093,99.6989190641534,99.07828989944242,99.80922067901233,98.1474014336916,99.6810378086418,99.99601752289917
GJR5765,GJR5765__S_KalraKalan,9,2G/3G/LTE,Elite,Macro,B2S,C4-GRT-04,Enfrashare,Enfrashare,Non DG Site,96.63706773529782,99.73593198853608,99.2165098566308,99.01976165980783,99.82369242001843,98.92076045953353,96.82592426656026
DHN4912,DHN4912__H_GJRDingaRdGujrat,9,2G/3G/LTE,Gold,Macro,Standby,C4-GRT-04,JAZZ,DEODAR,DG site,99.35378086419752,99.8994157848324,100,100,100,100,97.76701264436475
WZB0060,WZB0060__S_DhonkalRdWazir,12,2G/3G/LTE,Elite,Macro,Standby,C4-WZD-07,JAZZ,DEODAR,DG site,99.70651010553539,99.42177854938265,98.84934413580235,99.48813657407396,99.22433480187146,99.43589248971172,99.10269812823567
GHK4414,GHK4414__P_Hanjranwala,12,2G/3G/LTE,Elite,Macro,Standby,C4-GUJ-02,JAZZ,DEODAR,DG site,99.6901135005973,99.97683462852729,99.82769563918752,99.36265432098756,99.86734928813216,99.10927854938261,97.65981245021894
KHR2593,KHR2593__S_KabariBazarKharian,18,2G/3G/LTE,Elite,Macro,Standby,C4-MBD-08,JAZZ,DEODAR,DG site,99.88414517788394,99.93046369782475,99.75212191358023,99.42167138203004,99.72515722487715,99.8095957647462,99.42563138855691
MIR2210,MIR2210__S_Sheikhatahir,12,2G/3G/LTE,Platinum,Macro,Standby,C4-MBD-08,JAZZ,DEODAR,DG site,98.988124128833,99.9949018959435,99.71495731282351,98.8184477880657,99.10657170947823,98.77239261831261,95.540310135404
GJR0054,GJR0054__P_GujratC1C2_A,12,2G/3G/LTE,Hub,Macro,Standby,C4-GRT-04,Jazz Host/CM-PAK Guest,DEODAR,DG site,98.98941532258048,99.07052606922377,99.64212154022293,99.65354938271591,98.49299021804036,98.13927469135764,98.89288692254067
GHK9864,GHK9864__P_Muhallahjinnah_Town,12,2G/3G/LTE,Elite,Macro,Standby,C4-GUJ-02,Jazz Host/UFONE Guest,DEODAR,DG site,97.8151290571485,99.76615892305993,99.06105324074066,94.39089827674864,97.16461631322149,96.74893904320949,99.10605834328946
RUR4223,RUR4223__S_MohallahTahirabad,12,2G/3G/LTE,Diamond,Macro,Standby,C4-MBD-08,JAZZ,DEODAR,DG site,99.54400637196332,99.62465208884474,99.50940860215047,99.6680330504115,98.98748631023486,99.89809992283944,97.79803240740728
KHR1738,KHR1738__S_AbrarColony,12,2G/3G/LTE,Gold,Macro,CP Prime,C4-MBD-08,Jazz Host/CM-PAK Guest,DEODAR,Non DG Site,99.98105212066903,99.67971505731919,100,100,99.84122983870968,99.84926376028807,96.6991176324173
DNG6121,DNG6121__S_BalranWala_CMPak7124,12,2G/3G/LTE,Gold,Macro,OMO,C4-MBD-08,Jazz Guest/CM-PAK Host,CM-PAK ,Non DG Site,99.5205159796893,99.98377562830686,98.62240516726402,95.01757008744843,95.80349586817987,93.778002829218,99.76788069992031
RUR0370,RUR0370__S_HeadKhanki,12,2G/3G/LTE,Gold,Macro,CP Prime,C4-WZD-07,JAZZ,DEODAR,Non DG Site,99.64559065113497,99.95902571097876,100,97.22799318415633,99.67973728096375,96.422405478395,96.97381521306231
GJR6264,GJR6264__S_JalalPur_JattanRoad_MDGU4171,9,2G/3G/LTE,Gold,Macro,CP Prime,C4-GRT-04,Jazz Host/TELENOR Guest,DEODAR,Non DG Site,99.67872610513739,99.98374118165782,100,99.9864326131687,99.05231564449745,100,100
GJR6281,GJR6281__S_NoorPur_Sharqi_MDGU4241,12,2G/3G/LTE,Platinum,Macro,Standby,C4-GRT-04,JAZZ,DEODAR,DG site,97.29210225009932,99.98158826609347,99.71217269016321,98.31285365226327,99.60907942552765,99.6505111882716,99.24024915372352
DNG9646,DNG9646__S_ShahTakiyaDinga,12,2G/3G/LTE,Diamond,Macro,Standby,C4-MBD-08,JAZZ,DEODAR,DG site,98.98269489247298,99.65059041556432,99.25272550776577,99.37763631687234,99.07116499900427,99.59137088477361,99.41888503086399
WZB9967,WZB9967__S_Barkat_Town,9,2G/3G/LTE,Diamond,Macro,CP Prime,C4-WZD-07,JAZZ,DEODAR,Non DG Site,98.08110978361852,99.52863205467358,98.47247112704082,87.43282750342902,94.8542662285941,94.30139746227704,97.8721956723748
RUR0373,RUR0373__S_Bharoki,9,2G/3G/LTE,Platinum,Macro,CP Prime,C4-WZD-07,JAZZ,DEODAR,Non DG Site,98.62820257533515,99.87640542328037,100,99.91784550754457,99.78200086287004,98.28277177640594,99.48335656444964
DNG6228,DNG6228__S_Mohalla_Kisabaan_MDLM2862,16,2G/3G/LTE,Elite,Macro,Standby,C4-MBD-08,Jazz Host/UFONE Guest,DEODAR,DG site,96.60018574522059,97.77901785714252,99.51315384184585,98.9976128472221,99.64842583258658,98.03407118055547,97.55461516203697
NRW5629,NRW5629__S_NarowalPark,9,2G/3G/LTE,Platinum,Macro,B2S,C4-NRW-05,Enfrashare,Enfrashare,Non DG Site,97.81965601354034,98.40803663286293,98.10597952343016,98.49444873113836,99.42090219699985,97.28622256515766,97.73233190627897
RUR0820,RUR0820__S_Awan_sharif,9,2G/3G/LTE,Diamond,Macro,OMO,C4-GRT-04,Jazz Guest/UFONE Host,UFONE,Non DG Site,99.66325252223547,99.99538414902996,100,100,100,100,100
KHR1399,KHR1399__P_NeaAra,20,2G/3G/LTE,Elite,Macro,CP Prime,C4-MBD-08,Jazz Host/TELENOR Guest,DEODAR,Non DG Site,99.74098342293902,98.58107018849194,99.73798723118274,95.23148148148144,100,99.9767361111111,99.95440374850655
JPS8771,JPS8771__S_DelavurPur,9,2G/3G/LTE,Hub,Macro,Standby,C4-GRT-04,JAZZ,DEODAR,DG site,99.98718140183193,99.99579750881833,100,99.9756515775034,100,100,100
NRW5877,NRW5877__S_NarowalGPO,6,2G/LTE,Platinum,Macro,OMO,C4-NRW-05,Jazz Guest/PTCL Host,PTCL,Non DG Site,95.46682098765419,96.12465400254739,98.8253808243727,96.34441872427972,96.48629778972513,96.60349794238672,92.08970529669439
SKY9499,SKY9499__S_Saroki_Chowk_2J3777,9,2G/3G/LTE,Hub,Macro,Standby,C4-WZD-07,JAZZ,DEODAR,DG site,99.9902304858622,99.9917328042328,99.96571336121063,100,100,100,99.9148123257666
HWY1576,HWY1576__S_Langaryal,9,2G/3G/LTE,Platinum,Macro,Standby,C4-GRT-04,Jazz Host/TELENOR Guest,DEODAR,DG site,93.6569925660423,95.31757513962337,98.36716364662124,92.8932827503425,96.3181169520771,97.71495627571981,95.15641593654547
RUR0077,RUR0077__S_KakraliVillage,9,2G/3G/LTE,Platinum,Macro,Standby,C4-GRT-04,Jazz Host/TELENOR+CM-PAK Guest,DEODAR,DG site,99.03524492234152,99.19693378894765,99.44919437806966,98.84490740740725,98.57914758396375,99.09259259259247,98.09291202044315
RUR5725,RUR5725__T_GourmetKhulqEMuhammadi,2,2G/3G/LTE,Bronze,Micro,CP Prime,C4-NRW-05,JAZZ,JAZZ,Non DG Site,80.53399417562686,89.94533316798909,89.8451500896054,82.45823688271554,84.26317951015486,86.19029706790079,86.98084677419315
GJR5875,GJR5875__T_ServiceIndustriesGujrat,2,2G/3G/LTE,Bronze,Micro,CP Prime,C4-GRT-04,JAZZ,JAZZ,Non DG Site,99.77430555555553,99.8988301917989,99.97591845878136,99.66319444444443,99.87343189964156,99.99855324074072,99.97610513739545
RUR5553,RUR5553__S_MusaKamala,9,2G/3G/LTE,Gold,Macro,B2S,C4-GRT-04,E.Co,E.CO,Non DG Site,94.20209411920865,99.1197503306877,99.73528972520903,98.19656635802461,95.77473699057464,96.83007544581606,84.1035070688966
NRW4001,NRW4001__P_ZafarwalChkNarrowal,12,2G/3G/LTE,Elite,Macro,Standby,C4-NRW-05,JAZZ,DEODAR,DG site,98.14989048187957,99.55036789021155,99.28743217343661,98.6318479938269,97.35670860712841,96.72701260288046,95.47400811429691
DIL2201,DIL2201__S_Basoha,9,2G/3G/LTE,Diamond,Macro,Standby,C4-MBD-08,Jazz Host/CM-PAK Guest,DEODAR,DG site,97.79211054692666,99.71436838624332,99.6085349462365,98.02124056927285,96.86645426788787,99.68936471193413,98.58097288596831
TDA3942,TDA3942__P_SurghPuraRoad,9,2G/3G/LTE,Platinum,Macro,CP Prime,C4-GRT-04,JAZZ,DEODAR,Non DG Site,99.95606829948227,99.97972240593765,100,99.48373199588474,99.99097720031858,99.9965920781893,97.51420831673948
RUR9208,RUR9208__S_Chopala,9,2G/3G/LTE,Platinum,Macro,Standby,C4-GRT-04,Jazz Host/CM-PAK Guest,DEODAR,DG site,98.99054576529925,98.73996454291587,99.74051672640381,99.85845336076817,99.8937176423735,99.30026148834015,99.69108837780416
KRW8772,KRW8772__P_mohallahShomaliKRW,12,2G/3G/LTE,Elite,Macro,Standby,C4-GRT-04,JAZZ,DEODAR,DG site,98.34629194046177,99.94960455246907,99.7874819544006,99.90782536008219,99.79529134309035,100,99.73289401632806
RUR0507,RUR0507__S_Chana_UfoneShrng,9,2G/3G/LTE,Diamond,Macro,OMO,C4-MBD-08,Jazz Guest/UFONE Host,UFONE,Non DG Site,95.49749850657096,99.76293816137566,99.76472272003184,99.53320044581616,99.20170001991228,100,98.52366255144027
NRW3788,NRW3788__P_MohallaLodhran,12,2G/3G/LTE,Elite,Macro,Standby,C4-NRW-05,JAZZ,DEODAR,DG site,99.12217493030651,99.65107266865074,99.61416641776181,99.49839248971188,94.28708992931074,94.28015689300379,97.00841298287507
GJR3436,GJR3436__S_GulshanColonyGujrat,12,2G/3G/LTE,Diamond,Macro,Standby,C4-GRT-04,Jazz Host/CM-PAK+UFONE+TELENOR Guest,DEODAR,DG site,99.00856543707667,99.85632302689592,100,99.9622395833333,99.97442502986854,99.99996784979425,100
SRW9972,SRW9972__S_KotAnayatKh,9,2G/3G/LTE,Diamond,Macro,Standby,C4-GUJ-02,Jazz Host/UFONE Guest,DEODAR,DG site,99.51897069560592,99.96389991181653,99.98705694942251,99.58710562414262,99.15173237753878,98.88209447873787,95.22189864595761
RUR0792,RUR0792__S_Kotla_Qasin,9,2G/3G/LTE,Gold,Macro,OMO,C4-GRT-04,Jazz Guest/CM-PAK Host,CM-PAK ,Non DG Site,99.94156959378732,98.53330761316862,99.68886897650334,100,97.44389270542935,99.3844950274348,97.15091099163672
RUR4039,RUR4039__S_KangrorPindNRW,12,2G/3G/LTE,Diamond,Macro,Standby,C4-NRW-05,JAZZ,DEODAR,DG site,99.4945676523297,99.07736372905636,99.469506048387,99.33579282407393,99.55799171146943,98.65858088991762,99.53629032258057
NRW9815,NRW9815__H_GunjHussain,12,2G/3G/LTE,Hub,Macro,Standby,C4-NRW-05,Jazz Host/TELENOR Guest,DEODAR,DG site,99.99982887793698,99.2413986717369,99.96537111708442,99.78478652263328,99.92837763839069,98.46071244855922,99.96583781361963
HWY3435,HWY3435__H_GJRChakMurtazaGT,9,2G/3G/LTE,Platinum,Macro,Standby,C4-GRT-04,JAZZ,DEODAR,DG site,99.98830147351651,99.51501414609048,100,99.76515346364884,100,100,99.48368843754145
WZB9635,WZB9635__P_Bagri_PlazaWazirabad,9,2G/3G/LTE,Platinum,Macro,CP Prime,C4-WZD-07,Jazz Host/CM-PAK Guest,DEODAR,Non DG Site,96.96244855967066,99.6276546884185,97.51916567104739,99.82748199588472,98.64388357891936,100,99.078077293243
KHR0242,KHR0242__P_GTRoadKharian,18,2G/3G/LTE,Elite,Macro,Standby,C4-MBD-08,JAZZ,DEODAR,DG site,99.0292815777246,99.02783518885937,99.96318282888622,98.75982724622757,98.30695979357466,97.0495541838132,99.31109368777368
LLM6248,LLM6248__S_Mohallah_Hussain_MDLM3308,9,2G/3G/LTE,Diamond,Macro,Standby,C4-GRT-04,JAZZ,DEODAR,DG site,100,99.51565715020571,99.31418425594048,98.9644204389574,100,100,99.57074289791576
RUR5691,RUR5691__S_SookKalan,9,2G/3G/LTE,Diamond,Macro,B2S,C4-GRT-04,E.Co,E.CO,Non DG Site,99.66012046993227,99.30307539682535,99.38694743130219,99.7454989711934,99.78438620071682,98.50797325102876,98.59779470330541
GFG9669,GFG9669__S_Dairan_Walla,9,2G/3G/LTE,Diamond,Macro,CP Prime,C4-NRW-05,Jazz Host/UFONE+CM-PAK Guest,DEODAR,Non DG Site,98.91479573211197,98.80392048794815,97.73625215717497,95.42759773662533,96.59284564582494,88.39161093964314,92.96059836718406
GJR5605,GJR5605__S_MadinaSyedan_CMPak3613,9,2G/3G/LTE,Gold,Macro,OMO,C4-GRT-04,Jazz Guest/CM-PAK Host,CM-PAK ,Non DG Site,99.09191225275451,99.96787275867132,100,99.50218621399168,98.50443465418819,99.5007073045267,99.77893103677144
AMG8795,AMG8795__S_Ludhaywala,12,2G/3G/LTE,Platinum,Macro,Standby,C4-HFZ-06,Jazz Host/CM-PAK Guest,DEODAR,DG site,97.30249402628415,99.7801614858906,93.85415111011523,99.79266332304518,99.97056700517719,99.90970614711925,98.52979701812002
RUR0357,RUR0357__S_BadokiGusaiyan,12,2G/3G/LTE,Elite,Macro,Standby,C4-GUJ-02,JAZZ,DEODAR,DG site,99.99606419255274,99.97643849206347,99.93551809538032,100,99.38606070788526,98.43259709362127,99.92297951513338
NRW6970,NRW6970__P_WordNo10Narowal,12,2G/3G/LTE,Elite,Macro,Standby,C4-NRW-05,Jazz Host/CM-PAK Guest,DEODAR,DG site,98.77902852449179,99.6086343970455,97.56511972321748,97.90311535493778,99.39169217941014,98.10916602366208,99.65634022799631
WZB4219,WZB4219__P_Janubi_Phatak,16,2G/3G/LTE,Elite,Macro,Standby,C4-WZD-07,Jazz Host/TELENOR Guest,DEODAR,DG site,97.9174600507763,99.01703042328025,99.48826724910387,95.30330102237632,97.5243148894859,99.73056520061715,97.91547659050158
HWY1244,HWY1244__S_Pindori_TP_LAPR02,6,2G/LTE,Gold,Macro,OMO,C4-HFZ-06,Jazz Guest/TELENOR Host,TELENOR,Non DG Site,99.48921619872557,99.97860863095237,100,99.99398791152264,99.75610439068099,100,88.68456914575839
DNG6475,DNG6475_S_Bhalesranwala,6,2G/LTE,Diamond,Macro,B2S,C4-MBD-08,E.Co,E.CO,Non DG Site,90.63473840103521,98.59767691798932,98.27266278375131,89.79510673868292,91.18603146156886,96.83571244855956,93.6637233671842
RUR6533,RUR6533__S_Beknanwala,6,2G/LTE,Diamond,Macro,B2S,C4-MBD-08,ATL,ATL,Non DG Site,100,99.9832244819224,100,99.31288580246913,100,99.87651105967076,99.81154793906809
GFG9667,GFG9667__S_GhotaFatehGarh,9,2G/LTE,Diamond,Macro,Standby,C4-NRW-05,Jazz Host/TELENOR Guest,DEODAR,DG site,99.65035095579444,99.93806492504407,99.92700866188764,99.62319958847725,99.94339489579183,98.28849451303138,99.58746100491169
RUR0647,RUR0647__P_Gorali,12,2G/3G/LTE,Elite,Macro,Standby,C4-GRT-04,JAZZ,DEODAR,DG site,98.15499303066474,99.53898327270709,99.95312811131012,98.8995627572014,99.93049332935067,99.19198495370348,95.61190138391052
RUR5761,RUR5761_H_Ucha Khalwan Narowal,6,2G/LTE,Diamond,Macro,B2S,C4-NRW-05,ATL,ATL,Non DG Site,97.6699708781361,99.99266286375662,100,99.31684027777774,99.75165521704497,98.20968364197523,99.95205470927914
GJR6488,GJR6488__S_TibbiMarlan,9,2G/LTE,Gold,Macro,B2S,C4-GRT-04,ATL,ATL,Non DG Site,98.77084577857423,99.9018270502645,100,99.67091049382712,99.9519613699721,99.76607510288063,99.48200833001455
RUR8811,RUR8811__S_Pindiman,6,2G/LTE,Diamond,Macro,CP Prime,C4-NRW-05,JAZZ,DEODAR,Non DG Site,98.08610862206255,99.04834242724839,98.65417164476276,96.07587448559626,96.77848715651088,95.54298482510256,95.38710921943401
JPJ5565,JPJ5565_H_Nikka Dawara Rd Jalalpur Gujrat Punjab,6,2G/LTE,Diamond,Macro,B2S,C4-GRT-04,Enfrashare,Enfrashare,Non DG Site,94.78955097570677,99.97771301807758,100,99.95380015432097,99.84832362604539,99.25691229423863,99.87240516726399
NRW5820,NRW5820_H_Ransinwal road Narowal,6,2G/LTE,Platinum,Macro,B2S,C4-NRW-05,Enfrashare,Enfrashare,Non DG Site,98.40924930306637,99.31072255290997,99.21790994623645,99.68865740740738,99.306488948626,94.38146219135787,97.80235712863394
RUR8874,RUR8874__S_HazratKelainWala,6,2G/LTE,Gold,Macro,Standby,C4-HFZ-06,JAZZ,DEODAR,DG site,99.13919379729184,99.98408564814814,99.66164501194736,99.84587191358023,99.88323252688171,99.95029578189299,99.43147028076459
RUR9490,RUR9490__S_Vilage_Dhilwan_Wazirabad_Distt._1P3563,6,2G/LTE,Gold,Macro,Standby,C4-HFZ-06,JAZZ,DEODAR,DG site,98.42247237156502,99.98305224867725,100,99.97627314814808,99.93503584229387,99.45338220164594,98.48690760653119
RUR6573,RUR6573__S_Daowala,6,2G/LTE,Gold,Macro,B2S,C4-NRW-05,Enfrashare,Enfrashare,Non DG Site,95.58352623456773,99.52153604497347,99.94219185583432,95.5755208333332,94.44298212863382,96.56703317901218,93.41139610712852
DNG6229,DNG6229__S_Mohallah_Baggi_MDLM2861,12,2G/3G/LTE,Elite,Macro,Standby,C4-MBD-08,JAZZ,DEODAR,DG site,98.65116923038603,98.91245039682524,98.71070415173219,94.71627443415613,98.09338908801249,98.56081211419723,96.98534261748283
RUR9505,RUR9505__S_Gil Wala_GJ7687,6,2G/LTE,Bronze,Macro,OMO,C4-GUJ-02,Jazz Guest/TELENOR Host,TELENOR,Non DG Site,100,99.96834352954137,100,98.45814043209877,99.98895484866587,100,98.3841410294703
RUR5932,RUR5932_H_Chaura Gujranwala Punjab Pakistan,6,2G/LTE,Bronze,Macro,OMO,C4-GUJ-02,Jazz Guest/CM-PAK Host,CM-PAK ,Non DG Site,100,99.98308669532625,99.93998282556747,100,95.75184811827955,100,99.35791890681004
GJR5750,GJR5750_H_Baghdad Colony Gujrat,9,2G/LTE,Diamond,Macro,B2S,C4-GRT-04,Enfrashare,Enfrashare,Non DG Site,98.20359169653516,99.91347001763666,99.95631720430107,99.99993569958846,99.42787153192616,99.61522633744848,98.91911008230447
DNG3509,DNG3509__H_MaladChwk,18,2G/3G/LTE,Hub,Macro,Standby,C4-MBD-08,JAZZ,DEODAR,DG site,99.99963701380591,99.91109319885358,100,95.6370241769544,98.44226030465903,98.55968149862795,98.51869482609807
RUR0906,RUR0906__S_MuranWali,6,2G/LTE,Diamond,Macro,Standby,C4-NRW-05,Jazz Host/TELENOR Guest,DEODAR,DG site,100,99.38450727513214,99.18374775985657,99.36532278806577,99.23206640780562,99.65306712962959,99.36594608721617
HWY6462,HWY6462__S_SadiqAbadGTRoad,6,2G/LTE,Gold,Macro,B2S,C4-GRT-04,E.Co,E.CO,Non DG Site,98.1401209677417,98.49299355158722,99.17217368578248,92.32658179012324,98.25212813620064,97.62702546296289,98.87451463560332
RUR3529,RUR3529__S_MozaJalalpurChatha,6,2G/LTE,Diamond,Macro,Standby,C4-HFZ-06,JAZZ,DEODAR,DG site,98.2638888888887,99.28564539241613,99.09992906212653,97.7467528292179,97.69087888291494,98.42367541152238,99.25011200716835
HWY5602,HWY5602_H_Village Chechian PO Dittewal Teh and Chechian Gujrat,6,2G/LTE,Bronze,Macro,OMO,C4-GRT-04,Jazz Guest/TELENOR Host,TELENOR,Non DG Site,99.48644713261648,99.84157986111107,100,98.94839891975307,98.21339232377535,99.96585648148147,99.99402628434883
HWY6555,HWY6555__S_MohlaKalan,6,2G/LTE,Platinum,Macro,B2S,C4-GRT-04,E.Co,E.CO,Non DG Site,98.8183243727598,99.29098462301582,99.80613425925922,98.25511188271592,98.65946087216243,98.95666152263362,97.00626617881304
WZB5520,WZB5520_H_Rasul Nagar Rd Ali Nagar Gujranwala,6,2G/LTE,Gold,Macro,B2S,C4-WZD-07,ATL,ATL,Non DG Site,97.98589331939463,99.88977072310402,99.39376120071684,99.0125385802469,98.28517025089597,99.09374999999997,98.4903300477896
GJR5702,GJR5702_H_Jamalpur Syedan Gujrat,9,2G/LTE,Bronze,Macro,OMO,C4-GRT-04,Jazz Guest/CM-PAK Host,CM-PAK ,Non DG Site,99.83678066507365,99.93604405496765,100,99.84728652263374,99.47468637992829,99.97601594650203,99.81782241470859
GHK5824,GHK5824_H_Ghakhar Gujranwala,6,2G/LTE,Platinum,Macro,B2S,C4-GUJ-02,Tawal,Tawal,Non DG Site,98.88333001460222,99.89254941945906,99.4084984401964,98.62328532235918,99.16689482941722,99.69900977366254,99.64960424133807
RUR0687,RUR0687__S_Jandala,8,2G/LTE,Gold,Macro,Standby,C4-GRT-04,Jazz Host/CM-PAK+UFONE Guest,DEODAR,DG site,96.33141521057313,98.73289723875641,99.24077807646336,94.53030960648107,97.85982302867345,98.27741608796252,98.46832530615285
GHK5812,GHK5812_H_Pir Kot Gujranwala,6,2G/LTE,Diamond,Macro,B2S,C4-GUJ-02,Tawal,Tawal,Non DG Site,93.97795532988158,99.15823871987058,97.35123788663195,97.5936213991767,99.9891104141776,99.23478223593962,99.58140432098762
RUR5680,RUR5680_H_Mattoo Bhaie Key Gujranwala,6,2G/LTE,Diamond,Macro,B2S,C4-HFZ-06,ATL,ATL,Non DG Site,99.21809662485062,99.98315558862431,100,100,99.6264872062923,99.99537037037037,99.33088162086815
RUR5626,RUR5626_H_Majara Gujrat,6,2G/LTE,Platinum,Macro,B2S,C4-GRT-04,Enfrashare,Enfrashare,Non DG Site,97.9698576264435,99.9786155202821,100,99.84241255144029,99.92437027080842,100,100
RUR5661,RUR5661_S__ JarChikah,6,2G/LTE,Bronze,Macro,B2S,C4-HFZ-06,Enfrashare,Enfrashare,Non DG Site,99.58968040621265,99.98305224867725,99.42926125049777,100,99.63006521306252,98.83540702160492,98.29632429808832
RUR6534,RUR6534__S_KhoriAlam,6,2G/LTE,Diamond,Macro,B2S,C4-MBD-08,E.Co,E.CO,Non DG Site,99.61833557347667,99.82153191137559,100,97.45688657407399,99.85579077060929,99.81327160493827,97.98181750298674
DNG5811,DNG5811_H_Lalamusa Dinga Road Dhndhala Gujrat,6,2G/LTE,Bronze,Macro,B2S,C4-MBD-08,Enfrashare,Enfrashare,Non DG Site,98.60927543807244,99.97619736552026,100,99.50131815843616,96.54180978693742,99.2223186728395,99.1658266129032
GJR5862,GJR5862_H_Near Sarafa Bazar Main Bazaar Gujrat,6,2G/LTE,Diamond,Macro,B2S,C4-GRT-04,Enfrashare,Enfrashare,Non DG Site,99.74101453604138,99.98250110229274,100,98.08397633744848,99.79627140581438,100,99.89502439267223
LLM5926,LTE_LLM5926_H_Mohalla Chiraghpura Lalamusa,6,2G/LTE,Platinum,Macro,B2S,C4-GRT-04,Enfrashare,Enfrashare,Non DG Site,99.68255301672637,99.21420304232797,99.81005451015528,99.22173996913577,100,100,97.43615591397842
RUR6517,RUR6517__S_Gangohar,6,2G/LTE,Diamond,Macro,B2S,C4-NRW-05,E.Co,E.CO,Non DG Site,86.27797067901197,95.67053847001736,89.08627041019481,82.29423868312705,92.35473292512911,90.71344521604912,95.19184338908778
ALC6522,ALC6522__S_NearSaidNagar,6,2G/LTE,Diamond,Macro,B2S,C4-HFZ-06,E.Co,E.CO,Non DG Site,96.21590003982467,99.83221037257492,98.23013117283948,95.58693415637843,98.62175179211458,96.25183256172826,94.24843189964143
RUR6174,RUR6174__S_Adda kang chanan phaila road Gujrat_MR335300,6,2G/LTE,Diamond,Macro,Standby,C4-MBD-08,Jazz Host/CM-PAK Guest,DEODAR,DG site,99.08897725009949,99.89035631613753,99.81864172640381,99.76697530864196,99.25337888291511,98.71209490740736,99.58874701314213
RUR5842,RUR5842_H_near graveyard Baba Azeem Doga Sharif Gujrat,6,2G/LTE,Diamond,Macro,B2S,C4-GRT-04,Enfrashare,Enfrashare,Non DG Site,100,99.98856371252204,99.76618503584228,100,99.55607825567503,100,99.34746490442052
GJR4905,GJR4905__S_CheemaCly_GJR,9,2G/3G/LTE,Gold,Macro,CP Prime,C4-GRT-04,JAZZ,DEODAR,Non DG Site,99.91464638922074,99.977425962669,100,99.23855452674889,99.98145659099958,100,99.72734551307573
GJR6246,GJR6246__S_Jatowaqal_MDGU4170,12,2G/3G/LTE,Elite,Macro,Standby,C4-GRT-04,JAZZ,DEODAR,DG site,96.24926884209447,99.60953000992045,99.52449845678993,97.40919174382681,97.7514872062921,98.81568287037011,98.09178676324139
GJR3401,GJR3401__S_JalalpurRdGujrat,9,2G/3G/LTE,Diamond,Macro,Standby,C4-GRT-04,Jazz Host/TELENOR Guest,DEODAR,DG site,98.87625696933485,99.6110284391534,99.69187657639712,98.40880058299012,99.31269082702771,98.4636488340191,99.50123622726662
SKL9911,SKL9911__S_PindHasana,9,2G/3G/LTE,Gold,Macro,Standby,C4-GRT-04,JAZZ,DEODAR,DG site,97.0660344484267,99.75864381246318,98.57715634541348,99.06710819615901,99.86268750829682,99.95687585733876,100
GJR6294,GJR6294__S_UmerPalaza_MirzaAkram_Hospital_MDGU4240,9,2G/3G/LTE,Gold,Macro,Standby,C4-GRT-04,JAZZ,DEODAR,DG site,99.01350723483327,99.25951186801863,99.69538198592848,96.58924897119307,99.50608987123313,99.90425668724278,99.88998407009157
RUR9739,RUR9739__H_MaralaMore,9,2G/3G/LTE,Platinum,Macro,Standby,C4-NRW-05,JAZZ,DEODAR,DG site,99.47505973715644,99.83545983980007,99.99993777379527,99.28843021261982,99.73771654719194,98.73574674211203,98.24833233771363
HWY9507,HWY9507__S_Khattyan Wala Khoh_G.T.Road_WA1592,18,2G/3G/LTE,Hub,Macro,Standby,C4-WZD-07,JAZZ,DEODAR,DG site,100,99.86067478688999,100,99.90076303155007,99.74516294968801,100,99.56740342493018
WZB4220,WZB4220__P_WazirabadBypas,9,2G/3G/LTE,Diamond,Macro,CP Prime,C4-WZD-07,Jazz Host/TELENOR Guest,DEODAR,Non DG Site,98.87945124784281,99.98642802028219,99.78799532058939,96.80508401920434,95.53765515067032,95.1475908779148,95.2465609650868
GUJ5757,GUJ5757__S_CMHRoadRahwaliCantt,9,2G/3G/LTE,Bronze,Macro,Standby,C4-GUJ-02,JAZZ,DEODAR,DG site,100,99.60489693562606,99.7001111774857,99.26442472565152,100,99.98173868312756,99.75470430107522
GJR8820,GJR8820__H_ShalimarTowerGJR,12,2G/3G/LTE,Hub,Macro,Standby,C4-GRT-04,JAZZ,DEODAR,DG site,97.467471251493,98.88165509259231,100,100,99.99995333034646,98.8295878343621,100
RUR1053,RUR1053__H_Bagriawala,6,2G/LTE,Gold,Macro,Standby,C4-MBD-08,Jazz Host/CM-PAK Guest,DEODAR,DG site,99.90824746117084,99.41778273809516,99.41448252688168,99.11352237654316,99.55813172043007,99.32735339506165,97.04798884906393
GJR6257,GJR6257__S_Shaheen_Chowk_Gujrat_Bypass_MDGU4247,12,2G/3G/LTE,Elite,Macro,Standby,C4-GRT-04,Jazz Host/UFONE Guest,DEODAR,DG site,99.92577969434487,99.98148492614635,99.77209652528869,98.98329796810694,99.65162659299075,98.9879597479422,99.70548337315806
KNJ3535,KNJ3535__H_PunghtaTalabKunjah,12,2G/3G/LTE,Platinum,Macro,Standby,C4-GRT-04,JAZZ,DEODAR,DG site,99.72222222222219,99.71857087742498,100,99.57005529835384,100,100,99.62172690163281
WZB0364,WZB0364__P_MainBazar,12,2G/3G/LTE,Elite,Macro,Standby,C4-WZD-07,JAZZ,DEODAR,DG site,97.37624763540404,99.1556092923279,98.95584428514528,97.53549382716037,95.92860165272785,95.46923225308628,97.78200915969722
RUR0456,RUR0456__P_BarilaSharif,18,2G/3G/LTE,Elite,Macro,Standby,C4-GRT-04,Jazz Host/CM-PAK+UFONE Guest,DEODAR,DG site,96.48000879463684,99.68403237066424,100,98.93275248628257,98.599184421877,99.208236882716,97.91297457852113
RUR6256,RUR6256__S_Chak_Kala_Jalapurjatan Road_MR1O3562,12,2G/3G/LTE,Platinum,Macro,Standby,C4-GRT-04,JAZZ,DEODAR,DG site,98.93498295001986,99.80510085978828,99.96600893568296,99.52401620370364,99.30361098665858,98.02345357510268,99.46040546594969
RUR0403,RUR0403__S_MUHALLARAHMANIA_Warid_MDPR4148,18,2G/LTE,Elite,Macro,CP Prime,C4-NRW-05,Jazz Host/UFONE Guest,DEODAR,Non DG Site,98.12021895327202,99.63661081716627,99.85776126709146,99.21520276063097,99.88000713527146,95.03751929012336,98.68445506438326
BBK9609,BBK9609__S_BobakMaraly,9,2G/3G/LTE,Diamond,Macro,Standby,C4-NRW-05,Jazz Host/TELENOR Guest,DEODAR,DG site,98.61702260055748,99.48979919900049,99.59669122527538,98.94002914951982,99.23227382848785,98.62630744170082,98.3604639585821
RUR0271,RUR0271__S_TalwandiBhindran_Warid_MDNR1589,9,2G/LTE,Diamond,Macro,Standby,C4-NRW-05,JAZZ,DEODAR,DG site,95.59809753750135,99.99228395061725,99.22163314748431,99.68023405349783,98.48101685915293,99.03064986282567,99.16550511084549
RUR6968,RUR6968__H_IttehadColony,18,2G/3G/LTE,Hub,Macro,Standby,C4-NRW-05,JAZZ,DEODAR,DG site,99.99755243594848,99.7668191504996,99.99768725939201,99.61352237654316,100,98.45122813786006,99.80687060268149
RUR2110,RUR2110__S_KalaraKhasa,9,2G/3G/LTE,Diamond,Macro,OMO,C4-GRT-04,Jazz Guest/UFONE Host,UFONE,Non DG Site,100,99.98250110229274,100,100,98.77123987787068,100,97.74230884109906
RUR4037,RUR4037__S_JarpalExchange4,6,2G/3G/LTE,Diamond,Macro,Standby,C4-NRW-05,JAZZ,DEODAR,DG site,96.87776906610895,99.94006283068778,99.79680032855437,99.1577610596707,98.6001904121863,98.21051954732494,94.16249751095161
SDL6964,SDL6964__P_FahadPlazaShadiwal,20,2G/3G/LTE,Elite,Macro,Standby,C4-GRT-04,JAZZ,DEODAR,DG site,99.57194593787327,99.88911623677242,99.93581989247306,99.99217785493823,99.69376306750296,98.4365644290123,99.07069519115869
RUR9486,RUR9486__S_Warpal_Khurd_1M3548,20,2G/3G/LTE,Elite,Macro,Standby,C4-HFZ-06,JAZZ,DEODAR,DG site,99.35664949223403,99.870205026455,99.73362828554353,99.02996720679002,99.86118578255662,98.70028935185171,98.47739321983252
KHJ6978,KHJ6978__S_ChakGillanGujrat,9,2G/3G/LTE,Gold,Macro,CP Prime,C4-MBD-08,Jazz Host/TELENOR Guest,DEODAR,Non DG Site,99.3826953073144,99.64829971340382,99.98465086950748,99.87838648834015,99.76298038630026,99.32443844307254,98.16048967874667
GJR6908,GJR6908__S_GujratWestBypassGJR,20,2G/3G/LTE,Hub,Macro,Standby,C4-GRT-04,Jazz Host/UFONE Guest,DEODAR,DG site,98.5072991338111,99.41844411375658,99.43616524790909,98.95601851851833,99.8046594982078,97.57596450617257,99.32389672939053
DNG3989,DNG3989__P_ComplexroadDinga,18,2G/3G/LTE,Elite,Macro,Standby,C4-MBD-08,Jazz Host/CM-PAK+TELENOR Guest,DEODAR,DG site,99.75087738948622,99.94981123236327,99.24240632881981,98.29905049725645,99.09357161821306,98.87777563443062,95.91496374286457
RUR3396,RUR3396__P_SKGMCBChowkZafarwal,18,2G/3G/LTE,Elite,Macro,Standby,C4-NRW-05,Jazz Host/CM-PAK Guest,DEODAR,DG site,98.6014141942121,99.81825947971778,99.4872249601752,98.24588477366237,99.99872436280363,92.55781678669385,99.91863923735562
ALC3447,ALC3447__H_IkalGarhAlipurChat,20,2G/3G/LTE,Hub,Macro,Standby,C4-HFZ-06,JAZZ,DEODAR,DG site,99.72376232078848,99.97730654761904,99.97799992532853,99.58238811728386,99.13283116786126,100,100
ALC8810,ALC8810__P_ChoriGali,18,2G/3G/LTE,Elite,Macro,Standby,C4-HFZ-06,JAZZ,DEODAR,DG site,99.6077882317801,99.84633349867725,99.85767829881851,99.34297839506169,98.01080454334249,99.8428605109739,99.83286041417757
RUR9206,RUR9206__P_DhaSirihali,18,2G/3G/LTE,Platinum,Macro,Standby,C4-GRT-04,JAZZ,DEODAR,DG site,95.2296665505107,99.35017544826552,99.33798577923785,96.67076045953327,98.81593903491279,98.3239240397803,99.18216099163664
JPJ6403,JPJ6403__S_IslamGarh_Ufone1335,9,2G/3G/LTE,Gold,Macro,OMO,C4-GRT-04,Jazz Guest/UFONE Host,UFONE,Non DG Site,96.86469119208795,99.09504060111689,100,100,100,99.98111711248283,100
GJR4903,GJR4903__H_FaizabadRialwa,16,2G/3G/LTE,Diamond,Macro,Standby,C4-GRT-04,JAZZ,DEODAR,DG site,98.87634641950412,99.94601779513887,99.91810642547787,99.89882330246913,99.78321945937867,99.49569589120367,98.62966229838703
GJR6251,GJR6251__S_Shadman_MDGU4208,9,2G/3G/LTE,Platinum,Macro,Standby,C4-GRT-04,Jazz Host/CM-PAK+TELENOR Guest,DEODAR,DG site,96.02617234169617,99.34255125661369,99.70226835258194,97.42663323045248,99.85443216513997,99.97695901920433,98.31445805124105
KPD9970,KPD9970__S_KaloPaddaNorowal,9,2G/3G/LTE,Diamond,Macro,Standby,C4-NRW-05,JAZZ,DEODAR,DG site,99.80118727598561,99.93436765138146,99.91767473118277,99.09859396433461,98.91041915571475,98.89158950617274,99.21248589539351
RUR3946,RUR3946__S_GhakharMandi3,9,2G/3G/LTE,Diamond,Macro,CP Prime,C4-WZD-07,Jazz Host/TELENOR+CM-PAK Guest,DEODAR,Non DG Site,99.72469052834194,99.95002939447376,99.08515033851056,98.41615226337443,99.34730933890872,99.11181841563781,96.34242665604661
LLM4526,LLM4526__S_MuhallahChaghpura,12,2G/3G/LTE,Diamond,Macro,CP Prime,C4-GRT-04,Jazz Host/UFONE Guest,DEODAR,Non DG Site,99.91443896853839,98.9994798555996,99.67664152727997,99.35558127572003,99.67080782058939,99.84138695987653,98.84445937873352
GJR6247,GJR6247__S_Kot_Uddu_Wall_MDGU4252,12,2G/3G/LTE,Platinum,Macro,Standby,C4-GRT-04,JAZZ,DEODAR,DG site,99.07587863401028,99.98151937279538,100,99.74210712448556,99.74989732676218,99.6788515946502,99.69397152528872
WZB9803,WZB9803__S_FazalColony,9,2G/3G/LTE,Gold,Macro,Standby,C4-WZD-07,JAZZ,DEODAR,DG site,99.98604058807909,99.9137455908289,99.57603212531522,99.05444101508914,99.81726237886609,98.6009945130315,97.86344251958046
HWY0282,HWY0282__S_ChakSantharia,12,2G/3G/LTE,Platinum,Macro,Standby,C4-GRT-04,Jazz Host/TELENOR Guest,DEODAR,DG site,96.5137924382714,99.43703841490289,99.91643020708881,98.27236046810677,99.80044056152923,99.62376221707811,99.54252849960162
HWY3181,HWY3181__S_Khatala_ChanabWarid_MDGU4248,18,2G/3G/LTE,Elite,Macro,Standby,C4-GRT-04,JAZZ,DEODAR,DG site,98.00414633943969,99.61695326278648,99.89423619407935,97.95420739026044,99.7712772135935,98.48960476680367,97.93348848400352
RUR9207,RUR9207__P_Dhudra,18,2G/3G/LTE,Platinum,Macro,Standby,C4-GRT-04,JAZZ,DEODAR,DG site,99.08600076330806,99.85310800631976,98.08072605535642,99.76217421124824,100,100,99.98944228726933
GJR3431,GJR3431__S_MohallahEidGah,9,2G/3G/LTE,Gold,Macro,CP Prime,C4-GRT-04,Jazz Host/TELENOR Guest,DEODAR,Non DG Site,99.74711270410187,99.92469962522043,99.9673105004646,100,99.97423835125446,96.17956961591211,98.58205147351643
WZB9742,WZB9742__S_WazirabadWarid_MDWA4191,9,2G/3G/LTE,Platinum,Macro,Standby,C4-WZD-07,Jazz Host/UFONE Guest,DEODAR,DG site,97.46314134474964,99.58491787918861,99.81027230187172,98.81880144032905,98.28670516394519,99.22860939643333,99.6072696800743
WZB0571,WZB0571__S_ChemaColonyWarid_MDWA1512,9,2G/3G/LTE,Platinum,Macro,CP Prime,C4-WZD-07,Jazz Host/CM-PAK Guest,DEODAR,Non DG Site,99.82209528076461,99.94812334656082,100,95.20664008916303,99.86335125448025,95.04419581618646,98.92518750829679
RUR9984,RUR9984__S_DhamtalSankhatraRd_Warid_MDSK4336,20,2G/3G/LTE,Elite,Macro,Standby,C4-NRW-05,JAZZ,DEODAR,DG site,98.89891353046586,99.69144758597879,99.88463261648747,99.39820601851847,98.2686211917562,99.60137924382705,99.1153393817203
GJR6286,GJR6286__S_Mohalla_Sultanabad_Main_GT_Rd_MDGU4262,20,2G/3G/LTE,Elite,Macro,Standby,C4-GRT-04,JAZZ,DEODAR,DG site,99.80861708482675,99.80828373015866,99.98461768219832,98.00209297839497,97.93711730884097,98.22440200617274,96.52613500597356
GJR0398,GJR0398__S_MumtazCenterJinnah,9,2G/3G/LTE,Diamond,Macro,CP Prime,C4-GRT-04,JAZZ,DEODAR,Non DG Site,99.93277495685649,99.95009828777185,100,99.60463820301784,100,99.99967849794236,99.70579450418158
GJR1058,GJR1058__S_ModelTownGJR(Zong5218),9,2G/3G/LTE,Platinum,Macro,OMO,C4-GRT-04,Jazz Guest/CM-PAK Host,CM-PAK ,Non DG Site,99.21696618213187,99.96497924015281,100,99.99997856652948,100,99.60980366941003,98.63486077923794
GJR1059,GJR1059__S_Moen ud Din Pur(TELENOR_LWR-001),9,2G/3G/LTE,Gold,Macro,OMO,C4-GRT-04,Jazz Guest/TELENOR Host,TELENOR,Non DG Site,94.82375464622298,98.00781249999976,100,95.41698816872399,99.05528176025484,99.70799039780516,97.58780117483056
GJR2114,GJR2114__S_MuhallahChahBeriWala,9,2G/3G/LTE,Gold,Macro,OMO,C4-GRT-04,Jazz Guest/UFONE Host,UFONE,Non DG Site,99.8471931833267,99.98436122134035,99.99805024558607,99.8472007887517,99.43467493030664,99.9275977366255,99.99296843886897
TDA3941,TDA3941__S_BusStandTanda,9,2G/3G/LTE,Platinum,Macro,Standby,C4-GRT-04,JAZZ,DEODAR,DG site,99.94034581176159,99.38900830393875,100,100,99.99135055754678,100,100
RUR2315,RUR2315__S_RupoChak(Ufone-3461),12,2G/3G/LTE,Diamond,Macro,OMO,C4-NRW-05,Jazz Guest/UFONE Host,UFONE,Non DG Site,96.61189204998,97.60022252535269,98.28733261150926,94.30611818415613,93.11126356531246,95.66624871399156,84.72208221326136
GFG1000,GFG1000__S_Pejowla(TP-LBRD07),9,2G/3G/LTE,Gold,Macro,OMO,C4-NRW-05,Jazz Guest/TELENOR Host,TELENOR,Non DG Site,93.06936977299851,97.59851741622568,97.26117582636394,97.0070730452673,93.28245303995733,87.72687328532203,88.38062524890448
GJR4909,GJR4909__S_ChahtotayWalaGJR,12,2G/3G/LTE,Platinum,Macro,Standby,C4-GRT-04,JAZZ,DEODAR,DG site,98.49757940063698,99.96467496141972,99.64111036439665,99.3145736882715,99.24486944942244,98.68301504629623,97.86022749900427
GUJ6261,GUJ6261__S_CSDRahwaliCantt,9,2G/3G/LTE,Diamond,Macro,Standby,C4-GUJ-02,JAZZ,DEODAR,DG site,99.8980112504978,99.51988260582003,99.76882964954201,99.99993569958846,99.5016925527678,99.92802640603561,99.62610347802995
GJR3335,GJR3335__H_GujratBypassShadiwa,20,2G/3G/LTE,Hub,Macro,Standby,C4-GRT-04,JAZZ,DEODAR,DG site,99.2546669653524,99.98675181878302,100,99.99999035493826,99.99995333034646,99.99992283950613,100
GJR3433,GJR3433__S_MuhellaChahBarywall,12,2G/3G/LTE,Diamond,Macro,Standby,C4-GRT-04,Jazz Host/CM-PAK Guest,DEODAR,DG site,99.33094384707285,99.91731081900346,98.76401645260826,96.91470550411468,97.46823352250053,97.98479295267447,93.4260348217837
GJR9852,GJR9852__P_Mohala_khalidaba,20,2G/3G/LTE,Elite,Macro,Standby,C4-GRT-04,JAZZ,DEODAR,DG site,99.96917936081235,99.91518890542326,99.8231593488649,98.47297453703695,97.42392846475497,96.27261766975289,97.29431750298657
DHN8757,DHN8757__S_Dhulanwala,9,2G/3G/LTE,Diamond,Macro,CP Prime,C4-GRT-04,JAZZ,DEODAR,Non DG Site,96.28636084561259,98.66803993974119,99.9430630227001,99.00591563786006,98.10981680605333,100,99.29335921943446
GJR3734,GJR3734__S_RangpuraGujrat,9,2G/3G/LTE,Hub,Macro,Standby,C4-GRT-04,JAZZ,DEODAR,DG site,98.89204168325998,99.52509553203983,100,100,100,100,100
FTP8762,FTP8762__P_KhakhaChowk,18,2G/3G/LTE,Elite,Macro,CP Prime,C4-GRT-04,Jazz Host/CM-PAK Guest,DEODAR,Non DG Site,97.12581308907464,99.86894198265722,99.96697862737288,99.24329132373103,97.77625323576251,99.58331189986279,99.5519609551307
GJR4902,GJR4902__SMarghazar,12,2G/3G/LTE,Platinum,Macro,Standby,C4-GRT-04,Jazz Host/TELENOR Guest,DEODAR,DG site,99.68729776483468,99.76448826058189,99.6755681252488,99.79746977880656,99.90729851154913,99.89081790123457,99.19062375547583
GJR3428,GJR3428__S_GarhiAhmedabad,18,2G/3G/LTE,Elite,Macro,Standby,C4-GRT-04,JAZZ,DEODAR,DG site,98.85836693548352,99.6574165931801,99.61765108522482,98.54793595678989,98.83324829085333,98.03389703360723,97.80747004845318
RUR0885,RUR0885__S_Dhakranwali,6,2G/LTE,Gold,Macro,Standby,C4-MBD-08,JAZZ,DEODAR,DG site,99.93746266427716,99.75591104497347,100,99.3667052469135,99.45583183990442,99.8706597222222,98.69128957586607
RUR0511,RUR0511__S_KotliKohala,6,2G/LTE,Diamond,Macro,CP Prime,C4-GRT-04,Jazz Host/CM-PAK Guest,DEODAR,Non DG Site,98.23980734767014,99.57516947751319,99.22640382317799,99.53327546296286,99.93792936081243,99.74556327160492,99.83376269414575
RUR0787,RUR0787__S_Dharki,6,2G/LTE,Diamond,Macro,Standby,C4-GRT-04,JAZZ,DEODAR,DG site,98.55414302070868,99.97364831349203,99.97311827956987,99.98553240740739,99.96938470728792,99.95180684156377,99.84627016129032
RUR0756,RUR0756__S_DehlaChattah,6,2G/LTE,Gold,Macro,OMO,C4-HFZ-06,Jazz Guest/UFONE Host,UFONE,Non DG Site,91.69130824372716,99.70482666446203,100,100,99.76114471326164,98.70531121399173,99.19703305455991
RUR0866,RUR0866__P_KhojeChakBajwatRD,9,2G/3G/LTE,Platinum,Macro,Standby,C4-SKT-03,Jazz Host/CM-PAK Guest,DEODAR,DG site,99.295371200053,99.68446869488533,98.90641593654586,98.12879372427973,99.06444975441384,98.71688528806575,99.55524857294564
GUJ6583,GUJ6583_H_Ariana Wali Gali Urdu Bazar Gujranwala,2,2G/3G/LTE,Bronze,Macro,CP Prime,C4-GUJ-01,JAZZ,DEODAR,Non DG Site,99.99729316009558,99.98222552910049,100,100,100,99.99363425925922,99.9998133213859
SKT6059,SKT6059__S_AjmalGardenNursery,9,2G/LTE,Diamond,Macro,B2S,C4-SKT-03,E.Co,E.CO,Non DG Site,92.53858024691326,98.76729221781275,96.74720811761564,95.90933641975289,96.32691158900825,99.22110768175577,96.279287800345
RUR9503,RUR9503__S_Village Khana Bhattian_1M3552,9,2G/3G/LTE,Gold,Macro,CP Prime,C4-HFZ-06,JAZZ,DEODAR,Non DG Site,86.96195075003291,99.98194995590828,98.66037352316464,99.44373713991766,98.94920682331075,98.52106910150886,97.17795864861266
SKT3223,SKT3223__P_Rangpura_2,20,2G/3G/LTE,Elite,Macro,Standby,C4-SKT-03,Jazz Host/CM-PAK Guest,DEODAR,DG site,95.42283639486251,98.64260912698403,99.3004125597371,99.64578510802464,99.60580943847069,98.93302469135784,98.03526359020289
RUR5847,RUR5847_H_University Kharian Link Rd Gujrat,6,2G/LTE,Gold,Macro,B2S,C4-GRT-04,Enfrashare,Enfrashare,Non DG Site,99.28228295499797,99.89176862874771,100,100,99.56404320987652,100,99.89039891145622
HFZ3804,HFZ3804__S_Gulshan_Usman,12,2G/3G/LTE,Platinum,Macro,Standby,C4-HFZ-06,JAZZ,DEODAR,DG site,98.20072929111899,99.62499655533496,99.07721649741136,98.21870177469124,96.55777080844278,94.05234053497915,98.86561628833125
RUR6131,RUR6131__S_DingayWarid_MR1R3579,9,2G/LTE,Diamond,Macro,Standby,C4-SKT-03,JAZZ,DEODAR,DG site,97.01782988185299,98.66144914755996,100,98.19894547325089,99.36944112571345,98.41186556927286,98.69447348333988
SMB3356,SMB3356__P_SKTRailwaySambrial,16,2G/3G/LTE,Elite,Macro,CP Prime,C4-WZD-07,JAZZ,DEODAR,Non DG Site,99.59515242308838,99.76558624751972,99.98007205794504,98.7227165316356,98.31592555256859,99.50737847222213,99.05152096400826
RUR3076,RUR3076__S_Ottawa,6,2G/LTE,Gold,Macro,Standby,C4-GUJ-01,JAZZ,DEODAR,DG site,99.8028673835125,99.83899636243383,100,99.3663194444444,95.75449273197917,98.78395061728389,99.43187475109511
GUJ8150,GUJ8150__T_GeneralBusStand,4,2G/3G/LTE,Bronze,Micro,CP Prime,C4-GUJ-02,JAZZ,JAZZ,Non DG Site,97.61079375746696,99.64523396164007,96.09524342891255,90.52334104938225,95.19344571385878,96.22506751543182,85.65360849761021
GUJ6267,GUJ6267__S_MasterCityHousingScheme,9,2G/3G/LTE,Elite,Macro,B2S,C4-GUJ-01,Enfrashare,Enfrashare,Non DG Site,100,99.91549088771308,99.97598068498604,100,99.50826778839767,99.99241255144031,99.20344235364387
SKT8135,LTE_SKT8135__Q_ChowkLorryAdda,4,2G/3G/LTE,Bronze,Micro,CP Prime,C4-SKT-03,JAZZ,JAZZ,Non DG Site,59.47370631720429,99.99974165013225,100,99.99715470679008,99.69104689366785,98.7921971450617,99.99635976702506
RUR8072,RUR8072__S_KharotaSyedan,12,2G/3G/LTE,Diamond,Macro,CP Prime,C4-SKT-03,JAZZ,DEODAR,Non DG Site,99.20204226403804,99.74702380952375,99.80170064217438,99.42706725823037,98.50579325965742,99.55182613168714,99.50814852150533
RUR0764,RUR0764__S_SandraKhurd,6,2G/3G/LTE,Platinum,Macro,OMO,C4-SKT-03,Jazz Guest/UFONE Host,UFONE,Non DG Site,71.17103494623612,97.66672178130504,99.06523795300662,99.0516975308641,97.43043110314596,97.99392361111101,94.55181576065291
TKW9893,TKW9893__S_Ballay_Wali,9,2G/3G/LTE,Platinum,Macro,Standby,C4-GUJ-01,JAZZ,DEODAR,DG site,92.61914243993064,99.34392912257476,99.13656992566035,98.9526105967077,99.4852026085224,99.16668810013711,99.71726486791444
RUR9470,RUR9470__S_Village_Kamonwala_MDSK4289,18,2G/3G/LTE,Elite,Macro,Standby,C4-SKT-03,Jazz Host/UFONE+TELENOR Guest,DEODAR,DG site,99.51100574140439,99.69944150499701,99.82118262976236,99.37959747942381,98.44884591132345,98.75769461591211,99.2146119573874
RUR1173,RUR1173__S_Offload_RUR9991C,12,2G/3G/LTE,Diamond,Macro,Standby,C4-NRW-05,JAZZ,DEODAR,DG site,99.48380251891668,99.98715139991178,98.84326152429293,97.07725694444426,98.4485607078852,99.30733989197516,99.10291591995215
RUR3562,RUR3562__S_GujranwalaNarowalRd,6,2G/LTE,Diamond,Macro,Standby,C4-GUJ-01,JAZZ,DEODAR,DG site,96.23270111509348,99.87919560185183,100,98.28436856995877,97.64377364595747,94.482060185185,95.58610862206277
RUR0794,RUR0794__S_Rasool,7,2G/LTE,Diamond,Macro,Standby,C4-MBD-08,JAZZ,DEODAR,DG site,97.96101617170116,99.30836049697619,99.99954663765142,99.55770502645497,98.75533367468843,99.75063381834207,99.06900708311987
HWY1510,HWY1510__S_Aswan BhattianWarid_25342,12,2G/3G/LTE,Platinum,Macro,Standby,C4-HFZ-06,JAZZ,DEODAR,DG site,98.78839745743716,96.84632316468235,99.46653085797483,95.89344618055529,97.89081167861387,97.82256703317896,98.18962580271793
SKT5255,LTE_SKT5255__S_KotlaAmbanwalaVillage_CMPak42756,6,2G/LTE,Bronze,Macro,CMPak,C4-SKT-03,Jazz Guest/CM-PAK Host,CM-PAK ,DG site,92.9801373954598,98.23061342592582,99.08284796893656,99.6898148148148,99.21361633811223,98.6946373456789,99.82053962564709
SKT3094,SKT3094__P_GohadPurChowkSialk,12,2G/3G/LTE,Platinum,Macro,Standby,C4-SKT-03,Jazz Host/CM-PAK Guest,DEODAR,DG site,99.4555362654319,99.90485835537915,100,98.18668016975293,99.02102623456786,99.99998392489711,97.04109729689345
NVK3239,NVK3239__S_KaryalRoad,12,2G/3G/LTE,Elite,Macro,Standby,C4-HFZ-06,Jazz Host/CM-PAK Guest,DEODAR,DG site,97.76133450318565,98.93306671626951,97.18575766626806,95.83566422325065,96.2259962415368,96.12551440329179,94.78777752887245
MLL3801,MLL3801__H_Moza_Ghughiat_Miani,9,2G/3G/LTE,Diamond,Macro,Standby,C4-MBD-08,Jazz Host/TELENOR Guest,DEODAR,DG site,95.82377123987753,99.53414351851839,99.45755343156772,94.22725908779124,99.26776350723478,99.08215449245537,99.75860380990306
SKT4635,SKT4635__S_IslmiacollegeSKT,10,2G/3G/LTE,Platinum,Macro,CP Prime,C4-SKT-03,JAZZ,DEODAR,Non DG Site,99.75776583034641,99.58480076058193,99.90707138590203,98.6266589506171,99.71083482676215,99.30951003086415,98.32911439665457
HWY9653,HWY9653__S_MozaKhattrani,9,2G/3G/LTE,Gold,Macro,Standby,C4-HFZ-06,JAZZ,DEODAR,DG site,95.93393236426348,99.3238582084065,98.56703421611543,97.31552211934107,98.25237704101919,98.95721879286667,99.27504397318432
HFQ8541,HFQ8541__S_1ChakThabhal,9,2G/3G/LTE,Platinum,Macro,Standby,C4-MBD-08,Jazz Host/TELENOR Guest,DEODAR,DG site,98.21375530996902,99.87213403880062,97.90156644099278,96.13050840192005,97.06294388025978,93.7637388545949,96.25564184255902
RUR6526,RUR6526__S_ShrineSyedSadiqAliShah,6,2G/LTE,Gold,Macro,B2S,C4-GUJ-01,ATL,ATL,Non DG Site,95.33179012345664,93.20632853835961,98.8790882616487,95.13081918724268,92.86212539824734,94.52269804526732,95.57966820987642
HWY3362,HWY3362__P_GUJMoreAimnabad,15,2G/3G/LTE,Elite,Macro,Standby,C4-GUJ-01,Jazz Host/CM-PAK Guest,DEODAR,DG site,99.28931451612893,98.91271219135788,99.45646654719226,98.73242026748964,98.56474014336912,97.32115483539071,93.2038654918356
SKT8133,SKT8133__Q_GhalaMandi,4,2G/3G/LTE,Bronze,Micro,CP Prime,C4-SKT-03,JAZZ,JAZZ,Non DG Site,97.58325866188726,99.8886512070105,99.87170512246102,95.0659722222219,99.2072692652328,98.92988040123433,98.36782220728759
GUJ3031,GUJ3031__H_MohwestTower,12,2G/3G/LTE,Elite,Macro,Standby,C4-GUJ-01,JAZZ,DEODAR,DG site,99.47190175726794,99.72668306327157,99.54875112007169,98.73990483539087,99.25482564217438,97.77674897119329,91.84307795698876
HFZ9401,HFZ9401__S_Mubarak ColonyWarid_HF1838,12,2G/3G/LTE,Platinum,Macro,Standby,C4-HFZ-06,JAZZ,DEODAR,DG site,98.23106456590996,99.34694320436499,99.60305904022299,98.23932613168704,99.17754069593764,95.5509580761316,98.8056768966546
MBN9802,MBN9802__S_MohalahManzorabad_N,12,2G/3G/LTE,Elite,Macro,Standby,C4-MBD-08,Jazz Host/TELENOR Guest,DEODAR,DG site,100,98.51583167989415,98.8749191059338,98.81012088477354,99.62654943249697,97.50974151234553,94.34945614297074
HFZ3846,HFZ3846__H_AddaShahJamalJalalP,12,2G/3G/LTE,Elite,Macro,Standby,C4-HFZ-06,JAZZ,DEODAR,DG site,98.98845081640756,99.7702236276454,99.15657046495413,98.13589891975286,96.55134595280745,93.92057291666639,96.44660369374722
RUR1091,RUR1091__S_KotNaka_Ufone_3849,3,2G/LTE,Bronze,Macro,OMO,C4-HFZ-06,Jazz Guest/UFONE Host,UFONE,Non DG Site,99.87150288729534,99.93861607142829,98.47595579450395,99.60609567901227,97.4051672640382,99.24151234567897,98.94918608124253
GUJ4656,GUJ4656__P_BhukhariPlaza,9,2G/3G/LTE,Platinum,Macro,Standby,C4-GUJ-01,JAZZ,DEODAR,DG site,99.81925361741668,99.39116696061136,99.68196186778171,98.41544495884749,94.98581242532808,93.27662037037,95.0028209212793
RUR0813,RUR0813__S_BhirriShahRehman,8,2G/LTE,Diamond,Macro,OMO,C4-HFZ-06,Jazz Guest/UFONE Host,UFONE,Non DG Site,98.32714960424124,98.97321428571422,98.30285804958181,93.6993634259258,96.80163530465937,98.1135464891974,96.53993522252077
KMK9898,KMK9898__P_Usman_Town,9,2G/3G/LTE,Diamond,Macro,CP Prime,C4-GUJ-01,Jazz Host/TELENOR Guest,DEODAR,Non DG Site,92.22336303597486,98.25973232657257,99.2854772335059,99.546960733882,98.70353776715778,96.80433384773637,67.6517904553295
SKT8756,SKT8756__S_BabaUmarShaheedGraveyard_CMPak43342,6,2G/LTE,Bronze,Macro,OMO,C4-SKT-03,Jazz Guest/CM-PAK Host,CM-PAK ,Non DG Site,99.46180555555551,96.79005456349195,98.51049133811225,93.9510352366253,88.29805107526869,96.20756172839496,72.38780615292704
RUR5980,RUR5980__S_Taurianwala Warid_475350,8,2G/LTE,Diamond,Macro,Standby,C4-NRW-05,JAZZ,DEODAR,DG site,98.0428614097968,98.21759259259252,98.73980268070487,99.74452642746913,99.87301187275978,99.99978298611103,96.7135696684587
GUJ9440,GUJ9440__S_Chah Talianwala Warid_MDGJ1832,12,2G/3G/LTE,Elite,Macro,Standby,C4-GUJ-02,JAZZ,DEODAR,DG site,100,99.92218501984121,100,94.36975951646072,99.70305655117481,99.30505722736616,99.7364875796494
RUR0741,RUR0741__S_ChakBhatii,12,2G/3G/LTE,Platinum,Macro,Standby,C4-HFZ-06,Jazz Host/TELENOR Guest,DEODAR,DG site,95.37309276682579,99.9025159832451,99.98315225507764,99.86853780864195,99.84278549382714,99.55910815329206,99.42030067702105
GUJ4143,GUJ4143__S_Khokharki,7,2G/3G/LTE,Platinum,Macro,Standby,C4-GUJ-01,JAZZ,DEODAR,DG site,99.34137118108877,99.98665438397578,99.96405103259941,99.29271384479716,99.882499146612,99.71833664021158,98.47144883939231
RUR6322,RUR6322__S_Sohawra_RL_RUR5697,6,2G/LTE,Diamond,Macro,B2S,C4-NRW-05,E.Co,E.CO,Non DG Site,92.2401931501392,98.59279927248664,96.54645808442847,97.74570473251016,96.4096226602946,95.3461548353907,98.2551896654718
MBN8840,MBN8840__S_MunshiMohallah,12,2G/3G/LTE,Elite,Macro,CP Prime,C4-MBD-08,Jazz Host/UFONE Guest,DEODAR,Non DG Site,99.78259719733171,99.62303309634035,100,100,100,99.982349537037,99.75148409498206
RUR8725,RUR8725__S_Jura,6,2G/LTE,Bronze,Macro,B2S,C4-SKT-03,ATL,ATL,Non DG Site,99.90535394265233,99.73379629629629,100,99.84198173868309,99.79017323775385,99.4722222222222,98.03458532457184
RUR6222,RUR6222__S_Mandi_bahudin_chak2_MDMB4326,6,2G/3G/LTE,Gold,Macro,Standby,C4-MBD-08,JAZZ,DEODAR,DG site,99.31921420748661,99.65629133597847,99.78867980884078,98.22990612139873,98.89974736160855,98.33629115226287,98.0200555057743
RUR9398,RUR9398__S_Peelu villageWarid_315321,6,2G/3G/LTE,Bronze,Macro,OMO,C4-HFZ-06,Jazz Guest/TELENOR Host,TELENOR,Non DG Site,80.72076612903186,95.10647459215134,94.64580844285109,87.73228523662513,93.96788505575427,89.0266525205756,88.46618628036593
MBN6918,MBN6918__H_CivilCourtMndiBhudin,12,2G/3G/LTE,Elite,Macro,Standby,C4-MBD-08,JAZZ,DEODAR,DG site,97.78569606232564,98.45751350308635,99.26356842393456,99.92026748971179,99.46028101354035,98.23808834876537,99.6198912285941
RUR0748,RUR0748__S_CivilCourts,6,2G/LTE,Gold,Macro,Standby,C4-MBD-08,Jazz Host/TELENOR Guest,DEODAR,DG site,99.80221400836317,99.76314484126983,100,99.37885802469133,99.8836058841099,99.58844521604937,99.41186902628431
RUR6099,RUR6099__S_SaidPur(NikkaSidhra)Warid_MDSK4000,6,2G/LTE,Diamond,Macro,OMO,C4-SKT-03,Jazz Guest/CM-PAK Host,CM-PAK ,Non DG Site,98.06280490840294,96.32874503968239,100,98.58738425925922,98.99678912783747,99.69569830246913,99.76117582636394
RUR0742,RUR0742__S_ShahJamal,6,2G/3G/LTE,Gold,Macro,Standby,C4-HFZ-06,Jazz Host/TELENOR Guest,DEODAR,DG site,98.8847508462762,99.97471615961196,99.95417040023894,98.2798675411522,99.19090377339704,99.24244470164604,98.27844982078838
QDS9514,QDS9514__S_Mian Sahab_Riaz Hospital_QD1535,18,2G/3G/LTE,Elite,Macro,Standby,C4-HFZ-06,JAZZ,DEODAR,DG site,98.92235621598269,98.19249246766564,96.48958125912621,95.81642232510247,94.98816665007261,95.77312671467733,94.41788422607151
KTN9623,KTN9623__S_KotNainaShkrGrh_PT,16,2G/3G/LTE,Platinum,Macro,Standby,C4-NRW-05,Jazz Host/UFONE Guest,DEODAR,DG site,96.52825614172619,99.6361142113094,99.12355557422329,96.22196903935155,98.19584453405002,92.30104648919733,96.05292572057918
RUR8109,RUR8109__P_Machonica_PindWarid_315347,6,2G/LTE,Bronze,Macro,Standby,C4-HFZ-06,Jazz Host/CM-PAK Guest,DEODAR,DG site,99.87088062524887,99.73775766093468,100,99.13937114197525,99.67611260454,99.4281442901234,99.48374029271201
RUR6175,RUR6175__S_Mohalla_ShamsAbad_MandiBahaodin_MR335410,6,2G/3G/LTE,Gold,Macro,Standby,C4-MBD-08,Jazz Host/CM-PAK Guest,DEODAR,DG site,99.70249651533251,99.77816358024687,99.91114097968935,99.83777006172838,100,100,99.52085822381513
MBN4532,MBN4532__S_Rasoolroad,9,2G/3G/LTE,Diamond,Macro,CP Prime,C4-MBD-08,JAZZ,DEODAR,Non DG Site,98.75626410460634,99.3202298280423,99.46282191689895,99.97037894375853,99.52637561396519,98.58213305898487,99.25803547723346
RUR0717,RUR0717__S_MandrianWala,9,2G/3G/LTE,Platinum,Macro,Standby,C4-HFZ-06,Jazz Host/TELENOR+CM-PAK Guest,DEODAR,DG site,98.91722255409522,99.2384534832451,99.9106016859153,98.76378172153633,99.22024342891275,99.29068072702324,99.49588477366254
RUR9487,RUR9487__S_Amrao Kalaan_1M3550,6,2G/LTE,Diamond,Macro,Standby,C4-HFZ-06,JAZZ,DEODAR,DG site,99.69104689366785,99.98263888888884,99.43265257865386,98.14631558641962,99.32711693548384,98.75308641975303,99.28194071087214
RUR4449,RUR4449__H_PNDPakhiMasjidpnd,6,2G/LTE,Diamond,Macro,Standby,C4-HFZ-06,JAZZ,DEODAR,DG site,98.910979191557,99.90017361111107,99.83833632019113,99.83632330246913,97.96828330346472,99.9493634259259,98.31030963759446
RUR4006,RUR4006__S_Offload RUR4998B,18,2G/3G/LTE,Elite,Macro,Standby,C4-NRW-05,JAZZ,DEODAR,DG site,97.597000282092,99.79061030276304,98.80527761184115,98.14356138545936,98.34832984866574,92.4824138374483,97.20421810699573
RUR8815,RUR8815__S_GarmolaVirkan,6,2G/LTE,Gold,Macro,Standby,C4-HFZ-06,JAZZ,DEODAR,DG site,97.33146032457181,99.97695519179892,99.45769862604536,99.89940200617283,100,99.98746141975307,99.84412335722818
KLR9492,KLR9492__S_Rahgo_Sayyadan_1M3551,8,2G/LTE,Diamond,Macro,Standby,C4-HFZ-06,JAZZ,DEODAR,DG site,97.20532780764621,97.46928220072745,98.34530409946227,98.29231770833323,99.80979782706089,99.59514853395056,99.69566718936674
RUR5871,RUR5871_H_USF_USLK004_Vinike Hafizabad,6,2G/LTE,Bronze,Macro,Solar+DG,C4-HFZ-06,JAZZ,DEODAR,DG site,96.94911140979683,99.95287698412696,99.59080047789722,99.53443287037034,98.87955495818397,98.13541666666664,99.47113948626041
MBN6231,MBN6231__S_BastiPeer_Geelani_MDMB3284,9,2G/3G/LTE,Diamond,Macro,Standby,C4-MBD-08,JAZZ,DEODAR,DG site,100,99.81334509112283,100,100,100,98.852366255144,99.70840800477896
KAH9974,KAH9974__S_Chak_Ghazi_D,8,2G/LTE,Bronze,Macro,Standby,C4-HFZ-06,Jazz Host/TELENOR Guest,DEODAR,DG site,99.39306115591387,99.67473751653435,99.81500149342891,98.72207754629612,98.50281418010742,99.38524787808633,99.75895123954598
MBN6232,MBN6232__S_Ghori_abad_MDMB4303,9,2G/3G/LTE,Diamond,Macro,CP Prime,C4-MBD-08,Jazz Host/UFONE Guest,DEODAR,Non DG Site,99.669081043409,99.98266185332157,99.76706657374217,99.8043338477366,100,100,99.48601154918354
RUR8863,RUR8863__S_Kalianwala,9,2G/3G/LTE,Diamond,Macro,Standby,C4-HFZ-06,Jazz Host/CM-PAK Guest,DEODAR,DG site,98.86437176423732,99.87289186507931,99.20510171910257,96.90153463648818,96.87062342360265,98.76000943072691,99.60229158369813
SKT0020,SKT0020__H_QilaSialkot,12,2G/3G/LTE,Hub,Macro,Standby,C4-SKT-03,JAZZ,DEODAR,DG site,88.16050004978064,99.2117917768958,95.5065368628034,89.6855870627568,98.03310745221016,97.49512924382704,96.0849449920348
HRW9981,HRW9981__S_Dinga,9,2G/LTE,Diamond,Macro,CP Prime,C4-HFZ-06,JAZZ,DEODAR,DG site,99.89913132218238,99.52470513668422,100,100,99.82950019912383,98.70974794238678,98.7875224014336
SKT3020,SKT3020__S_SehroshPublicSchool,18,2G/3G/LTE,Elite,Macro,CP Prime,C4-SKT-03,Jazz Host/UFONE Guest,DEODAR,Non DG Site,98.31522550776576,99.82735339506173,99.73465709212795,92.08296896433447,99.23298942984198,98.65007716049377,99.43306742001849
RUR5687,RUR5687__S_Gurala_CMPak7512,6,2G/LTE,Gold,Macro,OMO,C4-NRW-05,Jazz Guest/CM-PAK Host,CM-PAK ,Non DG Site,97.47106481481468,99.99286954365074,92.09167164476276,91.19785236625472,85.51877986857802,99.91441615226337,100
HWY6911,HWY6911__S_BhalolPurPindi,9,2G/3G/LTE,Bronze,Macro,Standby,C4-HFZ-06,JAZZ,DEODAR,DG site,99.35133330014592,99.42892048794813,97.21442320456626,90.74770661865537,91.90308476038716,90.98371056241386,93.35148264303686
RUR5141,RUR5141__S_Tharo Mandi stop Warid_MR1B2726,16,2G/3G/LTE,Elite,Macro,Standby,C4-NRW-05,JAZZ,DEODAR,DG site,98.41542525388273,99.89402488425925,99.0629083594683,97.456669560185,98.23470868802256,97.07232590663547,97.58448374029258
RUR1033,RUR1033__S_Pindisayania,18,2G/3G/LTE,Platinum,Macro,Standby,C4-NRW-05,Jazz Host/CM-PAK Guest,DEODAR,DG site,99.11117126310882,99.98660025352731,99.89665264502852,100,99.72301042081506,98.5959040637859,99.60954093654583
RUR5425,RUR5425__S_SaidaShareef_CMPak5920,6,2G/LTE,Bronze,Macro,OMO,C4-MBD-08,Jazz Guest/CM-PAK Host,CM-PAK ,Non DG Site,98.68130227001194,99.89138971560843,99.65641801075267,100,99.35539874551972,99.84645061728394,99.78360837315806
MBN6538,MBN6538__S_GraveyardGurrahMohalla,6,2G/LTE,Bronze,Macro,B2S,C4-MBD-08,Enfrashare,Enfrashare,Non DG Site,97.79075194145749,96.07631999559068,98.42601926523287,99.09866898148148,97.6280615292711,95.20942644032904,98.7136910095578
RUR9392,RUR9392__S_Shori ChattaWarid_1P3564,6,2G/LTE,Diamond,Macro,Standby,C4-HFZ-06,JAZZ,DEODAR,DG site,99.00590526682589,99.44895695546731,98.8067191855833,98.95794753086413,99.42138963560328,99.0210262345678,97.6911589008361
SKT8139,SKT8139__T_SoniAquare,4,2G/3G/LTE,Bronze,Micro,CP Prime,C4-SKT-03,JAZZ,JAZZ,Non DG Site,99.97297827060929,99.98444733796293,100,99.9717399691358,100,99.66999421296292,99.63093637992826
RTR1365,RTR1365__P_Rasoolpur_Tarrar_VillageWarid_315348,9,2G/3G/LTE,Elite,Macro,Standby,C4-HFZ-06,JAZZ,DEODAR,DG site,98.64220347139243,99.97519841269839,99.7513648280897,99.49974279835386,99.51573493296158,98.34289266117952,99.83024691358023
SKT3425,SKT3425__S_CanttPlazaSlkttCantt,12,2G/3G/LTE,Elite,Macro,Standby,C4-SKT-03,JAZZ,DEODAR,DG site,98.11929074571871,99.98275945216047,100,99.99977494855966,100,98.13224987139907,99.9978376393866
SMB5779,SMB5779__S_MohallaSherabad,12,2G/3G/LTE,Diamond,Macro,B2S,C4-WZD-07,Enfrashare,Enfrashare,Non DG Site,97.3985401732376,99.48390308090822,99.86762930605333,93.81716177983512,95.52472247112688,98.48918145576123,92.02451401334098
RUR1066,RUR1066__S_Shaheedanwali,9,2G/3G/LTE,Diamond,Macro,Standby,C4-MBD-08,Jazz Host/CM-PAK+TELENOR Guest,DEODAR,DG site,99.95021903624051,99.64903457524983,100,100,100,99.37347822359392,98.72150039824763
PMD9666,PMD9666__S_RomalJuttanSKT,9,2G/3G/LTE,Gold,Macro,Standby,C4-SKT-03,Jazz Host/TELENOR Guest,DEODAR,DG site,97.62378866321512,99.65456900352726,99.987720695606,98.45869770233189,99.45848682463823,99.11653377914946,99.8482302867383
GUJ0387,GUJ0387__P_ModelTown,9,2G/3G/LTE,Platinum,Macro,Standby,C4-GUJ-02,JAZZ,DEODAR,DG site,99.98191291650065,99.77823247354493,99.84918442187707,98.67106052812052,98.57983207221544,99.09897976680352,96.79904254612991
SKT6056,SKT6056__S_MalkayKalanRd,9,2G/LTE,Platinum,Macro,B2S,C4-SKT-03,E.Co,E.CO,Non DG Site,98.15603013407662,98.66737397119336,98.44177286605598,95.99511316872403,98.4266726403822,99.16640946502048,94.90873489977406
GUJ8921,GUJ8921__S_princeCinema,9,2G/3G/LTE,Diamond,Macro,Standby,C4-GUJ-02,JAZZ,DEODAR,DG site,98.38319726536533,99.62969852292754,99.15262428647279,99.12159207818925,99.88100275454663,98.90672153635111,96.12527794371408
HWY8852,HWY8852__S_Bagh9PindiBhatian,9,2G/3G/LTE,Gold,Macro,Standby,C4-HFZ-06,Jazz Host/TELENOR Guest,DEODAR,DG site,91.18858273596133,97.93037643298031,98.69320821717756,98.78193587105618,99.37921063985121,99.49114797668032,99.22966032789051
QMS9704,QMS9704__S_KotNanakQilaMolSingh,9,2G/LTE,Platinum,Macro,Standby,C4-HFZ-06,JAZZ,DEODAR,DG site,98.83319643568288,99.8135058421516,99.82551772202306,98.92586162551423,99.35191407805648,99.9740440672153,97.94425361741649
RUR6930,RUR6930__S_SabzPriMor,12,2G/3G/LTE,Elite,Macro,Standby,C4-NRW-05,Jazz Host/TELENOR Guest,DEODAR,DG site,97.65099188570265,99.98610077711639,97.54693411489433,98.2364647633743,99.59784759557935,97.73294431584347,99.35692328753478
GUJ0662,GUJ0662__Q_GIFTUniversity,4,2G/3G/LTE,Platinum,Micro,CP Prime,C4-GUJ-02,JAZZ,JAZZ,Non DG Site,99.97176485961764,99.96295262896824,100,100,100,100,99.99957997311826
GUJ0278,GUJ0278__P_RahwaliAC,16,2G/3G/LTE,Hub,Macro,Standby,C4-GUJ-02,JAZZ,DEODAR,DG site,99.86064441457584,99.85412274718907,99.64533396804059,99.78953269675915,99.86029439217435,99.0451509452159,97.29124663978477
HFZ9402,HFZ9402__S_City Police StationWarid_HF4298,18,2G/3G/LTE,Elite,Macro,Standby,C4-HFZ-06,Jazz Host/CM-PAK+UFONE Guest,DEODAR,DG site,98.79455396256468,99.98158252498527,100,99.83898105281203,98.83214896123715,96.03742283950605,99.46231373622723
NVK4974,NVK4974__S_Dtenosheravirkan,9,2G/3G/LTE,Diamond,Macro,CP Prime,C4-HFZ-06,JAZZ,DEODAR,Non DG Site,100,99.97981426366843,100,99.9773019547325,100,99.9957561728395,100
GUJ3875,GUJ3875__P_SialkotBypass,12,2G/LTE,Elite,Macro,Standby,C4-GUJ-01,JAZZ,DEODAR,DG site,98.84834851652715,99.5769090332891,99.81882840501785,98.66970486111092,99.16092629928302,98.69229038065825,97.33200480386274
RUR9476,RUR9476__S_New Abadi SKT_MDSK4187,18,2G/3G/LTE,Elite,Macro,CP Prime,C4-SKT-03,JAZZ,DEODAR,Non DG Site,98.09845015266153,99.04930693342142,99.52562889950875,99.33619470164606,100,99.8007115912208,99.19469957188355
RUR6547,RUR6547__S_Daluwali,6,2G/LTE,Platinum,Macro,B2S,C4-SKT-03,Enfrashare,Enfrashare,Non DG Site,99.33044603743522,98.22158840387996,98.84383711668643,97.18804655349778,98.92227324770998,97.06079603909443,97.24994399641558
QMZ1528,QMZ1528__S_Qila Mir ZamanWarid_1I3519,6,2G/3G/LTE,Gold,Macro,Standby,C4-HFZ-06,JAZZ,DEODAR,DG site,95.86192627439223,98.47907710537889,99.54425527678212,99.8219521604938,97.5919703305455,100,98.8623805256869
RUR8539,RUR8539__S_SaddaRd,6,2G/LTE,Bronze,Macro,B2S,C4-SKT-03,Enfrashare,Enfrashare,Non DG Site,97.10732153524481,99.41426917989415,99.75078405017919,97.68621399176939,99.13844708283541,98.39898405349786,84.73463635005967
RUR4032,RUR4032__S_SKTWellRiseFactory,9,2G/3G/LTE,Platinum,Macro,Standby,C4-WZD-07,Jazz Host/CM-PAK Guest,DEODAR,DG site,99.90236708482675,99.98146770282186,99.17838593521829,97.56706532921793,98.89092161157565,98.45340363511647,99.89560517058271
DMK6996,DMK6996__S_DhamonkayDaska,9,2G/3G/LTE,Diamond,Macro,Standby,C4-WZD-07,Jazz Host/CM-PAK Guest,DEODAR,DG site,99.46286340103542,99.98913782333918,99.8583316739678,99.81247856652948,98.91645509757065,99.6774691358024,99.2528499601752
SKT9481,SKT9481__S_Ghausia Street Muslim colony_MDSK4265,12,2G/3G/LTE,Elite,Macro,Standby,C4-SKT-03,JAZZ,DEODAR,DG site,98.67766203703697,98.742042824074,99.12569071087214,97.50298996913557,99.99881770211067,99.42118377057604,99.9958308442851
KGR8995,KGR8995__H_MohallaSiddiqpura,9,2G/3G/LTE,Elite,Macro,Standby,C4-NRW-05,JAZZ,DEODAR,DG site,99.99902512279297,99.9740731554967,99.68457536837893,99.95588991769543,99.60314200849588,99.71159122085038,99.7189864595778
RUR4415,RUR4415__S_GHKKotlikhano,6,2G/LTE,Bronze,Macro,Standby,C4-WZD-07,JAZZ,DEODAR,DG site,99.53629032258058,99.97168485449733,99.94660991636796,98.99710648148144,98.56325915969722,98.6860532407405,99.72166218637987
MBN9682,MBN9682__S_PhaliaRdMandiBah,9,2G/3G/LTE,Hub,Macro,Standby,C4-MBD-08,JAZZ,DEODAR,DG site,99.84356332138587,99.86806933421515,100,100,100,100,99.795524691358
RUR5142,RUR5142__S_Kallu Pyara Warid_MDSK4519,15,2G/LTE,Platinum,Macro,Standby,C4-SKT-03,JAZZ,DEODAR,DG site,94.78757218239734,98.54092261904755,98.95960274790916,99.80245627572012,98.69290123456786,99.81333590534976,99.86038928713658
SKT8134,SKT8134__Q_BascoShoesRailwayRd,4,2G/3G/LTE,Bronze,Micro,CP Prime,C4-SKT-03,JAZZ,JAZZ,Non DG Site,93.67915546594955,99.99989666005288,100,99.38223379629626,99.74877725507761,96.28862847222214,99.23209752090786
RUR6158,RUR6158__S_Adda Muna Musa Sargodha Road warid_MR335303,12,2G/3G/LTE,Platinum,Macro,Standby,C4-MBD-08,JAZZ,DEODAR,DG site,99.05083258661844,99.58121486441766,99.714039476304,97.94179205246868,98.21938159597723,98.55004179526708,99.42521654719225
RUR4796,RUR4796__S_KMKFerozwala,12,2G/3G/LTE,Diamond,Macro,Standby,C4-GUJ-01,JAZZ,DEODAR,DG site,98.4479384458382,99.97581845238093,100,99.95741705246913,99.78693747510948,99.46336484053491,98.10524318000783
GUJ9949,GUJ9949__S_Urdu_Bazar,9,2G/3G/LTE,Bronze,Macro,Standby,C4-GUJ-01,JAZZ,DEODAR,DG site,96.80597039691982,99.08553332598449,99.6610331209345,99.0971150548696,99.04557447232175,99.98636831275718,98.22959706458242
SKT6487,SKT6487__S_MahalKingra,9,2G/LTE,Gold,Macro,B2S,C4-SKT-03,ATL,ATL,Non DG Site,92.80422391477471,99.3515762786595,100,91.60549554183781,99.82626443647949,99.73671124828529,99.54637096774184
RUR4914,RUR4914__S_PHADohballa,3,2G/LTE,Bronze,Macro,Standby,C4-MBD-08,Jazz Host/CM-PAK Guest,DEODAR,DG site,99.98002538829151,99.88804839065253,100,99.93306327160492,99.94517871365987,100,99.18813470728792
SKT5805,SKT5805__S_AdalatGarh,12,2G/3G/LTE,Platinum,Macro,B2S,C4-SKT-03,Enfrashare,Enfrashare,Non DG Site,94.1439541019512,99.9311928185626,99.30841796097165,93.9127443415635,99.26748867483063,96.37834362139908,90.3470355436079
PND1615,PND1615__P_Hussain_AbadWarid_PB1543,9,2G/3G/LTE,Platinum,Macro,Standby,C4-HFZ-06,Jazz Host/TELENOR+CM-PAK Guest,DEODAR,DG site,97.82009159697319,99.57924566431507,99.94044952210271,98.91664523319609,98.63282805655099,99.9117155349794,99.7805489180937
QDS9513,QDS9513__S_Qila Didar Singh_315322,18,2G/3G/LTE,Elite,Macro,Standby,C4-HFZ-06,Jazz Host/CM-PAK Guest,DEODAR,DG site,99.25435376012183,99.71594144988225,99.88422814615667,99.7561621227705,99.5599777645025,99.52475565843571,99.20028955927216
GUJ9414,GUJ9414__S_Sec Y-People Cnly Warid_GJ4197,12,2G/3G/LTE,Hub,Macro,Standby,C4-GUJ-01,JAZZ,DEODAR,DG site,100,99.98022762345678,100,100,99.92672864396656,99.89618698559667,99.90977200318596
RUR2262,RUR2262__S_MianwaliPind_TPLKMR02,6,2G/LTE,Bronze,Macro,OMO,C4-HFZ-06,Jazz Guest/TELENOR Host,TELENOR,Non DG Site,95.01250746714449,99.97778191137566,99.83684289127831,96.88638117283948,97.561759508164,96.23984053497936,97.14437724014324
NVK3537,NVK3537__S_BaduRataRd,18,2G/3G/LTE,Elite,Macro,Standby,C4-HFZ-06,JAZZ,DEODAR,DG site,99.91402412717375,99.95841141240443,100,99.28489368998622,100,98.61510845336066,97.92224628302132
GUJ3349,GUJ3349__P_FreedTown,9,2G/3G/LTE,Platinum,Macro,CP Prime,C4-GUJ-01,JAZZ,DEODAR,Non DG Site,99.67183973848395,99.98270778218694,99.78948874950217,99.91053669410147,100,99.99997856652948,99.95465783884235
GUJ3065,GUJ3065__S_MuhammadiTown,12,2G/3G/LTE,Elite,Macro,Standby,C4-GUJ-01,JAZZ,DEODAR,DG site,98.8482396206686,99.95408261684258,99.41530702409361,98.08473186728354,98.6145802220226,94.73268711419706,93.62630986160853
DSK6921,DSK6921__S_FarooqiaMosque,12,2G/3G/LTE,Elite,Macro,CP Prime,C4-WZD-07,JAZZ,DEODAR,Non DG Site,98.75476030465946,97.05488040123444,99.74585262345678,98.14250578703691,99.8645646654719,99.99188207304523,99.0423698227797
GUJ9442,GUJ9442__S_Rahmanpura Warid_MDGJ4215,12,2G/3G/LTE,Diamond,Macro,Standby,C4-GUJ-02,JAZZ,DEODAR,DG site,97.32173748008736,99.85222387566125,99.57995756172825,97.14181455761285,99.24549171146923,88.53985018004065,89.57060807447186
RUR1130,RUR1130__S_OffloadRUR1968A,12,2G/3G/LTE,Elite,Macro,Standby,C4-NRW-05,JAZZ,DEODAR,DG site,98.22698874950196,99.92497519841264,99.26219944743121,99.53759966563781,99.6930536887694,98.50919495884764,99.37282208283548
SKG1155,SKG1155__P_Zafirwallrailway_Stn,12,2G/3G/LTE,Elite,Macro,OMO,C4-NRW-05,Jazz Guest/UFONE Host,UFONE,Non DG Site,89.40555306650703,98.23758887235442,96.4438812972918,96.90388695987616,97.55815038829138,96.50093235596698,94.86594919852607
MBN9844,MBN9844__P_MohallahBoharwala,20,2G/3G/LTE,Elite,Macro,Standby,C4-MBD-08,Jazz Host/CM-PAK Guest,DEODAR,Non DG Site,98.70174357825564,99.10243055555542,99.58546146953402,99.55951003086417,99.67580458482675,99.87555941358023,99.75023334826761
HFZ9814,HFZ9814__S_sohna_service_st,12,2G/3G/LTE,Elite,Macro,CP Prime,C4-HFZ-06,Jazz Host/UFONE Guest,DEODAR,Non DG Site,96.05087614496196,98.71341765873004,99.91286775686973,97.63695987654309,98.61087776284327,95.7488747427983,98.95083507566702
GUJ9999,GUJ9999__P_Mohalla_Islam_Pura,12,2G/3G/LTE,Elite,Macro,Standby,C4-GUJ-01,Jazz Host/CM-PAK Guest,DEODAR,DG site,98.93039376742328,98.58439773478825,99.39509906411783,99.03531700102873,98.83482987355627,98.31206597222209,95.23474835722793
RUR8153,RUR8153__S_LadhewalaGoraya,6,2G/LTE,Gold,Macro,B2S,C4-GUJ-01,Enfrashare,Enfrashare,Non DG Site,98.11575940860206,99.60038442460313,100,99.1848958333333,100,99.0304462448559,99.7105548088411
RUR8864,RUR8864__S_KotQadarBakshDistrictCourtHafizabad,9,2G/3G/LTE,Diamond,Macro,Standby,C4-HFZ-06,Jazz Host/TELENOR Guest,DEODAR,DG site,99.33289360148676,99.17424492945318,99.94447348333996,99.69568758573386,98.96665090269474,99.42661179698209,99.01607925129417
SKT4630,SKT4630__S_AbikRoad,16,2G/3G/LTE,Platinum,Macro,Standby,C4-SKT-03,JAZZ,DEODAR,DG site,97.45222194220403,99.11928530092564,98.2008498543905,96.63132957175881,97.81437845355393,99.01584201388872,99.58649520235943
PSR4155,PSR4155__P_ChurchRoadpasroor,20,2G/3G/LTE,Elite,Macro,Standby,C4-NRW-05,JAZZ,DEODAR,DG site,99.56947244623645,99.98716517857143,99.98663381123055,96.63896604938255,98.43429846176808,97.41873070987636,97.31756832437257
TPL9976,TPL9976__H_ThapNalaVillage,6,2G/LTE,Gold,Macro,Standby,C4-GUJ-01,JAZZ,DEODAR,DG site,96.15722072879299,99.48733052248657,98.8686031461567,97.07397762345657,97.89401632815596,97.6195344650204,80.36343214854622
RUR9397,RUR9397__S_Thatta Jahid HasanwalaWarid_HF5189,8,2G/LTE,Diamond,Macro,OMO,C4-HFZ-06,Jazz Guest/PTCL Host,PTCL,Non DG Site,93.18445713859009,99.9819671792328,99.36214251045396,94.81840760030852,97.14517062425323,94.79914158950606,93.34269059886488
SKT4626,SKT4626__S_SanjeetGoharRd,10,2G/3G/LTE,Bronze,Macro,Standby,C4-SKT-03,JAZZ,DEODAR,DG site,99.94840203106332,99.9915261243386,99.98866860812421,99.98524305555553,99.90055630227,99.9993055555555,99.5066457586618
RUR3753,RUR3753__S_MRDGujShkRd,9,2G/3G/LTE,Platinum,Macro,Standby,C4-GUJ-01,JAZZ,DEODAR,DG site,91.91055190495108,98.0642131466781,96.93249701314191,89.38747427983485,94.02740442054925,92.50482253086382,88.78839356829906
CHW6916,CHW6916__S_MuhallahMahmad,12,2G/3G/LTE,Platinum,Macro,Standby,C4-NRW-05,JAZZ,DEODAR,DG site,96.7545767373554,98.81128058862421,99.41064005874149,97.91812950102852,98.38851242035034,98.44113297325086,98.8686031461566
SKT1621,SKT1621__S_Ratra Sports_Wazirabad Road_MDSK4280,12,2G/3G/LTE,Elite,Macro,Standby,C4-SKT-03,JAZZ,DEODAR,DG site,96.33321199223393,99.77721629739824,95.20102175428077,98.13073881172816,97.93377887295873,98.54492991255135,96.22766079251268
GUJ5476,GUJ5476__S_FaizAlamTown,9,2G/3G/LTE,Platinum,Macro,B2S,C4-GUJ-02,Enfrashare,Enfrashare,Non DG Site,97.86175204101939,99.16542658730154,99.67272127638391,98.53378986625498,97.51174519613687,94.36959876543186,94.7224244573873
MBN6233,MBN6233__S_Main_City_Bazar_MDMB4173,9,2G/3G/LTE,Elite,Macro,Standby,C4-MBD-08,JAZZ,DEODAR,DG site,98.40669802867359,99.48509149029958,99.59855801141623,99.02031893004076,98.7971467210936,99.53064986282564,97.17088560334498
RUR1061,RUR1061__S_Dhunni,6,2G/LTE,Gold,Macro,Standby,C4-HFZ-06,Jazz Host/TELENOR Guest,DEODAR,DG site,98.68942278972509,99.66273285934734,99.96471774193546,99.08015046296289,98.2977088311429,98.85426311728384,99.85479515133407
SKT3405,SKT3405__S_Silver_Star_RD,9,2G/3G/LTE,Gold,Macro,Standby,C4-SKT-03,JAZZ,DEODAR,DG site,100,99.98608355379181,100,99.99697788065843,100,99.8344050068587,99.9993569958847
PMD6139,PMD6139__S_KanpurSialkotWarid_MDSK4517,12,2G/3G/LTE,Platinum,Macro,Standby,C4-SKT-03,Jazz Host/TELENOR Guest,DEODAR,DG site,96.93489272202298,99.6252549052028,99.7285381819992,98.4240290637859,96.82244997013129,98.2178337191357,96.6208992931102
RUR0879,RUR0879__S_Chaprar,18,2G/3G/LTE,Platinum,Macro,Standby,C4-SKT-03,JAZZ,DEODAR,DG site,96.45988898845071,99.08761160714275,99.88433185649806,99.29577117626873,98.14633321717767,98.62983324759941,98.84097471127039
SKT8132,SKT8132__T_PansarianBazar,2,2G/LTE,Bronze,Micro,CP Prime,C4-SKT-03,JAZZ,JAZZ,Non DG Site,96.67236036439633,96.2814153439151,96.05762768817176,99.54157021604934,99.07500746714453,98.68287037037025,99.65968488649932
RUR6212,RUR6212__S_School_SohawaRD_MDMB4307,9,2G/3G/LTE,Platinum,Macro,CP Prime,C4-MBD-08,JAZZ,DEODAR,Non DG Site,100,99.98208774250439,100,98.80480538408777,100,99.96819272976677,99.56443730917292
HWY8851,HWY8851__S_NauthaSukheki,9,2G/3G/LTE,Diamond,Macro,Standby,C4-HFZ-06,JAZZ,DEODAR,DG site,97.10569328288842,98.62796700470308,98.77611426390546,96.35146604938255,99.22198576264435,98.69300840192044,97.87460175228986
GJA6164,GJA6164__S_Dairah_NazarMGondal_MandiBahaodin warid_MR335411,12,2G/3G/LTE,Elite,Macro,Standby,C4-MBD-08,JAZZ,DEODAR,DG site,99.645590651135,99.98387896825398,99.99310844782954,98.47961676954728,100,99.33740033436206,99.40559973616081
GUJ9434,GUJ9434__S_Gulzar Colony Warid_MDGJ4162,12,2G/3G/LTE,Elite,Macro,Standby,C4-GUJ-01,JAZZ,DEODAR,DG site,97.10145671545185,99.67742435515868,98.61005326563112,99.0222640174896,97.31815947331732,97.71940907921793,94.386138490641
HWY0112,HWY0112__P_Pindi_Bhattian_M2Warid_25262,11,2G/LTE,Diamond,Macro,Standby,C4-HFZ-06,JAZZ,DEODAR,DG site,99.53024872379696,99.36165975228472,99.62258675464314,98.89800785634107,98.6270297056586,99.87086139169472,99.49720660910172
KQD1725,KQD1725__S_Near Sabzi mandiWarid_KD1612,9,2G/3G/LTE,Gold,Macro,Standby,C4-HFZ-06,JAZZ,DEODAR,DG site,100,99.98146770282186,99.1703587548121,99.09792952674893,99.82956242532853,99.91833847736623,99.27145559538029
RUR8753,RUR8753__P_SialkotAirport,16,2G/3G/LTE,Elite,Macro,CP Prime,C4-WZD-07,Jazz Host/UFONE Guest,DEODAR,Non DG Site,98.81188396057338,99.7905557622354,99.99883325866188,97.0471281828702,97.7383535879628,98.36944203317893,95.68849406361988
SKT9638,SKT9638__P_qbaTown_Sialkot,9,2G/3G/LTE,Elite,Macro,Standby,C4-SKT-03,Jazz Host/UFONE Guest,DEODAR,DG site,99.30547258728258,99.98571612286887,99.74362803663874,99.60444530178323,99.89796976636133,99.97382973251027,98.39139038231768
RUR6405,RUR6405__S_AdamDaraz_CMPak42960,6,2G/LTE,Platinum,Macro,OMO,C4-SKT-03,Jazz Guest/CM-PAK Host,CM-PAK ,Non DG Site,99.90812300876142,99.45584628527324,97.05374477299878,98.51289223251023,99.61973566308242,99.97675540123457,99.90410941855825
HFZ9797,HFZ9797__S_Mohalah_pir_kaly,12,2G/3G/LTE,Elite,Macro,Standby,C4-HFZ-06,Jazz Host/TELENOR Guest,DEODAR,DG site,98.65836154254605,99.83126883083476,99.8865201446966,97.62414266117956,99.62493155117481,95.8761681241425,99.1095948659232
HMP9711,HMP9711__S_Hameedpur_Khurd,6,2G/LTE,Diamond,Macro,Standby,C4-GUJ-01,Jazz Host/TELENOR Guest,DEODAR,DG site,95.2459490740737,97.5902502204584,98.50423760453994,96.39216820987625,97.5214058144164,94.22080761316845,90.04010478892839
HJN0014,HJN0014__P_MustafaabadWarid_PB5137,9,2G/3G/LTE,Diamond,Macro,Standby,C4-HFZ-06,JAZZ,DEODAR,DG site,97.9146339439794,99.67238940329203,99.96762163148809,99.60862482853223,98.70897218903484,99.52520576131685,99.87280963759457
RUR8519,RUR8519__S_SaidraKalan,6,2G/LTE,Bronze,Macro,B2S,C4-SKT-03,E.co,E.co,Non DG Site,99.77698128235758,99.43913966049375,98.65124701314211,98.98842592592587,98.91297043010749,99.57571373456784,97.97092791716437
PND1358,PND1358__P_Fatehke_Burj_WalaWarid_43635,9,2G/LTE,Bronze,Macro,CP Prime,C4-HFZ-06,JAZZ,DEODAR,Non DG Site,97.4008321717773,99.55175723838907,98.29836220629223,96.09797239368987,95.53475126111758,98.01483196159113,93.1245436744987
MLL8916,MLL8916__S_Miani,20,2G/3G/LTE,Elite,Macro,Standby,C4-MBD-08,JAZZ,DEODAR,DG site,99.93603457287932,99.97204654431214,99.6761779420549,96.76320408950609,97.270114620669,97.52834683641971,99.36549805854239
SPB9661,SPB9661__S_ShahPurBhango,12,2G/3G/LTE,Platinum,Macro,Standby,C4-NRW-05,JAZZ,DEODAR,DG site,100,99.84485229276893,99.2594459378733,99.94606802983536,99.27016440163274,99.52115483539086,99.65098877439264
HWY9429,HWY9429__S_Emanabad Warid_MDGJ1825,12,2G/3G/LTE,Platinum,Macro,Standby,C4-GUJ-01,JAZZ,DEODAR,DG site,99.1504256272401,98.4029844576719,98.74632865392269,99.55888310185178,97.8021704500198,90.22341177983509,97.26072468637965
MDK3078,MDK3078__H_MadoKhail,18,2G/3G/LTE,Elite,Macro,Standby,C4-GUJ-02,Jazz Host/TELENOR Guest,DEODAR,DG site,99.69036240541608,99.54056207745431,99.92591970330547,98.60433813443063,99.92529744125845,99.51056670096017,91.45319967144539
RUR6268,RUR6268__S_ChakMandhar,9,2G/3G/LTE,Diamond,Macro,B2S,C4-SKT-03,E.Co,E.CO,Non DG Site,89.16932165140022,98.66895851704848,98.71998622726628,85.30304783950575,98.92373556352048,97.24181241426602,89.73045682331029
HWY8837,HWY8837__P_11KMAttawaStop,18,2G/3G/LTE,Elite,Macro,Standby,C4-GUJ-01,Jazz Host/UFONE Guest,DEODAR,DG site,99.5720392771804,99.83684918797765,100,99.71986454046633,99.79665513407672,99.77789566186557,98.90174897119336
SKT3404,SKT3404__S_ModeltownSKT,9,2G/3G/LTE,Diamond,Macro,Standby,C4-SKT-03,JAZZ,DEODAR,DG site,98.79067519580504,99.81267912257489,99.28709511482799,98.8263031550067,99.70938288198586,98.85288065843613,99.37904470330533
GUJ9433,GUJ9433__S_Haider Colony Warid_MDGJ4222,18,2G/3G/LTE,Elite,Macro,Standby,C4-GUJ-02,JAZZ,DEODAR,DG site,95.94013424266528,97.86197687022324,98.94743337647678,95.91170481824386,97.27290546594958,96.79513888888862,94.76836295300657
SKT3424,SKT3424__S_MohallaBijliGhar,9,2G/3G/LTE,Diamond,Macro,Standby,C4-SKT-03,JAZZ,DEODAR,DG site,99.78614927651657,99.95476006760722,100,99.69536608367619,99.96042413381119,99.59814386145398,99.52094119208815
GUJ9878,GUJ9878__P_OppSocialHosp_Gj,9,2G/3G/LTE,Platinum,Macro,CP Prime,C4-GUJ-01,JAZZ,DEODAR,Non DG Site,99.98846741006238,99.97685185185183,99.9941922208947,98.5721664951988,99.65159547988841,96.49303412208494,93.21350640515044
SKT3800,SKT3800__P_ShahabRoad,12,2G/3G/LTE,Platinum,Macro,Standby,C4-SKT-03,JAZZ,DEODAR,DG site,99.19955321585016,99.63973972111987,99.42142074870559,97.08931327160488,99.53471911091195,99.61234889403286,98.80838373655897
CHW6458,CHW6458__S_ButtMarket_CMPak4481,9,2G/3G/LTE,Diamond,Macro,OMO,C4-NRW-05,Jazz Guest/CM-PAK Host,CM-PAK ,Non DG Site,99.05994872560721,99.68332047325086,98.85736094517452,99.75730881344302,99.93588626709146,99.88318758573386,99.98830147351651
GUJ9465,GUJ9465__S_Qasim Town Warid_MDGJ1828,9,2G/3G/LTE,Elite,Macro,Standby,C4-GUJ-01,JAZZ,DEODAR,DG site,99.8568175029868,99.89693562610228,99.3556891344749,99.60950360082288,99.58882998141506,99.10714591906715,94.79436313553678
RUR3081,RUR3081__P_Offload_RUR9651A,12,2G/3G/LTE,Elite,Macro,Standby,C4-NRW-05,JAZZ,DEODAR,DG site,99.6165621266427,99.91570904982359,99.85467069892468,99.22656249999986,99.18356108124233,98.96458654835376,98.68192453205887
PND1363,PND1363__P_Purani KeeWarid_295247,9,2G/3G/LTE,Diamond,Macro,CP Prime,C4-HFZ-06,JAZZ,DEODAR,Non DG Site,90.21789542678862,97.11201590975884,95.17286439665453,97.06550068587103,98.38458698393725,93.4690715020575,95.52749153723592
DSK3893,DSK3893__P_JamkeRD,12,2G/3G/LTE,Platinum,Macro,Standby,C4-WZD-07,JAZZ,DEODAR,DG site,97.8139934289126,98.1401737488976,98.45372548287513,97.59794560185156,97.92517610015915,97.181278935185,98.98028362704088
KMK5928,KMK5928__S_New Model Town Warid_IK1570,9,2G/3G/LTE,Diamond,Macro,CP Prime,C4-GUJ-01,JAZZ,DEODAR,Non DG Site,99.87220811761578,99.05822861552026,99.59038563653257,99.99890689300406,96.39616935483849,99.72749485596707,99.44195539625642
RUR0516,RUR0516__P_BariMinhassanDarmamRD(Zong4830),12,2G/3G/LTE,Diamond,Macro,OMO,C4-NRW-05,Jazz Guest/CM-PAK Host,CM-PAK ,Non DG Site,93.33317776782138,97.42488908179007,95.95613674830736,96.75199331275714,93.65253820688952,92.17655285493798,96.14519551473502
GUJ6582,GUJ6582_H_Madina Jamia Alkaram Market Gujranwala,2,2G/3G/LTE,Bronze,Macro,CP Prime,C4-GUJ-02,JAZZ,DEODAR,Non DG Site,100,99.98201884920631,100,100,100,99.99286265432097,99.9998133213859
HFZ5586,HFZ5586__S_KassokiRdHFZ_CMPak40674,12,2G/3G/LTE,Platinum,Macro,OMO,C4-HFZ-06,Jazz Guest/CM-PAK Host,CM-PAK ,Non DG Site,96.14984692353637,97.76069223985874,99.4347527130625,92.5880433384771,83.42911501891643,82.230677726337,88.30383811230558
SKT5806,SKT5806__S_Kharkana,9,2G/3G/LTE,Elite,Macro,B2S,C4-SKT-03,Enfrashare,Enfrashare,Non DG Site,96.93063022700112,97.71421222810103,94.24142108057858,96.49459876543193,100,100,99.9989421545201
MLL3347,MLL3347__S_Railway_Gate,12,2G/3G/LTE,Platinum,Macro,Standby,C4-MBD-08,JAZZ,DEODAR,DG site,97.60071311230561,98.13703910383579,98.08954661987242,97.61156121399156,98.59549233373146,98.6840277777776,97.75739869573853
DSK5984,DSK5984__S_Shadpura Warid_DK5730,12,2G/3G/LTE,Platinum,Macro,Standby,C4-WZD-07,JAZZ,DEODAR,DG site,98.42307907706078,98.70315255731907,99.67619038729579,98.33606610082289,98.38820128932683,96.32370434670761,95.36753907805634
RUR5622,RUR5622__S_MameyWal,6,2G/LTE,Platinum,Macro,B2S,C4-NRW-05,Enfrashare,Enfrashare,Non DG Site,99.27895385304654,99.993145116843,99.96546445639184,99.6965985082304,99.54683766427716,99.28134645061719,97.7127513938669
MBN9681,MBN9681__S_RailwayMandiBah,12,2G/3G/LTE,Elite,Macro,Standby,C4-MBD-08,JAZZ,DEODAR,DG site,99.64448613600155,99.98697916666664,99.93824049183587,99.44119727366247,99.27536028972514,99.78866062242795,98.83176523297482
GUJ9415,GUJ9415__S_Sec Y-People Cnly Warid_GJ4731,9,2G/3G/LTE,Platinum,Macro,Standby,C4-GUJ-01,JAZZ,DEODAR,DG site,95.9142066573739,99.02185295414448,99.77299880525683,96.86891289437573,99.0067245785211,99.94789523319608,94.49486841231887
GUJ5482,GUJ5482__S_MohafizTown,9,2G/3G/LTE,Elite,Macro,B2S,C4-GUJ-01,Enfrashare,Enfrashare,Non DG Site,97.62316640116809,99.36094576719574,99.8786589008363,99.765710733882,99.88635420815078,98.99071930727006,96.05110430771255
RUR5145,RUR5145__S_Badiana Warid_MR1B2724,18,2G/3G/LTE,Elite,Macro,Standby,C4-NRW-05,JAZZ,DEODAR,DG site,99.56719600424792,98.69429976851848,99.70093048918086,97.41593792866927,94.5636698526482,99.29672496570633,99.89918317735294
RUR2762,RUR2762__S_Jatheke,18,2G/3G/LTE,Elite,Macro,Standby,C4-WZD-07,Jazz Host/CM-PAK+UFONE+TELENOR Guest,DEODAR,DG site,97.41208474379384,99.4326751726925,100,98.87157064471866,97.4960590070356,96.29063786008219,97.5227021936811
GUJ6134,GUJ6134__S_SectorYPeoplesColony_CMPak5222,9,2G/3G/LTE,Platinum,Macro,OMO,C4-GUJ-01,Jazz Guest/CM-PAK Host,CM-PAK ,Non DG Site,99.77243876941453,99.98422343474424,100,99.7602880658436,99.90653624054161,97.02687757201639,98.17216746316201
SKT9483,SKT9483__S_Ghazi Pur_MDSK4188,19,2G/3G/LTE,Elite,Macro,Standby,C4-SKT-03,JAZZ,DEODAR,DG site,97.00034977677161,99.80148940058474,100,99.84819688109154,99.99816268942965,97.50487329434684,94.73472968936655
GUJ3064,GUJ3064__P_MadinaColony,12,2G/3G/LTE,Elite,Macro,Standby,C4-GUJ-01,Jazz Host/TELENOR Guest,DEODAR,DG site,97.33541168856998,99.2307718805112,98.1568598168058,94.28644225823,93.03572095280727,94.92513824588437,96.5633400537631
GUJ5479,GUJ5479__S_AllahRakhaTown_CMPak_5624,9,2G/3G/LTE,Platinum,Macro,OMO,C4-GUJ-01,Jazz Guest/CM-PAK Host,CM-PAK ,Non DG Site,80.57428564316973,96.75627388300983,98.23922656975965,99.76343878600821,98.84898114960833,96.75855195473214,96.36578222487687
RUR0909,RUR0909__P_MailuSailu,9,2G/3G/LTE,Elite,Macro,Standby,C4-NRW-05,JAZZ,DEODAR,DG site,98.71233240408851,99.80363113609636,98.84066358024683,98.38408779149503,97.6344500862869,97.98122427983523,99.00940030532317
GUJ6306,GUJ6306__S_MiranJeTown,9,2G/3G/LTE,Platinum,Macro,B2S,C4-GUJ-01,E.Co,E.CO,Non DG Site,99.36946186778168,96.75445969282772,100,100,99.24583914111234,95.87461419753065,94.90883861011527
GUJ0728,GUJ0728__P_Jagna,12,2G/3G/LTE,Elite,Macro,Standby,C4-GUJ-01,Jazz Host/CM-PAK Guest,DEODAR,DG site,97.61504069593762,98.98141258818315,99.77945477399439,98.52972286522615,99.65948265133403,98.31978202160487,99.26307061429696
RUR5008,RUR5008__S_kalaswala Warid_MDPR3956,6,2G/LTE,Diamond,Macro,OMO,C4-NRW-05,Jazz Guest/UFONE Host,UFONE,Non DG Site,93.16115342493009,96.76287615740729,99.51827583632017,95.95727237654295,99.05465949820774,97.80105452674876,97.68453181003575
GUJ3945,GUJ3945__S_SethiPlaza,9,2G/3G/LTE,Platinum,Macro,Standby,C4-GUJ-01,JAZZ,DEODAR,DG site,98.87922308509197,99.36689355526146,100,99.25327932098763,98.36705993628027,99.0126671810698,93.54091995221007
GUJ9450,GUJ9450__S_Gulshanabad Warid_MDGJ4155,18,2G/3G/LTE,Elite,Macro,Standby,C4-GUJ-02,JAZZ,DEODAR,DG site,98.50408203902802,99.59758276381538,97.60745428448148,97.05478395061706,99.91371299615012,99.66829561042498,97.50378542745231
GUJ0785,GUJ0785__H_BhuttaMktGujw,9,2G/3G/LTE,Gold,Macro,Standby,C4-GUJ-01,Jazz Host/UFONE Guest,DEODAR,DG site,97.64162684189547,98.95286779835378,98.58323377140574,98.42851937585716,98.76493428912772,98.74830675582969,98.17355718173359
GUJ9418,GUJ9418__S_Faqirpura Warid_GJ4231,12,2G/3G/LTE,Elite,Macro,Standby,C4-GUJ-01,Jazz Host/UFONE Guest,DEODAR,DG site,99.1347912933093,99.62229249338618,99.87716547192352,98.70352687757185,97.33564503683768,97.57577803497917,98.64298648446815
GUJ3019,GUJ3019__P_TabarakColony,12,2G/3G/LTE,Elite,Macro,Standby,C4-GUJ-02,Jazz Host/TELENOR+UFONE Guest,DEODAR,DG site,99.2968749999995,99.96737902336837,99.9957841746315,98.62758809156367,99.53758151632807,99.80185828189292,99.74750161788123
GUJ1456,GUJ1456__P_ShalimarTownGUJ,16,2G/3G/LTE,Elite,Macro,OMO,C4-GUJ-02,Jazz Guest/UFONE Host,UFONE,Non DG Site,91.33894069220386,93.15668661127593,89.32709360065685,92.33345389660454,96.13886788754455,94.7207875192899,92.51988127240105
RUR9991,RUR9991__S_AalianWali,9,2G/3G/LTE,Diamond,Macro,Standby,C4-NRW-05,JAZZ,DEODAR,DG site,99.59223168060515,99.9882192460317,99.99240840302669,99.67802640603564,99.8033237090136,99.9070216049382,99.39043209876534
BPW3014,BPW3014__S_Bhopal_1,12,2G/3G/LTE,Diamond,Macro,Standby,C4-WZD-07,JAZZ,DEODAR,DG site,97.62652143070478,99.87907503858023,100,100,99.746677120669,99.7067418981481,99.78144601254476
SKT3154,SKT3154__P_Opp_Masjid_Molvi,12,2G/3G/LTE,Platinum,Macro,Standby,C4-SKT-03,JAZZ,DEODAR,DG site,96.5951376443644,99.01484306106678,98.026262569693,97.26920974794216,98.9783546146953,98.69706468621388,99.4838025189167
SKT9480,SKT9480__S_Gohadpur_MDSK4281,9,2G/3G/LTE,Elite,Macro,Standby,C4-SKT-03,JAZZ,DEODAR,DG site,99.76244109252619,99.25602127425032,99.84001642771801,99.52932098765423,99.92806650736755,99.86192558299034,95.26757268020691
RUR6962,RUR6962__S_PostOffice,12,2G/3G/LTE,Platinum,Macro,CP Prime,C4-NRW-05,JAZZ,DEODAR,Non DG Site,96.84337353146131,99.89323261133154,99.1345890581441,99.1110307355966,99.61788443349258,98.9466788837447,98.61881160394256
SKT3763,SKT3763__S_SahuWala,19,2G/3G/LTE,Elite,Macro,Standby,C4-SKT-03,JAZZ,DEODAR,DG site,97.59033279884274,99.1630225737954,99.4732126013957,93.84452160493788,97.02167043953945,96.99321799870009,97.67086988304058
SKT3773,SKT3773__S_Hadi_Town_Stop_garah_MDSK4270,12,2G/3G/LTE,Elite,Macro,Standby,C4-SKT-03,JAZZ,DEODAR,DG site,98.79489620669045,98.57445987654309,98.58167811628826,97.24514531892967,96.54520111509323,91.17618312757155,79.97730299183539
JPB1369,JPB1369__P_Khokhar_MarketWarid_JL1608,18,2G/3G/LTE,Elite,Macro,Standby,C4-HFZ-06,Jazz Host/CM-PAK Guest,DEODAR,DG site,93.9917695473249,98.57710078630207,97.77341157241459,97.62387474279825,98.13062110049106,98.6860853909464,98.83028217509614
GUJ4658,GUJ4658__P_Peoplesclnychowk,9,2G/3G/LTE,Elite,Macro,Standby,C4-GUJ-01,JAZZ,DEODAR,DG site,99.11927104075392,98.96919550999397,98.41138573609443,93.5816186556925,96.6805016261778,94.43664266117926,95.74378982477057
GUJ9425,GUJ9425__S_PTCL Exchange GPO Warid_GJ3804,12,2G/3G/LTE,Platinum,Macro,Standby,C4-GUJ-02,JAZZ,DEODAR,DG site,98.1870706391874,96.86254753637549,98.07140768120254,95.26343878600805,98.32944419553948,96.1078639403291,90.34771692054933
SKT3813,SKT3813__S_AbdullahTown,18,2G/3G/LTE,Elite,Macro,Standby,C4-SKT-03,JAZZ,DEODAR,DG site,99.63971027479091,99.93079668209872,99.9999377737953,99.67616169410142,99.99992740276114,99.63930684156374,96.45388415969724
CHW4937,CHW4937__S_KhasChawinda,12,2G/3G/LTE,Elite,Macro,Standby,C4-NRW-05,JAZZ,DEODAR,DG site,97.2551243279568,99.59051545965599,99.701205321585,96.74604552469117,98.84001020509733,99.39568865740726,96.47384321485433
KQD4251,KQD4251__S_Sabzimandikkd,12,2G/3G/LTE,Diamond,Macro,Standby,C4-HFZ-06,JAZZ,DEODAR,DG site,98.23084677419331,99.62346367945322,99.535263590203,98.3639724794237,99.13989384209468,98.96715856481464,98.68198675826355
RUR0832,RUR0832__P_SagaSports,19,2G/3G/LTE,Elite,Macro,Standby,C4-SKT-03,JAZZ,DEODAR,DG site,99.43625023580451,99.86290596282367,99.77636884550081,97.96790732618554,99.76318344023133,99.28079312865482,99.90383103816887
GUJ5891,LTE_GUJ35891_H_New Gulshan colony bazar New Gulshan colony bazar,6,2G/LTE,Bronze,Macro,B2S,C4-GUJ-02,E.Co,E.CO,Non DG Site,97.07868711004907,96.07935130070526,97.69406279038887,61.1811985596704,97.22429642904548,98.03847307956093,97.12083499269862
RUR1769,RUR1769__S_Sohawa_TELENOR LSA_001,3,2G/LTE,Bronze,Macro,OMO,C4-GUJ-01,Jazz Guest/TELENOR Host,TELENOR,Non DG Site,94.29043458781341,98.31824570105815,95.9356954400636,94.71675668724252,89.48769165671014,82.1401105967074,71.09773247710028
RUR9467,RUR9467__S_MACHI_KHOKAR_MR1R3580,12,2G/3G/LTE,Elite,Macro,Standby,C4-SKT-03,Jazz Host/CM-PAK Guest,DEODAR,DG site,99.55111571585013,99.84195877425043,96.96546134508148,94.74099794238644,99.51560010951799,98.39959490740723,95.8669665969731
SKK3103,SKK3103__H_SHKSukheki,9,2G/3G/LTE,Gold,Macro,Standby,C4-HFZ-06,JAZZ,DEODAR,DG site,95.35535311296945,99.98084766313933,100,99.88650977366254,99.72466978627368,99.34169238683123,96.09159282490347
RUR4795,RUR4795__S_QDHChuhewali,6,2G/LTE,Gold,Macro,Standby,C4-HFZ-06,JAZZ,DEODAR,DG site,99.85641303265629,99.9122643849206,99.76938968538425,100,100,99.8358410493827,99.99645310633213
QDS4170,QDS4170__H_HFZRdQilaDidarSingh,12,2G/3G/LTE,Elite,Macro,Standby,C4-HFZ-06,JAZZ,DEODAR,DG site,99.60935944344877,100,99.98338560334525,99.33836484053487,99.96935359418558,99.630787037037,98.94108111808026
GUJ3306,GUJ3306__P_RailwayStation,9,2G/3G/LTE,Diamond,Macro,Standby,C4-GUJ-01,JAZZ,DEODAR,DG site,98.85495486525933,99.37490814226906,99.72881819992028,100,100,99.00195044581614,96.6546570091595
HWY0394,HWY0394__H_PindiBhattian,18,2G/3G/LTE,Hub,Macro,Standby,C4-HFZ-06,JAZZ,DEODAR,DG site,99.99867250763303,99.99348958333333,100,100,99.93618702708083,100,99.99840286074604
RUR3536,RUR3536__S_AbdullahPur,9,2G/3G/LTE,Diamond,Macro,Standby,C4-HFZ-06,JAZZ,DEODAR,DG site,99.70946585025878,99.86554324661951,99.93169636930836,97.71707818930034,100,99.8473293895747,99.6308326695871
SKT9365,SKT9365__S_Charind,6,2G+4G+L900,Bronze,Macro,B2S,C4-SKT-03,E.CO,E.CO,Non DG Site,93.4174631620866,96.33076590975884,98.00701911589005,95.92446844993133,97.02216497411376,99.97318672839505,94.75256786804708
KMK5929,KMK5929__S_Mohalla Karachi Warid_IK1568,18,2G/3G/LTE,Elite,Macro,Standby,C4-GUJ-01,JAZZ,DEODAR,DG site,99.65062060268147,99.95380704365074,99.44584453405004,98.76421039094647,96.77441134010344,99.5399734224965,99.378567635736
RUR6520,RUR6520__S_NearRehmatAbad,6,2G/LTE,Diamond,Macro,B2S,C4-NRW-05,E.Co,E.CO,Non DG Site,97.36462689167654,98.36381861772477,98.216036937475,96.92036394032901,93.80880376344061,95.99893904320967,97.36490690959758
RUR6518,RUR6518__S_AkbarChowk,6,2G/LTE,Diamond,Macro,B2S,C4-NRW-05,E.Co,E.CO,Non DG Site,86.79892846475458,94.96004188712483,98.84710399243316,98.45219264403288,97.16674756073274,97.86844135802463,99.24827633412981
PSR4061,PSR4061__P_Railwayrdpasroor,20,2G/3G/LTE,Elite,Macro,Standby,C4-NRW-05,JAZZ,DEODAR,DG site,99.69854204002384,99.7092737268517,99.94689926821981,99.77468171296293,99.77723640979687,98.05701195987646,98.99852523894852
SKT1620,SKT1620__S_Pasrur_Road_Shamas_Pura_MDSK4277,12,2G/LTE,Platinum,Macro,Standby,C4-SKT-03,Jazz Host/TELENOR Guest,DEODAR,DG site,93.10600545101526,98.80068824404748,99.9638932447232,96.83592142489691,99.87711880226998,99.79335455246907,98.17156075766619
RUR0903,RUR0903__S_Ferozepur,9,2G/3G/LTE,Platinum,Macro,Standby,C4-NRW-05,JAZZ,DEODAR,DG site,99.86208598831807,99.97712742504407,100,100,98.70716762909858,99.99989283264743,99.71724412584622
SKT9472,SKT9472__S_Muslim Town SKT_MDSK4175,10,2G/3G/LTE,Platinum,Macro,Standby,C4-SKT-03,Jazz Host/CM-PAK Guest,DEODAR,DG site,100,99.73288690476183,100,99.24245756172837,99.91577060931895,99.85613425925918,99.59571012544797
GUJ1538,GUJ1538__P_IndustrialEstateIIGUJ,12,2G/3G/LTE,Elite,Macro,Standby,C4-GUJ-01,JAZZ,DEODAR,DG site,98.02907830545583,99.12341889880939,98.16429584826749,97.57238618827151,99.25179211469519,98.78917502571997,97.54878534448412
RUR5147,RUR5147__S_Langay Warid_MR525365,12,2G/LTE,Diamond,Macro,Standby,C4-NRW-05,JAZZ,DEODAR,DG site,99.5141066806053,99.82814566798935,99.4108889635603,99.81364133230444,97.04151732377528,97.98762217078169,98.64312649342872
GUJ9427,GUJ9427__S_Chashma Chowk Warid_GJ4730,12,2G/3G/LTE,Platinum,Macro,Standby,C4-GUJ-01,JAZZ,DEODAR,DG site,97.77727996814008,98.88420414462072,99.55736944942247,96.74337705761288,98.6577185384307,98.84111368312743,94.76367420848244
RUR0266,RUR0266__S_Gojra,6,2G/LTE,Gold,Macro,Standby,C4-WZD-07,JAZZ,DEODAR,DG site,98.57088186977293,99.96124751984124,99.80937002190359,97.82928240740726,98.54272451214646,99.95775462962959,99.16890681003578
RUR5621,RUR5621__S_Lalwan,12,2G/LTE,Platinum,Macro,B2S,C4-NRW-05,Enfrashare,Enfrashare,Non DG Site,98.1887351901632,99.95182636133154,99.7477505227001,99.85300925925922,99.37705346475506,98.34751157407403,90.96853531959357
SKT9366,SKT9366__S_Bhabrianwala,6,2G+4G+L9,Bronze,Macro,B2S,C4-SKT-03,E.CO,E.CO,Non DG Site,96.61701015531649,99.70796130952378,100,95.69447659465,98.78789575866186,99.6440972222222,95.33194568896846
HWY0234,HWY0234__P_MuhallahAbbasNagar,18,2G/3G/LTE,Elite,Macro,CP Prime,C4-GUJ-01,Jazz Host/CM-PAK Guest,DEODAR,Non DG Site,99.35165480220353,99.98812738830101,99.97611550842956,98.49293767146773,99.41272982211596,99.96191272290807,97.01157614828077
GUJ0731,GUJ0731__H_OldDhulayChowk,12,2G/3G/LTE,Elite,Macro,CP Prime,C4-GUJ-02,JAZZ,DEODAR,Non DG Site,98.95727548785335,99.96677620701053,99.99943996415767,98.84383037551437,98.95229739147744,99.53078382201645,94.60201675129413
GUJ5837,GUJ5837__S_Sharifpura,9,2G/3G/LTE,Platinum,Macro,B2S,C4-GUJ-02,Enfrashare,Enfrashare,Non DG Site,98.98087996150265,99.77030974426806,99.75289974113898,98.08391203703697,97.35333283552362,98.38505229766797,93.97866056020165
GUJ9408,GUJ9408__S_Station Park Warid_GJ4202,9,2G/3G/LTE,Elite,Macro,Standby,C4-GUJ-02,JAZZ,DEODAR,DG site,98.64027445904678,99.98091655643735,99.951422076198,99.45252486282567,98.96082238152123,97.69510888203004,94.2116147285276
KMK9799,KMK9799__P_MuhammadPura,12,2G/3G/LTE,Elite,Macro,CP Prime,C4-GUJ-01,Jazz Host/TELENOR+CM-PAK Guest,DEODAR,Non DG Site,99.32456566109114,99.95186080798057,99.5596251493428,99.45762602880656,98.52161427220219,98.68190586419738,99.39032320290713
PSR4200,PSR4200__P_FaisalColony,20,2G/3G/LTE,Elite,Macro,Standby,C4-NRW-05,JAZZ,DEODAR,DG site,99.47638515531659,99.9775028935185,99.954674432497,99.62352430555549,99.0817372311827,99.3560570987653,98.81210797491029
KMK5925,KMK5925__S_Mandiala RD-KMK Warid_IK1566,12,2G/3G/LTE,Elite,Macro,Standby,C4-GUJ-01,Jazz Host/UFONE+CM-PAK Guest,DEODAR,DG site,99.317876344086,99.56664393187826,99.43450380824366,99.53907857510283,99.48377140581432,98.80703446502048,99.14969446933485
GUJ9439,GUJ9439__S_Sec Y-People Cnly Warid_MDGJ4223,12,2G/3G/LTE,Elite,Macro,Standby,C4-GUJ-01,Jazz Host/UFONE+TELENOR Guest,DEODAR,DG site,96.36359393667828,98.42675264550246,99.29234804360806,97.32828575102864,97.90142124651513,96.41591113683106,92.8622187375545
RUR8929,RUR8929__H_BWLChowkMiana,9,2G/3G/LTE,Hub,Macro,Standby,C4-MBD-08,JAZZ,DEODAR,DG site,99.83702956989245,99.973613866843,100,99.81352880658433,100,99.56732253086417,99.41268833797946
RUR0807,RUR0807__S_Karyala,8,2G/LTE,Diamond,Macro,Standby,C4-HFZ-06,Jazz Host/TELENOR Guest,DEODAR,DG site,99.49328423685778,99.52166521990728,100,99.16946373456783,99.74301355286735,99.51762635030863,99.09932235663072
CHW4936,CHW4936__S_tationChwkPasroorRD,20,2G/3G/LTE,Platinum,Macro,Standby,C4-NRW-05,JAZZ,DEODAR,DG site,98.0007187126641,98.23198784722214,99.66502389486259,99.7272472993827,99.90944220430107,100,99.97172752389484
SKT6377,SKT6377__S_Shahabpura,9,2G/3G/LTE,Platinum,Macro,B2S,C4-SKT-03,E.Co,E.CO,Non DG Site,99.13387345679011,98.53436397707216,99.53093886897649,95.26386745541818,99.94210888756136,99.29203103566527,98.97254165007294
GUJ9448,GUJ9448__S_Siddiq Colony Warid_MDGJ4646,12,2G/3G/LTE,Elite,Macro,Standby,C4-GUJ-01,JAZZ,DEODAR,DG site,98.23447145061714,99.79673032407403,98.95679323476682,99.47244727366245,99.89591111608912,73.52010995370324,96.60230921445616
PMD9665,PMD9665__S_Pindi_Mandla,9,2G/3G/LTE,Diamond,Macro,Standby,C4-SKT-03,JAZZ,DEODAR,DG site,99.65057911854504,99.47002682245731,98.97749900438062,98.98461076817551,99.59791500730114,99.21808556241413,98.82884060135362
GUJ9417,GUJ9417__S_Ghuman Shah Rd Warid_GJ4154,18,2G/3G/LTE,Platinum,Macro,Standby,C4-GUJ-01,Jazz Host/TELENOR Guest,DEODAR,DG site,99.25845031859811,99.98191550925925,99.80127024425857,98.47973465363502,99.99359070091596,97.69387645747587,98.03615135072332
GUJ3887,GUJ3887__P_ChandDaQila,6,2G/3G/LTE,Elite,Macro,Standby,C4-GUJ-01,JAZZ,DEODAR,DG site,99.60459395327219,99.68157517636678,99.40675610646484,98.6780907064471,98.45145941192065,98.22104338134416,98.49788016062637
SKT4633,SKT4633__S_RorasRoad,9,2G/3G/LTE,Diamond,Macro,Standby,C4-SKT-03,JAZZ,DEODAR,DG site,99.75603179344213,99.6859843474426,100,99.41362311385453,98.38381952741261,100,99.48480850922596
KMK4470,KMK4470__P_AliArcadeGTRoad,20,2G/3G/LTE,Elite,Macro,Standby,C4-GUJ-01,Jazz Host/TELENOR Guest,DEODAR,DG site,99.60104913381119,98.8830088458994,99.96327098267619,99.04872685185167,97.9216229838708,97.52150848765422,98.80235401732355
RUR5977,RUR5977__S_Bhalowali Warid_2I3759,12,2G/LTE,Platinum,Macro,Standby,C4-WZD-07,Jazz Host/CM-PAK Guest,DEODAR,DG site,97.83264573377109,99.80964781745988,99.46609916367933,97.57148598250981,98.26283104340854,98.9196084104934,98.41306065810386
GUJ9437,GUJ9437__S_B3-wapda Town Warid_MDGJ4163,15,2G/3G/LTE,Elite,Macro,Standby,C4-GUJ-01,JAZZ,DEODAR,DG site,99.04839954201499,99.58376047178122,99.29260005973705,90.15771604938224,98.63130973715631,96.72708333333296,98.61493180007935
QMZ1531,QMZ1531__S_MangatWarid_1I3520,8,2G/LTE,Diamond,Macro,Standby,C4-HFZ-06,Jazz Host/CM-PAK Guest,DEODAR,DG site,99.4045185558541,99.98155381944443,99.7686118578255,99.32708815586413,99.65550795250886,99.74052372685179,96.88813750746704
SMB5436,SMB5436__S_RasoolPura_NEW,12,2G/LTE,Platinum,Macro,B2S,C4-WZD-07,Enfrashare,Enfrashare,Non DG Site,97.61505625248894,98.77113301917973,99.99962664277179,99.7540509259259,98.06156038430896,99.05076517489707,82.84372199820749
DSK0321,DSK0321__H_Daska,18,2G/3G/LTE,Hub,Macro,Standby,C4-WZD-07,JAZZ,DEODAR,DG site,98.43517688835779,98.18552276234561,100,99.99995713305897,99.99981332138587,99.99806027091897,99.78670931235891
GUJ9406,GUJ9406__S_MujahidPura Warid_GJ4230,12,2G/3G/LTE,Elite,Macro,Standby,C4-GUJ-01,JAZZ,DEODAR,DG site,99.17119362305851,99.8156759810405,98.44165359916359,88.60813721707794,97.60751132516918,99.83500514403288,98.63365255376333
BGA6989,BGA6989__S_Chak3MandiBaudin,3,2G/LTE,Hub,Macro,Standby,C4-MBD-08,Jazz Host/TELENOR Guest,DEODAR,DG site,99.85681750298684,99.98367228835978,99.99122610513739,98.7874228395061,100,99.95814043209877,99.81630824372755
HWY1485,HWY1485__S_MungawalaWarid_25413,9,2G/3G/LTE,Gold,Macro,OMO,C4-HFZ-06,Jazz Guest/CM-PAK Host,CM-PAK ,Non DG Site,78.29570722155802,96.52614730305663,85.99962249435782,72.69686642661132,74.76965933227078,73.37519290123406,72.31433774724489
RUR4623,RUR4623__H_BosalMandiBahauddin,3,2G/LTE,Gold,Macro,Standby,C4-MBD-08,JAZZ,DEODAR,DG site,99.99962664277179,99.9741650132275,100,99.97627314814812,99.70691457586615,99.79513888888887,99.87492532855431
SKT1603,SKT1603__S_Haji Pura_MDSK4180,12,2G/3G/LTE,Elite,Macro,Standby,C4-SKT-03,JAZZ,DEODAR,DG site,99.83709179609713,99.89643614969133,100,99.0826260288065,99.94916119076065,98.9559220679012,99.81279246316201
GUJ5783,GUJ5783__S_RajKot,9,2G/3G/LTE,Elite,Macro,B2S,C4-GUJ-02,Enfrashare,Enfrashare,Non DG Site,96.55285493827152,99.6279532260435,99.6858198924731,97.32780349794233,99.04781461569094,99.37712191358021,98.82473367184376
GUJ6295,GUJ6295__S_Yousafpura,9,2G/3G/LTE,Diamond,Macro,B2S,C4-GUJ-02,E.Co,E.CO,Non DG Site,98.42003517854765,99.96550742210465,99.94835225009955,99.65530692729756,97.45944925660423,99.49181241426608,96.8872793043938
SKT5528,SKT5528_H_Sialkot Sankhatra Rd Kishnaywali Kothey Sialkot,9,2G/LTE,Diamond,Macro,B2S,C4-SKT-03,Enfrashare,Enfrashare,Non DG Site,98.10253634010344,97.45480599647247,95.06104390680972,97.38751714677626,95.48694079384023,98.58976337448547,97.75475408203883
DSK3806,DSK3806__S_Sohawa_Daska,12,2G/3G/LTE,Platinum,Macro,CP Prime,C4-WZD-07,JAZZ,DEODAR,Non DG Site,96.2489265979688,98.17837508267186,98.39705296694532,97.46378279320969,96.28324434986044,97.76044881687231,98.23369362305846
RUR9738,RUR9738__S_MaingraFatowal,6,2G/3G/LTE,Gold,Macro,Standby,C4-NRW-05,JAZZ,DEODAR,DG site,99.72175552568694,98.96601493606697,99.28850557546782,98.95122813786003,99.7462104241338,99.91460905349794,99.80124950219032
DMK6995,DMK6995__S_LorrikkeDaska,9,2G/3G/LTE,Diamond,Macro,CP Prime,C4-WZD-07,Jazz Host/TELENOR Guest,DEODAR,Non DG Site,99.34546329483604,99.98277667548498,99.85779238019377,99.81198559670776,100,99.670567558299,99.17224628302132
RUR4320,RUR4320__H_HKUNPahrianwali,6,2G/LTE,Hub,Macro,Standby,C4-MBD-08,JAZZ,DEODAR,DG site,100,99.888599537037,100,100,100,99.96074459876543,100
RUR4998,RUR4998__H_Skgaddasheikhpur,15,2G/3G/LTE,Hub,Macro,Standby,C4-NRW-05,JAZZ,DEODAR,DG site,99.90162037037035,99.99038249559082,99.99986310234964,99.60186471193406,98.96306252489028,94.05393518518481,94.99688868976479
PHA6218,PHA6218__S_LariAdda_ChowkPhalia_MR335301,20,2G/3G/LTE,Hub,Macro,Standby,C4-MBD-08,Jazz Host/CM-PAK Guest,DEODAR,DG site,99.95393705197132,99.7465484457671,99.90420586917561,99.84513888888883,99.99048872461167,99.6372974537036,99.42516054360803
RUR0414,RUR0414__S_Main_Bazar_Peero_Chak_MDSK4112,9,2G/LTE,Gold,Macro,CP Prime,C4-SKT-03,JAZZ,DEODAR,Non DG Site,99.01722006504704,99.54328336272772,97.5832171777511,99.35395233196158,99.93460025886097,99.0727451989025,99.2203056551174
KMK6922,KMK6922__P_tankiwala,20,2G/3G/LTE,Elite,Macro,Standby,C4-GUJ-01,JAZZ,DEODAR,DG site,99.25140942353639,99.77605200066134,99.93708930704895,99.90322145061722,99.21138552867377,97.25606674382705,98.10332661290306
SKT3410,SKT3410__P_PakkahGarh,12,2G/3G/LTE,Elite,Macro,Standby,C4-SKT-03,JAZZ,DEODAR,DG site,99.44984256770209,99.98558407738093,99.47935334528074,96.97434413580228,99.79358012246107,99.82849472736619,99.51083980485859
RUR9197,RUR9197__S_AdamKay,12,2G/3G/LTE,Platinum,Macro,OMO,C4-WZD-07,Jazz Guest/UFONE Host,UFONE,Non DG Site,98.22378409996008,98.52420221560841,95.6845971475506,93.27142811213974,99.81176573078451,92.32828575102835,82.38055680007929
RUR9688,RUR9688__S_BHUDAL_PIND_MR2I3758,12,2G/3G/LTE,Elite,Macro,CP Prime,C4-SKT-03,Jazz Host/CM-PAK+TELENOR Guest,DEODAR,Non DG Site,99.00276284348841,99.1860256834212,98.68013552867359,99.97580697016453,99.87837888291513,99.4239165380658,98.10318971525265
GUJ3339,GUJ3339__P_AmnaHospitalGuj,12,2G/3G/LTE,Elite,Macro,Standby,C4-GUJ-01,JAZZ,DEODAR,DG site,100,99.980503196649,100,99.2642854080932,99.78629447099422,99.66867069615903,97.448189276706
KQD1726,KQD1726__S_Adda Wali MasjidWarid_295293,18,2G/3G/LTE,Elite,Macro,Standby,C4-HFZ-06,JAZZ,DEODAR,DG site,99.93559587813618,99.8644639182833,99.01951206358677,99.876564643347,99.39497461170849,99.08487654320983,98.9676983771405
STR5974,STR5974__S_Moh Darbar wala Warid_GJ4129,9,2G/3G/LTE,Platinum,Macro,Standby,C4-NRW-05,JAZZ,DEODAR,DG site,99.96141975308642,99.98401675485009,99.71114595778575,99.62484996570642,99.84213211867781,99.86078960905347,99.05049034249294
KMK0969,KMK0969__S_IttehadStore,2,2G/3G/LTE,Bronze,Micro,CP Prime,C4-GUJ-01,JAZZ,JAZZ,Non DG Site,100,99.9811921296296,100,100,100,100,100
SKT6122,SKT6122__S_PakkiKotli,9,2G/LTE,Elite,Macro,B2S,C4-SKT-03,Enfrashare,Enfrashare,Non DG Site,97.25715186512667,97.88770851704867,98.82195423470056,99.38159079218103,99.56903167728659,100,99.02459387030392
SKG4059,SKG4059__P_BusStdShakargarh,18,2G/LTE,Elite,Macro,Standby,C4-NRW-05,JAZZ,DEODAR,DG site,99.50991678282212,99.71598737874774,99.4393833797955,97.04024134087766,99.82457395791849,97.69073645404654,99.23909796893655
GUJ9995,GUJ9995__P_Bank_Colony,9,2G/3G/LTE,Elite,Macro,Standby,C4-GUJ-01,JAZZ,DEODAR,DG site,99.92987106730384,99.9795157260435,99.67766825965748,99.16394461591214,99.71344832735957,97.0754886831273,95.47459926324146
GUJ1501,GUJ1501__S_GMCnewmuslimColonyGUJ,9,2G/3G/LTE,Platinum,Macro,OMO,C4-GUJ-01,Jazz Guest/CM-PAK Host,CM-PAK ,Non DG Site,97.81708399707942,99.36037165637855,98.09338908801254,96.5007501714676,99.9999377737953,92.17093192729759,99.9708366520642
GUJ6119,GUJ6119__S_KashmirRdFaridTown_CMPak4266,12,2G/3G/LTE,Diamond,Macro,OMO,C4-GUJ-01,Jazz Guest/CM-PAK Host,CM-PAK ,Non DG Site,93.29133064516094,99.3458753582451,99.98828591696532,99.91126543209877,100,99.84683641975307,96.24150612305841
SKT5596,SKT5596_H_Gondewali Road Tibbi Sialkot,9,2G/LTE,Gold,Macro,OMO,C4-SKT-03,Jazz Guest/CM-PAK Host,CM-PAK ,Non DG Site,99.96963361210672,99.99184762639618,100,99.63938185871051,100,99.9998070987654,99.986123556352
RUR2720,RUR2720__S_Beerh,6,2G/LTE,Bronze,Macro,B2S,C4-SKT-03,ATL,ATL,Non DG Site,98.26538231780162,99.60341572971774,99.11442776782151,98.87538580246904,99.17170698924727,96.49501671810694,96.43244723217835
RUR1127,RUR1127__S_OffloadRUR4037A,12,2G/3G/LTE,Platinum,Macro,Standby,C4-NRW-05,Jazz Host/CM-PAK Guest,DEODAR,DG site,98.53048150637163,99.57001970348277,99.49669889984028,98.73157793209835,98.51168919255231,97.15354938271564,98.5576276881716
SDK5916,SDK5916__S_GTRDSadhokeWarid_ES4293,18,2G/3G/LTE,Elite,Macro,Standby,C4-GUJ-01,JAZZ,DEODAR,DG site,98.88832885304622,99.17057062022302,97.72438769414559,98.6320730452671,97.91792156179449,99.12454989711915,97.29163555356406
GUJ5505,GUJ5505__S_ShadmanColony_Ufone3910,12,2G/3G/LTE,Diamond,Macro,OMO,C4-GUJ-01,Jazz Guest/UFONE Host,UFONE,Non DG Site,97.78356481481477,98.8422825727512,99.9998133213859,97.75935570987637,91.83581304759048,85.53912680041125,85.20967119673404
GUJ4147,GUJ4147__P_arywallaRd,12,2G/3G/LTE,Elite,Macro,Standby,C4-GUJ-02,JAZZ,DEODAR,DG site,99.69370706391864,99.29194912918858,99.79687811131014,97.80594135802443,98.35327683193934,98.62107767489705,96.50497187375514
RUR0801,RUR0801__S_Shahzada,6,2G/LTE,Gold,Macro,B2S,C4-NRW-05,Enfrashare,Enfrashare,Non DG Site,94.85065710872152,99.56948578042321,98.73609244324963,96.85236625514389,98.69440088610114,95.8329475308641,99.04044081043403
GUJ9461,GUJ9461__S_Gulzar Colony Warid_MDGJ4235,12,2G/3G/LTE,Elite,Macro,OMO,C4-GUJ-01,Jazz Guest/CM-PAK Host,CM-PAK ,Non DG Site,95.32391850856212,98.40966710758356,100,99.80709876543203,99.99996888689765,97.8447627314814,82.16251617881305
KMK8981,KMK8981__P_MohalaDarveshpura,12,2G/3G/LTE,Elite,Macro,Standby,C4-GUJ-01,JAZZ,DEODAR,DG site,99.22133238749498,99.95368648037915,99.72217555256869,99.27623456790116,98.99356892174423,98.40293852880636,99.25431227598543
RUR4663,RUR4663__S_GUJAddaQaziKot,18,2G/3G/LTE,Platinum,Macro,CP Prime,C4-HFZ-06,JAZZ,DEODAR,Non DG Site,96.18994134143091,99.76444233171661,98.58496573410324,97.42519718792862,98.12225167595906,98.7320816186556,92.65302460838954
SKT5149,SKT5149__S_Nazimabad Warid_MDSK4276,12,2G/3G/LTE,Elite,Macro,CP Prime,C4-SKT-03,JAZZ,DEODAR,Non DG Site,97.33169367283938,97.45380704365064,84.02071510354412,96.80539480452639,99.82547105236944,98.7252764917693,96.37303676324157
RUR8836,RUR8836__S_JandasingGuj,12,2G/3G/LTE,Platinum,Macro,Standby,C4-HFZ-06,JAZZ,DEODAR,DG site,99.57420163779368,99.97602513227511,99.498332337714,99.6016268004115,99.3491916816009,99.99739583333333,98.93457847968932
SKT0572,SKT0572__P_Bohri Mohalla,12,2G/3G/LTE,Platinum,Macro,Standby,C4-SKT-03,Jazz Host/UFONE Guest,DEODAR,DG site,96.2227138092392,98.2685391865078,99.88340364894455,97.49054783950594,99.72247112704096,95.47718942901214,98.5888807994822
GUJ9410,GUJ9410__S_Baghwala Warid_GJ4214,12,2G/3G/LTE,Elite,Macro,Standby,C4-GUJ-02,JAZZ,DEODAR,DG site,93.4569612455196,99.97633515211639,98.35178340302659,98.28121784979406,98.41346512843478,98.72321887860078,97.97803726105111
GUJ5576,GUJ5576_H_Gondlanwala Rd Siddique Akbar Town Gujranwala,9,2G/LTE,Platinum,Macro,OMO,C4-GUJ-02,Jazz Guest/CM-PAK Host,CM-PAK ,Non DG Site,84.80485862206258,94.28063914609017,96.29409763706347,91.33789866255124,90.58440777246769,97.80369084362115,93.49877206956016
GUJ4662,GUJ4662__S_KhyaliBypass,9,2G/3G/LTE,Platinum,Macro,CP Prime,C4-GUJ-01,JAZZ,DEODAR,Non DG Site,96.19762627771105,98.56221983392093,98.78090568166725,98.71772119341556,94.3883371498737,95.48008830589828,98.21993644630274
GUJ3305,GUJ3305__H_Ferozwala,12,2G/3G/LTE,Elite,Macro,Standby,C4-GUJ-01,Jazz Host/TELENOR Guest,DEODAR,DG site,95.87510267323758,99.49564938822735,99.6251182297889,99.26739326131674,99.81500149342887,98.8144290123456,98.43581989247294
DSK5295,DSK5295__S_Islam Pura_RL_DSK3493,16,2G/3G/LTE,Elite,Macro,Standby,C4-WZD-07,Jazz Host/CM-PAK Guest,DEODAR,DG site,96.04691700268803,98.03475839120357,97.03310511872752,98.29021990740725,96.8455397812125,96.58294753086379,98.17621994474297
DSK5985,DSK5985__S_Circular RD Warid_DK5757,9,2G/3G/LTE,Elite,Macro,Standby,C4-WZD-07,JAZZ,DEODAR,DG site,98.57429393999722,97.98048482510266,99.40011864463018,96.60135888202996,99.11574488915419,99.46596364883393,98.03746847205605
RUR5662,RUR5662_H_USF_USLK021_Changa BaghatPur Rd Wala Kalar Sialkot,6,2G/LTE,Diamond,Macro,B2S,C4-NRW-05,Enfrashare,Enfrashare,Non DG Site,96.87384881521297,98.34938547178123,99.70016303265625,99.0720486111111,98.96231581043403,99.56555426954726,98.45713236758253
RUR0434,RUR0434__H_ChowkySukhakey,6,2G/LTE,Diamond,Macro,Standby,C4-HFZ-06,Jazz Host/CM-PAK Guest,DEODAR,DG site,98.80724810832328,99.97767857142857,99.58249327956987,96.68830375514388,98.90793010752687,99.70338220164606,100
HFZ5759,HFZ5759__S_Jeelanipura,9,2G/LTE,Elite,Macro,B2S,C4-HFZ-06,Enfrashare,Enfrashare,Non DG Site,97.56687242798348,98.9686443636095,98.04999668126894,99.87358539094643,99.9999377737953,95.84850823045257,100
SMB2422,SMB2422__S_Opposite_DryportWarid_MDSK1583,18,2G/3G/LTE,Elite,Macro,Standby,C4-WZD-07,JAZZ,DEODAR,DG site,99.68646289658832,99.99328290343915,98.39242748572946,99.85947145061726,99.57377123987786,99.0820258916323,97.01113019381374
GUJ9464,GUJ9464__S_Chicherwali Warid_MDGJ4218,12,2G/3G/LTE,Elite,Macro,Standby,C4-GUJ-01,JAZZ,DEODAR,DG site,99.10475159299077,99.9389260912698,99.93404022301871,97.4087737911521,98.77053464755066,99.1550282921809,98.29649542015122
RUR6098,RUR6098__S_GondalWarid_MDSK3985,6,2G/LTE,Gold,Macro,OMO,C4-SKT-03,Jazz Guest/UFONE Host,UFONE,Non DG Site,93.21152553763402,98.33515900573165,99.64804858622055,95.86390817901226,100,97.70656507201645,99.66901881720425
HWY3950,HWY3950__P_SKTAwanSports,12,2G/3G/LTE,Elite,Macro,Standby,C4-SKT-03,Jazz Host/TELENOR Guest,DEODAR,DG site,98.6937319544004,99.97550843253964,99.99970442552768,99.234905478395,100,99.79689107510286,99.39968824671436
HFZ5343,HFZ5343__S_DefenceColony,9,2G/3G/LTE,Elite,Macro,B2S,C4-HFZ-06,E.Co,E.CO,Non DG Site,95.18541334793562,98.00278328924152,99.75808525819726,95.54640346364869,95.37306683924055,94.8776363168723,96.3589995685649
HWY5982,HWY5982__S_Kot Bhukran Warid_365324,20,2G/3G/LTE,Platinum,Macro,Standby,C4-WZD-07,Jazz Host/TELENOR Guest,DEODAR,DG site,98.33357601553146,99.12395626653425,99.02704973118261,97.5702160493824,99.15646468040605,98.50617283950606,94.09146318697707
GUJ9728,GUJ9728__P_Khyali_BypassGujwala,16,2G/3G/LTE,Elite,Macro,Standby,C4-HFZ-06,Jazz Host/UFONE Guest,DEODAR,DG site,98.83205691830925,98.94926525297606,99.1139882952508,97.12407166280849,99.24211982900229,98.11471595293189,98.58301597968918
RUR9455,RUR9455__S_Mandiala Warid_MR2I3761,6,2G/LTE,Bronze,Macro,Standby,C4-GUJ-01,JAZZ,DEODAR,DG site,99.61818000796465,99.83630952380936,99.30928912783733,98.72884516460863,97.14011474512094,94.587094907407,94.14815437076804
SKT8839,SKT8839__P_MuradPurNaiAbadiSKT,12,2G/3G/LTE,Elite,Macro,Standby,C4-SKT-03,Jazz Host/TELENOR Guest,DEODAR,DG site,99.54338410991632,99.98641079695764,99.22304360812409,97.32626028806564,99.92780204599758,99.10407021604935,99.22977959478283
RUR5046,RUR5046__S_Goorsial,12,2G/3G/LTE,Elite,Macro,Standby,C4-NRW-05,Jazz Host/CM-PAK Guest,DEODAR,DG site,98.9670294454399,98.54406070877417,100,99.76406571502054,94.17175365890044,89.94600372942331,93.76239857128586
GUJ0726,GUJ0726__P_Fatomand,18,2G/3G/LTE,Elite,Macro,Standby,C4-GUJ-02,Jazz Host/UFONE+TELENOR Guest,DEODAR,DG site,98.32320083300117,98.95549722589631,99.914936778176,99.80119384430719,99.80180953803264,99.99883187585733,98.90295201115087
GUJ9942,GUJ9942__P_JamiaHanifa,18,2G/3G/LTE,Elite,Macro,Standby,C4-GUJ-02,JAZZ,DEODAR,DG site,98.85796246515302,99.6911743092298,99.7541961204035,95.80793467078173,99.37299839041546,99.55519118655687,98.03569502522225
RUR9471,RUR9471__S_Hir_MDSK4518,9,2G/3G/LTE,Platinum,Macro,CP Prime,C4-SKT-03,JAZZ,DEODAR,Non DG Site,98.84290372361606,98.98524764844201,99.10506272401405,99.39744084362134,98.93255094251954,100,99.848022866056
JPB1364,JPB1364__P_Pindi Bhattian Road Jalapur BhattianWarid_315320,12,2G/3G/LTE,Elite,Macro,Standby,C4-HFZ-06,JAZZ,DEODAR,DG site,98.60630413679792,99.92631861772468,99.46333009757063,96.3559349279833,99.2375267572679,98.75292566872416,97.40678514536019
GUJ5850,GUJ5850_H_Muslim Town Rehmanpura,9,2G/LTE,Platinum,Macro,B2S,C4-GUJ-02,Enfrashare,Enfrashare,Non DG Site,98.96231581043406,99.84912367724864,99.64338162086815,98.71159122085042,99.92103494623655,99.9926697530864,99.60220861542538
GUJ5900,GUJ5900_H_Mubarak Colony Gujranwala,6,2G/LTE,Platinum,Macro,B2S,C4-GUJ-02,E.Co,E.CO,Non DG Site,98.43392199322975,95.13437637786576,98.0590713361209,99.71633873456787,99.94287634408596,99.32040895061719,99.89695340501788
RUR5579,RUR5579__S_RajputTown,9,2G/LTE,Platinum,Macro,B2S,C4-GUJ-02,Enfrashare,Enfrashare,Non DG Site,99.19259425195803,99.98194995590828,99.59185832337712,98.71971450617279,99.65246664675426,99.87060613854594,99.97206043409
RUR0720,RUR0720__S_Khambranwala,9,2G/3G/LTE,Hub,Macro,Standby,C4-WZD-07,Jazz Host/CM-PAK Guest,DEODAR,DG site,99.95868180007963,99.97850529100528,100,99.99652777777777,100,99.9463734567901,100
RUR1914,RUR1914_H_USF_UCMW003_Kalas Sharif Po Miayani Bhera Sargodha,2,2G/LTE,Bronze,Macro,B2S,C4-MBD-08,ATL,ATL,Non DG Site,96.71566980286724,99.99648644179892,98.29207735961764,96.33478009259254,98.32418608124247,99.3250385802469,97.4318623058541
GUJ6093,GUJ6093__S_IftikharColony_CMPak42918,9,2G/3G/LTE,Platinum,Macro,OMO,C4-HFZ-06,Jazz Guest/CM-PAK Host,CM-PAK ,Non DG Site,92.45826695871466,97.61104451425618,96.11753078122896,87.42866941015042,87.33856448294128,91.16116898148107,88.65043807248061
RUR6176,RUR6176__S_Dhol_Ranjha_MDPH1532,8,2G/LTE,Diamond,Macro,Standby,C4-MBD-08,JAZZ,DEODAR,DG site,96.56747031809998,98.49462115575359,97.44611988500583,99.03204571759248,99.88395590651133,99.35706018518513,98.80840707138584
HFZ5803,HFZ5803__S_MuhammadMianDaKot,9,2G/3G/LTE,Platinum,Macro,B2S,C4-HFZ-06,Enfrashare,Enfrashare,Non DG Site,95.90931152927105,98.196304563492,99.59320655781222,100,100,95.95400377229073,99.13542911190754
HFZ3892,HFZ3892__S_MuhalahuzafrKhn,12,2G/3G/LTE,Elite,Macro,Standby,C4-HFZ-06,Jazz Host/UFONE Guest,DEODAR,DG site,99.20422018120261,99.82687114197525,99.9125721823974,99.46595293209867,99.79023546395852,96.18293467078186,99.47890220529659
SKG3828,SKG3828__S_MohallahIsbSKG,12,2G/3G/LTE,Platinum,Macro,Standby,C4-NRW-05,JAZZ,DEODAR,DG site,98.87344123357205,99.7394455467371,98.9935689217442,98.09805812757186,98.31797901732362,95.04377250514366,98.24397650338493
RUR5937,RUR5937__S_Karial-NVKWarid_SH7649,9,2G/3G/LTE,Diamond,Macro,OMO,C4-HFZ-06,Jazz Guest/CM-PAK Host,CM-PAK ,Non DG Site,99.49698410327885,99.47416042034094,98.15441225275441,95.77760631001362,98.09629297756528,99.46246999314117,99.28103843090386
GUJ9441,GUJ9441__S_Mominabad Warid_MDGJ4221,12,2G/3G/LTE,Elite,Macro,Standby,C4-GUJ-02,JAZZ,DEODAR,DG site,97.3886617632415,98.09713266093452,98.08897102747873,92.4953703703699,95.62352212763798,96.31458976337414,92.82002937076821
RUR1063,RUR1063__S_Narang,6,2G/3G/LTE,Gold,Macro,Standby,C4-MBD-08,Jazz Host/CM-PAK Guest,DEODAR,DG site,99.59938769414575,99.88735945767192,100,99.56484696502056,100,100,99.3891253484667
HWY0700,HWY0700__S_BhiloMahar,20,2G/3G/LTE,Elite,Macro,CP Prime,C4-WZD-07,JAZZ,DEODAR,Non DG Site,99.10165583930697,98.43294270833327,100,100,99.92413381123055,100,99.92474985065705
SKT2115,SKT2115__S_DaskaRoad,9,2G/3G/LTE,Diamond,Macro,OMO,C4-SKT-03,Jazz Guest/UFONE Host,UFONE,Non DG Site,94.20383645293998,85.04326499118125,99.14181766892298,80.66458762002704,82.385960108854,75.57366683813393,91.97636648745485
GMW9713,GMW9713__S_Ghumawala,9,2G/3G/LTE,Platinum,Macro,Standby,C4-HFZ-06,JAZZ,DEODAR,DG site,99.6378434886499,99.97813786008228,100,99.9762088477366,99.94071916898974,98.91280864197508,98.47722106066631
SKT8136,SKT8136__Q_ModernBookAzizShahR,4,2G/3G/LTE,Bronze,Micro,CP Prime,C4-SKT-03,JAZZ,JAZZ,Non DG Site,98.46260827359609,99.62089740410046,98.08449074074072,99.51331018518516,99.64913754480283,96.9490258487654,99.96952471624849
PND5667,PND5667_H_Near Jamia Masjid,6,2G/LTE,Gold,Macro,B2S,C4-HFZ-06,Enfrashare,Enfrashare,Non DG Site,97.87550403225791,99.11148313492058,99.76487828554357,100,99.72072879330942,99.34317129629626,99.85887096774194
DHW6981,DHW6981__S_ChakralaSialkot,12,2G/3G/LTE,Platinum,Macro,Standby,C4-SKT-03,Jazz Host/TELENOR Guest,DEODAR,DG site,95.92192789227366,99.54225570436492,99.5549115143368,99.8826195987654,99.58613351254476,99.34698109567891,97.34712577160467
TMK9457,TMK9457__S_Tarwandi Musa Khan Warid_MDGJ4142,9,2G/3G/LTE,Platinum,Macro,Standby,C4-GUJ-01,JAZZ,DEODAR,DG site,97.39216198725573,99.4875946134624,98.19386366653359,92.5089163237308,99.77617234169652,99.94080075445814,97.19106763573605
SKT8935,SKT8935__S_DiamondCity,6,2G/LTE,Bronze,Macro,B2S,C4-SKT-03,E.Co,E.Co,Non DG Site,91.54361434687345,95.65334959215147,97.51200965750685,97.68778935185176,97.41282108721613,94.7682613168722,98.10558542413357
GUJ0309,GUJ0309__P_GhantaGharGUJ,9,2G/3G/LTE,Elite,Macro,Standby,C4-GUJ-02,Jazz Host/UFONE Guest,DEODAR,DG site,99.78046594982074,99.98089359200468,99.6978502920483,99.20438957475993,99.03773397052959,99.63091563786001,98.95350043143483
GUJ3066,GUJ3066__S_inkRdMalikPark,9,2G/3G/LTE,Elite,Macro,Standby,C4-GUJ-02,JAZZ,DEODAR,DG site,99.82649259923002,99.97724224720751,99.99047939068099,98.49031207133051,99.2377704765697,98.075681584362,98.7905714854638
KQD5526,KQD5526_H_Khanqah Dogran Nankana Sahib,6,2G/LTE,Gold,Macro,B2S,C4-HFZ-06,Enfrashare,Enfrashare,Non DG Site,97.24751717443242,99.21854332010578,99.24059139784946,99.52989969135798,97.72656561131015,98.59545396090526,94.87825443050556
GUJ9421,GUJ9421__S_Bakhteywala Warid_GJ1833,18,2G/3G/LTE,Elite,Macro,Standby,C4-GUJ-02,JAZZ,DEODAR,DG site,98.84012428647274,99.95497822971775,100,98.73472865226327,99.88432148546387,99.76503557956097,99.46862969600413
RUR4042,RUR4042__H_AddaEesa,12,2G/3G/LTE,Elite,Macro,Standby,C4-NRW-05,JAZZ,DEODAR,DG site,98.83729558691746,98.3674871858465,99.84635183318397,96.35279224537027,99.40386518070478,99.78860435956781,97.31647158751478
GUJ3778,GUJ3778__P_HondaSalesCentre,9,2G/3G/LTE,Elite,Macro,Standby,C4-GUJ-01,JAZZ,DEODAR,DG site,99.50152661622188,99.54530423280418,99.91464638922074,99.52381258573384,99.4687334063454,99.73533950617283,98.97747826231236
RUR0887,RUR0887__S_Fatehpur,9,2G/3G/LTE,Platinum,Macro,CP Prime,C4-NRW-05,Jazz Host/TELENOR Guest,DEODAR,Non DG Site,98.66808957254742,99.84875624632564,99.64454317668918,98.99185528120705,97.63125580777896,98.80896347736615,96.96398347271997
HFZ9634,HFZ9634__P_MadinaClnyHafizabad,9,2G/3G/LTE,Platinum,Macro,B2S,C4-HFZ-06,Enfrashare,Enfrashare,Non DG Site,98.41876991238544,99.64065255731917,100,95.65164180384069,99.9999377737953,95.69347993827147,99.53807414044866
RUR5623,RUR5623__S_DullamKahalwan,6,2G/LTE,Diamond,Macro,B2S,C4-NRW-05,Enfrashare,Enfrashare,Non DG Site,96.7280217045001,99.87151399911815,99.94997013142174,99.55687371399173,97.38251692552764,99.10095164609045,89.55265581441645
RUR4668,RUR4668__S_GUJMandialaTega,18,2G/3G/LTE,Platinum,Macro,CP Prime,C4-GUJ-01,JAZZ,DEODAR,Non DG Site,98.46764859617679,99.4728744121105,98.48202284946235,100,97.77428273928042,99.45161394032915,98.81561753285541
HFQ6172,HFQ6172__S_Head_Faqeeriyan_MandiBahaodin warid_MR335412,9,2G/3G/LTE,Platinum,Macro,CP Prime,C4-MBD-08,JAZZ,DEODAR,Non DG Site,98.43202409398641,99.97963054820688,100,99.52196930727023,100,99.97890946502056,100
KMK5618,KMK5618__S_PakTown_CMPak40683,12,2G/3G/LTE,Elite,Macro,OMO,C4-GUJ-01,Jazz Guest/CM-PAK Host,CM-PAK ,Non DG Site,99.77254766527275,98.35272679673717,95.35752065909982,97.33616255144004,96.77162671744308,95.61967914094622,90.55250647152494
RUR5650,RUR5650_USF_USLK007_Chak Dodhoo Narowal,6,2G/LTE,Platinum,Macro,Solar+DG,C4-NRW-05,JAZZ,DEODAR,DG site,94.50643418956577,99.98429232804233,99.38732078853045,99.44745370370369,99.33641975308629,94.43247170781888,95.1659199522101
GUJ6260,GUJ6260__S_GMagnoliaPark,9,2G/3G/LTE,Elite,Macro,B2S,C4-GUJ-01,E.Co,E.CO,Non DG Site,99.12049482277973,99.80565200617282,100,98.56102109053491,99.98529387362271,99.5987011316872,99.99178614097964
RUR6299,RUR6299__S_PiruChak,6,2G/LTE,Gold,Macro,B2S,C4-GUJ-01,E.Co,E.CO,Non DG Site,100,99.96596671075834,100,99.74758873456787,99.9392361111111,99.85178755144028,96.59143518518508
GUJ0724,GUJ0724__P_Garjakh,12,2G/3G/LTE,Elite,Macro,Standby,C4-GUJ-02,JAZZ,DEODAR,DG site,97.89860551075242,98.2082747740297,99.73570975209071,97.72008423353878,98.55059612704082,98.19782021604904,93.01769090999576
SKT2117,SKT2117__S_AdalatGarhUgokiRoad,12,2G/3G/LTE,Platinum,Macro,OMO,C4-SKT-03,Jazz Guest/UFONE Host,UFONE,Non DG Site,99.84266104141774,99.25774360670187,99.78035705396252,97.57597093621388,99.09516875746702,99.69357638888887,99.87716547192349
SKT4628,SKT4628__S_HolyTrinitySKT_Cantt,12,2G/3G/LTE,Elite,Macro,CP Prime,C4-SKT-03,JAZZ,DEODAR,Non DG Site,97.69651035444025,98.97211199294505,97.71340476901617,92.18801440329177,91.35405777080801,90.39874292695421,95.58523745519678
SKT3810,SKT3810__S_PremnagarSialKt,9,2G/3G/LTE,Gold,Macro,CP Prime,C4-SKT-03,JAZZ,DEODAR,Non DG Site,95.61861144298408,99.2356058935919,98.76483057878654,99.00814471879283,100,100,99.86034365458644
RUR6296,RUR6296__S_Baddoke,6,2G/LTE,Gold,Macro,B2S,C4-WZD-07,E.Co,E.CO,Non DG Site,99.39096102150536,99.98198440255727,100,100,98.9288381123058,98.62075617283945,93.83618329350833
RUR9039,RUR9039__S_CitiHousingSociety,6,2G+4G+L9,Gold,Macro,B2S,C4-SKT-03,ATL,ATL,Non DG Site,99.64755077658303,99.99569416887125,99.95333034647548,100,99.59453405017919,100,99.92663530465946
RUR5756,RUR5756__S_Aroop,18,2G/3G/LTE,Gold,Macro,OMO,C4-GUJ-01,Jazz Guest/UFONE Host,UFONE,Non DG Site,99.32461751626171,99.51771246693117,99.59232501991237,95.06513631687223,94.11721757599878,95.39123585390935,92.31359103278889
SLM3940,SLM3940__S_PindiRawan,9,2G/3G/LTE,Diamond,Macro,CP Prime,C4-MBD-08,Jazz Host/TELENOR Guest,DEODAR,Non DG Site,99.36539642240804,99.96341765873011,99.07158502588608,98.3059842249656,98.17604622992157,97.90931498628242,99.66995221027466
GUJ9435,GUJ9435__S_khialiWarid_MDGJ4635,18,2G/3G/LTE,Elite,Macro,OMO,C4-GUJ-01,Jazz Guest/CM-PAK Host,CM-PAK ,Non DG Site,94.5704317668921,98.52510931069953,98.00222769812804,90.31515775034252,95.28127281627472,97.96576003086413,86.65720828355217
DSK5669,DSK5669_H_Gaga Daska Sialkot,6,2G/LTE,Elite,Macro,B2S,C4-WZD-07,Enfrashare,Enfrashare,Non DG Site,97.87989097968922,98.52110201719572,97.61166492433279,99.19290123456786,98.6083420450019,98.8777970679012,96.39710274790899
KMK4008,KMK4008__P_salamatPura,12,2G/3G/LTE,Elite,Macro,Standby,C4-GUJ-01,JAZZ,DEODAR,DG site,99.57179037236148,99.28826333774248,99.94345193647942,98.73900462962953,99.52650525189158,98.24964634773647,96.1492557745916
RUR0468,RUR0468__S_SalehPur,12,2G/3G/LTE,Platinum,Macro,OMO,C4-GUJ-01,Jazz Guest/UFONE Host,UFONE,Non DG Site,95.54374813321378,98.21065159281295,96.32938508064498,95.81970164609042,91.8511673636,95.05153677983527,94.37915359916356
RUR5666,RUR5666_H_Ghalotian Khurd Sialkot,6,2G/LTE,Platinum,Macro,B2S,C4-WZD-07,Enfrashare,Enfrashare,Non DG Site,99.2104428016726,99.10269923941793,99.79726702508958,100,97.72056078255666,99.79771090534976,99.22556376941455
RUR9428,RUR9428__S_Butala Warid_MDGJ4493,6,2G/LTE,Gold,Macro,OMO,C4-GUJ-01,Jazz Guest/UFONE Host,UFONE,Non DG Site,97.75752314814814,99.96796461640211,100,99.96595293209877,98.1207063918757,99.11027520576127,99.1669777976901
RUR0907,RUR0907__S_Sathiyala,6,2G/LTE,Diamond,Macro,B2S,C4-NRW-05,Enfrashare,Enfrashare,Non DG Site,93.54673810234952,98.68148561507928,98.89753833134202,96.36808770576117,98.12073750497801,98.63075488683117,97.60152205296681
RUR6532,RUR6532__S_Chella,6,2G/LTE,Diamond,Macro,B2S,C4-SKT-03,ATL,ATL,Non DG Site,98.57915795499797,99.48405809082888,99.27204674432497,99.60181970164606,100,99.87962962962959,99.99996888689763
GUJ9420,GUJ9420__S_Moh Pondawala Warid_GJ4729,12,2G/3G/LTE,Platinum,Macro,OMO,C4-GUJ-01,Jazz Guest/CM-PAK Host,CM-PAK ,Non DG Site,96.18995171246499,96.43959435626093,98.937487554759,96.11072530864173,98.38036078753467,95.94315843621368,98.29406859816764
RUR6554,RUR6554__S_RehmetMarriageHallUgoki,6,2G/LTE,Platinum,Macro,B2S,C4-SKT-03,Enfrashare,Enfrashare,Non DG Site,99.25891701513339,99.85112158289235,99.75221525288728,98.86455118312746,99.27686927518916,99.21923225308636,99.8881172839506
DSK1138,DSK1138__P_Offload DSK0321C,18,2G/3G/LTE,Elite,Macro,Standby,C4-WZD-07,Jazz Host/TELENOR+CM-PAK Guest,DEODAR,DG site,96.69992657307836,99.63147826646082,99.505363898845,98.74198388202993,98.84634690694276,99.34912980109733,97.46145086618857
GUJ1188,GUJ1188__S_OppOfficerColony,9,2G/3G/LTE,Platinum,Macro,OMO,C4-GUJ-02,Jazz Guest/UFONE Host,UFONE,Non DG Site,100,99.98608355379186,100,99.99993569958846,100,99.99987139917694,99.99962664277179
GUJ5105,GUJ5105__S_Jamal Market Warid_MDGJ4151,9,2G/3G/LTE,Platinum,Macro,Standby,C4-GUJ-01,JAZZ,DEODAR,DG site,99.5835891521748,99.23715216539281,98.12683913004993,97.0424597050753,99.03989805964856,99.33771290580691,94.3354587039247
GUJ6386,GUJ6386__S_FazalTown,9,2G/LTE,Elite,Macro,B2S,C4-GUJ-02,E.Co,E.CO,Non DG Site,99.23032407407402,99.85300466637268,100,99.97410836762684,99.22341696535243,99.34600051440323,99.99962664277179
GUJ3616,GUJ3616__P_Dhullay,12,2G/3G/LTE,Elite,Macro,CP Prime,C4-GUJ-02,Jazz Host/UFONE Guest,DEODAR,Non DG Site,99.97781635802461,99.94266355268958,99.20926050378328,97.99133551954712,99.47420412684181,97.79663387345656,97.81050876144953
BPW9697,BPW9697__S_Baga Chowk_Sahuwal_MDSK1584,9,2G/3G/LTE,Platinum,Macro,Standby,C4-WZD-07,Jazz Host/CM-PAK Guest,DEODAR,DG site,98.45299432496968,99.08151455026417,97.72461585689581,99.79948988340153,98.65085291384531,97.12870799039736,98.46865458648567
DSK5986,DSK5986__S_Moh Rajputan Warid_DK5527,18,2G/3G/LTE,Elite,Macro,Standby,C4-WZD-07,JAZZ,DEODAR,DG site,84.64908568963209,87.98753490593745,97.20092011814675,98.35921424897106,98.9373008761449,98.97814857681743,98.77422673569616
SKT3352,SKT3352__P_SublimeChowk,18,2G/3G/LTE,Elite,Macro,CP Prime,C4-SKT-03,JAZZ,DEODAR,Non DG Site,99.46525910991632,99.98445307907112,97.28329724213452,97.09118870027423,99.36096799084027,100,98.94079591464212
GUJ5483,GUJ5483__S_GhulamMuhammadTown_CMPAK5607,12,2G/LTE,Platinum,Macro,OMO,C4-GUJ-02,Jazz Guest/CM-PAK Host,CM-PAK ,Non DG Site,99.19414990707519,98.61982611331518,97.64263283220474,99.50147890946491,99.55678348599493,99.28585819615903,96.29715709212779
GUJ9444,GUJ9444__S_Prince Rd Warid_MDGJ1837,12,2G/3G/LTE,Elite,Macro,Standby,C4-GUJ-02,Jazz Host/TELENOR Guest,DEODAR,DG site,99.52673860015916,98.95471643518499,98.93124937773766,97.65784143518495,99.7200909747112,97.80515367798333,99.70941918060532
DDL4094,DDL4094__S_GhogalPur,9,2G/3G/LTE,Diamond,Macro,Standby,C4-NRW-05,JAZZ,DEODAR,DG site,88.48839066440955,98.2254464285713,84.0048163082435,82.29065929355247,88.05068116952057,92.03639403292166,87.94640042147854
SDK8856,SDK8856__H_Raja,18,2G/3G/LTE,Elite,Macro,Standby,C4-GUJ-01,JAZZ,DEODAR,DG site,99.49014959179603,99.03220991328614,99.65797366587007,98.61825917352513,99.84157208283553,99.48723636831274,94.55803838112293
DSK9945,DSK9945__P_Gulistan_Colony,9,2G/3G/LTE,Elite,Macro,Standby,C4-WZD-07,JAZZ,DEODAR,DG site,97.40130923934662,97.79844576719545,93.10799150404864,89.91152263374453,98.11056352050954,95.20835476680335,94.46383827824214
RUR3107,RUR3107__H_ThakarkayWarraich,9,2G/3G/LTE,Diamond,Macro,CP Prime,C4-HFZ-06,JAZZ,DEODAR,Non DG Site,99.22022268684448,99.98167438271604,99.62257732643036,99.3023405349794,98.88822514270541,99.10986796982164,100
HJN1205,HJN1205__S_Hujan M3_CMPAK_7058,9,2G/3G/LTE,Bronze,Macro,OMO,C4-HFZ-06,Jazz Guest/CM-PAK Host,CM-PAK ,Non DG Site,98.23532706093188,98.95585317460313,100,98.8617326817558,99.06366155582104,98.97545867626883,98.18245552900568
RUR3508,RUR3508__S_DNGShahana,6,2G/3G/LTE,Gold,Macro,Standby,C4-MBD-08,JAZZ,DEODAR,DG site,99.67312574671439,99.9771618716931,100,100,100,100,100
RUR6578,RUR6578__S_Gadgore,6,2G/LTE,Platinum,Macro,B2S,C4-NRW-05,Enfrashare,Enfrashare,Non DG Site,98.55529420549571,99.40193727954139,98.99890481879723,99.81217849794237,99.04845761980616,95.45949074074058,94.91280034514794
DDL9710,DDL9710__H_Sunari_Khurd_Dhadyal,9,2G/3G/LTE,Gold,Macro,Standby,C4-NRW-05,JAZZ,DEODAR,DG site,98.27065080313284,99.98615244708994,99.75594882516921,99.6778549382716,99.9999377737953,99.99905692729766,100
DDL3415,DDL3415__S_KaryalMore,9,2G/3G/LTE,Platinum,Macro,Standby,C4-NRW-05,JAZZ,DEODAR,DG site,94.27541733041275,99.98043430335098,99.92962216248506,99.20561128257879,98.67118014071401,96.7676397462276,97.33702956989235
PND1614,PND1614__P_Aqqal_walaWarid_PB1542,12,2G/3G/LTE,Elite,Macro,Standby,C4-HFZ-06,JAZZ,DEODAR,DG site,99.59174942751879,99.55510430445322,99.66054049681397,99.5725630144032,99.83290708383105,99.4662744341563,99.80860775089597
RUR4664,RUR4664__H_GUJDhodhapind,6,2G/LTE,Bronze,Macro,Standby,C4-NRW-05,JAZZ,DEODAR,DG site,99.73700094583829,99.98718584656082,99.59472072879329,99.92081404320987,99.90311379928313,100,99.75554435483868
RUR0372,RUR0372__H_KotlyLouian,12,2G/3G/LTE,Platinum,Macro,DG Prime,C4-SKT-03,JAZZ,DEODAR,DG site,97.82961220629221,97.68687307098745,93.41484966148906,95.17283950617251,92.20985476403777,96.0154320987651,93.5715041318197
GML9904,GML9904__H_ReebaKalan,9,2G/3G/LTE,Diamond,Macro,Standby,C4-NRW-05,Jazz Host/CM-PAK Guest,DEODAR,DG site,99.3036058011415,99.92814429012334,99.94885005973714,99.34842249657034,99.79062956325488,97.44560185185163,98.65251227930415
GUJ1644,GUJ1644__P_SarfarazColony_WP,12,2G/3G/LTE,Elite,Macro,CP Prime,C4-GUJ-01,JAZZ,DEODAR,Non DG Site,97.20274542015119,98.72628348214269,99.6634029022301,93.13274819958818,95.23971089705267,95.8085937499998,99.22951513341286
RUR5719,RUR5719_H_USF_USLK016_Ikhlas Pur Narowal,6,2G/LTE,Elite,Macro,B2S,C4-NRW-05,Enfrashare,Enfrashare,Non DG Site,96.44932297889258,99.39722497795401,99.70693946634803,95.59182098765423,97.8195937873356,96.97398405349779,95.26243279569874
RUR6564,RUR6564__S_Bilola,6,2G/LTE,Platinum,Macro,B2S,C4-SKT-03,Enfrashare,Enfrashare,Non DG Site,98.64295018584882,98.25286596119919,99.50086287003846,99.0251200274347,97.41269663480678,99.99828532235931,89.8969534050177
GUJ9451,GUJ9451__S_Mubarak shah RD Warid_MDGJ4157,12,2G/3G/LTE,Elite,Macro,Standby,C4-GUJ-02,JAZZ,DEODAR,DG site,97.8005058990441,97.741574349647,98.67343065511726,90.31884966563756,96.77280901533227,92.69701646090488,98.38966049382704
SKG3770,SKG3770__P_MuslimTown_Shakr,18,2G/3G/LTE,Elite,Macro,Standby,C4-NRW-05,Jazz Host/CM-PAK Guest,DEODAR,DG site,97.04481531262431,99.91423932613165,98.27010113832462,98.60014789094643,99.1291961204035,89.48770790466344,97.36053033320012
DDL9708,DDL9708__S_Hurr_Kalan_Dhadgal,12,2G/3G/LTE,Platinum,Macro,Standby,C4-NRW-05,JAZZ,DEODAR,DG site,92.88105772102709,99.58586516203682,98.35113002787709,92.52334104938235,97.10607701115056,96.36631944444412,97.46734679908369
HFZ9403,HFZ9403__S_Alipur RdWarid_HF4172,18,2G/3G/LTE,Elite,Macro,Standby,C4-HFZ-06,JAZZ,DEODAR,DG site,99.74609634275845,99.84791804453256,100,98.73058127572001,99.40362405416165,96.13089420438953,99.32348707354308
RGA9706,RGA9706__S_Sadu_Goraya,9,2G/3G/LTE,Platinum,Macro,Standby,C4-HFZ-06,Jazz Host/CM-PAK Guest,DEODAR,DG site,99.71566772866043,98.41363995443844,99.57553431567764,98.06243569958846,98.48419039559263,97.15089163237299,94.65676025487836
RUR5880,RUR5880_H_Paropi Arayian Sialkot,6,2G/LTE,Gold,Macro,B2S,C4-SKT-03,Enfrashare,Enfrashare,Non DG Site,98.75746714456388,99.99273175705464,99.95734393667861,96.74639917695463,99.63149641577051,94.37001671810683,99.60676149940258
HWY5970,HWY5970_H_Qila Ram Kaur Hafizabad,6,2G/LTE,Gold,Macro,B2S,C4-HFZ-06,Enfrashare,Enfrashare,Non DG Site,98.46718189964155,99.9832244819224,98.90167637395459,100,100,98.63821373456783,99.97050477897253
RUR8156,RUR8156__S_Koreki,12,2G/3G/LTE,Diamond,Macro,Standby,C4-GUJ-01,JAZZ,DEODAR,Non DG Site,98.62341634309038,99.23039296737211,98.76087402927102,92.75993441358011,98.39261934986055,99.81536136831274,98.00232103743517
AMN3902,AMN3902__S_GUJAimnabadCity,18,2G/3G/LTE,Elite,Macro,Standby,C4-GUJ-01,JAZZ,DEODAR,DG site,99.32573758794629,99.7195583480305,99.77934587813616,98.8218878600822,97.67140208084416,96.5313357338818,96.87084121531903
RUR0719,RUR0719__S_Qadirabad_colony,6,2G/LTE,Diamond,Macro,Standby,C4-HFZ-06,Jazz Host/TELENOR Guest,DEODAR,DG site,99.92619972122655,99.90957754629618,99.70971475507746,100,99.71951538231778,99.51977237654316,100
GUJ3089,GUJ3089__S_Satellitetown,12,2G/3G/LTE,Platinum,Macro,Standby,C4-GUJ-01,Jazz Host/TELENOR Guest,DEODAR,DG site,98.39577732974892,98.15414186507918,99.75580881620864,99.09924768518503,98.89137793707673,98.44627700617268,99.07856991736348
NVK6925,NVK6925__S_MattoBaikayRd,9,2G/3G/LTE,Platinum,Macro,Standby,C4-HFZ-06,JAZZ,DEODAR,DG site,100,99.74243092298643,99.47661539227396,99.7397762345679,99.77071717775118,99.99582047325099,100
KMK4469,KMK4469__P_AlilHospitalGTRd,9,2G/3G/LTE,Elite,Macro,CP Prime,C4-GUJ-01,Jazz Host/CM-PAK Guest,DEODAR,Non DG Site,97.60250730120794,97.83734751616687,98.11790621266421,98.94086505486966,99.31717111376607,99.63374485596707,97.79428846409122
GUJ6549,GUJ6549__S_KotliRustam,9,2G/LTE,Diamond,Macro,B2S,C4-GUJ-02,Enfrashare,Enfrashare,Non DG Site,99.95260437408733,99.68894675925922,99.46645177883971,99.6890003429355,99.7467808310102,98.91694530178314,86.46439001725726
GUJ6948,GUJ6948__P_Jandialabagh,12,2G/3G/LTE,Elite,Macro,Standby,C4-GUJ-01,Jazz Host/UFONE Guest,DEODAR,DG site,97.02619412086807,99.6979201113315,98.54597583134206,99.00593171296286,98.5495382815611,97.75435635288049,93.16284908900819
RUR8824,RUR8824__P_LadhaWalaGUJ,12,2G/3G/LTE,Elite,Macro,CP Prime,C4-HFZ-06,JAZZ,DEODAR,Non DG Site,99.89647115193145,99.9814677028218,99.1817565213062,99.91182806069956,100,100,96.77708706690545
SKT9948,SKT9948__H_Barhat,19,2G/3G/LTE,Elite,Macro,Standby,C4-SKT-03,Jazz Host/UFONE Guest,DEODAR,DG site,97.96810153744553,99.9844772521581,99.95522660818713,99.08255157569837,99.35982008111668,98.85801453866135,99.22317133559693
GUJ1467,GUJ1467__S_GardenTownGUJ,12,2G/3G/LTE,Elite,Macro,Standby,C4-GUJ-02,JAZZ,DEODAR,DG site,98.6194027528871,99.74001391644606,99.87092729490239,97.80915637860053,98.83123631023483,99.68586033950604,98.09472695141356
GUJ9809,GUJ9809__S_PeopleColonyS2,9,2G/3G/LTE,Elite,Macro,Standby,C4-GUJ-01,Jazz Host/CM-PAK Guest,DEODAR,DG site,99.58882998141507,99.98077876984124,99.77882732643036,98.35365226337443,99.96753866321515,94.82945387517115,91.02915919952177
TMK8993,TMK8993__S_BhattiBhango,9,2G/3G/LTE,Diamond,Macro,Standby,C4-GUJ-01,Jazz Host/CM-PAK Guest,DEODAR,DG site,98.18257998141505,99.62799915490885,100,98.43462791495197,97.00260520376987,93.48317472565121,96.08082769149041
GUJ3346,GUJ3346__S_KachaFatomand,9,2G/3G/LTE,Platinum,Macro,Standby,C4-GUJ-01,JAZZ,DEODAR,DG site,98.63471039924319,99.9774891148589,99.10820514735161,97.02133166152255,99.47527752887285,95.3667856224278,91.63350009956159
GUJ5469,GUJ5469__S_Jagna,9,2G/3G/LTE,Elite,Macro,B2S,C4-GUJ-01,Enfrashare,Enfrashare,Non DG Site,98.88005276782152,99.69448118753671,100,99.90663580246913,99.99987554759058,99.99993569958846,97.74539940926577
GUJ0410,GUJ0410__S_SheranwalaBagh,9,2G/3G/LTE,Platinum,Macro,Standby,C4-GUJ-01,JAZZ,DEODAR,DG site,99.02269597106046,99.98674952233978,99.14897368246375,98.53178583676248,99.35164443116948,99.62257801783252,98.6524967227531
RUR5648,RUR5648__S_Dogranwala,6,2G/LTE,Diamond,Macro,B2S,C4-WZD-07,Enfrashare,Enfrashare,Non DG Site,98.12714680406197,98.97786458333321,99.66388515531658,95.51845421810667,96.89503683791311,97.57359182098753,97.71729390680991
SKT3422,Skt3422__S_Hammad_Arcade,12,2G/3G/LTE,Platinum,Macro,Standby,C4-SKT-03,JAZZ,DEODAR,DG site,97.45211693548379,99.17751736111107,99.65475345977694,97.88813335905326,99.95263030167263,97.36140046296283,95.57168769912367
SKT5523,SKT5523__S_GreenWoodStLatefabad,12,2G/3G/LTE,Platinum,Macro,B2S,C4-SKT-03,Enfrashare,Enfrashare,Non DG Site,99.87548536439665,99.99502245921511,100,99.32153420781891,99.69338037634401,99.66820987654316,99.16677556252482
GUJ0081,GUJ0081__P_MetalWorks,18,2G/3G/LTE,Platinum,Macro,Standby,C4-GUJ-02,JAZZ,DEODAR,DG site,99.85803091397845,99.74816054894173,99.00131089871223,98.60579561042512,99.3705300842957,99.08516589506164,95.54418890216338
RUR6085,RUR6085__S_KAPORWALI_ADAWarid_MDSK1890,12,2G/3G/LTE,Elite,Macro,CP Prime,C4-SKT-03,Jazz Host/CM-PAK Guest,DEODAR,Non DG Site,99.28433641975306,99.6084621638007,99.88705943847069,98.83513374485588,97.63478195937869,98.9727044753086,98.75796495420146
RUR9170,RUR9170__S_RorasVillage,9,2G/3G/LTE,Platinum,Macro,Standby,C4-WZD-07,Jazz Host/TELENOR+UFONE Guest,DEODAR,DG site,99.85347803000133,99.98112323633154,99.99958515863533,99.88299468449931,99.65705064383377,99.35459533607678,99.76889187574669
SKK4727,SKK4727__P_KKDSukhikirailwayrd,12,2G/3G/LTE,Hub,Macro,Standby,C4-HFZ-06,JAZZ,DEODAR,DG site,99.60875273795294,99.98000372023807,100,99.99943737139917,99.9177214008362,100,99.27106668160093
GUJ9730,GUJ9730__P_MozaMaufiwalaGujnwla,16,2G/3G/LTE,Elite,Macro,Standby,C4-GUJ-01,Jazz Host/CM-PAK Guest,DEODAR,DG site,99.27606033452794,99.64699074074068,99.6463140307645,98.20980420524675,98.36832390606324,99.99641927083326,98.5601011798087
GUJ9463,GUJ9463__S_Canal Pasrur Rd Warid_MDGJ3790,12,2G/3G/LTE,Platinum,Macro,Standby,C4-GUJ-01,Jazz Host/TELENOR Guest,DEODAR,DG site,99.55788281561125,99.75740947420631,99.01475694444441,96.54788773148134,98.4158297242133,99.18417245370361,88.9270957785741
RUR5006,RUR5006__S_Dera Mutwan Warid_MR1N3555,6,2G/LTE,Diamond,Macro,Standby,C4-NRW-05,JAZZ,DEODAR,DG site,99.43663505575468,99.9823288690476,97.99846301274387,99.54832175925922,99.67984617682197,99.90457818930037,98.4830495818398
KTN1216,KTN1216__S_KTN9622B_Offload,9,2G/3G/LTE,Gold,Macro,Standby,C4-NRW-05,JAZZ,DEODAR,DG site,98.02257566706481,99.6030597810111,99.5755343156776,100,99.87461419753083,98.18344907407396,99.8880550577459
TKW9895,TKW9895__S_kotAsadUllah,9,2G/3G/LTE,Gold,Macro,Standby,C4-GUJ-02,JAZZ,DEODAR,DG site,99.86351719102609,99.9852109053498,98.90807530200442,99.55238340192041,99.24442868047255,99.20698302469127,98.43615176556482
GUJ9447,GUJ9447__S_Hafizabad Rd Warid_MDGJ4164,12,2G/3G/LTE,Hub,Macro,Standby,C4-GUJ-02,JAZZ,DEODAR,DG site,98.85043309438457,98.88050112984995,99.99993777379527,99.99996784979423,99.67102561230575,99.99509709362137,99.91045649143754
RUR1069,RUR1069__S_KalyanPur,9,2G/3G/LTE,Elite,Macro,Standby,C4-NRW-05,JAZZ,DEODAR,DG site,97.65116819328274,99.77120535714278,99.5278897849462,99.53135716735251,99.08143750829672,98.76646090534973,98.4227109053496
GUJ3816,GUJ3816__P_Mohallah_Shaheenabad,16,2G/3G/LTE,Elite,Macro,Standby,C4-GUJ-02,Jazz Host/CM-PAK+UFONE Guest,DEODAR,DG site,99.88204245071677,99.69132357804224,99.95068184363797,96.8220365547837,96.6685334528074,92.9374156057096,86.18054388814183
GUJ3355,Guj3355__S_MuhallahChahaSarfan,9,2G/3G/LTE,Diamond,Macro,Standby,C4-GUJ-02,Jazz Host/CM-PAK Guest,DEODAR,DG site,98.90568996415762,99.87491273515579,99.52591928846402,97.82015174897101,99.07494524093961,97.62900805898454,96.84774492234132
RUR4978,RUR4978__H_STRAddaKotliBawa,6,2G/LTE,Diamond,Macro,Standby,C4-NRW-05,JAZZ,DEODAR,DG site,99.70940362405412,99.96951471560841,98.43186852847455,99.66872427983536,99.89679783950616,99.42287165637858,100
GUJ6449,GUJ6449__S_Rasulpura,9,2G/3G/LTE,Platinum,Macro,B2S,C4-GUJ-02,Enfrashare,Enfrashare,Non DG Site,98.77493196601614,98.71279761904758,98.90506770211063,95.24146947873787,99.52739197530862,99.62866512345677,99.52079599761046
GUJ5712,GUJ5712__S_KohloWala,12,2G/3G/LTE,Elite,Macro,B2S,C4-GUJ-01,Enfrashare,Enfrashare,Non DG Site,95.45574472321766,97.82026771935611,99.40441743827158,95.48611111111089,99.33592194344874,96.0033757716047,96.81964979091981
SKG0252,SKG0252_ShkrGrh_Bypass,9,2G/3G/LTE,Platinum,Macro,OMO,C4-NRW-05,Jazz Guest/UFONE Host,UFONE,Non DG Site,98.53237422009806,99.39054692092876,98.03027097437922,99.0747599451302,96.9399641577058,96.02591306584333,99.03306700517713
SKG5655,SKG5655__S_MohallaFaisalTown,9,2G/3G/LTE,Platinum,Macro,B2S,C4-NRW-05,Enfrashare,Enfrashare,Non DG Site,98.52204467011799,99.1512116034685,98.38106083233761,99.84070644718786,99.57151035444038,97.78054269547312,99.11987256073267
HFZ5814,HFZ5814_H_Thatta Khokharan Hafizabad,6,2G/LTE,Platinum,Macro,B2S,C4-HFZ-06,Enfrashare,Enfrashare,Non DG Site,97.29098217841492,99.0974289021163,99.33075716845873,98.81385030864189,98.84567278972519,93.35898919753076,99.38302718040617
GUJ9509,GUJ9509__S_Sabzi_Mandi_GT_Road_GJ4238,18,2G/3G/LTE,Elite,Macro,Standby,C4-GUJ-02,JAZZ,DEODAR,DG site,99.4180812757201,99.98088210978835,100,99.04205246913577,99.99998962896588,99.3796510631001,99.6251330455519
SKG4022,SKG4022__H_RailwayRoad,16,2G/3G/LTE,Elite,Macro,Standby,C4-NRW-05,JAZZ,DEODAR,DG site,98.27603466621852,99.93144686259909,99.60919998879916,99.40833574459859,99.56913409124843,97.45026765046285,98.86540238575253
GUJ5873,GUJ5873__S_Kangniwala_CMPak42617,9,2G/3G/LTE,Elite,Macro,OMO,C4-GUJ-01,Jazz Guest/CM-PAK Host,CM-PAK ,Non DG Site,95.3301100159297,95.35594870664288,95.95494407938385,92.0488254458159,90.6276757268016,79.4423653978048,86.77873606132974
HFZ5858,HFZ5858_H_Qila Ram Kou Hafizabad,6,2G/LTE,Gold,Macro,B2S,C4-HFZ-06,Enfrashare,Enfrashare,Non DG Site,99.0995557048984,99.97550843253966,96.75300552568686,83.48209233539073,93.59281660692942,92.0727237654319,92.46449995021894
GUJ9733,GUJ9733__P_SamnabadGuranwala,16,2G/3G/LTE,Elite,Macro,Standby,C4-GUJ-02,JAZZ,DEODAR,DG site,99.41056227598538,99.97534050512566,99.46795428240729,96.92519048996886,98.44577219608705,96.2486858603393,91.53942185633184
RUR6337,RUR6337__S_AhdiSharif,6,2G/LTE,Diamond,Macro,Solar+DG,C4-MBD-08,JAZZ,DEODAR,DG site,100,99.98325892857143,99.98618578255675,99.81102109053492,99.89312649342891,100,99.98693249701313
GJA8788,GJA8788__S_RukkanMalikwal,9,2G/3G/LTE,Diamond,Macro,Standby,C4-MBD-08,JAZZ,DEODAR,DG site,100,99.97857418430333,100,98.61599794238677,100,99.79451731824413,99.82632666268417
SKT8496,SKT8496__S_NawanPindAraian,6,2G/LTE,Bronze,Macro,B2S,C4-SKT-03,Enfrashare,Enfrashare,Non DG Site,96.96445016925519,97.94188161375645,98.94955943847067,99.05526620370367,100,99.69145447530863,99.99962664277179
SKT9473,SKT9473__S_Darbar_Sarwar_Shah_MDSK4288,12,2G/3G/LTE,Diamond,Macro,Standby,C4-SKT-03,JAZZ,DEODAR,DG site,98.59574123855022,98.93210221009693,99.55741611907604,98.68045910493815,97.94910207586608,97.52099408436189,96.42857365093562
SKG6077,SKG6077__S_SaeedMarketDarmanRd,6,2G/3G/LTE,Diamond,Macro,B2S,C4-NRW-05,Enfrashare,Enfrashare,Non DG Site,98.13131595977691,99.55729166666664,98.45439441457577,99.28771219135797,99.57558617084818,95.7569122942386,99.5699858124253
PMD6138,PMD6138__S_Kotli_Said_MeerWarid_MDSK1889,9,2G/3G/LTE,Diamond,Macro,Standby,C4-SKT-03,Jazz Host/TELENOR Guest,DEODAR,DG site,99.78056966016192,99.9829144620811,100,99.9355495541838,99.80265996283019,99.8759002057613,99.93740043807246
RUR5973,RUR5973__S_Dharamkot Warid_1N3553,12,2G/3G/LTE,Platinum,Macro,Standby,C4-NRW-05,JAZZ,DEODAR,DG site,95.57357004181569,97.68831983024664,97.5618684040219,93.83714313271567,99.59506297291894,98.42804783950594,96.20916405316572
GUJ5519,GUJ5519_H_Nowshera Sansi Rd,9,2G/LTE,Platinum,Macro,B2S,C4-GUJ-02,ATL,ATL,Non DG Site,94.06940710872142,99.00320583480297,100,88.16737397119303,97.07760852250085,99.93319187242797,85.00253053232414
SKT1617,SKT1617__S_Haji_Pura_MDSK4272,12,2G/3G/LTE,Elite,Macro,Standby,C4-SKT-03,JAZZ,DEODAR,DG site,99.23573775388283,99.77132592041438,99.72015320091593,96.34799382716018,99.73458968040617,99.2193126286007,99.24961419753065
RUR0350,RUR0350__S_Pindi_Bhori,6,2G/3G/LTE,Elite,Macro,Standby,C4-NRW-05,JAZZ,DEODAR,DG site,98.67373141510674,99.262566137566,99.84720355436075,99.20195687585725,98.55639353511205,98.4418509945129,96.11779005708198
GUJ9452,GUJ9452__S_Janat Town Warid_MDGJ4161,12,2G/3G/LTE,Platinum,Macro,Standby,C4-GUJ-02,Jazz Host/CM-PAK Guest,DEODAR,DG site,98.94417687176414,98.33274774029961,99.54577981879716,98.70240162037027,99.58964929311026,99.82688721707817,98.17974350358412
GUJ5522,GUJ5522_H_Near Aroop Mor Gujranwala,9,2G/LTE,Elite,Macro,B2S,C4-GUJ-01,Enfrashare,Enfrashare,Non DG Site,98.51646505376343,99.67282572751319,100,99.28157150205752,98.70677352980209,98.14969135802461,95.75787368910115
RUR6587,RUR6587__S_NearShahGharib,6,2G/LTE,Diamond,Macro,B2S,C4-NRW-05,Enfrashare,Enfrashare,Non DG Site,98.90394763042607,99.9828731261022,99.98032407407406,99.67092335390944,99.66624352847468,99.99196244855966,98.70104042214251
GML1221,GML1221__S_Off loadGML9904E,9,2G/3G/LTE,Diamond,Macro,CP Prime,C4-NRW-05,Jazz Host/CM-PAK Guest,DEODAR,Non DG Site,98.27208200584056,99.61467978395027,99.72601802070842,99.73259602194737,99.72440013938622,98.89497599451256,99.11458333333286
GUJ3303,GUJ3303__P_MubarakColony,9,2G/3G/LTE,Platinum,Macro,Standby,C4-GUJ-02,JAZZ,DEODAR,DG site,98.71952990176541,98.98761298500844,95.99603411655337,98.10206618655677,96.37660958449476,99.69898834019196,98.82670416832586
HFZ9399,HFZ9399__S_Ghora ChowkWarid_HF1839,18,2G/3G/LTE,Elite,Macro,Standby,C4-HFZ-06,Jazz Host/TELENOR Guest,DEODAR,DG site,98.75122378202569,99.81979809670777,99.38615923270932,98.3696309156377,99.48950658768081,96.11990955075437,99.09910975043132
RUR5764,RUR5764_H_Miani Madharian Wala Kalar Sialkot,6,2G/LTE,Platinum,Macro,B2S,C4-SKT-03,Enfrashare,Enfrashare,Non DG Site,99.32329002389484,99.83038470017631,99.94707661290323,99.43769290123446,99.94754330943846,99.66300154320987,99.041591995221
HWY3259,HWY3259__JINNAH_ABADIwarid_MR1V3639,12,2G/3G/LTE,Platinum,Macro,Standby,C4-MBD-08,JAZZ,DEODAR,DG site,99.58587216248503,99.5116567460317,99.73635379330942,98.4582368827158,99.5184531810035,98.81155478395044,96.13512731481454
GUJ4651,GUJ4651__P_Imranclny,18,2G/3G/LTE,Elite,Macro,Standby,C4-GUJ-02,Jazz Host/CM-PAK Guest,DEODAR,DG site,99.99986517655636,99.73056979350375,99.96377397783087,99.76146690672151,99.61066100823044,98.89700145747584,96.49006869772978
RUR8069,RUR8069__S_Hundal,9,2G/3G/LTE,Elite,Macro,CP Prime,C4-SKT-03,JAZZ,DEODAR,Non DG Site,98.24266975308639,99.98298335537918,99.95407706093187,100,100,99.92311814128944,97.38062939731837
RUR0780,RUR0780__S_MangokiVirkan,6,2G/LTE,Diamond,Macro,Standby,C4-HFZ-06,Jazz Host/CM-PAK Guest,DEODAR,DG site,99.95336145957783,99.9771618716931,99.90967866387886,99.9130336934156,99.82421097172436,99.90914351851848,99.08670599362787
TPL9977,TPL9977__S_DogalVillage,6,2G/LTE,Gold,Macro,Standby,C4-GUJ-01,JAZZ,DEODAR,DG site,96.80340875149335,99.31464947089943,98.66646132019113,96.54465663580221,96.73131969334914,95.71016589506159,93.00916591995212
KNB9979,KNB9979__S_Machrala,9,2G/LTE,Diamond,Macro,CP Prime,C4-GUJ-01,JAZZ,DEODAR,Non DG Site,96.8473300809769,98.02717151675475,98.11253401699172,96.66454475308628,96.73098782025734,94.11831275720134,98.07335225009935
GUJ3885,GUJ3885__P_ArfatColony,9,2G/3G/LTE,Diamond,Macro,Standby,C4-GUJ-01,Jazz Host/UFONE Guest,DEODAR,DG site,98.77144729855297,99.97687481628454,99.99970961104471,98.9903978052125,99.6496249834062,99.61134687928667,97.77740442054936
GUJ5658,GUJ5658_H_Aziz Colony Gujranwala Punjab Pakistan,9,2G/LTE,Platinum,Macro,B2S,C4-GUJ-01,E.Co,E.CO,Non DG Site,91.97744507500303,97.9250716490299,97.51850192486381,98.3374485596707,99.86347570688967,96.91508058984907,98.48829732510279
DSK3494,DSK3494__P_GreenlandDaska,9,2G/3G/LTE,Platinum,Macro,CP Prime,C4-WZD-07,JAZZ,DEODAR,Non DG Site,97.34918442187707,99.82556216931214,100,99.988683127572,99.6303141178813,99.21231995884767,98.56705495818389
KMK5931,KMK5931__S_City Thana Warid_15253,18,2G/3G/LTE,Elite,Macro,Standby,C4-GUJ-01,JAZZ,DEODAR,DG site,98.91265929908396,99.62783840387999,98.71683343289514,98.8841306584361,99.38040330877465,94.90292781207111,97.00204516792753
RUR6072,RUR6072__P_Mianwal RanjhaWarid_4V4341,12,2G/3G/LTE,Diamond,Macro,Standby,C4-MBD-08,JAZZ,DEODAR,DG site,99.64804858622054,99.46731701940026,99.72275114496206,99.1014821244855,99.05007031561124,99.56343235596704,99.15926174830733
GUJ5569,GUJ5569_H_Sardar Colony Gujranwala,9,2G/LTE,Platinum,Macro,B2S,C4-GUJ-01,Enfrashare,Enfrashare,Non DG Site,98.48964555953796,99.78119488536153,99.7317428315412,97.3807013031549,99.19535294703296,99.57878943758568,95.09885669719881
MUS9610,MUS9610__H_SyedVillageMusaKhur,9,2G/3G/LTE,Gold,Macro,Standby,C4-MBD-08,JAZZ,DEODAR,DG site,99.16457171777505,99.99644051293353,99.69324555290055,99.92948388203017,100,99.9758659122085,99.64696999867246
GUJ8143,GUJ8143__T_AsiaMultani,3,2G/3G/LTE,Bronze,Micro,CP Prime,C4-GUJ-02,JAZZ,JAZZ,Non DG Site,97.60808691756246,96.68733465608442,99.50480386300266,98.93332047325096,99.09740890083626,96.9322916666666,98.88123506571084
GUJ0470,GUJ0470__P_WapdaTownGujwl,15,2G/3G/LTE,Elite,Macro,Standby,C4-GUJ-01,Jazz Host/TELENOR Guest,DEODAR,DG site,99.99710025886081,99.85214120370325,99.99213460772572,99.50631430041125,99.64139038231758,99.99852109053475,99.93400288729576
RUR8805,RUR8805__S_QilaMian,12,2G/3G/LTE,Platinum,Macro,Standby,C4-HFZ-06,JAZZ,DEODAR,DG site,98.37194469334909,99.65207162147253,99.7865330047789,99.33582497427977,99.84977038530461,99.15152391975303,99.52826314217435
GUJ5755,GUJ5755_H_Park Canal View Sector 2 Canal View,9,2G/LTE,Elite,Macro,B2S,C4-GUJ-01,ATL,ATL,Non DG Site,99.86988500597371,99.68371086860664,100,99.71386316872423,100,100,99.99968886897649
QDS5492,QDS5492__S_NearBilalMasjid,12,2G/LTE,Diamond,Macro,B2S,C4-HFZ-06,Enfrashare,Enfrashare,Non DG Site,98.82814055655116,99.74690324625217,99.695153823178,97.58559992283944,99.99267286439665,99.13962834362137,99.75512432795693
GUJ9849,GUJ9849__P_Mohallah_Qadri,18,2G/3G/LTE,Elite,Macro,Standby,C4-GUJ-01,JAZZ,DEODAR,DG site,97.65804418890202,97.92179921737196,99.4653109650869,99.03292181069946,98.99408228793298,97.82475994513024,97.70871706159544
KMK3244,KMK3244__P_Kassoki_Road,9,2G/3G/LTE,Elite,Macro,Standby,C4-GUJ-01,Jazz Host/TELENOR Guest,DEODAR,DG site,99.81435848931368,99.45080559229856,99.97293160095577,99.97974537037038,99.13362455197127,99.70376800411516,98.86225607327752
SKT1608,SKT1608__S_Pasroor Road_MDSK4183,12,2G/3G/LTE,Elite,Macro,Standby,C4-SKT-03,Jazz Host/UFONE Guest,DEODAR,DG site,99.42204301075255,99.72949046516744,99.31364496216644,99.04814493312736,96.90650201612884,85.06700102880636,96.24103942652306
GUJ3359,GUJ3359__S_DeltaRd,9,2G/3G/LTE,Elite,Macro,Standby,C4-GUJ-01,JAZZ,DEODAR,DG site,99.99527080844284,98.68840939153431,100,99.75874485596707,100,100,95.40104788928691
SKT6057,SKT6057__S_Buttar,9,2G/LTE,Diamond,Macro,B2S,C4-SKT-03,Enfrashare,Enfrashare,Non DG Site,99.38296495420147,99.88014862580829,100,99.13650977366238,99.99993777379525,99.87367112482849,99.05161041417755
KMK6923,KMK6923__P_SadruddinKamonki,18,2G/3G/LTE,Elite,Macro,Standby,C4-GUJ-01,JAZZ,DEODAR,DG site,99.16290198128229,99.78459362139911,99.45141377937068,99.91374099794236,97.83847944046184,99.5917031035665,98.69531353710327
GUJ4144,GUJ4144__S_BBlockSatteliteTown,9,2G/3G/LTE,Diamond,Macro,Standby,C4-GUJ-01,Jazz Host/TELENOR Guest,DEODAR,DG site,100,99.57736258083479,98.6061330147351,99.35048010973932,99.90755260188502,100,99.92615823709006
PSR9855,PSR9855__S_MohallahDoBurj,12,2G/3G/LTE,Elite,Macro,Standby,C4-NRW-05,Jazz Host/CM-PAK Guest,DEODAR,DG site,98.39504617184377,99.62162078373011,99.62359368777375,97.56158371913571,98.86395173735548,97.89025527263354,97.4312556003582
RUR2752,RUR2752__P_Bularwali,12,2G/3G/LTE,Platinum,Macro,Standby,C4-SKT-03,JAZZ,DEODAR,DG site,99.70120013606794,99.9950970936214,99.63952359617677,100,99.03860513739545,99.3655799897119,99.38856531262442
GUJ4667,GUJ4667__P_GujDHA1GujCantt,9,2G/3G/LTE,Elite,Macro,Standby,C4-GUJ-02,JAZZ,DEODAR,DG site,98.42804161688545,98.21182851998812,98.62189698659215,95.21326303154963,96.30641842559375,96.79151663237266,96.58521256471494
HFZ9826,HFZ9826__S_Hakim_Colony,12,2G/3G/LTE,Gold,Macro,Standby,C4-HFZ-06,JAZZ,DEODAR,DG site,99.20971164376724,99.42234691909165,98.3737181401831,97.7100212191355,96.9504959428512,95.74275012860069,99.04781461569084
GUJ3803,GUJ3803__P_Usman_Colony,9,2G/3G/LTE,Elite,Macro,CP Prime,C4-GUJ-01,Jazz Host/TELENOR Guest,DEODAR,Non DG Site,99.19325799814142,99.7447273662551,99.87986194079384,99.87384259259257,99.1788422607194,99.08852023319614,98.96051125049769
GUJ3195,GUJ3195__S_BilalPura,9,2G/3G/LTE,Platinum,Macro,Standby,C4-GUJ-01,JAZZ,DEODAR,DG site,100,99.71071704144615,99.8178431567768,99.75649434156374,99.78639818133541,99.75947359396432,99.47559903093045
SKT8946,SKT8946__P_ShabazClnyMhmdPur,9,2G/3G/LTE,Elite,Macro,Standby,C4-SKT-03,JAZZ,DEODAR,DG site,99.66590750696929,99.98564722957079,100,99.78971622085034,99.93292015133413,98.55675582990385,96.13628679642888
GUJ4660,GUJ4660__P_ClnyKalarAbadi,18,2G/3G/LTE,Elite,Macro,Standby,C4-GUJ-02,Jazz Host/TELENOR Guest,DEODAR,DG site,98.8062732311163,97.5491898148146,99.74277761184119,97.982435270919,89.93376020509736,99.46998242455406,95.49129662816914
RUR3268,RUR3268__S_PropiNagra,9,2G/LTE,Gold,Macro,Standby,C4-WZD-07,Jazz Host/CM-PAK Guest,DEODAR,DG site,96.7677220230981,99.65022872574946,99.71382168458771,99.13556670096017,97.82081756936128,99.06397890946495,99.28315412186375
MDW8987,MDW8987__H_BhagowalSialkot_AB,12,2G/3G/LTE,Diamond,Macro,Standby,C4-SKT-03,JAZZ,DEODAR,DG site,99.4499359070091,99.98995880180769,98.97502551274385,99.69447659465,99.00621639784943,99.99699395576127,99.97745855734765
RUR0346,RUR0346__S_Gondlanwala,9,2G/3G/LTE,Elite,Macro,OMO,C4-GUJ-02,Jazz Guest/UFONE Host,UFONE,Non DG Site,99.01211751626171,99.78574184303348,97.25422723350587,98.09164951989017,97.70789774990041,99.25865912208498,96.70408535775903
GUJ6441,GUJ6441__S_KhajoorWaliRd,9,2G/LTE,Diamond,Macro,B2S,C4-GUJ-02,Enfrashare,Enfrashare,Non DG Site,100,99.9848434744268,99.68326861808043,96.2804998285321,99.02937491703163,85.33954903978034,92.97623788663198
RUR4481,RUR4481__S_HFZWanikayTarar,12,2G/3G/LTE,Diamond,Macro,Standby,C4-HFZ-06,JAZZ,DEODAR,DG site,99.7070701413779,99.89319816468254,99.9845990143369,100,97.95042438271594,99.12790959362137,97.40205595380313
SKT6551,SKT6551__S_TheGreenFieldSchool_RL_SKT3232,12,2G+3G+4G,Bronze,Micro,B2S,C4-SKT-03,Tawal,Tawal,Non DG Site,98.76571211668644,97.88142774470889,98.55464083034636,88.46140367798313,98.020553315412,100,99.75507765830342
RUR9992,RUR9992__P_HafizabadRoad,12,2G/3G/LTE,Elite,Macro,Standby,C4-HFZ-06,Jazz Host/UFONE Guest,DEODAR,DG site,99.58453118777378,99.34682264109342,99.6823041119076,99.52650784465017,99.66198725607319,98.60627250514378,99.79025102050971
SKT9474,SKT9474__S_Pakistan_Chowk_Sialkot_Cantt_MDSK1891,10,2G/3G/LTE,Diamond,Macro,Standby,C4-SKT-03,JAZZ,DEODAR,DG site,99.21453106332129,99.73152281746025,99.91704002389484,97.59319058641962,99.32480212066903,98.90327932098761,92.14951090203088
SKT3618,SKT3618__S_Pakpura,9,2G/3G/LTE,Platinum,Macro,Standby,C4-SKT-03,JAZZ,DEODAR,DG site,99.89421545201112,98.90099114491461,99.89149824107258,100,99.83808741537236,99.87564300411519,91.20783137528183
SKT3357,SKT3357__S_UhallahShahabuddin,9,2G/3G/LTE,Platinum,Macro,Standby,C4-SKT-03,JAZZ,DEODAR,DG site,99.95065461967343,98.54772927689585,100,98.48583247599437,99.9999377737953,99.99959276406032,98.99705877472448
MBN6443,MBN6443__S_GulbargTown,9,2G/LTE,Platinum,Macro,B2S,C4-MBD-08,E.Co,E.CO,Non DG Site,91.91642191026132,94.12898203262753,96.17539078056542,87.32679612482806,94.69546495420131,96.62313528806575,97.15174067436597
RUR5311,RUR5311__S_KakhanWali,9,2G/LTE,Diamond,Macro,B2S,C4-SKT-03,Enfrashare,Enfrashare,Non DG Site,98.93157606531258,99.88949514991178,98.82224462365583,99.79100222908082,99.02622212266026,99.33269032921807,100
HFQ8540,HFQ8540__S_ChotDheeran,6,2G/3G/LTE,Gold,Macro,Standby,C4-MBD-08,JAZZ,DEODAR,DG site,90.68143916766222,99.66400738536147,99.54668209876532,98.41210133744843,100,99.1605902777777,97.48696361011535
RUR6392,RUR6392__S_Tamboli_TPLTI001,9,2G/LTE,Gold,Macro,OMO,C4-GUJ-01,Jazz Guest/TELENOR Host,TELENOR,Non DG Site,89.97291085888747,93.69398974867715,76.78342376875068,95.13528806584353,93.12593339307024,88.08472650891596,88.68847902562035
RUR5470,RUR5470__S_Dulchike,9,2G/LTE,Platinum,Macro,B2S,C4-WZD-07,E.Co,E.CO,Non DG Site,99.54919188902161,100,100,99.32043038408777,99.66511930837645,98.61355452674893,95.52651666002899
RUR6221,RUR6221__S_Village_Mong_MR2X3605,8,2G/LTE,Diamond,Macro,Standby,C4-MBD-08,JAZZ,DEODAR,DG site,97.39630002986829,99.73811073908725,100,97.92042824074058,99.51365554062123,99.46346932870347,98.75497031810023
RUR0178,RUR0178__S_Sharakot,12,2G/3G/LTE,Platinum,Macro,Standby,C4-HFZ-06,JAZZ,DEODAR,DG site,99.61867781760233,99.97437169312158,99.9132877837513,99.08900784464977,98.11477934587782,98.65237590020541,97.70579761549138
GUJ9534,GUJ9534__,18,2G/3G/LTE,Elite,Macro,OMO,C4-GUJ-02,Jazz Guest/PTCL Host,PTCL,Non DG Site,98.44970670715513,99.65223811360961,99.05979316009551,97.77513074416999,89.34222753219147,97.04289909122076,90.20221442320425
KLW9891,KLW9891__S_Kuluwal,9,2G/3G/LTE,Diamond,Macro,Standby,C4-SKT-03,JAZZ,DEODAR,DG site,99.76739844683391,99.90623622134035,99.80938039293771,99.23906893004114,99.67208864330274,99.63007973251024,99.2090427120668
SKT9484,SKT9484__S_Hotel Taj Mahal_MDSK4283,12,2G/3G/LTE,Elite,Macro,Standby,C4-SKT-03,Jazz Host/CM-PAK Guest,DEODAR,DG site,99.7414967891278,99.92988384589943,99.92414625647152,100,99.85199497212261,99.10746206275716,96.49913194444426
RUR0712,RUR0712__S_WadalaSandhuan,9,2G/3G/LTE,Diamond,Macro,OMO,C4-NRW-05,Jazz Guest/UFONE Host,UFONE,Non DG Site,91.54976437010473,99.83520723104054,100,99.80306927297661,99.95822547457848,99.50842335390944,97.9215410527014
RUR2274,RUR2274__S_Bureyala_ZONG-7733,6,2G/LTE,Bronze,Macro,OMO,C4-HFZ-06,Jazz Guest/CM-PAK Host,CM-PAK ,Non DG Site,81.10190163281526,96.01886298500868,100,97.6252893518518,96.60325816407793,96.82407407407403,99.19821535244922
RUR9375,RUR9375__S_Maluchit,6,2G+4G+L9,Bronze,Macro,B2S,C4-SKT-03,Enfrashare,Enfrashare,Non DG Site,98.35962390481875,98.02107445987652,98.86944319992033,99.09301054526739,97.27334104938264,99.03063914609054,98.95911116089195
RUR9493,RUR9493__S_Ghalla_Mandi_QD1595,11,2G/3G/LTE,Elite,Macro,CP Prime,C4-HFZ-06,JAZZ,DEODAR,Non DG Site,100,99.57916215728703,99.81598579884864,98.7236602132431,99.91631706853443,99.992424242424,98.7660034484628
SKT3888,SKT3888__S_amgarha_Aimanaba,12,2G/3G/LTE,Elite,Macro,Standby,C4-SKT-03,JAZZ,DEODAR,DG site,84.20974275686949,86.26393366953235,95.4738992184388,90.75456532921775,98.60821759259245,96.27724729938258,93.41248506571063
CML9909,CML9909__H_Chak_Saada,9,2G/3G/LTE,Bronze,Macro,CP Prime,C4-MBD-08,Jazz Host/TELENOR Guest,DEODAR,Non DG Site,99.64095479888485,99.89080412257489,99.99062458515859,99.467528292181,99.39034913049245,99.55388374485594,99.54087431966016
SKT4153,SKT4153__S_SherayWaliKhankah,12,2G/3G/LTE,Platinum,Macro,Standby,C4-SKT-03,JAZZ,DEODAR,DG site,98.87695701413773,99.67284295083768,99.56815013938665,94.49506494341531,99.79306675627238,99.27732767489702,98.8769103444841
JPB3533,JPB3533__P_MohallahMustfabad,12,2G/3G/LTE,Elite,Macro,Standby,C4-HFZ-06,Jazz Host/TELENOR Guest,DEODAR,DG site,98.86244275189154,99.03387483465596,99.74132566706483,98.83383166152252,99.85347284448419,99.2189107510287,98.91987753882897
RUR8325,RUR8325__S_Kotli_MughlanWarid_MR625370,6,2G/3G/LTE,Gold,Macro,Standby,C4-WZD-07,JAZZ,DEODAR,DG site,99.95958408004778,99.9824322089947,99.98039874551971,99.62313528806581,100,99.97907021604937,100
RUR8091,RUR8091__S_Pipnakha,12,2G/3G/LTE,Diamond,Macro,Standby,C4-HFZ-06,JAZZ,DEODAR,DG site,99.73762320788522,99.56962356701935,99.37268207387484,99.66325874485597,99.46690810434087,98.71569573045261,94.1031025985662
GUJ3744,GUJ3744__S_Wblkpeoplesclny,12,2G/3G/LTE,Platinum,Macro,Standby,C4-GUJ-01,Jazz Host/TELENOR Guest,DEODAR,DG site,98.64679783950602,99.70861579585532,99.6281050876144,98.49856931584344,99.35662771306245,99.77076903292166,99.95242806650737
GUJ9430,GUJ9430__S_Nusrat Colony Warid_MDGJ4642,9,2G/3G/LTE,Elite,Macro,OMO,C4-HFZ-06,Jazz Guest/UFONE Host,UFONE,Non DG Site,98.74879696004245,99.15208425191054,99.47466563786004,97.07752486282574,98.91228594185574,99.21514917695467,99.33749834063444
SKT6066,SKT6066__S_AFDenimIndustries,9,2G/LTE,Gold,Macro,B2S,C4-SKT-03,Enfrashare,Enfrashare,Non DG Site,99.5251310898712,99.49101631393292,100,100,100,99.99991426611793,99.99887992831539
MLL4167,MLL4167__S_ParachaPtrlPump,12,2G/3G/LTE,Platinum,Macro,Standby,C4-MBD-08,Jazz Host/TELENOR Guest,DEODAR,DG site,99.2882877837514,99.90015638778654,99.57018804759055,99.56073173868303,99.97876530764636,99.78534915123454,98.83034958681795
RUR6446,RUR6446__S_ChakMuslim,9,2G/LTE,Gold,Macro,B2S,C4-GUJ-01,Enfrashare,Enfrashare,Non DG Site,98.04180356431696,99.96493331128742,99.67517921146948,98.5194187242798,96.65814167662278,98.9237611454046,99.61562873357225
GUJ9446,GUJ9446__S_Qaddafi Rd Warid_MDGJ4640,12,2G/3G/LTE,Platinum,Macro,Standby,C4-GUJ-02,JAZZ,DEODAR,DG site,99.0433187724013,99.7864307760141,99.34018443847067,93.14064107510264,87.6079002389485,100,99.4488936180803
HFZ5785,HFZ5785_H_Ali Pur Rd Hafizabad,6,2G/LTE,Diamond,Macro,B2S,C4-HFZ-06,Enfrashare,Enfrashare,Non DG Site,98.42060558542404,97.09976438492053,99.90535394265231,98.49498456790117,98.42573924731178,95.10294495884764,97.45463709677412
GUJ9422,GUJ9422__S_Meena bazar Warid_GJ4233,9,2G/3G/LTE,Gold,Macro,CP Prime,C4-GUJ-01,JAZZ,DEODAR,Non DG Site,98.00156395194466,97.07265487213397,99.79697663613432,91.17043895747561,97.16570008628678,97.14315414951966,94.5413099030929
RUR5664,RUR5664_H_USF_USLK017_Langah Narowal,8,2G/LTE,Platinum,Macro,B2S,C4-NRW-05,Enfrashare,Enfrashare,Non DG Site,96.68412111708473,99.98325892857143,98.73605744100955,98.65676842206787,96.77680704898435,96.89325327932082,98.85348995669052
GUJ3741,GUJ3741__P_SuperAsiaFactory,12,2G/3G/LTE,Elite,Macro,Standby,C4-GUJ-01,JAZZ,DEODAR,DG site,98.24688557845471,99.05199377204579,98.46909535543591,97.28997878086396,88.2721649741135,88.8806745113164,94.34334241835886
SKK3610,SKK3610__S_InayatpuraHafiz,9,2G/3G/LTE,Platinum,Macro,CP Prime,C4-HFZ-06,JAZZ,DEODAR,Non DG Site,97.80978278906136,99.54594723691939,100,97.85213048696824,97.92307596575044,97.39433299039747,98.74244988716296
SKT0315,SKT0315__H_IndustrialEstateSkt,12,2G/3G/LTE,Hub,Macro,Standby,C4-SKT-03,JAZZ,DEODAR,DG site,98.4119250298685,99.6419959766313,99.96362878335323,98.08219200102859,99.3254057148545,99.99075681584354,94.29979963162046
RUR9198,RUR9198__S_BunBajwa,6,2G/LTE,Bronze,Macro,CP Prime,C4-NRW-05,JAZZ,DEODAR,Non DG Site,97.11628210872153,99.91774140211639,99.71652852449215,99.98881172839502,99.68983348267618,98.16419110082282,94.20758039625629
HWY0740,HWY0740__S_KotSarwar_CP,6,2G/LTE,Bronze,Macro,OMO,C4-HFZ-06,Jazz Guest/CM-PAK Host,CM-PAK ,Non DG Site,99.82365093588207,99.97726521164019,99.61824223416964,96.34069573045251,98.34220056750293,99.17910879629628,98.17008288530464
SKT0816,SKT0816__H_RangPura,9,2G/3G/LTE,Elite,Macro,Standby,C4-SKT-03,JAZZ,DEODAR,DG site,99.85822796362666,99.70885692239855,100,99.63693844307267,99.99997925793176,99.17185356652935,99.99939848002106
RUR9469,RUR9469__S_Gulbahar Nikki_MDSK4860,9,2G/3G/LTE,Diamond,Macro,Standby,C4-SKT-03,JAZZ,DEODAR,DG site,99.0404511814681,99.05333719135797,99.49889237355633,98.99691358024685,97.85545682331062,98.42457561728375,97.95176224611681
GUJ9953,GUJ9953__T_PearyHouse,4,2G/3G/LTE,Bronze,Micro,CP Prime,C4-GUJ-02,JAZZ,JAZZ,Non DG Site,77.6703442353644,99.82923073743385,100,99.87741126543203,97.23491636798087,99.99262152777777,96.36046706989241
PND3552,PND3552__H_CrescentBahuman,9,2G/3G/LTE,Diamond,Macro,Standby,C4-HFZ-06,JAZZ,DEODAR,DG site,99.59994772998803,99.97733410493824,99.48144829417187,92.2071973593957,92.85261515996217,98.72818072702293,98.5946833930701
RUR5356,RUR5356__S_RijadhayWali_PTCL_GTRP2092,6,2G/LTE,Gold,Macro,OMO,C4-NRW-05,Jazz Guest/PTCL Host,PTCL,Non DG Site,100,99.98377562830686,99.98926597968935,100,99.9778785842294,99.90470679012338,99.74882392473117
RUR1068,RUR1068__P_Darman_UFONE,9,2G/3G/LTE,Platinum,Macro,OMO,C4-NRW-05,Jazz Guest/UFONE Host,UFONE,Non DG Site,94.17830296694527,99.04591967960013,94.7919777976901,98.05431241426594,98.7211892672241,97.6051526063099,94.98286705163929
RUR5242,RUR5242__S_SaydanwalaHFZ_TPLHFR28,9,2G/3G/LTE,Gold,Macro,OMO,C4-HFZ-06,Jazz Guest/TELENOR Host,TELENOR,Non DG Site,98.50553398380454,99.77026381540266,94.41905615292704,97.87214934842247,93.69179775653774,93.6158264746226,93.60700418160077
RUR0176,RUR0176__S_Jamkey_Cheema,9,2G/3G/LTE,Elite,Macro,Standby,C4-WZD-07,JAZZ,DEODAR,DG site,99.49173636001586,99.88641791593179,99.05022069560597,98.59677211934147,99.27794786273724,99.88933899176953,99.86061330147349
MBI9714,MBI9714__S_Marri_Khurd,6,2G/LTE,Diamond,Macro,Standby,C4-HFZ-06,Jazz Host/TELENOR Guest,DEODAR,DG site,100,99.97736855158728,100,99.2263695987654,99.46616138988448,99.43016975308639,98.69804111907598
GUJ4178,GUJ4178__H_Mohallah_Zahid,12,2G/3G/LTE,Elite,Macro,Standby,C4-GUJ-02,JAZZ,DEODAR,DG site,99.56385653126215,99.45641465498217,98.4643972769809,96.29851466049334,99.7299227150535,98.35339506172808,97.71052680704851
SKT9482,SKT9482__S_Model Town SKT_MDSK4179,12,2G/3G/LTE,Elite,Macro,Standby,C4-SKT-03,JAZZ,DEODAR,DG site,88.46481730386266,93.47690696649008,99.86027105734765,93.7153099279832,97.28371726901597,92.93566743827124,98.55283627041008
GUJ9431,GUJ9431__S_Mian Sansi Rd Warid_MDGJ4201,12,2G/3G/LTE,Elite,Macro,Standby,C4-GUJ-02,JAZZ,DEODAR,DG site,99.34167786738348,99.83389825837737,98.97911688570281,98.7015496399176,99.14681650736742,99.94696823559667,99.05842418359212
RUR5827,RUR5827_H_Phagwari Narowal,6,2G/LTE,Platinum,Macro,B2S,C4-NRW-05,Enfrashare,Enfrashare,Non DG Site,99.8597421346077,99.99245618386242,99.75778449820787,98.23318544238676,99.31460946833927,97.8361304012345,99.3897164974114
KMK5930,KMK5930__S_DaulatPura Warid_IK1569,12,2G/3G/LTE,Platinum,Macro,Standby,C4-GUJ-01,JAZZ,DEODAR,DG site,97.04243516029435,98.56106013007033,99.22324584328928,94.99311985596667,97.25252638391045,97.73599858539052,94.69594720728745
GUJ0729,GUJ0729__H_KalarAbadiNowshera,12,2G/3G/LTE,Elite,Macro,Standby,C4-GUJ-02,JAZZ,DEODAR,DG site,99.40094832735949,99.95782007826278,99.60347906710467,96.42113554526716,97.8081130525684,98.2491158693414,96.08217592592567
SKT3400,SKT3400__P_KotliBahram,12,2G/3G/LTE,Elite,Macro,Standby,C4-SKT-03,JAZZ,DEODAR,DG site,98.52976590501781,99.6481102568341,99.6178999900437,98.4878954475307,98.972909821784,92.33244920267443,91.9095977698125
SKT4148,SKT4148__H_AirportRd,9,2G/3G/LTE,Hub,Macro,Standby,C4-SKT-03,JAZZ,DEODAR,DG site,99.9799631620868,99.90451388888881,100,98.6604295267489,100,99.61621227709183,99.99950219036239
RUR8823,RUR8823__S_Pagala,6,2G/3G/LTE,Platinum,Macro,Standby,C4-NRW-05,Jazz Host/TELENOR Guest,DEODAR,DG site,99.8975134408602,99.66679756393295,99.86605809438468,99.54324202674893,99.08558592194338,99.19142232510278,98.33190213062517
RUR6503,RUR6503__S_Ranjhai_Ufone3702,6,2G/LTE,Platinum,Macro,OMO,C4-WZD-07,Jazz Guest/UFONE Host,UFONE,Non DG Site,97.88181999203492,96.338665674603,99.83469608721619,90.54536394032912,97.68565188172029,99.90271347736613,93.24655889088004
GUJ3354,GUJ3354__S_Factoryarea,9,2G/3G/LTE,Platinum,Macro,Standby,C4-GUJ-02,JAZZ,DEODAR,DG site,95.15295201115056,99.19165196942959,100,98.60811042524003,99.66872842824903,99.66934585048007,97.57029486924186
RUR6156,RUR6156__S_Village_Marakiwal_SialkotWarid_MDSK4291,12,2G/3G/LTE,Hub,Macro,Standby,C4-SKT-03,JAZZ,DEODAR,DG site,99.46101217144557,99.94328359237207,100,99.76081854423863,99.75045736260448,99.7207433127572,99.80283627041017
RUR8859,RUR8859__S_NearKotliLala,6,2G/LTE,Bronze,Macro,Standby,C4-SKT-03,JAZZ,DEODAR,DG site,98.70818399044195,99.66641865079363,99.34998506571081,99.20312499999996,97.24425029868574,98.44704861111107,99.87119175627235
GUJ0279,GUJ0279__P_SatelliteTownGujw,9,2G/3G/LTE,Platinum,Macro,Standby,C4-GUJ-01,Jazz Host/CM-PAK Guest,DEODAR,DG site,98.32926788795956,99.47374706055257,98.85404221425719,99.0094950274348,99.30628152794368,99.70818329903977,99.10570572812946
RUR8157,RUR8157__S_Chohke,9,2G/3G/LTE,Diamond,Macro,Standby,C4-NRW-05,JAZZ,DEODAR,DG site,99.52888540422141,100,99.93132301208017,99.43554955418374,99.71239048187967,98.45466820987642,98.81106464887809
GUJ9413,GUJ9413__S_Moh Raitanwala Warid_GJ4234,9,2G/3G/LTE,Platinum,Macro,Standby,C4-GUJ-02,Jazz Host/TELENOR Guest,DEODAR,DG site,99.38595181202689,99.25324257789522,98.78963809239322,96.92524005486939,99.7489794902429,98.7832433127571,99.62369739811487
RUR6208,RUR6208__S_GaliNamber_wali_KhutialaSheikhan_MR335302,6,2G/LTE,Platinum,Macro,Standby,C4-MBD-08,Jazz Host/TELENOR Guest,DEODAR,DG site,99.58638241736357,99.85997437169307,99.75140631222612,98.34249614197515,100,99.97193287037038,97.00377713062505
RUR5769,RUR5769__S_Sadgal,6,2G/LTE,Platinum,Macro,B2S,C4-NRW-05,Enfrashare,Enfrashare,Non DG Site,95.76500896057304,97.78699570105788,99.09872809637586,98.29161522633734,96.08053315412168,95.91284722222204,96.47273247710065
SKT3091,SKT3091__S_Mubarak Pura_MDSK4184,11,2G/3G/LTE,Elite,Macro,CP Prime,C4-SKT-03,Jazz Host/AUGERE Guest,DEODAR,Non DG Site,97.0956710926468,98.95419973544969,99.71076694362984,99.82298681257006,99.51205604431404,99.1024130190796,99.55337990116215
SKT4154,SKT4154__S_AskariSialkot,9,2G/3G/LTE,Platinum,Macro,Standby,C4-SKT-03,JAZZ,DEODAR,DG site,99.74257019115885,99.98546351410928,100,99.93940757887516,100,100,99.7585000995619
RUR5301,RUR5301_H_USF_USFJH12_Dara Pur Jhelum,2,2G/LTE,Bronze,Macro,B2S,C4-MBD-08,Enfrashare,Enfrashare,Non DG Site,99.69758064516127,99.98305224867725,99.74191681600954,99.98263888888883,99.80986783154118,99.58449074074072,97.83462141577046
PND9859,PND9859__P_Pattan_Road,12,2G/3G/LTE,Elite,Macro,Standby,C4-HFZ-06,JAZZ,DEODAR,DG site,99.77374551971326,99.98145047949733,99.98883039625643,99.83000578703692,99.76018020708878,100,99.8426921545201
GUJ8000,GUJ8000__S_SarafaBazar,4,2G/3G/LTE,Bronze,Micro,CP Prime,C4-GUJ-02,JAZZ,JAZZ,Non DG Site,100,99.98160548941796,100,99.92554012345677,99.92504853643965,99.89617091049377,99.43151695041813
STR5975,STR5975__S_AhmadPura Warid_1N3554,9,2G/3G/LTE,Hub,Macro,Standby,C4-NRW-05,JAZZ,DEODAR,DG site,99.33125497809634,99.73482969576717,99.80400819726536,98.46862139917678,99.85567668923399,99.3602109053496,98.93188719633604
SKG4023,SKG4023__S_MuhallahSulariah,12,2G/3G/LTE,Platinum,Macro,Standby,C4-NRW-05,JAZZ,DEODAR,DG site,98.64412211270397,99.78183214836852,99.37868690262832,96.76458011831258,99.53977499004374,95.42529899691334,97.31081678116273
GUJ9416,GUJ9416__S_Muhammad Pura Warid_GJ4216,9,2G/3G/LTE,Elite,Macro,Standby,C4-GUJ-02,JAZZ,DEODAR,DG site,96.67525388291507,99.16361239711932,99.9473981149608,98.48694701646075,98.28174780963752,97.12577160493811,99.53956756936141
STR4976,STR4976__S_DTESatrah,9,2G/3G/LTE,Platinum,Macro,Standby,C4-NRW-05,JAZZ,DEODAR,DG site,99.04903839771659,98.2345862727806,99.46145294039555,96.3522805212618,99.49520028541068,98.4091435185184,99.92273579583161
GUJ3344,GUJ3344__P_MuslimTown,9,2G/3G/LTE,Diamond,Macro,Standby,C4-GUJ-02,JAZZ,DEODAR,DG site,97.57058525819693,99.78578777189878,99.38004032258061,98.05724879972534,97.81685583432888,99.1147976680383,99.62191358024684
RUR4482,RUR4482__S_FZQadriColony,12,2G/3G/LTE,Elite,Macro,Standby,C4-HFZ-06,JAZZ,DEODAR,DG site,99.82511325169251,99.57615120701045,99.70308766427713,99.03956082818922,98.4881210175228,99.16391782407393,98.8907556750297
RUR1051,RUR1051__P_Nizampur,9,2G/3G/LTE,Elite,Macro,Standby,C4-GUJ-01,Jazz Host/TELENOR Guest,DEODAR,DG site,97.79206906279028,99.98144473838917,100,97.849494170096,97.68881504712587,99.94579475308635,96.18020294039556
SKT9848,SKT9848__P_ShahKharasanMasjid,20,2G/3G/LTE,Elite,Macro,Standby,C4-SKT-03,Jazz Host/CM-PAK Guest,DEODAR,DG site,99.34771692054952,99.98458167989415,100,98.52641782407392,99.9914314516129,99.7340084876543,99.89192241636793
GUJ8233,GUJ8233__P_Thirty_Feet_Bazar_WP,12,2G/3G/LTE,Elite,Macro,CP Prime,C4-GUJ-02,JAZZ,DEODAR,Non DG Site,99.49607663779368,99.97649016203704,100,99.04211676954728,99.21904557447222,97.02904771090515,96.70737816109103
STR4035,STR4035__H_WadalaSindhuSatrah,9,2G/3G/LTE,Gold,Macro,Standby,C4-NRW-05,JAZZ,DEODAR,DG site,97.07605286738342,99.97926311728394,100,99.54798954046629,99.92624120536303,99.50720164609046,99.65933227133938
GUJ5481,GUJ5481__S_AwanChowk,9,2G/3G/LTE,Platinum,Macro,B2S,C4-HFZ-06,Enfrashare,Enfrashare,Non DG Site,94.73941739678735,100,99.16214489579184,99.31528635116588,99.14507417363596,99.83436213991763,97.65390614628943
TKW9894,TKW9894__S_TalwandiKhajorWali,20,2G/3G/LTE,Platinum,Macro,Standby,C4-GUJ-02,Jazz Host/CM-PAK Guest,DEODAR,DG site,99.16805742234163,99.97093047288357,99.74203815710868,99.67330246913576,99.20833333333333,99.09365354938264,99.68536252986856
RUR9498,RUR9498__S_Abadi_Ramgarh_Gujranwala_Road_313556,8,2G/LTE,Diamond,Macro,Standby,C4-HFZ-06,JAZZ,DEODAR,DG site,99.47074279420548,99.75784866898145,100,100,100,100,99.96796128285538
GUJ6293,GUJ6293__S_PipliwalaGoraya,9,2G/LTE,Diamond,Macro,B2S,C4-GUJ-01,E.Co,E.CO,Non DG Site,96.50840468604794,99.11821171369778,99.13043027346339,98.8394633058984,97.6919470994291,99.13059413580231,99.15928249037555
RUR0713,RUR0713__S_Watalian,12,2G/3G/LTE,Diamond,Macro,Standby,C4-WZD-07,Jazz Host/CM-PAK Guest,DEODAR,DG site,99.18343662883304,99.75777116402112,99.32893705197118,99.21826774691345,99.22074123855029,95.60403806584335,96.88004032258047
GUJ9419,GUJ9419__S_Krishan Nagar Warid_GJ4159,18,2G/3G/LTE,Elite,Macro,Standby,C4-GUJ-02,JAZZ,DEODAR,DG site,95.97051100159283,92.1589437279538,96.97608646953393,97.86405821330578,99.99974072414707,99.25046081961574,99.65814256556854
RUR0716,RUR0716__S_Village_Marh_Bashi_1Q3565,8,2G/LTE,Diamond,Macro,Standby,C4-HFZ-06,JAZZ,DEODAR,DG site,100,99.9817604993386,99.9673545773596,99.03653067129626,99.18125093339307,99.7661072530864,99.92269171893665
RUR0402,RUR0402__S_Ikhlas_Pur_Warid_MDNR7667,9,2G/LTE,Gold,Macro,OMO,C4-NRW-05,Jazz Guest/PTCL Host,PTCL,Non DG Site,99.46176407141907,99.98146770282186,99.95079981415107,99.53461505486958,99.7939068100358,98.13308041838107,98.53268535112144
GHA5646,GHA5646_H_USF_USLK015_Wali Pur Bur Narowal,6,2G/LTE,Diamond,Macro,B2S,C4-NRW-05,Enfrashare,Enfrashare,Non DG Site,97.09098715651103,99.9826733355379,99.43794180605336,99.62448559670774,99.96565113500597,99.74411651234564,99.36631944444437
RUR1062,RUR1062__S_Chak_Jano_Kalan,3,2G/LTE,Gold,Macro,Standby,C4-MBD-08,Jazz Host/TELENOR Guest,DEODAR,DG site,97.9703056551173,98.71734457671946,96.53051573078426,92.0686728395058,93.2594086021502,91.63753858024644,94.67499253285496
DSK9833,DSK9833__S_Mohalla_Banwala,12,2G/3G/LTE,Elite,Macro,Standby,C4-WZD-07,Jazz Host/CM-PAK Guest,DEODAR,DG site,98.85514672939043,99.58023313492058,99.76000908502584,99.31712962962953,99.82722894265233,98.43843235596684,99.96854465352449
SKT8137,SKT8137__Q_BankAlHabibParsRd,4,2G/3G/LTE,Bronze,Micro,CP Prime,C4-SKT-03,JAZZ,JAZZ,Non DG Site,95.88513664874543,99.81646825396827,100,100,98.96678054062124,98.90041473765426,97.61401396356021
GUJ5319,GUJ5319__S_JalilTown_CMPAK40268,9,2G/3G/LTE,Elite,Macro,OMO,C4-GUJ-01,Jazz Guest/CM-PAK Host,CM-PAK ,Non DG Site,96.75681169520767,98.13269308494992,95.97618395725439,90.81582218792823,90.60992051639423,68.21739969135763,81.48618993096987
HWY6907,HWY6907__P_SuperRiceMillKamonki,12,2G/3G/LTE,Elite,Macro,Standby,C4-GUJ-01,JAZZ,DEODAR,DG site,97.83079450418144,99.75597993827157,99.4304279918359,96.22881301440313,93.14682584129783,94.42875514403258,93.99310222520883
GUJ5468,GUJ5468__S_Waniawala,12,2G/3G/LTE,Platinum,Macro,B2S,C4-GUJ-01,Enfrashare,Enfrashare,Non DG Site,97.37259184587806,99.24565283289236,99.485249278176,98.07135738168705,98.57909572879325,98.20662937242787,93.19992035045783
GUJ9445,GUJ9445__S_Mubarak Colony Warid_MDGJ4641,12,2G/3G/LTE,Elite,Macro,Standby,C4-GUJ-02,JAZZ,DEODAR,DG site,99.16408427917159,99.82985077711636,99.17554945738742,96.66028485082286,97.6634837962961,98.6825810185184,95.90511126045374
RUR5595,RUR5595__S_ThathaManak,6,2G/LTE,Gold,Macro,B2S,C4-HFZ-06,Enfrashare,Enfrashare,Non DG Site,97.66483721624849,99.88560267857143,99.64764411589007,97.80111882716045,99.23639112903226,99.7852044753086,97.03495245917956
RUR1067,RUR1067__S_NatlaVillage,9,2G/3G/LTE,Platinum,Macro,Standby,C4-NRW-05,JAZZ,DEODAR,DG site,98.37716132350982,99.79970421810695,100,99.58018261316867,99.90402645028539,98.67176783264743,99.65109767025086
RUR8733,RUR8733__S_GulbaharNikki,6,2G/LTE,Bronze,Macro,B2S,C4-SKT-03,ATL,ATL,Non DG Site,100,99.52453290343911,100,100,100,99.80381944444443,99.21072281959368
MNZ1368,MNZ1368__S_LakkarPulla_Warid_MR1Z3702,9,2G/LTE,Diamond,Macro,Standby,C4-NRW-05,Jazz Host/TELENOR+CM-PAK Guest,DEODAR,DG site,99.57333565644494,99.73482969576716,97.55258114297077,99.63492369684494,97.66199555290036,98.03553669410142,97.01818249701297
GUJ3350,GUJ3350__P_ShahzadTown,16,2G/3G/LTE,Elite,Macro,Standby,C4-GUJ-01,Jazz Host/UFONE Guest,DEODAR,DG site,98.06425944593774,99.82505838707006,99.73850993130226,98.06709346064805,98.50673443100344,99.19926697530853,99.24744016950406
AKD2954,AKD2954__S_Amrakhurd,6,2G/LTE,Gold,Macro,CP Prime,C4-MBD-08,JAZZ,DEODAR,Non DG Site,99.67191233572281,99.97943535052907,100,99.36316872427979,99.90227374551968,99.80594135802467,100
SMB1258,SMB1258__S_AddaBegowala_Zong_BGW5719,9,2G/3G/LTE,Diamond,Macro,OMO,C4-WZD-07,Jazz Guest/CM-PAK Host,CM-PAK ,Non DG Site,93.58319228726911,99.97825268224571,97.24201015531658,99.97865226337447,99.46143219832734,99.5379372427983,96.44487173104997
SKT9477,SKT9477__S_Model town_MDSK4205,18,2G/3G/LTE,Elite,Macro,Standby,C4-SKT-03,JAZZ,DEODAR,DG site,93.16000224014319,97.14347718253956,99.98273222819593,93.25536908436192,98.71284058476029,99.11835562414257,80.55103378468048
SKT9479,SKT9479__S_Mohalla_Bhankan_Sharif_MDSK4287,12,2G/3G/LTE,Platinum,Macro,Standby,C4-SKT-03,JAZZ,DEODAR,DG site,93.87953940163268,99.79080550044081,99.46446572580632,99.83394418724272,99.00153387594571,98.51911329732503,98.98260155316594
GUJ6202,GUJ6202__S_QilaSundarSingh,9,2G/3G/LTE,Platinum,Macro,B2S,C4-GUJ-02,E.Co,E.CO,Non DG Site,98.71088045931225,96.50577785126393,99.98182994822777,99.49144804526736,98.34171312889941,92.42753343621368,89.78007185052407
HWY3412,HWY3412__S_DskRoadSkt,18,2G/3G/LTE,Platinum,Macro,Standby,C4-SKT-03,JAZZ,DEODAR,DG site,99.54677543807242,99.88894400352729,99.23149600092886,99.59214248971139,99.56844052834151,99.62597522290766,99.77789393335938
GUJ3351,Guj3351__P_Muhallahessayan,9,2G/3G/LTE,Elite,Macro,Standby,C4-GUJ-02,Jazz Host/TELENOR Guest,DEODAR,DG site,97.50755330392411,98.30932666870149,98.42312574671423,92.11758072174705,95.26370508225315,94.29217117758735,93.54949280856502
RUR6516,RUR6516__S_Mokhal,6,2G/LTE,Diamond,Macro,B2S,C4-GUJ-01,E.Co,E.CO,Non DG Site,96.52286190760633,98.5309537588182,98.17814117881301,94.88570601851816,96.79155465949816,99.29131301440323,92.17598815213049
CML9907,CML9907__S_DhokKasib,9,2G/3G/LTE,Bronze,Macro,Standby,C4-MBD-08,Jazz Host/UFONE+CM-PAK Guest,DEODAR,DG site,99.68930455993626,99.84740134479715,99.7909614363467,99.81076388888887,99.55217874684716,99.87937242798353,99.80728544404613
GUJ5444,GUJ5444__S_SehansraGoraya,9,2G/3G/LTE,Elite,Macro,B2S,C4-GUJ-01,E.Co,E.CO,Non DG Site,96.43701048718943,95.78455687830657,98.83319643568274,94.77829218106955,93.57317386831235,96.6981953017828,95.8204939930966
QDS8933,QDS8933__P_NoorPurRdQilaDedarS,18,2G/3G/LTE,Hub,Macro,Standby,C4-HFZ-06,JAZZ,DEODAR,DG site,100,99.97618588330394,100,99.95811899862822,99.85857020775255,100,100
GUJ9409,GUJ9409__S_Highway staff clny Warid_GJ4220,18,2G/3G/LTE,Platinum,Macro,Standby,C4-GUJ-02,JAZZ,DEODAR,DG site,96.43991437674227,97.345357510288,98.68818863666527,99.24602409122072,97.54006330479213,96.84361068244158,96.4235399954485
KTN9622,KTN9622__S_MalikpurShakargarh,12,2G/3G/LTE,Elite,Macro,Standby,C4-NRW-05,JAZZ,DEODAR,DG site,98.52536340103532,99.20810598544972,99.08118860347795,99.74287337105615,99.4632575003318,98.28553669410124,98.61156743661185
GUJ6288,GUJ6288__S_WaniaWala,9,2G/3G/LTE,Elite,Macro,B2S,C4-GUJ-01,E.Co,E.CO,Non DG Site,97.62687923138186,99.56893463403875,99.60380575467939,97.70739026063092,97.94215866852502,97.06106395747565,92.34462116686552
KTN9624,KTN9624__S_WalipurBuraNarrowal,9,2G/3G/LTE,Platinum,Macro,Standby,C4-NRW-05,JAZZ,DEODAR,DG site,99.47736210673025,99.8823991402116,99.44187242798351,98.7915809327846,99.10883778043274,99.0419453017832,99.47423005442717
DSK5782,DSK5782__S_FarooqiaStreetIslampura,18,2G/3G/LTE,Platinum,Macro,B2S,C4-WZD-07,Enfrashare,Enfrashare,Non DG Site,97.58900421478798,95.97062619415023,96.21382583300121,94.73416066529465,98.75714564250595,97.43646047668001,86.3786734202837
SKG9633,SKG9633__P_MohRiazPura,18,2G/3G/LTE,Platinum,Macro,Standby,C4-NRW-05,JAZZ,DEODAR,DG site,99.06255185517048,99.98562426513816,99.81187981215977,99.93275248628258,99.25511084561262,96.31570430384065,99.38528806584351
KNB9978,KNB9978__S_KotliNawab,12,2G/LTE,Platinum,Macro,Standby,C4-GUJ-01,JAZZ,DEODAR,DG site,99.62241450119471,99.90497891865074,99.98965800477896,99.18498263888874,94.68551187275959,95.5776909722221,98.55801037933087
GML1220,GML1220__S_OffloadGML9905A,9,2G/3G/LTE,Diamond,Macro,Standby,C4-NRW-05,JAZZ,DEODAR,DG site,99.76515830346469,99.98229442239858,100,99.47959533607674,99.88313918757464,99.46956447187912,99.62151948095044
RUR4794,RUR4794__S_QDHPFBaseChamber,12,2G/3G/LTE,Diamond,Macro,Standby,C4-HFZ-06,Jazz Host/TELENOR Guest,DEODAR,DG site,99.19323725607316,99.34637483465602,99.74743939167662,99.06065136316869,99.75204413082432,99.60157857510283,99.66822543309436
GUJ5776,GUJ5776__S_Gobandgarh,9,2G/3G/LTE,Elite,Macro,B2S,C4-GUJ-02,Enfrashare,Enfrashare,Non DG Site,97.92473533120926,99.98222552910049,99.62662202973581,99.61357596021944,99.79347122660293,99.35738168724278,99.55968737554751
RUR0182,RUR0182__S_Cheelian_Wala,3,2G/LTE,Diamond,Macro,Standby,C4-MBD-08,JAZZ,DEODAR,DG site,99.68693996415762,99.97871197089947,99.84673685782555,99.67264660493824,99.90423387096772,99.64004629629623,98.14254778972519
GUJ3746,Guj3746__H_Gulshantown,12,2G/3G/LTE,Elite,Macro,Standby,C4-GUJ-02,Jazz Host/TELENOR Guest,DEODAR,DG site,99.83234704798879,99.97605957892415,99.11366549681394,96.98940650720147,99.56393431401825,98.03557420267468,96.61715016427695
MCK8972,MCK8972__S_RanmalSharif_BC,6,2G/LTE,Gold,Macro,Standby,C4-MBD-08,JAZZ,DEODAR,DG site,99.69418931700513,99.88890955687829,99.93792936081239,100,100,100,99.85582188371164
GUJ3740,Guj3740__S_SultanPura,12,2G/3G/LTE,Diamond,Macro,Standby,C4-GUJ-02,JAZZ,DEODAR,DG site,99.42932347670236,99.8534984016754,99.93757156013538,97.79996141975283,99.45206715452008,98.86871463477337,97.74006869772951
SKT5152,SKT5152__S_Rauf Plaza Warid_MDSK4176,12,2G/3G/LTE,Elite,Macro,Standby,C4-SKT-03,JAZZ,DEODAR,DG site,99.73504082039022,99.64873029651672,99.92190611310232,97.72524434156358,99.00133164078048,97.18934863683104,98.02288679808815
RUR5259,RUR5259_S_BhagwalAwan_CMPak40850,12,2G/3G/LTE,Platinum,Macro,OMO,C4-SKT-03,Jazz Guest/CM-PAK Host,CM-PAK ,Non DG Site,50.44463734567855,97.54844921186061,100,98.61193094135794,99.57665957287932,99.62263695987653,99.76112915671041
HFZ5863,HFZ5863_H_Ali Town Hafizabad,6,2G/LTE,Diamond,Macro,B2S,C4-HFZ-06,Enfrashare,Enfrashare,Non DG Site,98.3663754480286,97.50950727513211,99.88481929510154,98.51803626543206,98.0900910991636,93.80645576131674,95.61239919354831
RUR3998,RUR3998__H_ChoubraChawinda,20,2G/3G/LTE,Elite,Macro,Standby,C4-NRW-05,JAZZ,DEODAR,DG site,98.80545288231768,99.93057622354493,99.27068399044204,98.95087770061714,99.81313470728789,98.59694251543189,99.95462776284347
RUR9670,RUR9670__S_Rattochak,6,2G/3G/LTE,Diamond,Macro,CP Prime,C4-NRW-05,JAZZ,DEODAR,Non DG Site,98.553800776583,99.83565503747793,98.28828156113097,99.78665123456787,97.62865267821562,96.31188914609024,99.86478245718828
SKT3809,SKT3809__S_RailwayStationSKT,12,2G/3G/LTE,Diamond,Macro,Standby,C4-SKT-03,JAZZ,DEODAR,DG site,98.9770011947431,98.82640266754835,99.59307173436864,98.42726015946486,99.59036489446426,97.75106095678997,98.68575766626826
RUR3737,RUR3737__H_GUJThakarkay,9,2G/3G/LTE,Platinum,Macro,Standby,C4-HFZ-06,JAZZ,DEODAR,DG site,99.82564217443249,99.97613995443852,99.90977200318594,99.56908007544574,99.7701571419089,98.10688871742106,98.07219069427843
BPW8989,BPW8989__P_SBDKRD_Bhopalwal,16,2G/3G/LTE,Elite,Macro,Standby,C4-WZD-07,JAZZ,DEODAR,DG site,97.95880936379913,99.94401558366398,97.89731042786732,98.66600356867274,99.63464661738345,98.88009982638876,98.40791143966528
SKT4629,SKT4629__S_FGBoysSchoolSKTCantt,9,2G/3G/LTE,Elite,Macro,Standby,C4-SKT-03,JAZZ,DEODAR,DG site,96.74023878268919,99.20354754556122,98.59804360812392,94.32167352537685,99.93698559670779,99.91422325102873,99.83860596707808
GUJ5816,GUJ5816_H_Rakh Kikran Gujranwala,9,2G/LTE,Gold,Macro,B2S,C4-GUJ-01,Enfrashare,Enfrashare,Non DG Site,99.14370519713252,99.90706294091699,98.93381620868179,99.73645404663908,99.931592658967,99.95177469135794,98.97594334926309
TMK5823,TMK5823_H_Talwandi Mus Gujranwala,6,2G/LTE,Gold,Macro,B2S,C4-GUJ-01,Enfrashare,Enfrashare,Non DG Site,98.70034348864989,99.57361937830686,100,98.50501543209874,99.96873133213859,99.77777777777769,94.55318473715649
SPB9660,SPB9660__S_DaryaPur,20,2G/3G/LTE,Platinum,Macro,Standby,C4-NRW-05,JAZZ,DEODAR,DG site,98.79133997909156,99.92916046626951,99.69224163679756,99.82048611111068,99.19503248207842,98.8711709104934,99.81926709976067
MBN3782,MBN3782__S_MuhallahRoshan,9,2G/3G/LTE,Gold,Macro,CP Prime,C4-MBD-08,JAZZ,DEODAR,Non DG Site,100,99.97733410493824,99.9817677220231,100,99.97734966148941,99.99798525377227,99.40262843488645
SKT5510,SKT5510__S_ZeeshanColony,9,2G/3G/LTE,Elite,Macro,B2S,C4-SKT-03,E.Co,E.CO,Non DG Site,99.12522401433687,99.46171369782475,99.97179078720293,97.60101594650193,97.87194676755595,99.58822016460904,99.888511383247
GML9905,GML9905__S_Gumtala_Narowal,9,2G/3G/LTE,Platinum,Macro,Standby,C4-NRW-05,Jazz Host/CM-PAK Guest,DEODAR,DG site,98.84645061728385,99.86255787037035,100,97.34422153635107,99.40596790787193,99.70686514060347,99.89813570290713
KTN3416,KTN3416__S_Baghban_Pur_Norowal,9,2G/3G/LTE,Diamond,Macro,Standby,C4-NRW-05,JAZZ,DEODAR,DG site,98.76024658170704,99.92084160052907,98.92993744192202,95.84014917695454,97.39469251958036,99.87506430041148,99.94096807380855
RUR5434,RUR5434__S_Sultanpur,6,2G/LTE,Diamond,Macro,B2S,C4-NRW-05,Enfrashare,Enfrashare,Non DG Site,99.53325368379096,99.98167438271587,99.91360513739542,99.99998713991766,99.50359667463157,98.50272633744848,99.41293309438463
KTN4126,KTN4126__S_DalahNanqal_PT,9,2G/3G/LTE,Diamond,Macro,Standby,C4-NRW-05,JAZZ,DEODAR,DG site,97.88372826231249,99.98002094356261,98.71840983008094,98.63297325102872,97.8260238284879,97.05892061042519,99.18568714323635
SKT3406,SKT3406__P_ZohralHospitalChwk,18,2G/3G/LTE,Elite,Macro,Standby,C4-SKT-03,JAZZ,DEODAR,DG site,99.79656179476969,99.9768288874191,99.99774948559667,99.26428540809317,99.99997925793176,98.48158864883393,99.9992740276118
WND5005,WND5005__S_Wandoh Warid_MDIK4147,9,2G/3G/LTE,Elite,Macro,CP Prime,C4-GUJ-01,JAZZ,DEODAR,Non DG Site,98.24136300278768,98.84064061581411,98.75429360812421,98.61466906721527,93.84026948095035,84.56410751028774,81.42431634143074
RUR8158,RUR8158__P_IkhlasPur,9,2G/3G/LTE,Diamond,Macro,OMO,C4-NRW-05,Jazz Guest/UFONE Host,UFONE,Non DG Site,98.94572215584748,99.42285787771898,98.91830114164337,98.38831018518506,98.36220629231374,88.1237782921809,99.61525537634407
GUJ6949,GUJ6949__S_JhangiVillage,18,2G/3G/LTE,Platinum,Macro,Standby,C4-GUJ-01,Jazz Host/UFONE Guest,DEODAR,DG site,99.76497162485065,99.61008689741318,99.85814499535378,99.94114368998628,100,99.98109567901233,99.49656926191417
GUJ3348,Guj3348__S_Arafatcolony,18,2G/3G/LTE,Platinum,Macro,Standby,C4-GUJ-01,Jazz Host/CM-PAK Guest,DEODAR,DG site,98.92798768750816,99.98228294018222,99.80983671843885,99.53524734224963,99.82271754281162,99.80243698559664,97.98780603440076
GUJ6120,GUJ6120__S_OldTown,9,2G/3G/LTE,Diamond,Macro,B2S,C4-GUJ-01,E.Co,E.CO,Non DG Site,97.16503634010353,96.94658013668425,95.91744242001835,94.83929183813414,98.89932214921004,90.19600908779131,90.48711710142013
GUJ5771,GUJ5771__S_Fazalpura_CMPak42630,9,2G/3G/LTE,Diamond,Macro,OMO,C4-GUJ-02,Jazz Guest/CM-PAK Host,CM-PAK ,Non DG Site,100,99.98217960023514,100,98.54747513717413,85.759719733174,99.64911265432096,99.03196767556076
GUJ9485,GUJ9485__S_Railway_Track_Rahwali_GJ1600,18,2G/3G/LTE,Elite,Macro,CP Prime,C4-GUJ-02,Jazz Host/TELENOR Guest,DEODAR,Non DG Site,98.10940196468864,99.98031948118751,99.48709013673165,98.48159936556915,94.56528773397021,95.27158350480077,95.60396754281146
SKT0416,SKT0416__H_NaikaPura,12,2G/3G/LTE,Hub,Macro,Standby,C4-SKT-03,Jazz Host/UFONE Guest,DEODAR,DG site,100,99.92993551587301,99.94808778872958,99.85370048868306,99.9999844434488,99.99991962448553,99.99951774691354
SKG9840,SKG9840__P_Behind_GovtBoysHich,12,2G/3G/LTE,Hub,Macro,Standby,C4-NRW-05,JAZZ,DEODAR,DG site,99.86974499701313,99.65940875771601,100,99.65740740740736,99.9999844434488,98.07642103909457,99.76506496415762
GUJ0348,GUJ0348__P_DCColony,20,2G/3G/LTE,Elite,Macro,Standby,C4-GUJ-02,JAZZ,DEODAR,DG site,96.38885155316581,96.0280051256611,100,98.58350694444441,100,99.29192708333326,99.78116599462362
RUR3411,RUR3411__H_SKTUggoki,20,2G/3G/LTE,Hub,Macro,Standby,C4-WZD-07,JAZZ,DEODAR,DG site,99.1029345878135,99.90200272817457,100,99.89125192901233,100,99.96557677469133,99.76285282258061
RUR5651,RUR5651__S_Goindke,6,2G/LTE,Bronze,Macro,B2S,C4-WZD-07,Enfrashare,Enfrashare,Non DG Site,98.99495345479883,99.69091021825389,99.77113201911587,99.76774691358015,99.11645011947428,99.80147247942381,99.8224686379928
RUR0795,RUR0795__S_BegowalWarid_MDWA1952,9,2G/3G/LTE,Diamond,Macro,Standby,C4-WZD-07,JAZZ,DEODAR,DG site,99.97006919553961,99.84129280570251,100,99.93100565843616,99.3918010752688,99.50844478737993,98.48107908535741
HWY5981,HWY5981__S_Rajoki Warid_625368,12,2G/3G/LTE,Diamond,Macro,Standby,C4-WZD-07,Jazz Host/CM-PAK Guest,DEODAR,DG site,97.02423399542,99.93549864969133,99.45220716348061,99.14363104423865,99.48851615392267,99.23890817901228,94.01354353345263
SKT8499,SKT8499__S_ChMuhammadBootaRd,6,2G/LTE,Bronze,Macro,B2S,C4-SKT-03,Enfrashare,Enfrashare,Non DG Site,98.13669852648341,99.98315558862431,100,99.9866898148148,99.20381571087214,99.92126414609054,99.41662933094373
SKT5834,SKT5834_H_Rehman Road Sahowali Sialkot,12,2G/LTE,Diamond,Macro,B2S,C4-SKT-03,Enfrashare,Enfrashare,Non DG Site,98.99934040223013,98.80277226631385,99.07065163281553,98.2003922325102,99.0126568100358,100,99.99948663381119
RUR1084,RUR1084__P_Marajkae,12,2G/3G/LTE,Elite,Macro,Standby,C4-SKT-03,JAZZ,DEODAR,DG site,99.03502713062512,99.81596877755727,98.03200293707668,98.38904963991753,99.34309351354038,97.03986625514398,99.7997871863799
GUJ4649,Guj4649__P_Loyawalabazar,12,2G/3G/LTE,Elite,Macro,Standby,C4-GUJ-02,JAZZ,DEODAR,DG site,100,99.9666211970899,99.9566750049781,99.44992605452666,98.66120320589394,92.5021540637859,97.9863444593786
SKT5746,SKT5746__S_Rangpura,9,2G/3G/LTE,Platinum,Macro,B2S,C4-SKT-03,Enfrashare,Enfrashare,Non DG Site,99.04262909863264,98.308141350676,99.47841995221022,99.18522805212613,100,96.8535022290808,97.63525902694799
GUJ9459,GUJ9459__S_usman Colony Warid_MDGJ4239,9,2G/3G/LTE,Platinum,Macro,CP Prime,C4-GUJ-01,Jazz Host/TELENOR Guest,DEODAR,Non DG Site,96.82480419487561,99.98229442239858,98.63932032390792,99.41865997942378,98.3133172374882,96.61228995198887,98.47798851719091
GUJ3745,Guj3745__S_Mainmktsatellite,9,2G/3G/LTE,Platinum,Macro,CP Prime,C4-GUJ-01,JAZZ,DEODAR,Non DG Site,98.28261897650331,99.05763154027034,99.57323194610377,99.1265860768175,97.1196319527412,99.78352194787377,98.52861990574793
GUJ3338,GUJ3338__P_ChaudhryPlaza,9,2G/3G/LTE,Elite,Macro,Standby,C4-GUJ-02,JAZZ,DEODAR,DG site,99.09973201247836,99.68825782627857,98.27172939068083,97.12075617283934,99.28458532457178,98.93295610425231,98.31151267755197
PHA5663,PHA5663_H_Ghanian Road Phalia Mandi Bahauddin,6,2G/LTE,Platinum,Macro,B2S,C4-MBD-08,ATL,ATL,Non DG Site,94.42403424930296,97.81715029761892,92.71452484070075,93.97106481481468,96.20305032855423,95.89226466049377,90.62969807845462
GUJ5575,GUJ5575_H_Gondlan Wala Rd Model Town,9,2G/LTE,Elite,Macro,B2S,C4-GUJ-02,Enfrashare,Enfrashare,Non DG Site,98.01846873755467,97.81633506025862,98.55678763440855,92.6820344650204,99.99995851586351,98.46609224965695,99.23163082437267
DDL9709,DDL9709__S_SarjalDhadyal,9,2G/3G/LTE,Gold,Macro,Standby,C4-NRW-05,JAZZ,DEODAR,DG site,100,99.98401675485009,99.99925328554359,99.66953875171463,100,99.99987139917694,99.97965203106332
KLR9491,KLR9491__S_Kolo_Tarrar_HF1983,6,2G/LTE,Diamond,Macro,Standby,C4-HFZ-06,JAZZ,DEODAR,DG site,99.83189590800478,99.68105847663136,99.9807721027479,99.48501800411519,99.70859468339307,99.89998070987653,99.93820937873352
KTL4948,KTL4948__P_KotliLoharanEast,16,2G/3G/LTE,Elite,Macro,Standby,C4-SKT-03,Jazz Host/CM-PAK Guest,DEODAR,DG site,98.69581653225796,99.76778222139546,99.78522625448025,98.71201051311714,99.30002520161281,99.25329137731472,98.50970962141561
RUR5933,RUR5933__P_ Olakh Bhai kWarid_HF7562,6,2G/LTE,Diamond,Macro,Standby,C4-HFZ-06,JAZZ,DEODAR,DG site,98.97771679609708,99.8879450507054,99.54133064516121,99.01572145061726,99.48286912584622,98.3434284979423,96.81728519514122
GUJ6136,GUJ6136__S_JannatTown,9,2G/3G/LTE,Platinum,Macro,B2S,C4-GUJ-02,E.Co,E.CO,Non DG Site,96.46683758130882,95.82435424015273,97.59497793043924,96.83564814814802,100,99.88260888203014,98.33889220761971
RUR5972,RUR5972__S_Mundikay chowk Warid_475349,12,2G/3G/LTE,Elite,Macro,Standby,C4-WZD-07,JAZZ,DEODAR,DG site,97.78499601752277,99.73741319444427,97.85902964456378,99.00861625514389,99.35809002887291,99.10212512860065,99.247685185185
AMN5917,AMN5917__S_AimanabadWarid_GJ1960,12,2G/3G/LTE,Elite,Macro,Standby,C4-GUJ-01,JAZZ,DEODAR,DG site,99.37773795300654,99.50417493386233,99.93460025886085,99.90824331275692,98.70462154022258,98.75438850308605,94.9982421097169
RUR0433,RUR0433__S_MaraliWala,12,2G/3G/LTE,Elite,Macro,Standby,C4-HFZ-06,JAZZ,DEODAR,DG site,100,99.40197172619044,99.55741611907604,100,99.60388353743527,98.90366190843613,99.90768742532856
RUR5942,RUR5942__S_Tatlay Ali-KMK Warid_305407,18,2G/3G/LTE,Elite,Macro,Standby,C4-HFZ-06,JAZZ,DEODAR,DG site,99.79410385968404,99.99307622354497,100,99.63356267146767,99.88894696667994,99.49107295953354,99.10623465086933
HWY9737,HWY9737__P_MoreAmenabad2,12,2G/3G/LTE,Hub,Macro,Standby,C4-GUJ-01,JAZZ,DEODAR,DG site,100,99.979900380291,100,100,100,100,99.9800253882915
GUJ9453,GUJ9453__S_Chuhanwala Warid_MDGJ1834,12,2G/3G/LTE,Platinum,Macro,CP Prime,C4-GUJ-02,JAZZ,DEODAR,Non DG Site,99.51090203106328,99.86336736662257,99.59251169852645,97.82921810699584,99.73206951911588,99.99995177469133,99.14977225209071
RUR8085,RUR8085__P_Tahli_Goraya_VillageWarid_315346,6,2G/LTE,Diamond,Macro,Standby,C4-HFZ-06,JAZZ,DEODAR,DG site,93.78546893667844,99.86128334435622,97.95176224611704,98.97145061728389,98.18442602548781,97.65817901234558,94.46043657905203
GUJ0727,GUJ0727__P_MuhammadiTown,9,2G/3G/LTE,Platinum,Macro,Standby,C4-GUJ-01,Jazz Host/UFONE Guest,DEODAR,DG site,97.82687425328541,99.79834931657845,99.7351652727996,98.85159465020564,98.52915919952196,97.81318587105604,96.18509806849835
JPB4945,JPB4945__H_Pindibhatianrd,9,2G/3G/LTE,Hub,Macro,Standby,C4-HFZ-06,JAZZ,DEODAR,DG site,100,99.98399379041739,99.91120320589407,99.50537980109736,99.88873954599751,99.72983110425236,99.9705670051772
HMP9712,HMP9712__S_Kotli_Nagra,6,2G/LTE,Diamond,Macro,Standby,C4-GUJ-01,JAZZ,DEODAR,DG site,99.96583781362003,99.97778191137566,100,98.16322659465013,98.94339904420538,99.49874614197527,98.31289202508955
SKT4622,SKT4622__P_uhallahKhuwala,18,2G/3G/LTE,Elite,Macro,Standby,C4-SKT-03,Jazz Host/TELENOR+UFONE Guest,DEODAR,DG site,97.74889444776309,99.390351723251,99.02447978892864,97.87505358367615,99.83687400438065,99.64839463305891,98.47812334063438
SKT8758,SKT8758__S_QabrastanShaheedan_CMPak7163,6,2G/LTE,Bronze,Macro,OMO,C4-SKT-03,Jazz Guest/CM-PAK Host,CM-PAK ,Non DG Site,99.59360065710868,99.36476934523807,99.9621042413381,99.97145061728394,97.00203479689357,88.85226980452634,93.98375273795256
SCK9901,SCK9901__S_UdhoWali,12,2G/3G/LTE,Diamond,Macro,Standby,C4-HFZ-06,Jazz Host/CM-PAK Guest,DEODAR,DG site,99.42944792911184,99.99276620370368,100,99.8434124228395,100,100,98.9857595330545
QDS9645,QDS9645__P_BohktlaRd,20,2G/3G/LTE,Elite,Macro,Standby,C4-HFZ-06,Jazz Host/CM-PAK Guest,DEODAR,DG site,99.74914127837509,99.97595279431214,99.79650164277179,100,100,99.99969135802466,99.82749029271203
GUJ5490,GUJ5490__T_SiddiqSadiqHospital,2,2G/LTE,Bronze,Micro,CP Prime,C4-GUJ-01,JAZZ,JAZZ,Non DG Site,99.66285842293904,99.91071428571425,99.96378434886496,99.09529320987653,99.88276583034646,99.9818672839506,99.50408826164868
RUR5934,RUR5934__P_Bagga SharifWarid_HF5099,6,2G/LTE,Diamond,Macro,B2S,C4-HFZ-06,Enfrashare,Enfrashare,Non DG Site,97.85431600955783,96.84327463624322,98.17428315412181,99.76983667695471,97.34978594185577,96.49128729423856,91.27006795101545
SKT6400,SKT6400__S_HamzaGhaus,9,2G/3G/LTE,Platinum,Macro,B2S,C4-SKT-03,ATL,ATL,Non DG Site,95.28843920084945,97.18936011904749,98.99857294570545,97.98514660493802,99.549855635205,99.61685528120707,96.16116172175741
RUR4468,RUR4468__S_MaanVillage_Ufone_3892,6,2G/LTE,Diamond,Macro,OMO,C4-HFZ-06,Jazz Guest/UFONE Host,UFONE,Non DG Site,98.00319220430093,99.02901785714276,99.19846425726794,96.12998328189292,99.2965949820788,99.43721064814812,94.19143269613697
QMS9702,QMS9702__S_JagowalQilaMoolSingh,3,2G/LTE,Bronze,Macro,Standby,C4-HFZ-06,Jazz Host/CM-PAK Guest,DEODAR,DG site,98.81259956192743,99.72986937830683,99.12883313420936,98.36561213991749,98.28523247710058,99.15432098765412,98.9504928315411
GUJ5614,GUJ5614_H_Shadman Town Gujranwala Punjab Pakistan,9,2G/LTE,Platinum,Macro,OMO,C4-GUJ-01,Jazz Guest/CM-PAK Host,CM-PAK ,Non DG Site,98.36925859551303,99.71916795267482,99.83671843886894,99.1863854595335,98.9208939001725,99.48169581618653,90.9685301340766
SKT3812,SKT3812__S_GhausPura,12,2G/3G/LTE,Platinum,Macro,Standby,C4-SKT-03,Jazz Host/TELENOR Guest,DEODAR,DG site,99.49752339705282,99.38783137676349,99.81380363898839,98.02727944958819,99.48056675627228,96.0225533693414,98.10082511947411
SKT5848,SKT5848__S_AlRehmatSuperStore,9,2G/3G/LTE,Elite,Macro,B2S,C4-SKT-03,Enfrashare,Enfrashare,Non DG Site,98.79946983273587,99.17415307172236,100,98.08061128257876,98.85758910792512,99.94000771604937,99.84605236957385
RUR9651,RUR9651__S_VllgeDialprNoorKot_N,6,2G/LTE,Diamond,Macro,CP Prime,C4-NRW-05,JAZZ,DEODAR,Non DG Site,98.72265158303453,99.81212797619047,99.565598864994,99.6177340534979,97.84134184587806,99.89210390946492,99.77374551971326
RUR4977,RUR4977__H_STRChecharWali,6,2G/LTE,Gold,Macro,CP Prime,C4-NRW-05,JAZZ,DEODAR,Non DG Site,99.4330259358821,99.97757523148145,100,99.97543724279834,97.58733447829546,97.92091049382712,99.96546445639184
RUR5793,RUR5793_H_LR_Village Mouza Jalhan Gujranwala,6,2G/LTE,Bronze,Macro,OMO,C4-HFZ-06,Jazz Guest/CM-PAK Host,CM-PAK ,Non DG Site,96.07956242532846,97.66248484347436,99.78220828355235,96.94605195473241,96.1992856431699,95.39429012345657,92.46341099163641
GUJ9449,GUJ9449__S_Saddar Thana Warid_MDGJ4156,18,2G/3G/LTE,Elite,Macro,CP Prime,C4-GUJ-01,JAZZ,DEODAR,Non DG Site,99.23354946568425,99.9663800705467,99.83885487189697,97.20105667009594,98.21535244922326,97.11993098422482,97.08227548785328
KSK4269,KSK4269__S_KassoKe_TPLHFR06,6,2G/LTE,Gold,Macro,OMO,C4-HFZ-06,Jazz Guest/TELENOR Host,TELENOR,Non DG Site,99.95631720430107,99.97757523148145,99.9811454599761,98.7673611111111,98.91104141776181,99.42190715020567,98.00726802070874
SKT3399,SKT3399__S_ishatParkParisRd,9,2G/3G/LTE,Platinum,Macro,Standby,C4-SKT-03,JAZZ,DEODAR,DG site,97.30624834063424,99.97751782039971,99.66466298287523,97.12712191357986,99.31561545864858,98.0241555212619,98.801175867848
SKT9478,SKT9478__S_Sialkot Cantt_MDSK4181,12,2G/3G/LTE,Platinum,Macro,Standby,C4-SKT-03,JAZZ,DEODAR,DG site,98.87571249004368,98.76772280092575,98.6711905117482,96.10302533436179,98.58696734368765,99.07748199588461,99.65414675428104
RUR8984,RUR8984__P_QadirTownUgokiSKT,18,2G/3G/LTE,Elite,Macro,Standby,C4-WZD-07,Jazz Host/TELENOR Guest,DEODAR,DG site,99.7009927153856,99.9557130915638,99.97705927253412,99.78830161179694,99.34767232510283,98.0549982853222,98.57305978693729
SKT1618,SKT1618__S_Rang Pura Green Town_MDSK4275,20,2G/3G/LTE,Platinum,Macro,Standby,C4-SKT-03,JAZZ,DEODAR,DG site,95.25606705495798,98.1441902281745,99.17246303763436,98.98972800925914,98.77129069593778,95.1459683641974,93.67684998506549
RUR5289,RUR5289__T_ForwardSports_PvtLtd,3,2G/3G/LTE,Bronze,Micro,CP Prime,C4-WZD-07,JAZZ,JAZZ,Non DG Site,99.54898446833921,98.12238205467361,98.5912609518119,99.84394290123447,99.62253584229384,99.65843621399169,99.43044354838692
DSK9637,DSK9637__P_Gali_College,9,2G/3G/LTE,Diamond,Macro,CP Prime,C4-WZD-07,JAZZ,DEODAR,Non DG Site,98.96891178813219,98.3641975308641,98.70861957387486,99.10583847736616,99.70378252356294,98.7357253086419,98.67709163016053
SKT5487,SKT5487__S_AkbarAbad,18,2G/3G/LTE,Elite,Macro,B2S,C4-SKT-03,Enfrashare,Enfrashare,Non DG Site,96.27209030266812,96.9449611441798,97.39202716381249,98.56558641975305,99.99588269945572,99.99887474279834,92.6417409232707
RUR5559,RUR5559__S_Dehlra_Ufone1511,6,2G/LTE,Diamond,Macro,OMO,C4-NRW-05,Jazz Guest/UFONE Host,UFONE,Non DG Site,93.90064964157693,99.58433228615517,98.6699148745519,99.14457947530862,97.69688371166859,98.2365933641974,99.11196983273592
RUR5657,RUR5657__S_Lakhnoor,6,2G/LTE,Gold,Macro,B2S,C4-NRW-05,Enfrashare,Enfrashare,Non DG Site,96.85729664476288,98.44487158289235,98.51298038630017,99.8115033436212,98.6616699024291,99.7194573045267,99.15975955794497
RUR9494,RUR9494__S_DhareneKay_MeerDaadKay_VT4146,6,2G/LTE,Diamond,Macro,Standby,C4-HFZ-06,JAZZ,DEODAR,DG site,100,99.98191550925925,99.80678763440858,98.7994148662551,99.9988177021107,99.89911265432097,98.42639262246114
RUR0786,RUR0786__S_BaddoRattan,9,2G/3G/LTE,Platinum,Macro,Standby,C4-HFZ-06,Jazz Host/CM-PAK Guest,DEODAR,DG site,100,99.78186085390942,99.84024459046859,98.81385030864197,95.95710125448022,99.77265517832643,98.00291218637985
RUR0995,RUR0995__S_Gunhor_UFONE_3732,6,2G/LTE,Diamond,Macro,OMO,C4-GUJ-01,Jazz Guest/UFONE Host,UFONE,Non DG Site,95.34977349661483,99.06467013888881,99.89863351254476,98.63435570987649,99.75265083632017,99.1963734567901,94.55352698128229
SKT4186,SKT4186__S_Doburji_Malian_Pasroor_Road_MDSK4271,18,2G/3G/LTE,Elite,Macro,Standby,C4-SKT-03,Jazz Host/TELENOR Guest,DEODAR,DG site,99.20935384309034,99.50624173280418,99.92360696269745,98.83287251371733,99.55750945838307,99.99994641632367,98.68886275388277
RUR5143,RUR5143__S_Kalahrawan Warid_MDSK7567,6,2G/LTE,Gold,Macro,OMO,C4-SKT-03,Jazz Guest/PTCL Host,PTCL,Non DG Site,81.37911937475096,77.85218253968229,99.71522177419355,98.24987139917691,99.03823178016727,100,99.90787410394265
RUR4999,RUR4999__S_NRWMundiKhailNRW,6,2G/3G/LTE,Diamond,Macro,CP Prime,C4-NRW-05,JAZZ,DEODAR,Non DG Site,99.70641676622854,99.24610063932975,98.77719285145359,99.63249099794237,97.14447057945038,92.37188143004099,100
GUJ8145,GUJ8145__T_MeenaBazar,4,2G/3G/LTE,Bronze,Micro,CP Prime,C4-GUJ-02,JAZZ,JAZZ,Non DG Site,99.96863799283152,99.93437913359783,100,96.25964506172828,99.43366375448024,99.92703510802463,99.57539949223414
RUR1151,RUR1151__S_SingraPind,9,2G/3G/LTE,Diamond,Macro,Standby,C4-NRW-05,JAZZ,DEODAR,DG site,99.39808592194339,99.92382697677837,99.79844932297887,99.988725994513,98.88372411389877,98.11284722222213,99.98724362803662
RUR6398,RUR6398__S_NawanPind,9,2G/LTE,Platinum,Macro,B2S,C4-NRW-05,ATL,ATL,Non DG Site,97.82444743130219,99.98229442239858,100,99.93992198216729,99.97728743528471,93.76877572016431,99.65620021903614
RGA9707,RGA9707__S_Budha_Goraya,9,2G/3G/LTE,Platinum,Macro,Standby,C4-HFZ-06,JAZZ,DEODAR,DG site,99.82076778839767,99.44148203262782,99.11740425461299,99.88618827160492,100,99.83886316872423,99.840638689765
RUR1968,RUR1968__H_Kingra,12,2G/3G/LTE,Elite,Macro,Standby,C4-NRW-05,Jazz Host/CM-PAK Guest,DEODAR,DG site,96.48543284547954,99.55188354276889,99.29841509856622,99.2171746399175,99.41563371166822,99.12390689300368,99.89353096375906
RUR0515,RUR0515__S_Phalora,6,2G/LTE,Gold,Macro,OMO,C4-NRW-05,Jazz Guest/UFONE Host,UFONE,Non DG Site,99.66547192353643,98.82430142195764,99.62197580645162,98.0027970679012,99.73678315412184,99.22212577160491,94.84384333930697
RUR0733,RUR0733__S_MonaDepot,6,2G/LTE,Diamond,Macro,Standby,C4-MBD-08,JAZZ,DEODAR,DG site,99.78027927120668,99.90410052910049,100,99.4183384773662,100,99.97569444444443,100
KLW9890,KLW9890__S_RangKhukhran,9,2G/3G/LTE,Platinum,Macro,Standby,C4-SKT-03,Jazz Host/CM-PAK+TELENOR Guest,DEODAR,DG site,98.86663264967463,99.42306455761309,99.30752605203762,98.22796639231807,98.52038530465941,97.72192215363485,98.68476619540677
SKT0831,SKT0831__P_IqbalParkPasroorRd,18,2G/3G/LTE,Elite,Macro,Standby,C4-SKT-03,JAZZ,DEODAR,DG site,96.84385578454778,99.57479056437374,99.24768518518503,98.26090963648805,96.64432745917941,99.63331618655675,99.53866528939307
GUJ9993,GUJ9993__P_Taj_Pura,12,2G/3G/LTE,Elite,Macro,Standby,C4-GUJ-02,JAZZ,DEODAR,DG site,99.39508350756657,99.96817129629629,100,99.5742991255143,93.90657668757447,98.79689107510272,99.01321684587798
ASH1251,ASH1251__S_AshrafAbad_Ufone_7743,9,2G/3G/LTE,Bronze,Macro,OMO,C4-GUJ-01,Jazz Guest/UFONE Host,UFONE,Non DG Site,52.60447779768984,89.50761959876527,99.95048868312753,97.47318672839505,93.70733356564435,92.76071673525364,97.22054211469519
GUJ6135,GUJ6135__S_NabiPura_CMPak4087,9,2G/3G/LTE,Platinum,Macro,OMO,C4-GUJ-01,Jazz Guest/CM-PAK Host,CM-PAK ,Non DG Site,98.06837415372348,98.70935295414446,95.54696833930686,84.20314643347027,93.58032988185299,92.7740912208502,87.47442502986824
GUJ0006,GUJ0006__H_Ghalla,9,2G/3G/LTE,Hub,Macro,Standby,C4-GUJ-02,JAZZ,DEODAR,DG site,99.84271289658832,99.97995205026453,100,99.99991426611795,100,99.99254115226334,99.99917031727064
GUJ5819,UGUJ5819__S_SharifFarmRahwali_CMPak7210,6,2G/3G/LTE,Elite,Macro,OMO,C4-GUJ-02,Jazz Guest/CM-PAK Host,CM-PAK ,Non DG Site,98.9644781710473,99.97840195105819,100,97.9346868569958,100,96.60270383230436,98.53116599462359
GUJ5261,GUJ5261_S_KotShahan_CMPak7593,9,2G/3G/LTE,Diamond,Macro,OMO,C4-GUJ-02,Jazz Guest/CM-PAK Host,CM-PAK ,Non DG Site,99.29603494623652,98.49762088477357,100,99.73508230452673,93.81403076463552,99.25880915637852,93.432169288464
GUJ8152,GUJ8152__Q_BankSquare,4,2G/3G/LTE,Bronze,Micro,CP Prime,C4-GUJ-02,JAZZ,JAZZ,Non DG Site,97.71244026284339,99.9784536210317,100,100,75.40322580645162,54.267216435185134,43.41775873655907
GUJ9720,GUJ9720__T_Amir_Plaza,2,2G/3G/LTE,Bronze,Micro,CP Prime,C4-GUJ-01,JAZZ,JAZZ,Non DG Site,88.59178987455164,92.09718088624301,91.89497461170821,87.3513695987651,96.16170101553145,95.60310570987627,89.7559177120665
GUJ0316,GUJ0316__S_ThanawalaBazar,2,2G/3G/LTE,Bronze,Micro,CP Prime,C4-GUJ-01,JAZZ,JAZZ,Non DG Site,77.22931600955783,99.85615079365077,99.78401284348864,98.99807098765426,98.31279868578255,94.6413966049382,85.2519227897251
RUR5532,RUR5532__S_CitiHousing,12,2G/LTE,Elite,Macro,B2S,C4-GUJ-01,Enfrashare,Enfrashare,Non DG Site,100,99.9936962632275,99.84357887793706,99.50933963477362,99.7426946435683,98.12355324074069,100
HFZ4067,HFZ4067__P_RailwayHafizabad,12,2G/3G/LTE,Hub,Macro,Standby,C4-HFZ-06,JAZZ,DEODAR,DG site,99.59764536041412,99.95771673831564,99.73878994922332,99.92142489711924,99.97643182497009,96.18275784465013,99.9763695987654
RUR0506,RUR0506__S_Sivia,9,2G/3G/LTE,Platinum,Macro,CP Prime,C4-MBD-08,Jazz Host/TELENOR+CM-PAK Guest,DEODAR,Non DG Site,95.73514038231762,99.34395208700757,99.84735911987254,98.26961162551433,99.4831698858356,99.059885116598,97.94744789592447
MLL8787,MLL8787__S_GreenTown,9,2G/3G/LTE,Diamond,Macro,CP Prime,C4-MBD-08,JAZZ,DEODAR,Non DG Site,99.93422690163281,99.9730627204585,99.64835971724409,99.85905349794237,99.99968886897649,100,98.94669703305452
RUR6177,RUR6177__S_Hailan_MR4W4343,6,2G/LTE,Diamond,Macro,Standby,C4-MBD-08,JAZZ,DEODAR,DG site,99.80040944842686,99.89321538800705,100,99.56976594650197,99.92283950617283,100,98.878403773397
KHJ6977,KHJ6977__S_GaduKalanPhalia,6,2G/3G/LTE,Bronze,Macro,CP Prime,C4-MBD-08,Jazz Host/TELENOR Guest,DEODAR,Non DG Site,99.81910842293908,99.88808283730154,100,100,100,99.6247749485596,99.62483821186775
MNZ9889,MNZ9889__S_Manzoor_PuraPlot,9,2G/3G/LTE,Diamond,Macro,Standby,C4-NRW-05,JAZZ,DEODAR,DG site,99.64114147749899,99.97650738536153,99.81319693349259,99.99161951303154,100,99.43765003429347,99.25141875746709
NVK4973,NVK4973__P_KarialRd,12,2G/3G/LTE,Hub,Macro,Standby,C4-HFZ-06,JAZZ,DEODAR,DG site,99.93654482775783,99.97917700066137,100,100,99.9998133213859,99.9954989711934,99.88198800278768
RUR8584,RUR8584__S_Chhabilpur,6,2G/LTE,Bronze,Macro,B2S,C4-SKT-03,ATL,ATL,Non DG Site,98.9440524193548,98.79075038580243,98.00020534647545,100,100,100,99.98189217443249
MBN6230,MBN6230__S_MohallahShafaqtabad_MDMB3286,9,2G/3G/LTE,Diamond,Macro,Standby,C4-MBD-08,JAZZ,DEODAR,DG site,100,99.97163892563184,99.66503634010343,99.97556584362137,99.97703853046593,99.61374742798353,98.11313553697055
PSR0269,PSR0269__S_MainRdPasroor,12,2G/3G/LTE,Hub,Macro,Standby,C4-NRW-05,Jazz Host/TELENOR Guest,DEODAR,DG site,99.56323426921534,99.98730640983243,99.82601553166064,99.99791023662543,99.99982887793699,99.99985532407403,99.9987399193548
QSG3418,QSG3418__H_ChowkQila,6,2G/LTE,Bronze,Macro,CP Prime,C4-NRW-05,JAZZ,DEODAR,Non DG Site,98.8149330446037,99.8364473104056,99.33921993229788,99.71061599794237,99.93064889486259,98.6423611111111,98.73733696734362
RUR0275,RUR0275__S_Dhudu_Chak_Warid_MDNR7579,9,2G/LTE,Elite,Macro,OMO,C4-NRW-05,Jazz Guest/CM-PAK Host,CM-PAK ,Non DG Site,97.06590999601738,99.9849008855085,98.03649359484926,97.37970464677618,98.80258114297085,93.96151620370361,93.57315312624432
DHW6096,DHW6096__S_DhallewalWarid_MDSK1968,12,2G/3G/LTE,Elite,Macro,OMO,C4-SKT-03,Jazz Guest/UFONE Host,UFONE,Non DG Site,92.8648633512543,96.12525146053773,96.23419454400623,99.44188850308635,96.71123618578248,99.64853395061725,97.44998568797276
MCK6200,MCK6200__S_Mano_Chak_MDPH1591,6,2G/LTE,Gold,Macro,Standby,C4-MBD-08,JAZZ,DEODAR,DG site,100,99.89479993386239,100,100,100,100,99.18076090203107
RUR0803,RUR0803__S_Khar,9,2G/3G/LTE,Platinum,Macro,CP Prime,C4-HFZ-06,Jazz Host/CM-PAK Guest,DEODAR,Non DG Site,98.6119200517722,99.9777474647266,99.64798636001589,99.24434156378601,100,99.98596107681753,99.98450567502985
RUR2061,RUR2061__S_5KMOppBlochWala_Ufone_5592,6,2G/LTE,Gold,Macro,OMO,C4-HFZ-06,Jazz Guest/UFONE Host,UFONE,Non DG Site,99.41102897252084,99.98284556878305,99.54350856232574,98.32548868312743,98.85450891079249,97.62921167695463,99.52228942652326
GUJ5194,GUJ5194__T_Gujranwala Food Industries(JOJO),2,2G/3G/LTE,Bronze,Micro,CP Prime,C4-GUJ-01,JAZZ,JAZZ,Non DG Site,99.69571385902024,99.75570436507931,99.74387694145759,98.90895061728388,99.30191532258057,98.4070216049382,97.45631720430084
RUR5010,RUR5010__S_Qila Kalarwala Warid_MDNR1590,8,2G/LTE,Hub,Macro,Standby,C4-NRW-05,JAZZ,DEODAR,DG site,100,99.98155381944443,100,99.83265817901233,99.98863593936674,99.99995177469133,99.82932907706089
RUR5148,RUR5148__S_Lapaywali Warid_MR2B3708,9,2G/3G/LTE,Gold,Macro,CP Prime,C4-NRW-05,Jazz Host/CM-PAK Guest,DEODAR,Non DG Site,100,99.9810543430335,99.67739861277046,98.96727109053491,100,99.99987139917694,92.36664924332919
RUR5979,RUR5979__S_Ghalotian Kalan Warid_GJ3993,9,2G/3G/LTE,Platinum,Macro,OMO,C4-WZD-07,Jazz Guest/UFONE Host,UFONE,Non DG Site,92.41736360015908,97.99635324808919,100,99.1878429355281,96.89986973981135,91.87635030864162,93.68887312491671
PPW3211,PPW3211__S_PuliRansikey,6,2G/LTE,Gold,Macro,CP Prime,C4-MBD-08,Jazz Host/TELENOR Guest,DEODAR,Non DG Site,99.63513664874546,99.89324983465607,100,99.90461033950618,100,99.8086419753086,100
RUR8812,RUR8812__H_SKGMozaQila,15,2G/3G/LTE,Hub,Macro,Standby,C4-NRW-05,JAZZ,DEODAR,DG site,98.9803365193147,99.96055169753079,99.87928116288296,99.60057870370359,99.61827956989241,97.96157407407397,98.9995893070489
GUJ0317,GUJ0317__Q_Jinnahmarket,2,2G/3G/LTE,Bronze,Micro,CP Prime,C4-GUJ-02,JAZZ,JAZZ,Non DG Site,82.75462962962962,99.98057208994707,100,100,100,99.99402006172836,83.38448327359613
SKT6137,SKT6137__S_AzamTower_TPLSK116,9,2G/LTE,Diamond,Macro,OMO,C4-SKT-03,Jazz Guest/TELENOR Host,TELENOR,Non DG Site,99.61025653789987,99.52270723104051,99.16453023363864,99.99074074074072,99.73574605071019,94.33146862139917,99.99956441656705
RUR5364,RUR5364__S_Balgan,6,2G/LTE,Diamond,Macro,B2S,C4-WZD-07,Enfrashare,Enfrashare,Non DG Site,99.74944618677816,99.92890211640209,99.95799731182794,99.47219007201643,99.39842816606928,100,98.62511200716838
QDS5748,QDS5748__S_LarriAdda,12,2G/LTE,Elite,Macro,B2S,C4-HFZ-06,Enfrashare,Enfrashare,Non DG Site,99.99684202011149,99.81095679012343,99.82195527180404,99.9877829218107,100,100,99.8340427120669
RUR5412,RUR5412__S_ModelTownUgoke,9,2G/LTE,Platinum,Macro,B2S,C4-WZD-07,Enfrashare,Enfrashare,Non DG Site,97.44611210673025,99.94105030129332,100,99.64146090534976,98.39282158502581,96.79496742112472,98.30118312757192
MDW8986,MDW8986__S_SohWaliChicharSKT,9,2G/3G/LTE,Platinum,Macro,CP Prime,C4-SKT-03,Jazz Host/UFONE Guest,DEODAR,Non DG Site,93.43760371034098,97.68952546296285,97.64108754812139,98.35320216049374,98.12060268153449,93.90652863511633,95.72771472189017
DHW6980,DHW6980__S_KotehraKotiLaharan,9,2G/3G/LTE,Diamond,Macro,Standby,C4-SKT-03,Jazz Host/UFONE Guest,DEODAR,DG site,99.35320008628698,99.9829144620811,100,99.73141718106993,100,100,99.79820041816006
GUJ9462,GUJ9462__S_DC Rd Warid_MDGJ4212,10,2G/3G/LTE,Elite,Macro,Standby,C4-GUJ-01,JAZZ,DEODAR,DG site,99.89553464755069,99.7877397486772,100,99.84810956790123,99.99988799283148,98.72511574074062,96.37613873954584
SKT3811,SKT3811__S_FazilChwkGulshan,9,2G/3G/LTE,Diamond,Macro,Standby,C4-SKT-03,JAZZ,DEODAR,DG site,99.9998962896588,97.94592335390936,99.47313072481077,99.47865226337447,99.95171246515332,99.35924639917694,97.94612040355757
SKT0110,SKT0110__P_SialkotCantt,20,2G/3G/LTE,Elite,Macro,Standby,C4-SKT-03,JAZZ,DEODAR,DG site,99.0401919056152,99.73956266534387,99.913903823178,99.878231095679,99.59498207885305,99.92944637345674,99.96921669653518
HRW9396,HRW9396__S_Kot Hassan KhanWarid_HF5127,9,2G/LTE,Diamond,Macro,Standby,C4-HFZ-06,Jazz Host/CM-PAK Guest,DEODAR,DG site,98.79034332271337,99.54032095091111,99.64265564847999,99.4170953360768,99.35052435948491,99.10830332647456,97.94217941059334
HRW9980,HRW9980__S_Jorian,6,2G/LTE,Gold,Macro,Standby,C4-HFZ-06,JAZZ,DEODAR,DG site,99.73886773197925,99.7319361772486,99.65352449223417,99.55918852880656,99.06063321385896,98.44039351851833,97.31279246316198
HWY6906,HWY6906__H_ShurimanaykaPindi,9,2G/3G/LTE,Gold,Macro,Standby,C4-HFZ-06,JAZZ,DEODAR,DG site,97.93697315146683,98.84585354203399,97.69416650073,99.6708461934156,98.42217161157562,99.03215020576127,96.22900902694788
GUJ0318,GUJ0318__T_LinkKasabanMarket,2,2G/3G/LTE,Bronze,Micro,CP Prime,C4-GUJ-02,JAZZ,JAZZ,Non DG Site,96.17644862604536,99.83134920634919,100,99.82021604938267,100,99.99402006172836,87.43895609318993
DMK6997,DMK6997__H_TalharaDaska,9,2G/3G/LTE,Diamond,Macro,Standby,C4-WZD-07,Jazz Host/TELENOR Guest,DEODAR,DG site,98.27042264038185,99.68100106554925,99.83140846940074,99.8520447530861,99.95702243462095,99.86145404663924,99.88535858887558
RUR5915,RUR5915__S_GhomaPind-SDKWarid_ES1538,6,2G/LTE,Diamond,Macro,Standby,C4-GUJ-01,JAZZ,DEODAR,DG site,98.16681600955789,99.94223296957671,99.03200915969725,99.70646862139914,96.24281287335711,98.39998070987644,97.02596077260048
RUR6445,RUR6445__S_AdaRaiGujranwala,6,2G/LTE,Diamond,Macro,B2S,C4-GUJ-01,E.Co,E.CO,Non DG Site,99.92747535842294,99.66238839285711,100,97.4727044753086,95.0311442154519,96.3968942901234,89.90768742532833
RUR5919,RUR5919__S_Chandali-KMK Warid_IK5085,6,2G/LTE,Bronze,Macro,OMO,C4-GUJ-01,Jazz Guest/UFONE Host,UFONE,Non DG Site,99.63280316606925,99.34647817460306,99.7684874054161,99.49980709876539,99.09467094782946,96.07510288065829,99.26115715850256
GUJ9516,GUJ9516_S_Rail Bazar Warid_GJ0333,2,2G/LTE,Bronze,Micro,CP Prime,C4-GUJ-02,JAZZ,JAZZ,Non DG Site,75.78899716248478,93.5374297288359,100,99.7276234567901,100,99.9043209876543,90.8859767025089
GUJ4654,GUJ4654__S_HaideryMosque,9,2G/3G/LTE,Diamond,Macro,CP Prime,C4-GUJ-02,JAZZ,DEODAR,Non DG Site,99.92777611841228,99.9576306216931,99.99950219036239,99.98401063100134,100,99.27516289437577,99.57186296960037
GUJ5317,GUJ5317__S_GulabPura_NEW,12,2G/3G/LTE,Elite,Macro,B2S,C4-GUJ-02,Enfrashare,Enfrashare,Non DG Site,98.54331566109116,99.47033110119044,99.9287821087216,99.61207561728389,99.90470056750297,98.79909336419743,99.27218675328548
GUJ6380,GUJ6380__S_FeroazewalaRoadChenabParkTowerWalaBazar,9,2G/LTE,Diamond,Macro,OMO,C4-GUJ-01,Jazz Guest/CM-PAK Host,CM-PAK ,Non DG Site,94.5447530864195,98.80449459876526,97.77136847869343,90.37444272976644,93.57126559803494,98.65170610425231,89.80909000398243
GUJ8149,GUJ8149__T_SrafaBazar,4,2G/3G/LTE,Bronze,Micro,CP Prime,C4-GUJ-02,JAZZ,JAZZ,Non DG Site,96.52941121565107,99.98294890873014,100,99.86535493827157,99.94432310334525,96.82282021604937,99.19779532556741
RUR4666,RUR4666__P_GUJButtranwali,9,2G/3G/LTE,Elite,Macro,Standby,C4-GUJ-01,JAZZ,DEODAR,DG site,98.44857626443635,99.977058531746,99.90738666533916,98.30553412208504,99.02750813089071,99.8645618998628,98.53102598566299
RUR6206,RUR6206__S_BhikhiSharief_MDMB4981,6,2G/LTE,Diamond,Macro,OMO,C4-MBD-08,Jazz Guest/CM-PAK Host,CM-PAK ,Non DG Site,100,99.6843998015873,100,98.4978780864197,100,99.41126543209872,99.6518132716049
GUJ5467,GUJ5467__S_RaviBlockDCColony,9,2G/3G/LTE,Elite,Macro,B2S,C4-GUJ-02,Enfrashare,Enfrashare,Non DG Site,99.23907722686842,100,100,99.75319358710561,100,99.4572187928669,99.23550959113221
GUJ9515,GUJ9515__S_Rahwali _GJ4165,12,2G/3G/LTE,Elite,Macro,Standby,C4-GUJ-02,JAZZ,DEODAR,DG site,99.52190051274383,99.96581170083768,99.6764081790123,98.67542759773646,97.82292288928694,85.14065715020546,94.85513739545966
GUJ0723,GUJ0723__H_ShahinAbad,16,2G/3G/LTE,Hub,Macro,Standby,C4-GUJ-02,JAZZ,DEODAR,DG site,100,99.977058531746,100,99.91964457947526,99.93257401807041,99.95300443672834,99.69970411439657
GUJ3302,GUJ3302__H_PindiBypass,12,2G/3G/LTE,Hub,Macro,Standby,C4-GUJ-02,JAZZ,DEODAR,DG site,100,99.98151937279538,100,99.99996784979422,99.9998444344882,99.95666152263361,99.70504778972516
GUJ3304,GUJ3304__P_IhasanHospNowshera,9,2G/3G/LTE,Platinum,Macro,Standby,C4-GUJ-02,JAZZ,DEODAR,DG site,99.70106531262432,99.93427579365077,100,98.03013545953345,98.58364861277032,100,99.20904271206685
RUR6300,RUR6300__S_Abdal,6,2G/LTE,Gold,Macro,B2S,C4-GUJ-01,E.Co,E.CO,Non DG Site,99.9902927120669,99.90354938271601,99.96695788530464,97.8442322530864,99.87399193548384,100,99.68600657108719
GUJ3742,GUJ3742__P_HafizPlaza,18,2G/3G/LTE,Hub,Macro,Standby,C4-GUJ-01,JAZZ,DEODAR,DG site,100,99.97790821575543,99.85142456524623,99.93160579561041,99.91918890216374,99.98143861454042,96.38648280897378
GUJ5226,GUJ5226__T_Imtiaz Store King Mall,2,2G/LTE,Bronze,Micro,CP Prime,C4-GUJ-01,JAZZ,JAZZ,Non DG Site,100,99.99896660052907,100,99.9884259259259,100,100,99.99990666069293
GUJ8945,GUJ8945__S_WahdatColony,6,2G/3G/LTE,Platinum,Macro,Standby,C4-GUJ-01,JAZZ,DEODAR,DG site,99.18131056683917,99.91960152116401,100,99.37157064471873,99.69011350059735,99.21748542523993,98.80287153192603
GUJ3340,GUJ3340__H_LohewalaBazar,12,2G/3G/LTE,Elite,Macro,Standby,C4-GUJ-02,JAZZ,DEODAR,DG site,99.94214518618077,99.87120397927688,99.6721767970927,99.95822080761316,95.84353843090369,95.90657150205723,98.81196174332923
GUJ9407,GUJ9407__S_Usman Gill Cnly Warid_GJ4152,12,2G/3G/LTE,Hub,Macro,Standby,C4-GUJ-01,JAZZ,DEODAR,DG site,100,99.97495728615516,100,99.90827546296292,100,99.99990354938267,99.96860687972917
GUJ3342,GUJ3342__H_Chowkniayen,9,2G/3G/LTE,Hub,Macro,Standby,C4-GUJ-02,JAZZ,DEODAR,DG site,100,99.98167438271604,100,100,100,99.9926483196159,99.74261167529536
GUJ9443,GUJ9443__S_SultanpuraWarid_MDGJ3916,12,2G/3G/LTE,Elite,Macro,OMO,C4-GUJ-02,Jazz Guest/UFONE Host,UFONE,Non DG Site,100,99.97330384700174,99.871067303863,99.861930941358,100,98.30905992798347,98.98860638191948
GUJ9511,GUJ9511__S_Gujranawala cantt_GJ4207,12,2G/3G/LTE,Platinum,Macro,Standby,C4-GUJ-02,Jazz Host/TELENOR Guest,DEODAR,DG site,99.10727175428109,99.52194940476186,99.18334328952604,99.21389531892993,98.7593650438071,98.3219360853907,97.32932907706065
GUJ9454,GUJ9454__S_OPP Jinah Park Warid_MDGJ4224,9,2G/3G/LTE,Platinum,Macro,Standby,C4-GUJ-01,Jazz Host/TELENOR Guest,DEODAR,DG site,99.49916202044331,99.96931951793057,100,99.87821502057608,99.88755724810832,94.10682441700946,93.52239728527783
HWY9394,HWY9394__S_HusaykiWarid_25414,9,2G/3G/LTE,Hub,Macro,Standby,C4-HFZ-06,JAZZ,DEODAR,DG site,99.7343563321385,99.9817432760141,99.76532424001054,99.83056841563783,100,98.86477623456787,99.90684737156509
DSK5650,DSK5650__S_HaqPura,9,2G/3G/LTE,Elite,Macro,B2S,C4-WZD-07,Enfrashare,Enfrashare,Non DG Site,99.80784547988843,97.24697788065838,98.20998025355097,97.02974965706439,99.4307546794105,98.3538022976679,98.52231431700513
GUJ6461,GUJ6461__S_NawanPind,9,2G/LTE,Platinum,Macro,B2S,C4-HFZ-06,E.Co,E.CO,Non DG Site,97.95908419620325,99.69921186067018,100,99.1844350137174,98.86455844285136,98.96986454046629,98.17565213062504
HWY3266,HWY3266__S_KaliSubha,6,2G/3G/LTE,Diamond,Macro,CP Prime,C4-GUJ-01,Jazz Host/CM-PAK Guest,DEODAR,Non DG Site,99.99953330346474,99.7618014219576,100,100,100,100,87.67336220629218
GUJ9512,GUJ9512__S_Kashmiri_Colony_Rahwali_GJ1905,9,2G/3G/LTE,Elite,Macro,OMO,C4-GUJ-02,Jazz Guest/CM-PAK Host,CM-PAK ,Non DG Site,99.86001178149475,99.98011280129334,99.06079915040485,99.96349879972563,99.9999377737953,98.3947402263374,94.9684098300808
GUJ9843,GUJ9843__S_MohallaIsbGuran,9,2G/3G/LTE,Platinum,Macro,Standby,C4-GUJ-02,JAZZ,DEODAR,DG site,99.46622361608912,99.92453887419164,99.9911846210009,98.35924639917675,98.09861608920707,95.47974537037001,98.22680207088797
HWY5796,HWY5796_H_Itwaar bazar more_Eminabad More Gujranwala,6,2G/LTE,Diamond,Macro,OMO,C4-GUJ-01,Jazz Guest/PTCL Host,PTCL,Non DG Site,97.83213236758253,98.82802166005283,98.43068623058534,99.24402006172836,97.22026209677412,98.96244855967076,100
SKG5615,SKG5615_H_Mohallah Bijli Ghar near Jamwal Phatak Shakar Grah,6,2G/LTE,Platinum,Macro,B2S,C4-NRW-05,Enfrashare,Enfrashare,Non DG Site,97.86290322580633,99.24768518518515,98.67402180406205,98.35176611796973,99.21445639187567,97.03858024691347,98.33629944909062
GUJ5922,GUJ5922_H_Abdullah Colony Gujranwala,6,2G/LTE,Platinum,Macro,B2S,C4-GUJ-01,E.Co,E.CO,Non DG Site,99.55402479091993,99.98305224867725,99.94352971923536,100,100,99.99257330246913,97.38705943847069
PHA5873,PHA5873_H_Hailan_Road_MDPH1531_Relocation PHA6213,12,2G/3G/LTE,Bronze,Macro,B2S,C4-MBD-08,E.Co,E.CO,Non DG Site,99.5386860314615,99.83076361331565,98.98169927319776,98.9710648148147,99.41386026483467,99.79362782921808,99.76954525089599
BGA6219,BGA6219__S_Village_Bagga_MR2X3604,6,2G/3G/LTE,Bronze,Macro,Standby,C4-MBD-08,Jazz Host/UFONE Guest,DEODAR,DG site,99.82676224611703,99.61815889550246,99.06293558343263,98.07095550411492,96.67562724014302,99.6465727880658,99.83880301672637
RUR0180,LTE_RUR0180__S_Manget,3,2G/LTE,Bronze,Macro,Standby,C4-MBD-08,JAZZ,DEODAR,DG site,99.8797789725209,99.97767857142857,100,99.67399691358023,99.7125149342891,99.88715277777777,99.82694892473117
RUR1294,LTE_RUR1294__S_Mazaffar,3,2G/LTE,Bronze,Macro,CP Prime,C4-NRW-05,JAZZ,DEODAR,Non DG Site,99.91300776583032,99.98780588624335,99.93148894862603,100,96.13687275985659,96.3043981481481,99.77803912783747
RUR3270,LTE_RUR3270__S_DolatPur,3,2G/LTE,Bronze,Macro,Standby,C4-NRW-05,JAZZ,DEODAR,DG site,100,99.98697916666664,100,99.66126543209872,99.87504978096375,99.4421296296296,98.79162933094385
RUR5945,LTE_RUR5945__S_Majo Chak Warid_305298,6,2G/3G/LTE,Gold,Macro,Standby,C4-GUJ-01,JAZZ,DEODAR,DG site,97.42604415571479,99.56483548280423,99.73883661887695,99.2632137345679,96.76118827160488,99.52083333333333,91.22212266029453
RUR6067,RUR6067__P_BherowalWarid_PH7511,6,2G/3G/LTE,Gold,Macro,OMO,C4-MBD-08,Jazz Guest/TELENOR Host,TELENOR,Non DG Site,93.14593911788106,97.44574652777764,98.31012295898046,94.81767618312736,96.38139063122242,95.57291666666659,92.07991089207474
RUR6081,RUR6081__P_Bheko_MorWarid_4V4340,6,2G/3G/LTE,Bronze,Macro,Standby,C4-MBD-08,JAZZ,DEODAR,DG site,100,99.88977072310401,100,99.01398533950608,99.79605361409797,99.53751929012343,99.48370917960966
RUR6178,RUR6178__S_Ghunian_Village_Samma_Road_MR2C3723,6,2G/3G/LTE,Bronze,Macro,Standby,C4-MBD-08,JAZZ,DEODAR,DG site,100,99.26687196869482,99.82293533452807,99.42621527777774,100,99.8539737654321,99.57129256272387
RUR6227,RUR6227__S_SADLANWALA_MR4W4344,6,2G/3G/LTE,Bronze,Macro,Standby,C4-MBD-08,Jazz Host/CM-PAK Guest,DEODAR,DG site,99.3098180505772,99.89386987433856,100,99.51105967078186,99.33408627041014,99.85734953703704,97.96150064715238
SKT3605,SKT3605__S_BansanWalaBazar_WP,9,2G/3G/LTE,Hub,Macro,Standby,C4-SKT-03,JAZZ,DEODAR,DG site,100,99.99958664021162,100,99.93152006172836,99.36562458515854,99.44330847050755,99.58816623523155
NKW6994,NKW6994__S_Chak44MandiBahuddin,4,2G/LTE,Bronze,Macro,Standby,C4-MBD-08,JAZZ,DEODAR,DG site,99.48504704301071,99.92719700727507,99.58048648446831,99.7636959876543,99.36860625746709,98.37331211419747,98.09844496714446
RUR5632,RUR5632_H_Wadala Sindh,6,2G/LTE,Gold,Macro,B2S,C4-NRW-05,Tawal,Tawal,DG site,98.12761350059729,99.98201884920631,100,99.93045910493824,99.99514635603344,99.27735982510282,99.29065237953003
RUR5930,RUR5930_H_USF_USLK001_Mojianwala Mandi Bahauddin,4,2G/LTE,Bronze,Macro,Solar+DG,C4-MBD-08,JAZZ,DEODAR,DG site,99.01947057945038,99.98191550925925,99.87721214157702,98.57137345679003,99.29248805256867,99.20616319444439,96.83449074074063
RUR5727,RUR5727_H_USF_MOT_M11_U3_Guniaur Gujranwala,6,2G/LTE,Bronze,Macro,B2S,C4-GUJ-01,Tawal,Tawal,Non DG Site,97.78533826164868,98.096374834656,99.09457760852241,99.57368827160492,99.13941158900832,98.6608474794238,76.58157233174028
GUJ4715,GUJ4715__S_GUJDairyAndMilkShop,9,2G/LTE,Gold,Macro,B2S,C4-GUJ-01,Enfrashare,Enfrashare,Non DG Site,97.94728195937863,99.92146164021162,100,99.27160493827154,99.43735065710871,99.67496141975307,99.96770459976103
GUJ6042,GUJ6042__S_CitiHousingPhase2,9,2G/LTE,Gold,Macro,B2S,C4-GUJ-01,Enfrashare,Enfrashare,Non DG Site,99.95455412850124,99.98645098471486,100,100,99.99993777379525,99.80474108367619,97.87018369175625
NVK6051,NVK6051__S_KidsPlanetMontessori,6,2G/LTE,Gold,Macro,B2S,C4-HFZ-06,Enfrashare,Enfrashare,Non DG Site,99.39749477299875,99.45870535714278,99.13343787335722,99.1098572530864,99.83096251493421,98.56134259259251,99.43053688769409
RUR6466,RUR6466__S_Sakhi_LHFR16TP,3,2G/LTE,Bronze,Macro,B2S,C4-HFZ-06,Jazz Guest/TELENOR Host,TELENOR,Non DG Site,92.89302070888063,95.99047894620797,94.39049432496996,88.37789351851801,84.64979091995188,65.14866255143998,84.50262594583798
SKT4194,SKT4194__S_Sethi Plaza Sialkot_IESK0032,2,2G/LTE,Bronze,Micro,CP Prime,C4-SKT-03,JAZZ,JAZZ,Non DG Site,99.21548312425325,99.08027447089934,99.7815860215053,99.29996141975295,99.61460200119471,99.67853009259251,99.22873730585417
SKT6408,SKT6408__S_MeharStGohadpur,9,2G/LTE,Platinum,Macro,B2S,C4-SKT-03,E.Co,E.CO,Non DG Site,100,99.99324845679007,99.90709627638387,97.8899605624142,99.80815661091192,100,96.88918757467138
KTL6094,KTL6094__S_NokhwalWarid_MDSK1984,9,2G/3G/LTE,Elite,Macro,Standby,C4-SKT-03,JAZZ,DEODAR,DG site,99.43428083101017,99.98300631981185,100,99.33217592592591,100,99.78037122770917,99.57522318465413
SMB4742,SMB4742__S_TheEducators,6,2G/LTE,Gold,Macro,B2S,C4-WZD-07,E.Co,E.CO,Non DG Site,98.61148446833923,99.35457313712517,99.65022650338506,82.81426826131668,99.11028972520903,99.73611111111107,92.80148596176807
GUJ6808,GUJ6808__S_MianSansi_CMPak43352,6,2G/LTE,Gold,Macro,OMO,C4-GUJ-02,Jazz Guest/CM-PAK Host,CM-PAK ,Non DG Site,99.21594982078851,99.98412009479718,100,100,100,100,99.7845728793309
DSK9027,DSK9027__S_HameedColony,6,2G/LTE,Diamond,Macro,B2S,C4-WZD-07,Tawal,Tawal,Non DG Site,99.55290471923536,99.98697916666664,99.8878061529271,99.9963348765432,100,99.9535108024691,99.84969260254874
GUJ6809,GUJ6809__S_UniversityOfKotli_CMPak43241,6,2G/LTE,Bronze,Macro,B2S,C4-GUJ-01,Jazz Guest/CM-PAK Host,CM-PAK ,Non DG Site,97.7350283751493,99.87488977072307,98.4722222222222,99.78838734567897,100,99.97717335390946,89.04165422142529
GJR0841,GJR0841__S_Service Ind_gujrat,4,2G/LTE,Bronze,Macro,CP Prime,C4-GRT-04,JAZZ,DEODAR,Non DG Site,100,99.78923817791,100,100,100,100,99.99906660692947
RUR9019,RUR9019__S_NewCrescentPublicHighSchool_CMPak4382,6,2G/LTE,Bronze,Macro,B2S,C4-GUJ-01,Enfrashare,Enfrashare,Non DG Site,98.64262868379129,99.98615244708994,100,99.8285108024691,100,97.83953832304519,99.84244324970129
AMN9053,AMN9053__S_Eminabad,6,2G+4G+L9,Bronze,Macro,B2S,C4-GUJ-01,TAWAL,Tawal,Non DG Site,99.60788157108715,99.648471946649,99.91767473118277,98.8537165637859,98.64639336917546,98.26649305555539,98.37710946833904
GJR9032,GJR9032__S_RabbitsFarm_CMPak43168,6,2G+4G+L9,Bronze,Macro,OMO,C4-GRT-04,Jazz Guest/CM-PAK Host,CM-PAK ,Non DG Site,99.52925876144957,97.82820767195766,99.97442502986856,100,100,100,100
GUJ8151,GUJ8151__T_SikandarKursiHouse,2,2G/3G,Bronze,Micro,CP Prime,C4-GUJ-02,JAZZ,JAZZ,Non DG Site,88.70547715053736,92.11743551587267,92.014542264038,89.6964699074072,99.08546146953398,99.4031635802468,95.03612231182763
HWY9044,HWY9044__S_Salar_CMPak7118,6,2G+4G+L9,Bronze,Macro,OMO,C4-NRW-05,ZONG,ZONG,Non DG Site,98.75130675029865,98.69822668650788,93.28641477498996,97.49884259259248,99.48588709677416,99.7613168724279,99.27344683393065
MBN5670,MBN5670_H_Rehmanpura Mandi Bahauddin_Relocation_MBN5548,6,2G+4G+L9,Diamond,Macro,B2S,C4-MBD-08,E.Co,E.CO,Non DG Site,97.31777055953776,98.81525573192225,99.56362007168451,97.4951903292179,96.49590551573056,97.24582047325079,96.82319046196713
NRW9048,NRW9048__S_MedinaTownPark,6,2G+4G+L9,Gold,Macro,B2S,C4-NRW-05,Enfrashare,Enfrashare,Non DG Site,98.86462066905605,99.6275628306878,99.61768219832732,99.68749999999997,99.77318548387093,98.48849022633743,100
PND9055,PND9055__S_DarbarSufiMuhammadInayatHajvery,6,2G+4G+L9,Bronze,Macro,B2S,C4-HFZ-06,TAWAL,Tawal,Non DG Site,98.20676523297483,98.90201306216925,99.4911140979689,97.07445987654313,97.31910842293895,99.43209876543206,99.27587365591393
PSR9054,PSR9054__S_AliAkbarStreet,6,2G+4G+L9,Gold,Macro,B2S,C4-NRW-05,TAWAL,Tawal,Non DG Site,97.23898181335444,99.45808531746025,99.97440428780031,99.98653978052124,100,99.45477537722905,99.90139220761976
RUR0423,RUR0423__S_HabibpurWarid_MDSK5041,3,2G,Bronze,Macro,OMO,C4-WZD-07,Jazz Guest/UFONE Host,UFONE,Non DG Site,100,99.94853670634917,99.87175179211467,95.12795781892986,98.69393418956581,98.84882973251023,97.54200268817198
RUR5144,RUR5144__S_DCONarowal,1,2G/LTE,Platinum,Micro,CP Prime,C4-NRW-05,JAZZ,JAZZ,Non DG Site,100,99.98697916666664,100,99.99961419753085,99.95687724014336,97.62249228395056,77.12832287933094
RUR6617,RUR6617_H_Galluke Motorway,12,2G/LTE,Gold,Macro,B2S,C4-HFZ-06,Enfrashare,Enfrashare,Non DG Site,98.04017012644351,98.48112668099638,100,99.72014853395056,99.39432123655908,99.7775848765432,97.87875535145349
RUR6618,RUR6618_H_Kathrani Motorway,9,2G/LTE,Bronze,Macro,B2S,C4-HFZ-06,Enfrashare,Enfrashare,Non DG Site,98.88712581308903,98.77886629188707,100,100,99.2437027080844,99.42470421810695,99.25660427452537
RUR9038,RUR9038__S_Mandiala,6,2G+4G+L9,Bronze,Macro,B2S,C4-GUJ-01,Enfrashare,Enfrashare,Non DG Site,98.6825779072082,97.86017416225742,98.91483721624849,99.5372299382716,98.83867234169648,97.07812499999991,99.39366786140972
SKT9468,SKT9468__S_Langri_wala_Ranger_road_MDSK4284,18,2G/3G/LTE,Elite,Macro,Standby,C4-SKT-03,Jazz Host/UFONE Guest,DEODAR,DG site,98.95696435682989,99.56342317019393,100,99.1577503429355,99.61567021770871,99.99997856652948,99.39173884906405
RUR9062,LTE_RUR9062_S_USF USLK002_SaderainGujrat,4,2G+4G+L9,Bronze,Macro,Solar+DG,C4-GRT-04,JAZZ,DEODAR,DG site,95.05777703106317,98.61421130952375,99.0632000448028,98.23423032407405,97.56319071087208,99.1690779320987,98.15113500597359
SKG9037,SKG9037__S_Tera,6,2G+4G+L9,Gold,Macro,B2S,C4-NRW-05,Enfrashare,Enfrashare,Non DG Site,96.68552120669042,99.31079144620807,98.45971475507763,88.22406550068563,96.62922723350582,96.61612654320975,97.01289326961363
PMD9689,PMD9689__S_KobayChak_PT,20,2G/3G/LTE,Platinum,Macro,Standby,C4-SKT-03,Jazz Host/TELENOR Guest,DEODAR,DG site,99.67798872461168,99.78452587632266,98.30426747311819,97.58412422839487,97.93166629330939,99.02948495370359,98.712766950418
SKT5699,SKT5699__S_BijliMohalla,12,2G/LTE,Elite,Macro,B2S,C4-SKT-03,Enfrashare,Enfrashare,Non DG Site,98.92988040123456,98.71696566358014,97.83692378534437,98.99043531378577,99.66187836021497,99.4998070987654,99.35163406013525
KMK9066,KMK9066__S_BaghdadTown,6,2G+3G+4G,Bronze,Micro,B2S,C4-GUJ-01,E.CO,E.CO,Non DG Site,97.62442129629623,98.2159736000881,99.2897189864595,99.54957561728394,99.13362455197127,98.88300540123446,99.26915322580638
NRW9050,NRW9050__S_NationInstituteOfTechnology_TPLNW010,6,2G+3G+4G,Bronze,Micro,B2S,C4-NRW-05,Jazz Guest/TELENOR Host,TELENOR,Non DG Site,99.24382716049381,99.98553240740739,99.98049208482675,99.203125,99.78920873158101,96.46315586419746,98.58758960573473
SKG9076,SKG9076__S_RasheedPura,6,2G+3G+4G,Bronze,Micro,B2S,C4-NRW-05,E.CO,E.CO,Non DG Site,96.13382367582624,95.35535163139319,98.01560633213852,98.140839334705,96.47756123058535,96.2165637860081,98.35067370237611
MUS9612,MUS9612__S_LakhaMusaKhurd,3,2G/3G/LTE,Bronze,Macro,Standby,C4-MBD-08,JAZZ,DEODAR,DG site,97.23227175428109,99.97540509259258,99.85174606730385,98.86181841563767,99.37708457785737,99.54105581275716,99.1276508363201
GUJ9789,GUJ9789__Q_MobilinkHouseGUJ,1,2G/3G/LTE,Bronze,Micro,CP Prime,C4-GUJ-02,JAZZ,JAZZ,Non DG Site,98.90531660692947,98.30594824735441,98.5363463261647,97.8097993827159,99.74649044205493,99.41473765432089,99.62384259259254
HWY9278,LTE_HWY9278__S_ Nadala SandhRorhiSharif,6,2G/LTE,Bronze,Macro,B2S,C4-GUJ-01,Tawal,Tawal,Non DG Site,99.71979540023894,99.98294890873014,100,99.63181584362135,100,99.86082175925922,98.69278300477896
RUR9282,RUR9282__S_HarbanspurZafarwal,6,2G+4G+L9,Bronze,Macro,B2S,C4-NRW-05,Enfrashare,Enfrashare,Non DG Site,98.14049432497006,97.72590112433848,99.30571112106722,98.25572273662549,96.00691333134192,93.59866898148124,96.89777479091988
HWY5619,HWY5619_H_Lalamusa Gt Rd Kotla Qasim Gujrat,6,2G+4G+L9,Bronze,Macro,OMO,C4-GRT-04,Jazz Guest/CM-PAK Host,CM-PAK ,Non DG Site,95.2577098267622,99.11237874779532,85.01247635404216,99.96209490740739,100,100,89.00276284348858
SDL9296,SDL9296__S_PTCLExchange_GTRP2168,6,2G+4G+L9,Bronze,Macro,OMO,C4-GRT-04,Jazz Guest/PTCL Host,PTCL,Non DG Site,96.4834727200318,99.14021164021162,100,95.37339248971172,99.97013142174431,98.98623971193413,98.41908104340897
RUR6022,LTE_RUR6022__S_BhoaHassan_GTRP2094,6,2G/LTE,Bronze,Macro,OMO,C4-MBD-08,Jazz Guest/PTCL Host,PTCL,Non DG Site,99.84608348267622,99.97974537037035,100,99.01572145061724,99.37528001792113,99.79629629629626,99.52088933691748
RUR9063,LTE_RUR9063__S_Doga_CMPak4824,9,2G/LTE,Bronze,Macro,OMO,C4-MBD-08,Jazz Guest/CM-PAK Host,CM-PAK ,Non DG Site,99.46099661489441,98.8252314814814,99.05397500995619,99.970228909465,98.34090418823835,99.47743055555549,98.65790521704493
PHA9332,LTE_PHA9332__S_JamiaMasjidFarooqEAzam,6,2G/LTE,Bronze,Macro,B2S,C4-MBD-08,Enfrashare,Enfrashare,Non DG Site,97.98069743130219,99.62549603174595,99.9855946336121,98.85223765432093,100,99.98321759259257,99.51855585424128
GUJ9306,LTE_GUJ9306__S_BISECricketGround,6,2G/LTE,Bronze,Macro,B2S,C4-GUJ-02,Tawal,Enfrashare,Non DG Site,100,99.98697916666664,100,99.74547753772286,99.93723450152659,99.99939986282577,99.49602996814012
NRW9343,LTE_NRW9343__S_TheCollegeOfLawNarowal,6,2G/LTE,Bronze,Macro,B2S,C4-NRW-05,Enfrashare,Enfrashare,Non DG Site,95.81196900305306,98.60826352145786,99.13076214655506,97.26881858710522,97.62521986592303,94.54783950617252,96.89115807115326
SKT5140,SKT5140__S_GPO_MDSK1887,9,2G/3G/LTE,Diamond,Macro,Standby,C4-SKT-03,JAZZ,DEODAR,DG site,99.582151035444,99.24265597442671,99.84793989778306,99.55377657750324,99.24179443780694,99.3584747942386,99.36073982808963
JPB9368,LTE_JPB9368__S_UtilityStore,6,2G+4G+L9,Bronze,Macro,B2S,C4-HFZ-06,Enfrashare,Enfrashare,Non DG Site,94.55791392871353,98.75764715608459,98.37776284348861,99.94733796296292,98.83988575268813,95.83976337448553,97.13840352449202
GUJ9350,GUJ9350__S_MuhammadPura,6,2G+4G+L9,Bronze,Macro,B2S,C4-GUJ-02,ATL,ATL,Non DG Site,98.6061330147351,98.85887437536732,98.62573426921543,99.27797067901228,99.37578819859273,98.67646176268853,97.3552825899375
MBN9360,MBN9360__S_LilaTown,6,2G+4G+L9,Bronze,Macro,B2S,C4-MBD-08,E.co,E.co,Non DG Site,99.81108124253285,99.32222773368599,99.47141950418151,98.50874485596681,98.943367931103,98.81192129629613,99.3147650338509
RUR9361,RUR9361__S_ThattaKhairoMatmal,6,2G+4G+L9,Bronze,Macro,B2S,C4-HFZ-06,E.co,E.co,Non DG Site,97.45301921545186,97.58535879629615,98.42489919354826,96.30825617283936,90.41887569693324,95.6734182098763,94.08869723217815
SKT3200,SKT3200__P_GaudPur,18,2G/3G/LTE,Elite,Macro,Standby,C4-SKT-03,Jazz Host/CM-PAK Guest,DEODAR,DG site,99.3058563155448,99.87956303277477,99.10435749369437,98.07035536694087,99.65408452807641,98.97788065843608,99.28197182397439
RUR9357,RUR9357__S_TatlayAali,6,2G+4G+L9,Bronze,Macro,B2S,C4-HFZ-06,E.co,E.co,Non DG Site,99.47935334528066,99.68088624338621,98.82697381521305,93.42373971193383,98.02282457188359,94.29730366940986,93.30576712465138
KMK9308,KMK9308__S_ImamBargahKashana,6,2G+4G+L9,Bronze,Macro,B2S,C4-GUJ-01,ATL,ATL,Non DG Site,93.65790521704461,99.68953235229264,99.92797316806045,99.29973636831255,98.8488463261645,99.33140432098735,92.90882616487416
SKT5525,SKT5525_H_Zafarwal Rd Mohalla Nizamabad Sialkot,9,2G/LTE,Platinum,Macro,B2S,C4-SKT-03,Enfrashare,Enfrashare,Non DG Site,96.32019115890071,98.79241530717215,96.95197381521298,99.96221279149513,99.99043790654453,98.97578017832637,91.8511051373952
RUR9031,LTE_RUR9031__S_Jatria_CMPak43660,9,2G+4G+L900,Bronze,Macro,B2S,C4-GRT-04,Jazz Guest/CM-PAK Host,CM-PAK ,Non DG Site,100,96.97360927395643,99.70691457586615,99.95190329218106,97.1279080379662,97.2219864540466,94.93180007964943
GJR9359,GJR9359__S_AminAbadGali3,6,2G+4G+L9,Bronze,Macro,B2S,C4-GRT-04,E.co,E.co,Non DG Site,93.77563719633599,98.9679439484125,99.73398297491035,100,100,100,99.17338709677414
RUR9369,LTE_RUR9369__S_Sumlanwala,6,2G/LTE,Bronze,Macro,B2S,C4-MBD-08,Enfrashare,Enfrashare,Non DG Site,99.9359692353644,99.98319003527335,99.64139038231778,97.10956790123446,99.57194593787334,99.27276234567897,99.25347222222213
MLL9384,LTE_MLL9384__S_Islampura,9,2G/LTE,Bronze,Macro,B2S,C4-MBD-08,Enfrashare,Enfrashare,Non DG Site,99.93422690163281,99.98208774250439,99.71751377273328,99.66958161865567,100,100,97.84297009823437
RUR8070,RUR8070__P_KharanayMoreBazzar,9,2G/3G/LTE,Hub,Macro,Standby,C4-SKT-03,Jazz Host/TELENOR Guest,DEODAR,DG site,99.86640033851052,99.86600253527335,99.64734335590065,99.7157278806584,99.03860513739545,99.67230366940994,99.454110248241
SKT5831,SKT5831_H_Chenab Rangers Rd Saidanwali Sialkot,9,2G/LTE,Diamond,Macro,B2S,C4-SKT-03,Enfrashare,Enfrashare,Non DG Site,99.57928863002785,98.70919220311569,99.49876792114692,99.85165895061726,98.74917031727061,98.80724879972553,97.39516958714968
SKT0721,SKT0721__H_HajiPura,9,2G/3G/LTE,Hub,Macro,Standby,C4-SKT-03,JAZZ,DEODAR,DG site,100,99.98518794091707,100,100,100,100,99.99881770211067
GUJ9552,LTE_GUJ9552__S_GulshanColony,6,2G/LTE,Bronze,Macro,B2S,C4-GUJ-02,Enfrashare,Enfrashare,Non DG Site,98.24503434886486,99.96934248236327,98.9027031063321,100,100,100,99.97293160095577
GUJ9556,LTE_GUJ9556__S_GovtShuhadaEAPSMemorial School,6,2G/LTE,Bronze,Macro,B2S,C4-GUJ-01,Enfrashare,Enfrashare,Non DG Site,99.75526433691755,99.98697916666664,99.91282108721623,100,100,99.7336033950617,99.61472645360409
RUR9550,LTE_RUR9550__S_Attawa_CMPak5629,6,2G/LTE,Bronze,Macro,OMO,C4-GUJ-01,Jazz Guest/CM-PAK Host,CM-PAK ,Non DG Site,98.90400985663074,99.37975363756604,95.83274218438858,99.32172710905347,90.2749775985662,94.5400591563784,95.3427419354837
SKG9387,LTE_SKG9387__S_DinPur_CMPak40720,6,2G/LTE,Bronze,Macro,OMO,C4-NRW-05,Jazz Guest/CM-PAK Host,CM-PAK ,Non DG Site,96.59389312027075,99.63810350529096,98.9211842891278,97.53703703703694,97.86813022700112,97.37387474279831,98.23327359617676
DSK9391,LTE_DSK9391__S_Mandranwala_CMPak40762,6,2G/LTE,Bronze,Macro,OMO,C4-WZD-07,Jazz Guest/CM-PAK Host,CM-PAK ,Non DG Site,97.7951388888888,98.0288938492062,99.13418458781354,98.33883101851843,90.85312126642758,97.40779320987643,99.17917413381116
RUR9475,RUR9475__S_Jalphanwali_Sialkot_MDSK4859,18,2G/3G/LTE,Platinum,Macro,CP Prime,C4-SKT-03,JAZZ,DEODAR,Non DG Site,96.21083897517573,99.29367146164016,99.84717244125845,96.59656850137158,96.89679991371295,99.9728759430727,99.5210137893269
GJR8423,GJR8423__S_DaraGulabShahCemetery,6,2G/LTE,Bronze,Macro,B2S,C4-GRT-04,Enfrashare,Enfrashare,Non DG Site,99.23273015398907,99.72500091857728,100,100,99.53135371034114,100,99.46143219832727
GUJ8388,GUJ8388__S_GMagnoliaPark,6,2G/LTE,Bronze,Macro,B2S,C4-GUJ-01,E.co,E.co,Non DG Site,95.37457063918725,98.99054095017625,98.80989272202295,100,100,99.6259645061728,99.89863351254473
GUJ8434,GUJ8434__S_MughalHomeopathicClinic,6,2G/LTE,Bronze,Macro,B2S,C4-GUJ-02,Enfrashare,Enfrashare,Non DG Site,97.45376592990804,99.73493303571422,97.50255127439232,95.704828960905,92.99672067901201,96.34458590534943,86.10367507964936
GUJ9561,GUJ9561__S_KotliArbang,6,2G/LTE,Bronze,Macro,B2S,C4-GUJ-01,E.co,E.co,Non DG Site,97.06366985264826,99.10404265873004,98.50675776583032,95.46891075102867,99.40038829151726,96.8007330246913,94.54198402031044
KMK8459,KMK8459__S_PuranaChajokiRd,6,2G/LTE,Bronze,Macro,B2S,C4-GUJ-01,Tawal,Tawal,Non DG Site,98.892995818399,99.98677248677247,100,98.7712191358024,99.9402421014204,99.63985339506169,98.82224462365583
NVK8507,NVK8507__S_GoheerRoad,6,2G/LTE,Bronze,Macro,B2S,C4-HFZ-06,Enfrashare,Enfrashare,Non DG Site,97.26046022500982,97.75838431437379,97.78263142174421,98.03028549382712,98.38246092194338,97.64120370370362,97.14039476304254
QDS8414,QDS8414__S_AlliedSchool,6,2G/LTE,Bronze,Macro,B2S,C4-HFZ-06,E.co,E.co,Non DG Site,97.8649981746979,99.63252314814814,99.54717990840301,95.8497942386829,99.79452907208281,96.75317215363505,96.72901732377521
RUR8491,RUR8491__S_SaharanChatha,6,2G/LTE,Bronze,Macro,B2S,C4-HFZ-06,E.co,E.co,Non DG Site,97.9750970728792,98.81138392857132,98.74645310633205,97.73070987654305,99.85812425328552,98.6927083333333,99.65016427718035
RUR9314,RUR9314__S_SidraRabNawazHospital,6,2G/LTE,Bronze,Macro,B2S,C4-NRW-05,ATL,ATL,Non DG Site,98.44888739545989,99.98387896825398,100,97.1390817901234,94.01265681003571,97.03858024691347,100
RUR9562,RUR9562__S_Jora,6,2G/LTE,Bronze,Macro,B2S,C4-GRT-04,E.co,E.co,Non DG Site,99.23723118279565,98.39347718253956,100,99.18248456790117,99.67107228195933,99.95640432098763,99.8976690063719
SKK8435,SKK8435__S_MarkaziImamBargah,6,2G/LTE,Bronze,Macro,B2S,C4-HFZ-06,Enfrashare,Enfrashare,Non DG Site,95.27404420549567,96.24214616402097,99.9020248407009,100,100,99.93094135802467,98.62473864994021
GUJ8579,GUJ8579__S_ MadduKhalilNawabChowk,6,2G/LTE,Bronze,Macro,B2S,C4-GUJ-02,ATL,ATL,Non DG Site,90.87160244922332,99.9866691468254,99.91002090800474,99.92862654320987,90.46053614097954,100,99.35782556750297
MBN8580,MBN28580__S_FamilyWelfareCenterMandi2,6,2G/LTE,Bronze,Macro,B2S,C4-MBD-08,ATL,ATL,Non DG Site,97.54296719434474,98.16054894179888,98.79470952807638,98.45177469135791,96.80508885902019,99.23241383744848,98.89262246117077
RUR8394,RUR8394__S_Maranian_Marari,6,2G/LTE,Bronze,Macro,B2S,C4-GRT-04,E.co,E.co,Non DG Site,91.30432347670231,90.55658895502624,99.09856008562319,98.60532407407396,99.73920997610506,98.7589056069958,99.08082561728379
RUR8493,RUR8493__S_ChowkQilaKalarWala,6,2G/LTE,Bronze,Macro,B2S,C4-NRW-05,E.co,E.co,Non DG Site,96.31141726403793,99.51919367283934,98.69679659498176,97.18460648148124,95.62612007168433,97.68586033950606,99.26672640382313
SKT9850,SKT9850__S_Mohalla_IslamPura,9,2G/3G/LTE,Platinum,Macro,CP Prime,C4-SKT-03,Jazz Host/CM-PAK Guest,DEODAR,Non DG Site,99.93186230585422,99.98691027336857,100,99.41216563786003,99.97967277313151,99.4090149176953,99.32785327890603
MDW5146,MDW5146__S_Model town Warid_MR525364,9,2G/LTE,Platinum,Macro,CP Prime,C4-SKT-03,JAZZ,DEODAR,Non DG Site,99.7183019713261,99.85771237507346,99.74788016062652,100,99.23003368511871,97.47498713991754,96.99022218903478
RUR8521,RUR8521__S_Nindowal,6,2G/LTE,Bronze,Macro,B2S,C4-GRT-04,E.co,E.co,Non DG Site,98.14236111111103,99.65718694885359,99.90404719235364,97.70177469135791,98.422379032258,99.90586419753085,99.75022401433687
RUR8532,RUR8532__S_KhawasPur,6,2G/LTE,Bronze,Macro,B2S,C4-GRT-04,Enfrashare,Enfrashare,Non DG Site,98.89710274790913,99.4229497354497,99.75843787335722,99.91242283950615,99.19597520908003,100,99.9977598566308
PMD6133,PMD6133__S_PindPanjoranWarid_MDSK7574,9,2G/3G/LTE,Diamond,Macro,OMO,C4-SKT-03,Jazz Guest/CM-PAK Host,CM-PAK ,Non DG Site,97.47859418558338,99.98126102292768,99.91891925527678,99.52983539094647,99.20014436479491,97.74217678326471,99.962539824771
SKT1182,SKT1182__S_Abbot Road_MDSK4174,12,2G/3G/LTE,Elite,Macro,CP Prime,C4-SKT-03,JAZZ,DEODAR,Non DG Site,99.23699783452804,99.99075107473543,100,97.2049736368311,99.98063209378722,99.9883455504114,99.59951525786515
SKT5620,SKT5620_H_Cantt View Colony Sialkot,9,2G/LTE,Gold,Macro,OMO,C4-SKT-03,Jazz Guest/CM-PAK Host,CM-PAK ,Non DG Site,99.41855834328952,99.22949735449727,100,87.96484910836737,95.45122295234263,97.66068672839496,97.4769763042612
GUJ8144,GUJ8144__Baghbnpura,2,2G/LTE,Bronze,Macro,CP Prime,C4-GUJ-02,JAZZ,DEODAR,Non DG Site,99.88145908004778,99.86855158730154,100,99.84336419753085,93.67682198327357,99.99286265432097,99.99943996415767
GUJ8512,GUJ8512__S_DBlockGardenTown,6,2G/LTE,Bronze,Macro,B2S,C4-GUJ-02,Enfrashare,Enfrashare,Non DG Site,99.55831839904417,98.96804728835976,100,99.29378858024684,99.83478942652327,98.85744598765427,94.44789799880508
HJW8621,HJW8621__S_GovtGirlsHighSchool_Ufone7884,6,2G/LTE,Bronze,Macro,OMO,C4-GRT-04,Jazz Guest/UFONE Host,UFONE,Non DG Site,98.80805704898441,99.98222552910049,100,99.03202160493827,100,99.67669753086417,99.75937126642759
SKT9279,LTE_SKT9279__S_KalmaChowkBusStop,6,2G/LTE,Bronze,Macro,B2S,C4-SKT-03,ATL,ATL,Non DG Site,95.90765216381236,98.66284997795398,98.94142854772318,89.6209062071326,98.87884972786387,99.7554012345679,99.63023114960833
RUR8675,RUR8675__S_KamalpurChishtian,6,2G/LTE,Bronze,Macro,B2S,C4-NRW-05,ATL,ATL,Non DG Site,97.91554659498205,98.0501129850088,100,99.65393518518516,97.39303315412184,97.8989197530864,97.47741188769399
WND8628,WND8628__S_PTCLExchangeWahndo_GTRP2150,6,2G/LTE,Bronze,Macro,OMO,C4-GUJ-01,Jazz Guest/PTCL Host,PTCL,Non DG Site,90.34837340700905,99.22639715608462,94.55682497013132,98.91740612139911,94.74033004778958,91.2019675925924,86.06590377339685
RUR9559,LTE_RUR9559__S_JurianKalan,6,2G/LTE,Bronze,Macro,B2S,C4-SKT-03,ATL,ATL,Non DG Site,100,99.98449900793649,100,100,99.94156959378732,99.95023148148147,99.9831678116288
LLM8663,LLM8663__S_GraveyardNouGuza_Ufone7923,6,2G/LTE,Bronze,Macro,OMO,C4-GRT-04,Jazz Guest/UFONE Host,UFONE,Non DG Site,99.93335573476699,98.98230820105815,99.72520908004778,100,97.17536589008361,100,98.40912485065707
RUR8653,RUR8653__S_MangatNeech_Ufone3757,6,2G/LTE,Bronze,Macro,OMO,C4-HFZ-06,Jazz Guest/UFONE Host,UFONE,Non DG Site,99.09031511350048,99.45581183862429,100,98.5040509259259,98.74999999999994,98.85898919753085,99.61880227001193
KTL8796,KTL8796__S_KotliLoharan,6,2G/LTE,Bronze,Macro,B2S,C4-SKT-03,ATL,ATL,Non DG Site,96.67914302070866,97.07816633597865,98.96468040621258,96.71219135802436,97.03666367980875,98.83892746913567,96.62740193150123
HWY5734,HWY5734__S_Ghuinke,6,2G/LTE,Elite,Macro,B2S,C4-SKT-03,Enfrashare,Enfrashare,Non DG Site,99.38875199123855,99.46252893518513,100,99.99662422839502,100,99.97675540123457,100
SKT4627,SKT4627__S_GojraJAIL_AB,12,2G/3G/LTE,Hub,Macro,Standby,C4-SKT-03,JAZZ,DEODAR,DG site,99.44553340302664,99.95585661926803,100,99.65104166666667,100,99.99995177469133,99.99953330346474
SKT5471,SKT5471__S_GhalibRdSKTCantt_Ufone3419,9,2G/3G/LTE,Platinum,Macro,OMO,C4-SKT-03,Jazz Guest/UFONE Host,UFONE,Non DG Site,99.86048884906411,99.74054783950608,99.78811977299877,99.99993569958846,99.9998962896588,99.66784550754454,96.16879480286705
GJR8662,GJR8662_S_PaddyRoad_Ufone3608,6,2G/LTE,Bronze,Macro,OMO,C4-GRT-04,Jazz Guest/UFONE Host,UFONE,Non DG Site,99.59584080047787,99.32915151014107,99.93895609318993,99.5443672839506,99.58688022700115,99.70408950617283,100
GJR8847,GJR8847__S_Lundpur_CMPak7149,6,2G/LTE,Bronze,Macro,OMO,C4-GRT-04,Jazz Guest/CM-PAK Host,CM-PAK ,Non DG Site,99.61609543010745,99.9863591269841,98.00123207885295,98.7866512345679,100,98.65470679012343,99.18458781362
GUJ8794,GUJ8794__S_SalimColony_CMPak6746,6,2G/LTE,Bronze,Macro,OMO,C4-GUJ-01,Jazz Guest/CM-PAK Host,CM-PAK ,Non DG Site,97.77615989645544,99.55150462962956,98.71484219434481,98.1460905349793,98.91614396654717,98.8856095679012,96.10140382317796
GUJ8809,GUJ8809__S_KhalidColony_CMPak7894,6,2G/LTE,Bronze,Macro,OMO,C4-GUJ-02,Jazz Guest/CM-PAK Host,CM-PAK ,Non DG Site,98.21423237753875,99.89845127865958,99.82601553166067,96.29803240740736,99.31666293309429,94.03800154320977,99.78830645161284
PSR8901,PSR8901__S_DrAbdulSattarHospital,6,2G/LTE,Bronze,Macro,B2S,C4-NRW-05,Enfrashare,Enfrashare,Non DG Site,96.76971326164863,99.1342179232804,99.02370196136994,92.68113425925903,100,98.88560956790113,96.78203405017918
RUR1517,RUR1517__S_KotBilal,6,2G/LTE,Bronze,Macro,B2S,C4-HFZ-06,ATL,ATL,Non DG Site,100,99.98677248677247,100,99.5100308641975,99.33545524691355,99.14853395061724,92.6370221027478
RUR8633,RUR8633__S_PTCLExchangeTatlayAali_GTRP2060,6,2G/LTE,Bronze,Macro,OMO,C4-HFZ-06,Jazz Guest/PTCL Host,PTCL,Non DG Site,97.53546893667854,99.87847222222217,99.36305256869768,98.20949074074073,92.99880525686964,98.5366190843621,98.11267921146948
RUR8710,RUR8710__S_Lambanwali_Ufone1319,6,2G/LTE,Bronze,Macro,OMO,C4-GUJ-02,Jazz Guest/UFONE Host,Ufone,Non DG Site,98.67249726204686,99.74082341269839,98.51907855436082,98.39956275720161,98.46904868578252,99.45351080246913,97.49558193946629
GUJ0101,GUJ0101__S_QaziTown_TPLGW202,6,2G/LTE,Bronze,Macro,OMO,C4-GUJ-01,Jazz Guest/TELENOR Host,TELENOR,Non DG Site,97.88250448028664,99.5944251543209,100,100,98.50321087216243,94.20450745884757,96.12215626244503
GUJ8620,GUJ8620__S_ChanDaQilaChowk_Ufone3952,6,2G/LTE,Bronze,Macro,OMO,C4-GUJ-01,Jazz Guest/UFONE Host,UFONE,Non DG Site,99.03505824372755,99.0091765873015,99.47169952210275,99.61705889917691,98.7656810035841,93.90798611111094,96.27501493428903
GUJ0774,GUJ0774__S_ChiraghNagar_CMPak4926,6,2G/LTE,Bronze,Macro,CMPak,C4-GUJ-02,Jazz Guest/CM-PAK Host,CM-PAK ,Non DG Site,46.6732937574668,89.75064070767169,98.55342741935455,91.7517361111108,90.70209826762219,95.16473765432066,92.95512246117059
HWY1064,HWY1064__S_DeonaMandi,6,2G/LTE,Bronze,Macro,CMPak,C4-GRT-04,Jazz Guest/CM-PAK Host,CM-PAK ,Non DG Site,90.08325866188734,92.56117724867707,100,98.55404449588472,99.76702508960571,95.86059670781891,78.49555704898442
RUR0753,RUR0753__S_Saria,6,2G/LTE,Bronze,Macro,B2S,C4-NRW-05,E.Co,E.Co,Non DG Site,96.5403163580246,99.32140101410933,97.51493428912777,99.67766203703702,95.5062724014336,94.05941358024678,96.25329798884893
RUR1140,RUR1140__S_ChahalKalan,6,2G/LTE,Bronze,Macro,B2S,C4-HFZ-06,ATL,ATL,Non DG Site,99.935222520908,98.90211640211636,99.59285394265231,100,99.81668160095573,97.75038580246903,100
RUR1193,RUR1193__S_Chopala_NEW,6,2G/LTE,Bronze,Macro,B2S,C4-GRT-04,ATL,ATL,Non DG Site,99.90554062126643,99.98129546957668,100,98.50327932098763,96.26661439665466,99.98398919753085,99.9998133213859
RUR8778,RUR8778__S_Sahibwal,3,2G/LTE,Bronze,Macro,B2S,C4-MBD-08,TAWAL,TAWAL,Non DG Site,99.70019414575862,99.72800925925922,100,99.06172839506166,99.14781212664275,98.97055041152257,99.33523745519703
SKG9026,SKG9026__S_AOneGamingZone,6,2G/LTE,Bronze,Macro,B2S,C4-NRW-05,Enfrashare,Enfrashare,Non DG Site,96.66498655913965,98.74421296296289,99.34718488649935,98.16763117283948,98.01709976105128,97.98900462962953,99.63336320191155
GUJ8834,GUJ8834__S_Lohianwala,6,2G/LTE,Bronze,Macro,B2S,C4-GUJ-02,Tawal,Tawal,Non DG Site,98.88686653723616,96.98805390211636,92.8026060334527,99.34239969135794,99.56242532855428,97.22241512345673,99.97255824372755
PSR1382,PSR1382__S_SaweraHospital,6,2G/LTE,Bronze,Macro,B2S,C4-NRW-05,Enfra,Enfra,Non DG Site,96.12921893667851,98.10891341490294,99.52247610513736,98.70283564814805,99.37739570888091,95.28658693415625,97.0414862106729
RUR0669,RUR0669__S_Ladar,6,2G/LTE,Bronze,Macro,B2S,C4-NRW-05,Tawal,Tawal,Non DG Site,98.2442876344085,99.95862957451496,100,99.67824074074073,99.09040845280764,98.256590792181,98.82744051174824
RUR0979,LTE_RUR0979__S_Aidal,6,2G/LTE,Bronze,Macro,B2S,C4-MBD-08,ATL,ATL,Non DG Site,99.64851528275587,99.98677248677247,100,98.62596450617279,99.07855436081243,99.92611882716047,97.52725507765824
RUR1165,RUR1165__S_Darajake,6,2G/LTE,Bronze,Macro,B2S,C4-GUJ-01,E.Co,E.Co,Non DG Site,96.5509259259259,96.89043209876525,97.36481357029061,97.43807870370364,96.17324397650322,95.56192129629623,96.2503733572281
RUR2476,RUR2476__S_Dhamthal,6,2G/LTE,Bronze,Macro,B2S,C4-GRT-04,ATL,ATL,Non DG Site,97.38780615292706,99.99156057098764,100,98.7853009259259,92.24558816208672,100,99.83161589008361
RUR2577,RUR2577__S_Gujgran,6,2G/LTE,Bronze,Macro,B2S,C4-GRT-04,ATL,ATL,Non DG Site,100,99.99138833774246,100,99.46547067901233,97.61667413381119,100,98.50582437275985
RUR2701,RUR2701__S_KotlaArabAliKhan,6,2G/LTE,Bronze,Macro,B2S,C4-GRT-04,E.Co,E.Co,Non DG Site,93.50968239745097,96.54079861111104,99.00151831939459,98.8302469135802,99.79745370370367,100,99.42481207686177
RUR5722,RUR5722__S_ChittiSheikhan_CMPak4992,9,2G/3G/LTE,Diamond,Macro,OMO,C4-SKT-03,Jazz Guest/CM-PAK Host,CM-PAK ,Non DG Site,92.61424731182784,78.80731922398581,100,97.0104809670781,98.64147749900435,100,99.46207520244259
RUR2734,RUR2734__S_BhuppraGuraya,6,2G/LTE,Bronze,Macro,B2S,C4-HFZ-06,ATL,ATL,Non DG Site,100,99.7253224206349,98.22692652329744,97.5049511316872,95.89811081242527,96.68807870370357,96.66237305854236
SKT9543,LTE_SKT9543__S_Fatehgarh,6,2G/LTE,Bronze,Macro,B2S,C4-SKT-03,ATL,ATL,Non DG Site,99.80734767025086,99.98367228835978,100,98.26716820987644,100,100,95.56821858821179
SKT9388,LTE_SKT9388__S_KaakeWali_CMPak42996,6,2G/LTE,Bronze,Macro,OMO,C4-SKT-03,Jazz Guest/CM-PAK Host,CM-PAK ,Non DG Site,98.04416816009558,86.29467730379177,87.14885752688163,100,92.49719982078845,88.67721193415618,96.44414575866179
GHK8940,GHK8940__S_GilWalaRd,6,2G/LTE,Bronze,Macro,B2S,C4-GUJ-02,E.Co,E.Co,Non DG Site,99.56251866786134,99.56101190476186,99.93858273596173,99.94174382716047,99.55225134408597,98.5996334876543,95.28558716646744
HFZ1525,HFZ1525__S_HafizabadCourt,6,2G/LTE,Bronze,Macro,B2S,C4-HFZ-06,ATL,ATL,Non DG Site,98.08987330744716,99.94605654761901,100,99.32465277777773,98.63127240143362,85.66306584362111,97.68885653126236
JPB8846,JPB8846__S_FarrukhSattarRiceMills,6,2G/LTE,Bronze,Macro,B2S,C4-HFZ-06,ATL,ATL,Non DG Site,99.48271356033449,99.98584242724868,99.49914127837513,99.94232253086417,98.91969086021503,99.76729681069956,99.00416293309436
MBN6234,MBN6234__S_Mandibhauddin_Bazar_1_OEMB0247,2,2G/LTE,Bronze,Macro,Standby,C4-NRW-05,JAZZ,DEODAR,Non DG Site,98.04323476702503,94.16501322751303,96.35454002389477,95.86959876543169,96.37180779569871,96.47328317901211,97.78095131421725
NRW2398,NRW2398__S_KanjroorRoad,6,2G/LTE,Bronze,Macro,B2S,C4-NRW-05,ATL,ATL,Non DG Site,96.58443473715616,95.85930610670155,99.01716820987652,95.53832304526739,98.32847968936674,93.93428497942381,95.7368516029468
RUR2804,RUR2804__S_Jassoran,6,2G/LTE,Bronze,Macro,B2S,C4-NRW-05,Enfra,Enfra,Non DG Site,100,99.99545304232804,99.87156511350058,100,98.50526433691755,99.5545910493827,99.98357228195933
RUR2704,RUR2704__S_Chechian_Jhans,,2G+4G+L9,Bronze,Macro,B2S,C4-GRT-04,ATL,ATL,Non DG Site,96.98103345280744,98.27814980158719,98.30178464755059,97.71894290123444,100,100,95.82530615292707
RUR2703,RUR2703__S_Ramkay,,2G+4G+L9,Bronze,Macro,B2S,C4-GRT-04,ATL,ATL,Non DG Site,95.45922939068096,99.98029651675482,100,100,94.06959378733565,100,100
ALC4371,ALC4371__S_OldTempleAlipurChatha,6,2G/LTE,Bronze,Macro,Enfra,C4-HFZ-06,Enfra,Enfra,DG site,98.73021206690555,99.95907738095237,99.00350955794504,99.99041923868312,99.95949074074075,99.60146604938267,99.53143667861407
BGA6986,BGA6986__MajhiMalakwal,3,2G/LTE,Bronze,Macro,CP Prime,C4-MBD-08,JAZZ,DEODAR,Non DG Site,99.29472819593778,99.98181216931214,100,97.9030349794237,97.22272003185961,98.56809413580241,97.7958856033452
BGA6987,BGA6987__KhewaMandi,3,2G/LTE,Bronze,Macro,Standby,C4-MBD-08,JAZZ,DEODAR,DG site,98.64900686977283,99.85677083333333,100,99.71090534979415,99.11495669056141,99.64544753086415,98.03352747909187
DAD6974,DAD6974__BharayWalaPhalia,4,2G/LTE,Bronze,Macro,Standby,C4-MBD-08,JAZZ,DEODAR,DG site,99.85457735961751,99.8843625992062,99.99593974014324,99.99170524691336,99.99355958781345,99.99527391975293,99.83128920250873
FRP9896,FRP9896__MeluNau,3,2G/LTE,Bronze,Macro,Standby,C4-MBD-08,JAZZ,DEODAR,DG site,96.81096923536424,99.55997850529096,98.8017099761051,97.16666666666646,99.2659796893667,98.10551697530855,98.59244324970116
GOW6983,GOW6983__DeraSarfana,3,2G/LTE,Bronze,Macro,Standby,C4-MBD-08,JAZZ,DEODAR,DG site,99.83348267622458,99.88963293650788,99.70672789725207,96.65547839506159,99.32055207088793,98.26671810699574,98.52231431700498
GOW6984,GOW6984__Ghughanwali_Phalia,4,2G/LTE,Bronze,Macro,Standby,C4-MBD-08,JAZZ,DEODAR,DG site,99.57791965352442,99.8894262566137,100,99.90605709876543,99.82918906810035,99.88599537037037,98.60565076164862
HWY3271,HWY3271__Basu Panoon,3,2G/LTE,Bronze,Macro,Standby,C4-NRW-05,JAZZ,DEODAR,DG site,98.90811678614087,99.98201884920631,99.73995669056151,97.44888117283931,98.90531660692942,96.81732253086395,98.3997909199521
KHZ6976,KHZ6976__MonaSyedanMalikwal,3,2G/LTE,Bronze,Macro,Standby,C4-MBD-08,JAZZ,DEODAR,DG site,99.437910692951,99.99648644179892,99.22043010752684,98.63618827160487,99.37724014336915,98.87673611111107,99.7572555754679
KMK8569,KMK8569_H_ChoudryMktKamonki,18,2G/LTE,Bronze,Macro,Standby,C4-GUJ-01,JAZZ,DEODAR,DG site,99.37659713925378,99.97825268224571,100,100,100,100,100
NKW6941,NKW6941__NakkayWalaChwkGojra,3,2G/LTE,Bronze,Macro,CP Prime,C4-MBD-08,JAZZ,DEODAR,Non DG Site,97.87709080047783,99.97726521164019,100,99.97010030864197,99.2801672640382,98.78028549382712,97.75842542811617
QMS9703,QMS9703__Dharo_KI,3,2G/LTE,Bronze,Macro,Standby,C4-HFZ-06,JAZZ,DEODAR,DG site,99.42316308243726,99.72449570105815,99.4603121266427,99.29147376543207,98.82784498207879,99.48456790123454,97.9396281362006
RUR0188,RUR0188__Qadirabad_new,4,2G/LTE,Bronze,Macro,Standby,C4-MBD-08,JAZZ,DEODAR,DG site,99.95762395459975,99.88797949735445,99.56877240143362,98.47863618827155,99.92402180406211,99.64506172839505,99.10879629629622
RUR0362,RUR0362_Lala Pindi_NEW,3,2G/LTE,Bronze,Macro,Enfrashare,C4-MBD-08,Enfra,Enfra,Non DG Site,97.34991039426515,99.86090443121691,98.91185035842288,99.69020061728389,98.6546072281959,98.88985339506166,97.87373058542407
RUR0368,RUR0368_Joklian_New,3,2G/LTE,Bronze,Macro,CMPak,C4-MBD-08,Jazz Guest/CM-PAK Host,CM-PAK ,Non DG Site,100,99.88859953703698,100,99.98804012345677,100,100,99.9901060334528
RUR0374,RUR0374__ChorundPI_NEW,3,2G/LTE,Bronze,Macro,Standby,C4-MBD-08,JAZZ,DEODAR,DG site,100,99.98057208994707,100,99.65104166666667,100,99.58577674897116,99.87249850657106
RUR0505,RUR0505__Lak,1,2G/LTE,Bronze,Macro,Standby,C4-MBD-08,JAZZ,DEODAR,DG site,99.28184737156508,99.72284226190469,100,99.6494984567901,99.92999551971326,99.63406635802467,96.77587365591386
RUR0513,RUR0513__BuddaGuraya,3,2G/LTE,Bronze,Macro,Enfrashare,C4-WZD-07,Enfra,Enfra,Non DG Site,93.90288978494613,99.32043650793646,97.06727897252085,96.95563271604927,98.53625298685769,98.87480709876533,95.92013888888874
RUR0714,RUR0714_LoharanWallNEW,3,2G/LTE,Bronze,Macro,Standby,C4-WZD-07,JAZZ,DEODAR,DG site,98.15841547192342,98.85389109347432,99.52247610513736,99.62403549382712,99.86708482676221,99.53356481481472,99.1264063122262
RUR0739,RUR0739__Udo-DoneeUddok,3,2G/LTE,Bronze,Macro,Standby,C4-HFZ-06,JAZZ,DEODAR,DG site,98.26706242532838,99.91236772486766,98.7832910195141,99.29185956790123,99.34793160095576,98.64403292181068,99.2323775388291
RUR0755,RUR0755_PharianWalNEW,3,2G/LTE,Bronze,Macro,Standby,C4-MBD-08,JAZZ,DEODAR,DG site,99.91170101553163,99.8916997354497,100,99.6983024691358,99.91487455197132,99.17341820987649,99.86577807646354
RUR0805,RUR0805_Cheelian_WallNEW,3,2G/LTE,Bronze,Macro,UFONE,C4-MBD-08,Jazz Guest/UFONE Host,UFONE,Non DG Site,99.02012395459971,99.94047619047615,99.71120818399042,96.6506558641974,90.11014038231768,99.23533950617276,99.40822879330942
RUR0806,RUR0806_Chak_BusawNEW,3,2G/LTE,Bronze,Macro,UFONE,C4-MBD-08,Jazz Guest/UFONE Host,UFONE,Non DG Site,98.02662037037027,99.23611111111101,99.08863500597367,99.81134259259257,100,99.7156635802469,99.52085822381514
RUR0872,RUR0872_kotGhulamMuhammad,3,2G/LTE,Bronze,Macro,Standby,C4-NRW-05,JAZZ,DEODAR,DG site,92.45009458383099,92.44137180335079,96.70437574671436,99.8844521604938,99.08695489844673,98.4984567901234,97.83029669454396
RUR1097,RUR1097__ChakSaidan,3,2G/LTE,Bronze,Macro,Standby,C4-MBD-08,JAZZ,DEODAR,DG site,99.27867383512539,99.97726521164019,99.64599512146552,98.99421296296295,99.90908751493426,99.29706790123454,97.81660692951007
RUR1295,RUR1295__Rachhara,3,2G/LTE,Bronze,Macro,CP Prime,C4-NRW-05,JAZZ,DEODAR,Non DG Site,96.75533900836304,97.55042989417974,95.34336419753069,96.7591306584361,99.68575766626836,98.72010030864183,98.6379928315412
RUR1309,RUR1309__Khai_LBMR07TP,3,2G/LTE,Bronze,Macro,Telenor,C4-MBD-08,Jazz Guest/TELENOR Host,TELENOR,Non DG Site,99.02784000398239,99.78670634920631,100,96.79880401234563,99.94063620071681,99.9722222222222,99.69235364396651
RUR2937,RUR2937__S_MuralaRoadJinnahCity,3,2G/LTE,Bronze,Macro,Standby,C4-MBD-08,JAZZ,DEODAR,DG site,99.18066756272397,99.77926587301583,98.97052966945435,99.51646090534977,99.8410742731979,98.5052083333333,98.5566009557945
RUR3101,RUR3101__S_Kassesy,3,2G/LTE,Bronze,Macro,Enfrashare,C4-HFZ-06,Enfra,Enfra,Non DG Site,100,99.98057208994707,96.0327060931899,97.1765046296296,99.22155017921145,98.89043209876543,96.6918682795698
RUR3155,RUR3155__S_BaraManga,6,2G/LTE,Bronze,Macro,Enfrashare,C4-NRW-05,Enfra,Enfra,Non DG Site,97.03573028673829,97.45208471119925,96.43163829151723,97.63831018518513,97.98480436081235,99.40432098765426,99.0216173835125
RUR3264,RUR3264__Ugo_Chak,3,2G/LTE,Bronze,Macro,Standby,C4-NRW-05,JAZZ,DEODAR,DG site,96.68303215850251,99.98429232804233,99.8599910394265,96.98199588477354,96.46492931103137,93.72781635802453,98.01821983273587
RUR3267,RUR3267__ChakRandhawa,3,2G/LTE,Bronze,Macro,Telenor,C4-NRW-05,Jazz Guest/TELENOR Host,TELENOR,Non DG Site,89.02018618080422,94.56927910052897,94.57194593787325,94.90534979423849,97.73857526881703,90.6535493827158,96.97001941457575
RUR3269,RUR3269__KulBajwa,3,2G/LTE,Bronze,Macro,Standby,C4-NRW-05,JAZZ,DEODAR,DG site,97.54274940262836,99.58271329365074,99.79876045400239,99.15792181069953,98.1460324571883,96.05928497942371,97.35028375149334
RUR3933,RUR3933__S_AbidAbad,6,2G/LTE,Bronze,Macro,ATL,C4-HFZ-06,ATL,ATL,Non DG Site,94.92582636399831,95.27250744047593,96.19975233970523,98.78510802469133,100,99.99556327160492,99.83261150935877
RUR4314,RUR4314__BHEChak22Malikwal,3,2G/LTE,Bronze,Macro,Standby,C4-MBD-08,JAZZ,DEODAR,DG site,96.47700119474295,93.59085648148117,97.83116786140967,95.73212448559649,98.78210872162481,96.04070216049374,94.29211469534039
RUR4413,RUR4413__DNGMojianwala,3,2G/LTE,Bronze,Macro,Standby,C4-MBD-08,JAZZ,DEODAR,DG site,99.97965203106332,99.98057208994707,100,99.62789351851848,99.82900238948623,99.77179783950615,100
RUR4533,RUR4533__MBNFahdFlourMill,3,2G/LTE,Bronze,Macro,Standby,C4-MBD-08,JAZZ,DEODAR,DG site,99.75731780167263,99.81646825396822,99.45769862604536,99.54513888888883,99.88425925925925,100,100
RUR4873,RUR4873__S_Marala,6,2G/LTE,Bronze,Macro,Tawal,C4-MBD-08,Tawal,Tawal,DG site,99.28931451612895,99.99586640211639,100,100,98.67271505376343,100,98.64004629629625
RUR4913,RUR4913__DNGMangowalKhojaVlg,3,2G/LTE,Bronze,Macro,Standby,C4-MBD-08,JAZZ,DEODAR,DG site,99.45894315013932,99.67606371252195,99.34544255276779,99.81590792181063,99.61892672242128,99.97556584362123,99.03611608920738
RUR6613,RUR6613__S_MasjidMandhariaWali,6,2G/LTE,Bronze,Macro,ATL,C4-MBD-08,ATL,ATL,DG site,100,99.97922867063485,100,96.4255401234566,99.52714307048981,99.07474922839505,97.96996341099161
SDK1691,SDK1691__S_NearMadniPolyTexPvt,6,2G/LTE,Bronze,Macro,ATL,C4-GUJ-01,ATL,ATL,Non DG Site,99.13997162485062,99.98573908730157,100,98.99054783950618,99.04719235364392,99.73067772633743,99.87604540023888
RUR8506,RUR8506__S_GoloPhalaUgoki,6,2G/LTE,Bronze,Macro,B2S,C4-SKT-03,Enfrashare,Enfrashare,Non DG Site,100,99.98377562830686,100,99.87924382716047,99.7696385902031,99.8560956790123,100
MBN9554,LTE_MBN9554__S_KuthyalaSyedan_CMPak40748,3,2G/LTE,Bronze,Macro,CMPak,C4-MBD-08,Jazz Guest/CM-PAK Host,CMPak,DG site,99.98954599761049,99.98511904761904,100,100,100,97.43865740740736,100
RUR5117,LTE_RUR5117__S_MariThakran,6,2G/LTE,Bronze,Macro,ATL,C4-GUJ-01,ATL,ATL,DG site,92.93240989645548,99.98618689373896,99.40132168458777,98.8306327160493,98.94119001393855,97.14519032921797,95.91743204898425
HFZ9755,LTE_HFZ9755__S_VanikeChowk,6,2G/LTE,Bronze,Macro,Enfrashare,C4-HFZ-06,Enfrashare,Enfrashare,DG site,99.35798113301465,99.29935515873008,100,99.76813271604937,100,96.13040123456788,100
RUR5137,LTE_RUR5137__S_DargaPur_Ufone3943,6,2G/LTE,Bronze,Macro,Jazz Guest/UFONE Host,C4-GUJ-01,Jazz Guest/UFONE Host,Jazz Guest/UFONE Host,DG site,98.52172316806048,98.40639467592584,99.04775238948619,99.5040509259259,97.10977947033042,94.96720679012329,94.93223566308225
RUR4989,LTE_RUR4989__S_Mandeer,6,2G/LTE,Bronze,Macro,JAZZ,C4-MBD-08,JAZZ,JAZZ,DG site,99.25011200716835,99.7927000661375,100,99.33641975308633,99.63205645161285,99.22916666666664,98.93070489844678
GUJ9672,LTE_GUJ9672__S_FFOSupportProgramKhialiBranch,6,2G/LTE,Bronze,Macro,JAZZ,C4-GUJ-01,JAZZ,JAZZ,DG site,99.47736210673033,99.5233961640211,100,98.8153935185184,99.75769115890081,99.9511959876543,94.58221326164859
RUR2333,LTE_RUR2333__S_Philoki,6,2G/LTE,Bronze,Macro,JAZZ,C4-HFZ-06,JAZZ,JAZZ,DG site,98.80332785742722,99.87289186507931,99.7606780167264,99.78395061728394,99.0516726403823,99.41431970164604,99.05465949820781
SKT9693,LTE_SKT9693__S_SKTCollegeOfPhysicalTherapy,6,2G/LTE,Bronze,Macro,JAZZ,C4-SKT-03,JAZZ,JAZZ,DG site,96.12240516726386,98.58734292328036,99.8538306451613,98.20158179012343,96.13643717642354,100,99.78214605734762
RUR5291,LTE_RUR5291__S_UggoChak,6,2G/LTE,Bronze,Macro,JAZZ,C4-HFZ-06,JAZZ,JAZZ,DG site,99.24899193548387,99.97478505291,100,99.3449074074074,99.1071161887694,99.73688271604937,99.40860215053759
GUJ9856,LTE_GUJ9856__S_IllyasColony,6,2G/LTE,Bronze,Macro,Enfrashare,C4-HFZ-06,Enfrashare,Enfrashare,Non DG Site,98.64303315412184,99.46142664241619,97.9144265232974,96.95351080246907,98.34733422939065,99.70447530864193,99.58837365591383
SKG2336,LTE_SKG2336__S_DinpurKhurdNewGraveyard,6,2G/LTE,Bronze,Macro,JAZZ,C4-NRW-05,JAZZ,JAZZ,DG site,96.65845280764623,82.67354221781288,97.30958781361997,98.38483796296289,97.81884707287931,96.48707561728379,93.92451339107913
GJR9857,LTE_GJR9857__S_HashmiColony,6,2G/LTE,Bronze,Macro,E.Co,C4-GRT-04,E.Co,E.Co,Non DG Site,99.70153200915968,99.8355172508818,100,100,100,99.94077932098763,99.9991288331342
GUJ9725,LTE_GUJ9725__S_AlNoorSchoolLadheWalaWarraich,6,2G/LTE,Bronze,Macro,Enfrashare,C4-GUJ-02,Enfrashare,Enfrashare,Non DG Site,99.83460274790916,98.96343143738969,99.73466746316207,99.71064814814812,100,99.59529320987652,93.27788978494617
SKT9963,LTE_SKT9963__S_QabristanJodhayWaliKhurd,6,2G/LTE,Bronze,Macro,Tawal,C4-SKT-03,Tawal,Tawal,Non DG Site,99.37238649940258,98.54952050264544,99.69422043010752,99.39602623456787,100,100,98.40240442054947
GUJ9829,LTE_GUJ9829__S_eKhidmatMarkazPITB,6,2G/LTE,Bronze,Macro,JAZZ,C4-GUJ-02,JAZZ,JAZZ,DG site,96.65378584229384,99.9857735339506,88.496241537236,96.68094135802464,93.73777255077644,94.7962962962961,94.7407034050177
RUR5403,LTE_RUR5403__S_NadalaSulehrian,6,2G/LTE,Bronze,Macro,JAZZ,C4-NRW-05,JAZZ,JAZZ,DG site,100,99.63975694444443,100,96.94135802469133,100,99.91435185185182,100
RUR5610,LTE_RUR5610__S_Harpoki,6,2G/LTE,Bronze,Macro,JAZZ,C4-GUJ-01,JAZZ,JAZZ,DG site,97.70161290322571,99.98691027336861,98.82327135603342,95.70756172839499,94.93447580645159,93.72010030864186,91.36686081242523
RUR7696,RUR7696__S_BhaggatGarahRd,6,2G/LTE,Bronze,Macro,Standby,C4-GUJ-02,Deodar,DG site,DG site,99.87081839904417,99.99286954365077,99.99757317801672,100,100,99.6692708333333,99.92794205495817
GUJ9760,GUJ9760__S_HBLGondlanwalaRd,6,2G/LTE,Bronze,Macro,Standby,C4-GUJ-02,Deodar,DG site,DG site,97.08747137594573,83.71073082010571,94.99934662485055,97.06336805555543,100,87.86168981481474,97.33982974910387
SKT9594,SKT9594__S_UBLBhoth_CMPak42641,6,2G/LTE,Bronze,Macro,OMO,C4-SKT-03,Jazz Guest/CM-PAK Host,Non DG Site,Non DG Site,98.54792040023888,98.21135774911811,98.60448402031058,99.21421682098759,98.96085349462356,99.45408950617274,99.34559811827947
SKT9950,SKT9950__S_TalwaraMughlan_CMPak42636,6,2G/LTE,Bronze,Macro,OMO,C4-SKT-03,Jazz Guest/CM-PAK Host,Non DG Site,Non DG Site,96.71221624850652,98.74865658068775,99.78625298685782,100,100,98.6714891975308,98.72647849462359
SKT8131,SKT8131__T_SarafaBazar,2,2G/LTE,General,Micro,JAZZ,C4-SKT-03,JAZZ,JAZZ,Non DG Site,100,99.20872602513225,100,100,100,100,99.99943996415767
SKT8138,SKT8138__T_MadniRestRlyRd,2,2G/LTE,General,Micro,JAZZ,C4-SKT-03,JAZZ,JAZZ,Non DG Site,100,99.98377562830686,100,100,100,99.99054783950615,97.62115442054942
RUR0435,RUR0435__S_DhalDholan,3,2G/LTE,General,Macro,OMO,C4-MBD-08,Jazz Guest/TELENOR Host,Deodar,Non DG Site,96.28192204301064,99.27496693121687,97.77087066905601,93.41930298353874,94.33461519314976,97.05748456790099,94.27811379928303
RUR4641,RUR4641__S_HumberPhalia,3,2G/LTE,General,Macro,CP Prime,C4-MBD-08,Jazz Host/CM-PAK Guest,Deodar,Non DG Site,98.49350358422936,99.97643849206347,100,99.90528549382712,99.79614695340499,99.23283179012338,99.27176672640368
RUR0732,RUR0732__S_Salemaa,3,2G/LTE,General,Macro,Standby,C4-MBD-08,Jazz Host/TELENOR+CM-PAK Guest,Deodar,DG site,99.06772700119454,99.86193783068775,99.54836220629225,98.78722993827144,99.58600906013538,95.99356995884753,91.14241089207444
RUR0736,RUR0736__S_Chemo_Shana,3,2G/LTE,General,Macro,Standby,C4-MBD-08,Jazz Host/TELENOR Guest,Deodar,DG site,99.61432198327348,99.36645723104048,98.4248058542412,95.29828960905338,99.45209826762239,99.059799382716,97.47274492234159
RUR0744,RUR0744__S_Rerkabala,3,2G/LTE,General,Macro,B2S,C4-MBD-08,Enfrashare,Enfrashare,Non DG Site,99.42054958183991,99.97767857142854,99.82421097172438,98.66415895061724,99.47873108323375,98.13914609053494,99.09255525686969
RUR1094,RUR1094__S_Badshahpur_WARID_MR2X3603,4,2G/LTE,General,Macro,Standby,C4-MBD-08,Jazz Host/CM-PAK Guest,Deodar,DG site,99.72334229390677,99.38843419312161,99.06922043010746,98.83584104938258,99.04719235364384,99.06269290123454,97.44436977299868
RUR1095,RUR1095__S_HariaPind_Zong_5806,3,2G/LTE,General,Macro,OMO,C4-MBD-08,Jazz Guest/CM-PAK Host,CM-PAK ,Non DG Site,99.97778524492233,99.57361937830679,99.50175477897248,99.84799382716048,99.4487380525686,99.0628858024691,97.47181152927111
RUR4398,RUR4398__H_MLLBagowalPindMa,3,2G/LTE,General,Macro,JAZZ,C4-MBD-08,JAZZ,Deodar,DG site,99.60965501792106,99.57155257936499,99.41793608124247,99.45100308641966,99.04196535244908,98.96752829218096,97.27218986459566
RUR4334,RUR4334__S_Mangowal_RL_RUR6920,3,2G/LTE,General,Macro,B2S,C4-MBD-08,E.Co,E.Co,DG site,99.40822879330942,99.22205687830682,99.3890008960573,99.12776491769539,99.54021057347667,99.87133487654316,97.08613351254456
KMK9727,KMK9727__S_RILLSSchoolHimalayaCampus,6,2G/LTE,General,Macro,CP Prime,C4-GUJ-01,JAZZ,Deodar,Non DG Site,98.84389934289119,97.8306878306877,99.22715053763439,99.68055555555549,95.98752986857816,91.10947145061718,94.79932048984456
RUR4325,RUR4325__S_Sidh,6,2G/LTE,General,Macro,CP Prime,C4-MBD-08,JAZZ,Deodar,Non DG Site,99.59798760454,99.99586640211639,99.7311827956989,96.63474151234566,97.51291193747504,100,98.96841397849452
GUJ8736,GUJ8736__S_BartanMarket_CMPak4769_RL_GUJ3738,9,2G/LTE,General,Macro,OMO,C4-GUJ-02,Jazz Guest/CM-PAK Host,CM-PAK,DG site,94.15577708084408,93.65788966049364,97.58508396389206,92.8876028806581,96.50278358555654,95.16340877914931,99.89346873755476
RUR7008,RUR7008__S_Solgin,6,2G/LTE,General,Macro,B2S,C4-HFZ-06,Enfrashare,Enfrashare,DG site,97.12900736758256,99.98687582671957,99.03456043408997,99.53375771604928,98.54465352449223,98.67245370370361,98.77097023098358
RUR6773,RUR6773__S_DeraSial,6,2G/LTE,General,Macro,B2S,C4-GUJ-02,Enfrashare,Enfrashare,DG site,99.10319593787337,99.98687582671957,100,99.79938271604934,99.64680406212662,99.11188271604934,99.76086469534044
KMK4527,KMK4527__S_NRSPMicrofinanceBank,6,2G/LTE,General,Macro,B2S,C4-GUJ-01,Enfrashare,Enfrashare,DG site,99.96695788530464,99.62167245370368,99.50312375547583,98.04607124485584,99.87436529271206,100,99.84066980286735
RUR8752,RUR8752__RandirBaggaira,6,2G/LTE,General,Macro,Stand by,C4-WZD-07,Stand by,,Stand by,100,99.91288442460313,99.71991985264832,94.54015560699573,98.45013191955384,96.11969521604911,97.25719334926313
SMB8086,SMB8086__S_OpenplotMorSambrialmajraRoadWarid_MR325299,20,2G/LTE,Hub,Macro,Stand by,C4-WZD-07,Stand by,,Stand by,99.99901060334523,99.98718584656082,100,100,99.87710013440858,99.99969135802466,99.85037709080045
RUR5556,RUR5556__S_Dhidowali,6,2G/LTE,General,Macro,E.Co,C4-WZD-07,E.Co,e.coPK000061PU,E.Co,99.06296669653518,99.33397404100525,100,98.45659722222217,98.29129953205887,96.38808513374472,90.30350831342055
SMB6385,SMB6385__S_NadraOffice_TPLSM001,9,2G/LTE,General,Macro,Telenor,C4-WZD-07,Telenor,LSM001,Telenor,99.90939864595778,99.98169734714871,100,100,99.65271555157307,99.87300668724278,100
RUR0510,RUR0510__S_MittranWaliWarid_MDDK1993,9,2G/LTE,Platinum,Macro,Stand by,C4-WZD-07,Stand by,,Stand by,99.70100308641972,99.94943231922392,99.92661456259125,99.7770061728395,98.95795997610507,99.96277006172838,99.77019862604539
RUR5983,RUR5983__S_Ghudiala kalan Warid_625369,9,2G/LTE,General,Macro,Stand by,C4-WZD-07,Stand by,,Stand by,100,99.99260545267488,99.97878086419752,99.97228652263374,99.92725756670649,99.91255144032917,99.96415770609316
RUR5976,RUR5976__S_Othian Warid_625367,9,2G/LTE,Platinum,Macro,CP Prime,C4-WZD-07,CP Prime,,CP Prime,99.11987256073274,99.92042824074072,99.95635868843749,99.77505572702322,99.06571502057601,97.59885116598076,99.5658477698128
RUR3419,RUR3419__SKTRohaila,9,2G/LTE,General,Macro,CP Prime,C4-WZD-07,CP Prime,,CP Prime,99.26996216646748,99.97613995443852,100,99.965963648834,98.97554924996678,99.83001114540463,99.35697514270538
RUR1087,RUR1087_Majra,6,2G/LTE,General,Macro,GLO,C4-WZD-07,GLO,,GLO,98.10474537037034,99.88508597883596,99.85009707287932,99.41830632716047,98.17017622461168,99.57272376543207,97.7371129530066
WZB9389,WZB9389__S_AnsariTown_CMPak43334,6,2G/LTE,General,Macro,CM Pak,C4-WZD-07,CM Pak,43334,CM Pak,99.48812724014336,99.2802372685184,98.78341547192352,100,99.9624775985663,99.16936728395058,99.70710125448025
SMB9283,SMB9283__S_SambrialCinema,6,2G/LTE,General,Macro,E.Co,C4-WZD-07,E.Co,e.coPK019733PU,E.Co,98.38566557148535,99.60992614638442,100,97.83101851851846,91.65748830147315,91.05147247942367,99.48084677419355
DSK9367,DSK9367__S_Younasabad,9,2G/LTE,Platinum,Macro,E.Co,C4-WZD-07,E.Co,E.coPK018309PU,E.Co,93.68659149741116,96.05558311287459,94.77063420947815,97.87980109739364,96.90459893136853,97.24290552126192,96.8642970927914
RUR8422,RUR8422__S_MaloMeh,6,2G/LTE,General,Macro,E.Co,C4-WZD-07,E.Co,e.coPK000991PU,E.Co,93.86110488849029,96.31882440476166,96.63163331342061,99.00954861111104,98.98540173237737,98.47260802469121,97.8300477897251
RUR8581,RUR8581__S_Kanwalit,6,2G/LTE,General,Macro,ATL,C4-WZD-07,ATL,ATSLK5,ATL,93.03523869972106,99.98677248677247,99.62141577060929,99.35956790123457,98.32368827160491,98.00009645061719,92.98234642572649
RUR1190,RUR1190__S_GhalotianMor,6,2G/LTE,General,Macro,E.Co,C4-WZD-07,E.Co,e.coPK019950PU,E.Co,96.08780739745117,99.98677248677247,99.815188172043,99.61574074074069,99.55424258263639,100,99.09479540023894
HWY1001,HWY1001__S_KotKhizri,6,2G/LTE,General,Macro,Enfrashare,C4-WZD-07,Enfrashare,EC1-WZD-09617,Enfrashare,96.01067801672627,98.53839423500877,99.1707424830744,99.3383487654321,98.64822904221418,99.69463734567896,98.37885180207077
RUR2886,RUR2886__S_Kheuewali,6,2G/LTE,General,Macro,Enfrashare,C4-WZD-07,Enfrashare,EC1-WZD-09683,Enfrashare,95.55088859020304,99.77761243386239,99.59696087216241,98.98591820987653,98.80805704898437,99.2864583333333,89.11725906013524
RUR0186,RUR0186__S_HEAD_BOMBANWALAWarid_MDDK1610,12,2G/LTE,Platinum,Macro,CP Prime,C4-WZD-07,CP Prime,,CP Prime,99.9834789426522,99.57828689925043,99.28304522600544,97.93510480967046,99.98097433791295,99.71230388374457,98.98874639087977
HWY0367,HWY0367__JasarwalNEW,20,2G/LTE,Hub,Macro,Stand by,C4-WZD-07,Stand by,,Stand by,99.95459042712062,99.91519923941796,100,99.964168595679,99.76848118279568,99.90942322530864,99.47785058243716
SMB4149,SMB4149__S_MalkhanwalaWarid_MDSK5094,6,2G/LTE,General,Macro,Telenor,C4-WZD-07,Telenor,LMH001,Telenor,100,99.98449900793649,100,100,99.0653312923138,99.9866898148148,100
RUR4494,RUR4494__WaraichRiceMillGlot,9,2G/LTE,Platinum,Macro,Stand by,C4-WZD-07,Stand by,,Stand by,97.28212531527923,99.20072292034085,98.86810533651918,97.63944615912182,98.78248207885287,98.2950960219476,98.83201413779358
RUR0192,RUR0192__S_KandanSianWarid_MDDK7678,6,2G/LTE,General,Macro,Telenor,C4-WZD-07,Telenor,LWZ004,Telenor,100,99.98274222883596,99.38187599561925,100,99.79278673835118,100,100
RRC0004,RRC0004__S_Pindian_Bhanoke_Ufone7797,6,2G/LTE,General,Macro,Ufone,C4-WZD-07,Ufone,7797,Ufone,,99.98697916666664,99.80193399044204,97.84571116255137,97.6850296196734,100,99.93391577060929
WZB8294,WZB8294_S_Usmanmarriagehall,6,2G/LTE,General,Macro,ATL,C4-WZD-07,ATL,ATWZR01,ATL,,99.98367228835978,100,83.4645383230451,95.48567552767808,97.00800540123444,100
RUR7515,RUR7515__S_Raipur,6,2G/LTE,General,Macro,E.Co,C4-WZD-07,E.Co,e.coPK016275PU,E.Co,,99.77247988315693,95.52830047789713,89.01665380658405,99.5086618876941,97.11381172839496,99.69459378733568
WZB8260,WZB8260__S_ThathaFaqirullah_CMPak7179,6,2G/LTE,General,Macro,CM Pak,C4-WZD-07,CM Pak,7179,CM Pak,,98.63219246031743,98.64517995818395,97.3405671296296,98.84865964755075,97.69238683127566,98.76325418160091
SMB8296,SMB8296__S_Amrikpura_CMPak44388,6,2G/LTE,General,Macro,CM Pak,C4-WZD-07,CM Pak,44388,CM Pak,,99.98584242724868,99.97968314416565,100,99.70262096774194,96.18106995884767,99.68899342891278
RUR7606,RUR7606_S_Kakakolo,6,2G/LTE,General,Macro,ENFRA-,C4-WZD-07,ENFRA-,9977,ENFRA-,,99.98449900793649,99.33635752688171,99.62020961934152,99.0834080047789,99.90586419753085,98.88664874551964
TDA8306,TDA8306__S_Mota_CMPak41202,6,2G/LTE,General,Macro,CM Pak,C4-GRT-04,CM Pak,41202,CM Pak,,99.97974537037035,100,99.48064557613166,99.98973267622462,100,99.27830047789722
JPJ8263,JPJ8263__S_DarbarPirAhmad_CMPak43008,6,2G/LTE,General,Macro,CM Pak,C4-GRT-04,CM Pak,CMPak_43008,CM Pak,,98.32981977513222,100,100,100,99.61188271604934,64.28352747909189
GUJ8284,GUJ8284_S_jamiamasjid muhalla Quaid-e-azam,6,2G/LTE,General,Macro,E.Co,C4-GUJ-01,E.Co,e.coPK015525PU,E.Co,,96.84386022927666,98.24270086618876,97.01781121399169,99.86577807646354,97.88734567901218,98.20399616686575
GUJ8279,GUJ8279_S_NowshehrasansiGraveyard,6,2G/LTE,General,Macro,E.Co,C4-GUJ-01,E.Co,e.coPK020181PU,E.Co,,99.98604910714286,96.61912584627632,99.72524434156372,98.62377414376739,99.98283179012343,99.82834901433682
GUJ8287,GUJ8287_S_Usmancolony,6,2G/LTE,General,Macro,E.Co,C4-GUJ-01,E.Co,e.coPK015632PU,E.Co,,98.51066468253951,99.80971226602941,94.33519804526726,99.86521804062126,99.4165059156378,99.94016950418154
KMK8278,KMK8278_S_Kassuki,6,2G/LTE,General,Macro,E.Co,C4-GUJ-01,E.Co,e.coPK020221PU,E.Co,,98.31435322971772,98.97504106929503,99.08285108024687,99.19622411389881,98.06712962962959,95.78333457785736
KMK8290,KMK8290__S_JamiaMasjidAkbari,6,2G/LTE,General,Macro,E.Co,C4-GUJ-01,E.Co,e.coPK020180PU,E.Co,,98.36361193783057,99.41177568697726,97.53935185185179,99.171240292712,98.94116512345671,99.13605137395453
RUR7589,RUR7589__S_KhanPiaraEminabadRd,6,2G/LTE,General,Macro,Enfrashare,C4-GUJ-01,Enfrashare,EC1-GUJ-09974 ,Enfrashare,,99.30855241402102,97.75195390282745,94.51967592592584,98.06772077857416,97.53677983539075,95.2152404420548
RRC0016,RRC0016_S_Bhundri,6,2G/LTE,General,Macro,ATL-,C4-GUJ-01,ATL-,ATMDK8,ATL-,,99.98639357363314,99.475993130227,98.65547839506169,99.99271953405015,95.76986882716041,92.1843264635602
GUJ9940,GUJ9940__S_GovtGirlsDegreeCollegeTariqAbad,6,2G/LTE,General,Macro,E.Co-,C4-GUJ-01,E.Co-,e.coPK015524PU,E.Co-,,98.99532903439146,98.0224201015531,94.67589377572,100,97.88213734567897,93.04790173237735
GUJ8289,GUJ8289__S_CocaCola WearHosue,6,2G/LTE,General,Macro,E.Co,C4-GUJ-02,E.Co,e.coPK016311PU,E.Co,,99.85491071428568,97.67547789725201,96.03108924897114,97.67566457586614,97.19376929012338,96.26017398446825
GUJ8280,GUJ8280__S_GulshanEIyazTown,6,2G/LTE,General,Macro,E.Co,C4-GUJ-02,E.Co,e.coPK020182PU,E.Co,,98.7954351300705,100,96.95852623456783,97.02359617682185,95.40268132716037,96.45326189765017
Guj8283,GUJ8283__S_RuryalaWarriach,6,2G/LTE,General,Macro,E.Co,C4-GUJ-02,E.Co,e.coPK017041PU,E.Co,,99.32140101410933,100,98.28279320987653,90.83859144763,92.00360082304482,91.3355299183589
GUJ9945,GUJ9945_S_AlBadarTown,6,2G/LTE,General,Macro,Tawal-,C4-GUJ-02,Tawal-,TWPGRW0030,Tawal-,,99.85807980599644,100,96.52012602880647,97.30887221226594,93.4185956790123,96.80966248506556
GUJ8282,GUJ8282_GulshanColonyGround,6,2G/LTE,General,Macro,E.Co-,C4-GUJ-02,E.Co-,e.coPK016357PU,E.Co-,,99.40300512566134,98.77629057148542,100,100,97.79057355967073,99.9998133213859
RUR7159,RUR7159_S_PTCL EXCHANGE LOUDHARY ROAD,6,2G/LTE,General,Macro,ATL,C4-HFZ-06,ATL,ATP-BT3,ATL,,99.17369378306873,99.56037186379926,92.52965856481465,94.26560633213845,95.81520061728384,98.41544858870965
RRC0003,RRC0003__S_ChhapanwaliLahoreSargodhaRd,6,2G/LTE,General,Macro,E.Co,C4-HFZ-06,E.Co,e.coPK020177PU,E.Co,,98.52688905423263,98.17306974313013,98.82581018518518,97.92341820987646,99.28751929012341,97.46039302070866
HFZ9986,HFZ9986__S_Qadirabad,6,2G/LTE,General,Macro,E.Co,C4-HFZ-06,E.Co,e.coPK020223PU,E.Co,,99.14431079144615,100,98.28780864197523,96.50506521306244,89.74720293209859,94.75846898645946
HFZ8274,HFZ8274__S_TheBestKnowledgeSchool,6,2G/LTE,General,Macro,E.Co,C4-HFZ-06,E.Co,e.coPK020174PU,E.Co,,97.05574156746017,98.28756595977676,93.91843492798343,100,96.0950360082304,97.20448775388283
MBN8249,MBN8249__S_ArshadTown,6,2G/LTE,General,Macro,Enfrashare,C4-MBD-08,Enfrashare,EC1-MBD-04022,Enfrashare,,99.17369378306871,99.38564068100352,100,100,97.66531635802463,99.11850358422936
NRW9954,NRW9954__S_GovtDegreeCollegeGround,6,2G/LTE,General,Macro,Ufone,C4-NRW-05,Ufone,0,Ufone,,99.02116402116401,99.2689043209876,96.00588348765422,99.6766726403823,98.44656635802467,100
SKG8293,SKG8293_S_AsadAutosNoorkotRoad,6,2G/LTE,General,Macro,Tawal-,C4-NRW-05,Tawal-,TWPNRW0012,Tawal-,,99.95742394179892,96.02965700915962,99.67438271604934,99.85420400238941,95.17859439300402,99.78811977299881
RRC0011,RRC0011S_Baherikhurd,6,2G/LTE,General,Macro,ENFRA-,C4-NRW-05,ENFRA-,EC1-NRW-10061,ENFRA-,,99.21361744929445,98.6435931899641,98.16534850823037,94.84312773795287,94.21797839506162,97.456317204301
RRC0010,RRC0010__S_FatehpurAfghanan,6,2G/LTE,General,Macro,ENFRA-,C4-NRW-05,ENFRA-,EC1-SKG-10059,ENFRA-,,98.6816234016754,97.57887171445628,98.35284850823037,96.5839680406212,99.68730709876537,98.98894862604539
NRW9985,NRW9985__S_SocialSecurityMedicalCenter,6,2G/LTE,General,Macro,E.Co-,C4-NRW-05,E.Co-,e.coPK020150PU,E.Co-,,99.42222635582007,99.19889984070085,98.63368055555534,98.05007964954186,97.75800540123447,97.30790770609308
NRW9932,NRW9932__S_LibertyRoundabout,6,2G/LTE,General,Macro,E.Co-,C4-NRW-05,E.Co-,e.coPK016356PU,E.Co-,,98.26898699294523,98.44496714456388,95.45659722222199,97.55058990442045,89.43534593621366,96.09452782755861
SKT8312,SKT8312__S_JamiyaMAsjisMuqadas,6,2G/LTE,General,Macro,CM Pak,C4-SKT-03,CM Pak,0,CM Pak,,99.67923280423277,100,92.75051440329209,98.87096774193549,88.9234182098764,91.2005301672637
SKT8295,SKT8295__S_Harrar_CMPak42561,6,2G/LTE,General,Macro,CM Pak,C4-SKT-03,CM Pak,42561,CM Pak,,99.99565972222217,100,91.44155092592574,96.56231332138583,96.09066358024687,99.89813570290714
SKT9953,SKT9953__S_GulshanEIqbalPark_CMPak7175,6,2G/LTE,General,Macro,CM Pak,C4-SKT-03,CM Pak,7175,CM Pak,,98.77511160714279,99.77187873357225,99.9862397119341,100,100,54.11750796495403
SKT9995,SKT9995__S_RiazStEminabadRd,6,2G/LTE,General,Macro,E.Co,C4-SKT-03,E.Co,e.coPK020179PU,E.Co,,98.3190035273366,97.24509035244894,95.23431069958839,97.14773745519713,100,99.9997510951812
DHW9861,DHW9861 S_Kaimpura,6,2G/LTE,General,Macro,ATL-,C4-SKT-03,ATL-,ATSLK10,ATL-,,91.1855847663137,93.97625448028649,97.5337577160493,95.92947281959366,97.80652006172838,98.3841099163679
DSK7614,DSK7614__S_BarkatMarket,6,2G/LTE,General,Macro,B2S,C4-WZD-07,ENFRA-,EC1-DSK-09961,ENFRA-,,,99.24525836320181,96.90978652263354,99.18962813620067,100,98.69362305854236
RRC0020,RRC0020__S_NearWazirKeChatha,6,2G/LTE,General,Macro,B2S,C4-HFZ-06,ENFRA-,EC1-APC-10081,ENFRA-,,,99.04756571087214,99.10995370370361,99.36995967741933,96.86750900205753,99.95538381123058
GUJ9923,GUJ9923__S_GraveyardKhiyaliNorth,6,2G/LTE,General,Macro,B2S,C4-GUJ-01,ENFRA-,EC1-GUJ-10194,ENFRA-,,,99.721226602947,97.34201388888887,99.69347371565114,100,99.51258213859013
RRC0024,RRC0024__S_MakkahRiceMillsHafizabadRd,6,2G/LTE,General,Macro,B2S,C4-HFZ-06,ENFRA-,EC1-HFZ-10114,ENFRA-,,,98.92547789725205,97.41824202674887,96.29032258064508,92.389660493827,91.6605062724013
KTN9837,KTN9837__S_Gug,6,2G/LTE,General,Macro,B2S,C4-NRW-05,ATL,ATNRW7,ATL,,,96.99428763440845,99.11612654320983,99.91319444444441,98.7131558641974,97.42551523297483
SKT9812,SKT9812__S_HunterPura,6,2G/LTE,General,Macro,B2S,C4-SKT-03,Tawal,TWPSKT0005,Tawal,,,100,99.98881172839505,99.87249850657106,99.5395447530864,99.9998133213859
RUR7431,RUR7431__S_AddaLadharGhumman,6,2G/LTE,General,Macro,B2S,C4-SKT-03,ENFRA-,EC1-SKT-06359,ENFRA-,,,99.95224138789321,99.87094907407408,99.76469160692947,99.97868441358023,99.3468115292711
GUJ9871,GUJ9871__S_Rehmanabad_CMPak42627,6,2G/LTE,General,Macro,OMO,C4-GUJ-02,ZONG-,42627,ZONG-,,,99.90460722819593,100,100,89.80767746913574,85.98547640382304
RRC0005,RRC0005__S_Baghanwala_CMPak40859,6,2G/LTE,General,Macro,OMO,C4-MBD-08,ZONG-,40859,ZONG-,,,97.80450393269604,100,99.92924880525688,97.42901234567897,95.91080495818395
RRC0032,RRC0032__S_NuranghaAbad,6,2G/LTE,General,Macro,B2S,C4-NRW-05,ENFRA-,EC1-SKG-10132,ENFRA-,,,97.15595131421736,96.83105066872423,91.67335598367173,97.6573431069958,96.94201762246111
RRC0049,RRC0049__S_SherGarhHospital,6,2G/LTE,General,Macro,B2S,C4-GRT-04,Tawal-,TWPGJR0006,Tawal-,,,96.2643742532855,99.98688271604937,99.96863799283152,100,99.35259856630819
RRC0058,RRC0058__S_Pindkalu,6,2G/LTE,General,Macro,B2S,C4-MBD-08,E.Co-,e.coPK010B2PU,E.Co-,,,95.20487977897223,96.3034336419752,97.51717443249694,97.26639660493824,96.3758213859019
GUJ9099,GUJ9099__S_GhosiaFlyoverGMagnliaPark,6,2G/LTE,General,Macro,B2S,C4-GUJ-01,Tawal-,TWPGRWDD13,Tawal-,,,98.30931899641577,100,100,100,100
KNJ9613,KNJ9613_S_ShabbirshareefHospitalKunja,6,2G/LTE,General,Macro,e.coPK020374PU,C4-GRT-04,E.Co,e.coPK020374PU,,,,,99.9054783950617,99.87249850657106,92.83886316872415,94.33763316407781
RRC0061,RRC0061_S_Loroy,6,2G/LTE,General,Macro,EC1-10141,C4-GRT-04,Enfrashare,EC1-10141,,,,,98.9990997942386,99.12192602548785,98.90647505144028,99.4890606332138
GJR9523,0,6,2G/LTE,General,Macro,CM-PAK43336,C4-GRT-04,ZONG-,CM-PAK43336,,,,,,,100,100
GJR9530,GJR9530__S_Rescue1122Gujrat,6,2G/LTE,General,Macro,e.coPK016329PU,C4-GRT-04,E.Co,e.coPK016329PU,,,,,,,98.5414673353909,81.28842468140164
RRC0052,RRC0052__S_HelipadGroundCitiHousing,6,2G/LTE,General,Macro,EC1-GUJ-10216,C4-GUJ-01,Enfrashare,EC1-GUJ-10216,,,,,99.83468364197527,100,100,99.38433393070488
KMK9793,KMK9793__S_TankiWalaRd,6,2G/LTE,General,Macro,EC1-KMK-10150,C4-GUJ-01,Enfrashare,EC1-KMK-10150,,,,,,,95.03641010802454,98.94115890083623
GUJ9699,GUJ9699__S_GhosiaFlyoverGMagnoliaPark,6,2G/LTE,General,Macro,TWPGRW0013,C4-GUJ-01,Tawal-,TWPGRW0013,,,,,,,99.90837191358023,99.43417712066905
GUJ9596,GUJ9596__S_FunDunyaAmusementPark,6,2G/LTE,General,Macro,EC1-GUJ-03649,C4-GUJ-02,Enfrashare,EC1-GUJ-03649,,,,,98.65200617283946,98.38345654121851,97.59741512345666,98.04808841099154
KQD9824,KQD9824_S_PTCLExchange,6,2G/LTE,General,Macro,e.coPK020266PU,C4-HFZ-06,E.Co,e.coPK020266PU,,,,,96.4935378086419,92.01650238948594,93.0729166666665,95.46066059338895
RRC0038,RRC0038_S_BhoonKalan,6,2G/LTE,General,Macro,TWPHFD0002,C4-HFZ-06,Tawal,TWPHFD0002,,,,,98.24112654320979,99.65035095579444,92.04195601851843,97.65363649940255
RUR7135,RUR7135__S_Mailowal,6,2G/LTE,General,Macro,ATBHR4,C4-MBD-08,ATL-,ATBHR4,,,,,,,99.975887345679,100
SKG9719,SKG9719_S_SairaMumtaz Memorial Hospital,6,2G/LTE,General,Macro,TWPNRW0011,C4-NRW-05,Tawal,TWPNRW0011,,,,,99.9866898148148,98.7808953106332,88.79745370370351,93.40386673635997
RRC0044,RRC0044__S_ChanniBarmna,6,2G/LTE,General,Macro,e.coPK020304PU,C4-NRW-05,E.Co,e.coPK020304PU,,,,,96.40624999999996,99.59509408602148,96.76658950617276,95.8321821485463
RRC0045,RRC0045__S_Chahla,6,2G/LTE,General,Macro,EC1-SKG-10068,C4-NRW-05,Enfrashare,EC1-SKG-10068,,,,,99.82349537037038,95.79226403823164,98.19875257201632,98.89439590800471
RRC0050,RRC0050__S_BhutaRawal,6,2G/LTE,General,Macro,e.coPK020343PU,C4-NRW-05,E.Co,e.coPK020343PU,,,,,96.46865354938262,96.05868553365181,92.3475758744853,96.45425751692545
RRC0063,RRC0063__S_GovtBoysHighSchoolTalwandiBhindran,6,2G/LTE,General,Macro,EC1-NRW-01795,C4-NRW-05,Enfrashare,EC1-NRW-01795,,,,,99.90856481481477,98.32157258064505,96.47196502057604,97.46711345081624
RRC0064,RRC0064_S_chak Qazian,6,2G/LTE,General,Macro,EC1-SKG-10275,C4-NRW-05,Enfrashare,EC1-SKG-10275,,,,,,,95.6556712962962,98.75591148944639
RRC0073,RRCD073_5_ChaoraGujran,6,2G/LTE,General,Macro,TWPNRW0013,C4-NRW-05,Tawal-,TWPNRW0013,,,,,,,99.25871270576123,93.4923835125447
RRC0095,RRC0095__S_Jabal,6,2G/LTE,General,Macro,EC1-SKG-10366,C4-NRW-05,ENFRA-,EC1-SKG-10366,,,,,,,98.53491512345674,98.46603071485453
RRC0021,RRC0021__S_KothaRahmatKhan,6,2G/LTE,General,Macro,EC1-SKT-06554,C4-SKT-03,Enfrashare,EC1-SKT-06554,,,,,97.38602752057609,97.58288530465946,98.4606481481481,96.64283403026671
RRC0054,RRC0054__S_KotHarrar,6,2G/LTE,General,Macro,EC1-SKT-10110,C4-SKT-03,Enfrashare,EC1-SKT-10110,,,,,,,98.98847415123448,97.99843189964143
SKT9593,SKT9593__S_AllahMalakFamilyRestaurant_Ufone3420,6,2G/LTE,General,Macro,3420,C4-SKT-03,Ufone-,3420,,,,,,,82.34982638888877,99.66285842293904
SKT9535,SKT9535__S_SulemanSweetsAndBakers,6,2G/LTE,General,Macro,EC1-SKT-1035,C4-SKT-03,ENFRA-,EC1-SKT-1035,,,,,,,98.5027970679012,100
FTP8308,FTP8308_S_GPSMatharabad_TPLFP001,6,2G/LTE,General,Macro,LFP001,C4-GRT-04,Telenor,LFP001,,,,,100,99.61842891278374,100,98.1436678614097
RRC0055,RRC0055__S_Jandala,6,2G/LTE,General,Macro,EC1-LLM-10232,C4-GRT-04,Enfrashare,EC1-LLM-10232,,,,,98.33005401234563,99.35857228195933,99.1824845679012,100
RRC0009,RRC0009__S_Kassoki,6,2G/LTE,General,Macro,EC1-GUT-10089,C4-GRT-04,Enfrashare,EC1-GUT-10089,,,,,99.53260030864186,99.23545773596176,100,99.54319743130226
RRC7589,,6,2G/LTE,General,Macro,EC1-GUJ-09974,C4-GUJ-01,Enfrashare,,,,,,,,100,100
LLM9549,,6,2G/LTE,General,Macro,EC1-LLM-03004,C4-GRT-04,Enfrashare,,,,,,,,100,100
GUJ9533,GUJ9533__S_TaekwondoKarateAcademy_CMPak43038,6,2G/LTE,General,Macro,CMPAK-43038,C4-GUJ-01,CM Pak,,,,,,,,100,100
RRC0096,RRC0096__S_ChakGamrolla,6,2G/LTE,General,Macro,ATNRW9,C4-NRW-05,ATL,,,,,,,,100,100
SOH9575,SOH9575__S_Talwara,6,2G/LTE,General,Macro,ATWZR02,C4-WZD-07,ATL,,,,,,,,100,100
RRC0074,RRC0074__S_Kopra,6,2G/LTE,General,Macro,ATSLK27,C4-WZD-07,ATL,,,,,,,,100,100
RRC0106,LTE_RRC0106__S_DaulatNagar,6,2G/LTE,General,Macro,EC1-GUT-04555,C4-GRT-04,Enfrashare,,,,,,,,100,100
RRC0104,RRC0104__S_KotBhawaniDas,6,2G/LTE,General,Macro,ATGJ20,C4-HFZ-06,ATL,,,,,,,,100,100
