Site Code,Site Name,Cells,New MBU,Priority,DG Rating,OMO,OMO Host Name,Host ID,2026-08-01 00:00:00,2026-08-02 00:00:00,2026-08-03 00:00:00,2026-08-04 00:00:00,2026-08-05 00:00:00,2026-08-06 00:00:00,2026-08-07 00:00:00,2026-08-08 00:00:00,2026-08-09 00:00:00,2026-08-10 00:00:00,2026-08-11 00:00:00,2026-08-12 00:00:00,2026-08-13 00:00:00,2026-08-14 00:00:00,2026-08-15 00:00:00,2026-08-16 00:00:00,2026-08-17 00:00:00,2026-08-18 00:00:00,2026-08-19 00:00:00,2026-08-20 00:00:00,2026-08-21 00:00:00,2026-08-22 00:00:00,2026-08-23 00:00:00,2026-08-24 00:00:00,2026-08-25 00:00:00,2026-08-26 00:00:00,2026-08-27 00:00:00,2026-08-28 00:00:00,2026-08-29 00:00:00,2026-08-30 00:00:00,2026-08-31 00:00:00,TDT,T-Fuel,Occurrence ,Total NAR,1st,2nd,3rd,4th,5th,6th,7th,8th,9th,10th,11th,12th,13th,14th,15th,16th,17th,18th,19th,20th,21st,22nd,23rd,24th,25th,26th,27th,28th,29th,30th,31st,Fuel Total,MBU,OMO Host Name,Host ID,Type
KMK5618,KMK5618__S_PakTown_CMPak40683,3,C4-GUJ-01,Elite,,OMO,CMPak,Zong | 40683,,53.41666666666666,45.33333333333333,135,,,105.41666666666667,156.75,,68.58333333333331,85.16666666666667,,567.15,,,160.33333333333331,,389.9,2885.6166666666663,537,,,,,,,,,,,,5189.666666666666,,12,0.939934413580247,28046.349999999995,28907.483333333323,29947.399999999994,21038.53333333333,27157.233333333344,36100.56666666668,32910.850000000006,18900.216666666664,16157.333333333336,23390.2,20112.26666666666,17934.683333333334,23331.583333333336,17603.583333333332,15310.583333333336,23890.666666666668,42937.78333333333,28522.01666666667,36515.650000000016,40095.18333333334,0,0,0,0,0,0,0,0,0,0,0,0,C4-GUJ-01,CMPAK,Zong | 40683,Macro
RUR9475,RUR9475__S_Jalphanwali_Sialkot_MDSK4859,3,C4-SKT-03,Platinum,,,GLO,,,,,,,,,1768.9666666666667,,,,,,776.5,2141.833333333333,,247.91666666666666,220.83333333333331,522.5000000000001,,,,,,,,,,,,,5678.549999999999,,6,0.9342760416666667,25409.183333333334,27050.466666666664,29322.38333333333,24979.799999999996,28177.56666666666,28696.116666666665,14469.016666666668,17927.96666666667,12216.933333333332,13373.666666666666,17598.149999999998,18424.466666666664,20760.149999999998,11901.583333333334,20600.199999999997,22501.166666666664,21308.53333333333,18479.983333333337,31927.183333333323,32526.84999999999,0,0,0,0,0,0,0,0,0,0,0,0,C4-SKT-03,,,Macro
GUJ5712,GUJ35712__S_KohloWala,3,C4-GUJ-01,Elite,,B2S,Enfrashare,EC1-GUJ-02524,,,830.0833333333334,,,461.0000000000001,,,,48.500000000000014,,,,,,,1020,,,,,,,,,,,,,,,2359.5833333333335,,4,0.9726900077160494,28046.349999999995,28907.483333333323,29947.399999999994,21038.53333333333,27157.233333333344,36100.56666666668,32910.850000000006,18900.216666666664,16157.333333333336,23390.2,20112.26666666666,17934.683333333334,23331.583333333336,17603.583333333332,15310.583333333336,23890.666666666668,42937.78333333333,28522.01666666667,36515.650000000016,40095.18333333334,0,0,0,0,0,0,0,0,0,0,0,0,C4-GUJ-01,,,Macro
RUR5141,RUR5141__S_Tharo Mandi stop Warid_MR1B2726,4,C4-NRW-05,Elite,27,,,,140.08333333333334,230.58333333333334,,,,,,42.33333333333332,,524.5333333333334,,,,448.0333333333333,34.08333333333333,32.083333333333336,805.0999999999999,,26.833333333333332,,,,,,,,,,,,,2283.6666666666665,,9,0.9801765046296296,28046.349999999995,28907.483333333323,29947.399999999994,21038.53333333333,27157.233333333344,36100.56666666668,32910.850000000006,18900.216666666664,16157.333333333336,23390.2,20112.26666666666,17934.683333333334,23331.583333333336,17603.583333333332,15310.583333333336,23890.666666666668,42937.78333333333,28522.01666666667,36515.650000000016,40095.18333333334,0,0,0,0,0,0,0,0,0,0,0,0,C4-NRW-05,,,Macro
GUJ6093,GUJ6093__S_IftikharColony_CMPak42918,3,C4-HFZ-06,Platinum,,OMO,CMPak,CMPak42918,379.4000000000001,612.4166666666666,1476.4166666666663,68.33333333333333,497.3166666666667,434.8333333333335,141.66666666666663,408.16666666666663,82.50000000000001,113.91666666666667,29.750000000000004,191.48333333333335,231.66666666666666,215.24999999999997,320.25,514.2833333333332,1697.5833333333333,521.5833333333331,203.0166666666667,563.5166666666665,,,,,,,,,,,,8703.35,,20,0.8992667824074074,25409.183333333334,27050.466666666664,29322.38333333333,24979.799999999996,28177.56666666666,28696.116666666665,14469.016666666668,17927.96666666667,12216.933333333332,13373.666666666666,17598.149999999998,18424.466666666664,20760.149999999998,11901.583333333334,20600.199999999997,22501.166666666664,21308.53333333333,18479.983333333337,31927.183333333323,32526.84999999999,0,0,0,0,0,0,0,0,0,0,0,0,C4-HFZ-06,,,Macro
SKT1608,SKT1608__S_Pasroor Road_MDSK4183,3,C4-SKT-03,Elite,30,,,,,,,,466.41666666666674,,,185.50000000000006,,,,,205,,,,,,541.9999999999998,,,,,,,,,,,,,1398.9166666666665,,4,0.9838088348765431,28046.349999999995,28907.483333333323,29947.399999999994,21038.53333333333,27157.233333333344,36100.56666666668,32910.850000000006,18900.216666666664,16157.333333333336,23390.2,20112.26666666666,17934.683333333334,23331.583333333336,17603.583333333332,15310.583333333336,23890.666666666668,42937.78333333333,28522.01666666667,36515.650000000016,40095.18333333334,0,0,0,0,0,0,0,0,0,0,0,0,C4-SKT-03,,,Macro
HWY3950,HWY3950__SKTAwanSports,3,C4-SKT-03,Elite,30,,,,271.5833333333333,130.24999999999997,,,26.333333333333336,21.833333333333332,,,,18.5,,,,,107.49999999999999,29.45,,,,590.7500000000001,,,,,,,,,,,,1196.2,,8,0.9861550925925926,28046.349999999995,28907.483333333323,29947.399999999994,21038.53333333333,27157.233333333344,36100.56666666668,32910.850000000006,18900.216666666664,16157.333333333336,23390.2,20112.26666666666,17934.683333333334,23331.583333333336,17603.583333333332,15310.583333333336,23890.666666666668,42937.78333333333,28522.01666666667,36515.650000000016,40095.18333333334,0,0,0,0,0,0,0,0,0,0,0,0,C4-SKT-03,,,Macro
GUJ5900,GUJ5900_H_Mubarak Colony Gujranwala,3,C4-GUJ-01,Platinum,,B2S,E.co,e.coPK019561PU,,,,,,43.41666666666667,,,,,18.25,,,,,24.583333333333332,,,,,,,,,,,,,,,,86.25,,3,0.9990017361111111,25409.183333333334,27050.466666666664,29322.38333333333,24979.799999999996,28177.56666666666,28696.116666666665,14469.016666666668,17927.96666666667,12216.933333333332,13373.666666666666,17598.149999999998,18424.466666666664,20760.149999999998,11901.583333333334,20600.199999999997,22501.166666666664,21308.53333333333,18479.983333333337,31927.183333333323,32526.84999999999,0,0,0,0,0,0,0,0,0,0,0,0,C4-GUJ-01,,,Macro
RUR9467,RUR9467__S_MACHI_KHOKAR_MR1R3580,3,C4-SKT-03,Elite,20,,,,,,,,,,,,,,,,,,,,37.75,,,,,,,,,,,,,,,37.75,,1,0.9995630787037036,28046.349999999995,28907.483333333323,29947.399999999994,21038.53333333333,27157.233333333344,36100.56666666668,32910.850000000006,18900.216666666664,16157.333333333336,23390.2,20112.26666666666,17934.683333333334,23331.583333333336,17603.583333333332,15310.583333333336,23890.666666666668,42937.78333333333,28522.01666666667,36515.650000000016,40095.18333333334,0,0,0,0,0,0,0,0,0,0,0,0,C4-SKT-03,,,Macro
GUJ5444,GUJ5444__S_SehansraGoraya,3,C4-GUJ-01,Elite,,B2S,E.Co,e.coPK017911PU,1973.083333333333,813.7166666666667,278.25,123.08333333333333,187.83333333333331,57.06666666666668,374.40000000000003,,48.66666666666667,163.00000000000003,313.8333333333333,194.16666666666666,436.8666666666667,,168.91666666666666,350.1666666666667,159.74999999999997,121.25,82.41666666666666,137.41666666666669,,,,,,,,,,,,5983.883333333335,,18,0.9307420910493827,28046.349999999995,28907.483333333323,29947.399999999994,21038.53333333333,27157.233333333344,36100.56666666668,32910.850000000006,18900.216666666664,16157.333333333336,23390.2,20112.26666666666,17934.683333333334,23331.583333333336,17603.583333333332,15310.583333333336,23890.666666666668,42937.78333333333,28522.01666666667,36515.650000000016,40095.18333333334,0,0,0,0,0,0,0,0,0,0,0,0,C4-GUJ-01,,,Macro
GUJ9430,GUJ9430__S_Nusrat Colony Warid_MDGJ4642,3,C4-HFZ-06,Elite,,OMO,Ufone,3904,,,535.3833333333333,,,2773.3500000000004,4310.033333333333,2284.333333333333,,,,,,,,1816.7499999999995,2561.283333333333,,,6.833333333333333,,,,,,,,,,,,14287.966666666665,,7,0.8346300154320988,28046.349999999995,28907.483333333323,29947.399999999994,21038.53333333333,27157.233333333344,36100.56666666668,32910.850000000006,18900.216666666664,16157.333333333336,23390.2,20112.26666666666,17934.683333333334,23331.583333333336,17603.583333333332,15310.583333333336,23890.666666666668,42937.78333333333,28522.01666666667,36515.650000000016,40095.18333333334,0,0,0,0,0,0,0,0,0,0,0,0,C4-HFZ-06,Ufone,Ufone 3904,Macro
GUJ5783,GUJ5783__S_RajKot,3,C4-GUJ-02,Elite,,B2S,Enfrashare,EC1-SKT-02154,,,,,,,,,,,,,,,,,,,,,,,,,,,,,,,,0,,0,1,28046.349999999995,28907.483333333323,29947.399999999994,21038.53333333333,27157.233333333344,36100.56666666668,32910.850000000006,18900.216666666664,16157.333333333336,23390.2,20112.26666666666,17934.683333333334,23331.583333333336,17603.583333333332,15310.583333333336,23890.666666666668,42937.78333333333,28522.01666666667,36515.650000000016,40095.18333333334,0,0,0,0,0,0,0,0,0,0,0,0,C4-GUJ-02,,,Macro
RUR6962,RUR6962__PostOffice_AC,3,C4-NRW-05,Platinum,,,GLO,,52.74999999999999,53.25,26.500000000000004,39.083333333333336,26.500000000000004,931.416666666667,536.8,225.8166666666666,52.166666666666664,13.333333333333334,65.5,,,,,,,,,,,,,,,,,,,,,2023.1166666666668,,11,0.9765842978395063,25409.183333333334,27050.466666666664,29322.38333333333,24979.799999999996,28177.56666666666,28696.116666666665,14469.016666666668,17927.96666666667,12216.933333333332,13373.666666666666,17598.149999999998,18424.466666666664,20760.149999999998,11901.583333333334,20600.199999999997,22501.166666666664,21308.53333333333,18479.983333333337,31927.183333333323,32526.84999999999,0,0,0,0,0,0,0,0,0,0,0,0,C4-NRW-05,,,Macro
SKT4630,SKT4630__AbikRoad,4,C4-SKT-03,Platinum,20,,,,,,,,,,,,,,34.333333333333336,,,,865.3333333333333,544.5833333333333,157.33333333333337,,,,,,,,,,,,,,,1601.5833333333335,,4,0.9860973668981481,25409.183333333334,27050.466666666664,29322.38333333333,24979.799999999996,28177.56666666666,28696.116666666665,14469.016666666668,17927.96666666667,12216.933333333332,13373.666666666666,17598.149999999998,18424.466666666664,20760.149999999998,11901.583333333334,20600.199999999997,22501.166666666664,21308.53333333333,18479.983333333337,31927.183333333323,32526.84999999999,0,0,0,0,0,0,0,0,0,0,0,0,C4-SKT-03,,,Macro
RUR6578,RUR6578__S_Gadgore,3,C4-NRW-05,Platinum,,B2S,Enfrashare,EC1-CHW-04967,,,,,,,,,,,,60,,,,,,44.25,645.0833333333333,,,,,,,,,,,,,749.3333333333333,,3,0.9913271604938272,25409.183333333334,27050.466666666664,29322.38333333333,24979.799999999996,28177.56666666666,28696.116666666665,14469.016666666668,17927.96666666667,12216.933333333332,13373.666666666666,17598.149999999998,18424.466666666664,20760.149999999998,11901.583333333334,20600.199999999997,22501.166666666664,21308.53333333333,18479.983333333337,31927.183333333323,32526.84999999999,0,0,0,0,0,0,0,0,0,0,0,0,C4-NRW-05,,,Macro
SKT3352,SKT3352__SublimeChowk,3,C4-SKT-03,Elite,,,GLO,,,,,,,,,,,,,,,,,,,77.75000000000001,130.41666666666666,,,,,,,,,,,,,208.16666666666669,,2,0.997590663580247,28046.349999999995,28907.483333333323,29947.399999999994,21038.53333333333,27157.233333333344,36100.56666666668,32910.850000000006,18900.216666666664,16157.333333333336,23390.2,20112.26666666666,17934.683333333334,23331.583333333336,17603.583333333332,15310.583333333336,23890.666666666668,42937.78333333333,28522.01666666667,36515.650000000016,40095.18333333334,0,0,0,0,0,0,0,0,0,0,0,0,C4-SKT-03,,,Macro
STR4976,STR4976__DTESatrah,3,C4-NRW-05,Platinum,30,,,,45.24999999999999,,,41.91666666666667,92.25,46.716666666666654,29.816666666666663,,,163.08333333333334,20.5,18.666666666666668,,,,68,18.5,32.49999999999999,,14.75,,,,,,,,,,,,591.95,,12,0.9931487268518517,25409.183333333334,27050.466666666664,29322.38333333333,24979.799999999996,28177.56666666666,28696.116666666665,14469.016666666668,17927.96666666667,12216.933333333332,13373.666666666666,17598.149999999998,18424.466666666664,20760.149999999998,11901.583333333334,20600.199999999997,22501.166666666664,21308.53333333333,18479.983333333337,31927.183333333323,32526.84999999999,0,0,0,0,0,0,0,0,0,0,0,0,C4-NRW-05,,,Macro
GUJ9415,GUJ9415__S_Sec Y-People Cnly Warid_GJ4731,3,C4-GUJ-01,Platinum,27,,,,,,,,,91.75,,,,,,127.08333333333334,1125.6000000000001,464.7999999999999,518.3166666666666,396.6666666666667,364.41666666666663,310.88333333333327,220.79999999999998,278.08333333333337,,,,,,,,,,,,3898.4,,10,0.9548796296296297,25409.183333333334,27050.466666666664,29322.38333333333,24979.799999999996,28177.56666666666,28696.116666666665,14469.016666666668,17927.96666666667,12216.933333333332,13373.666666666666,17598.149999999998,18424.466666666664,20760.149999999998,11901.583333333334,20600.199999999997,22501.166666666664,21308.53333333333,18479.983333333337,31927.183333333323,32526.84999999999,0,0,0,0,0,0,0,0,0,0,0,0,C4-GUJ-01,,,Macro
GUJ6461,GUJ6461__S_NawanPind,3,C4-HFZ-06,Platinum,,B2S,E.co,e.coPK019013PU,,,,,,164,,,,,,,,,,,,,,,,,,,,,,,,,,164,,1,0.9981018518518519,25409.183333333334,27050.466666666664,29322.38333333333,24979.799999999996,28177.56666666666,28696.116666666665,14469.016666666668,17927.96666666667,12216.933333333332,13373.666666666666,17598.149999999998,18424.466666666664,20760.149999999998,11901.583333333334,20600.199999999997,22501.166666666664,21308.53333333333,18479.983333333337,31927.183333333323,32526.84999999999,0,0,0,0,0,0,0,0,0,0,0,0,C4-HFZ-06,,,Macro
JPB3533,JPB3533__MohallahMustfabad,3,C4-HFZ-06,Elite,30,,,,,,,,,,,,,,,,,,,,,,,,,,,,,,,,,,,0,,0,1,28046.349999999995,28907.483333333323,29947.399999999994,21038.53333333333,27157.233333333344,36100.56666666668,32910.850000000006,18900.216666666664,16157.333333333336,23390.2,20112.26666666666,17934.683333333334,23331.583333333336,17603.583333333332,15310.583333333336,23890.666666666668,42937.78333333333,28522.01666666667,36515.650000000016,40095.18333333334,0,0,0,0,0,0,0,0,0,0,0,0,C4-HFZ-06,,,Macro
RUR5621,RUR5621__S_Lalwan,4,C4-NRW-05,Platinum,,B2S,Enfrashare,EC1-SKG-02046,,,,,,,,,,,,,,,,,,,,,,,,,,,,,,,,0,,0,1,25409.183333333334,27050.466666666664,29322.38333333333,24979.799999999996,28177.56666666666,28696.116666666665,14469.016666666668,17927.96666666667,12216.933333333332,13373.666666666666,17598.149999999998,18424.466666666664,20760.149999999998,11901.583333333334,20600.199999999997,22501.166666666664,21308.53333333333,18479.983333333337,31927.183333333323,32526.84999999999,0,0,0,0,0,0,0,0,0,0,0,0,C4-NRW-05,,,Macro
RUR9688,RUR9688__S_BHUDAL_PIND_MR2I3758,3,C4-SKT-03,Elite,,,GLO,,279.1666666666667,739.0333333333334,319.3833333333333,764.2833333333333,951.4333333333334,664.3833333333333,689.8833333333333,229.63333333333333,620.9833333333332,1017.3833333333333,542.35,1083.9833333333333,646.2666666666667,,,,,,,,,,,,,,,,,,,8548.166666666668,,13,0.9010628858024691,28046.349999999995,28907.483333333323,29947.399999999994,21038.53333333333,27157.233333333344,36100.56666666668,32910.850000000006,18900.216666666664,16157.333333333336,23390.2,20112.26666666666,17934.683333333334,23331.583333333336,17603.583333333332,15310.583333333336,23890.666666666668,42937.78333333333,28522.01666666667,36515.650000000016,40095.18333333334,0,0,0,0,0,0,0,0,0,0,0,0,C4-SKT-03,,,Macro
RUR3081,RUR3081_Offload RUR9651A,3,C4-NRW-05,Elite,30,,,,,,,,,,,,,,110.66666666666666,,,,15.583333333333332,,,,,,,,,,,,,,,,,126.24999999999999,,2,0.9985387731481481,28046.349999999995,28907.483333333323,29947.399999999994,21038.53333333333,27157.233333333344,36100.56666666668,32910.850000000006,18900.216666666664,16157.333333333336,23390.2,20112.26666666666,17934.683333333334,23331.583333333336,17603.583333333332,15310.583333333336,23890.666666666668,42937.78333333333,28522.01666666667,36515.650000000016,40095.18333333334,0,0,0,0,0,0,0,0,0,0,0,0,C4-NRW-05,,,Macro
RUR4663,RUR4663__GUJAddaQaziKot,3,C4-HFZ-06,Platinum,,,GLO,,,16,,,,,100.24999999999997,61.000000000000014,,,,,,,,,,,,,,,,,,,,,,,,177.25,,3,0.9979484953703703,25409.183333333334,27050.466666666664,29322.38333333333,24979.799999999996,28177.56666666666,28696.116666666665,14469.016666666668,17927.96666666667,12216.933333333332,13373.666666666666,17598.149999999998,18424.466666666664,20760.149999999998,11901.583333333334,20600.199999999997,22501.166666666664,21308.53333333333,18479.983333333337,31927.183333333323,32526.84999999999,0,0,0,0,0,0,0,0,0,0,0,0,C4-HFZ-06,,,Macro
GUJ5482,GUJ5482__S_MohafizTown,3,C4-GUJ-01,Elite,,B2S,Enfrashare,EC1-GUJ-02584,,,,,,199.16666666666669,84.83333333333334,840.6666666666667,,,,,,,,,1626.7166666666667,1438.1499999999996,392.85000000000014,150.29999999999998,,,,,,,,,,,,4732.683333333333,,7,0.9452235725308643,28046.349999999995,28907.483333333323,29947.399999999994,21038.53333333333,27157.233333333344,36100.56666666668,32910.850000000006,18900.216666666664,16157.333333333336,23390.2,20112.26666666666,17934.683333333334,23331.583333333336,17603.583333333332,15310.583333333336,23890.666666666668,42937.78333333333,28522.01666666667,36515.650000000016,40095.18333333334,0,0,0,0,0,0,0,0,0,0,0,0,C4-GUJ-01,,,Macro
RUR6448,RUR6448__S_Nonar,3,C4-NRW-05,Platinum,,B2S,Enfrashare,EC1-NRW-04624,,,,,,,,,169.99999999999997,,,538.2500000000001,,,,519.75,1028.6333333333332,,,,,,,,,,,,,,,2256.633333333333,,4,0.9738815586419753,25409.183333333334,27050.466666666664,29322.38333333333,24979.799999999996,28177.56666666666,28696.116666666665,14469.016666666668,17927.96666666667,12216.933333333332,13373.666666666666,17598.149999999998,18424.466666666664,20760.149999999998,11901.583333333334,20600.199999999997,22501.166666666664,21308.53333333333,18479.983333333337,31927.183333333323,32526.84999999999,0,0,0,0,0,0,0,0,0,0,0,0,C4-NRW-05,,,Macro
RUR4503,RUR4503__RajaThanaNarrowal,4,C4-NRW-05,Platinum,30,,,,,,,,,515.9999999999999,,,,402.24999999999994,,,,,,,51.91666666666667,121.58333333333334,160.56666666666666,326.33333333333337,,,,,,,,,,,,1578.6499999999996,,6,0.9862964409722222,25409.183333333334,27050.466666666664,29322.38333333333,24979.799999999996,28177.56666666666,28696.116666666665,14469.016666666668,17927.96666666667,12216.933333333332,13373.666666666666,17598.149999999998,18424.466666666664,20760.149999999998,11901.583333333334,20600.199999999997,22501.166666666664,21308.53333333333,18479.983333333337,31927.183333333323,32526.84999999999,0,0,0,0,0,0,0,0,0,0,0,0,C4-NRW-05,,,Macro
PHA5663,PHA5663_H_Ghanian Road Phalia Mandi Bahauddin,3,C4-MBD-08,Platinum,,B2S,ATL,ATMDN5,,,,204.75,,,,,342.16666666666663,,,349.70000000000005,3365.116666666667,47.34999999999999,,,,,,,,,,,,,,,,,,4309.083333333334,,5,0.950126350308642,25409.183333333334,27050.466666666664,29322.38333333333,24979.799999999996,28177.56666666666,28696.116666666665,14469.016666666668,17927.96666666667,12216.933333333332,13373.666666666666,17598.149999999998,18424.466666666664,20760.149999999998,11901.583333333334,20600.199999999997,22501.166666666664,21308.53333333333,18479.983333333337,31927.183333333323,32526.84999999999,0,0,0,0,0,0,0,0,0,0,0,0,C4-MBD-08,,,Macro
HFZ5586,HFZ5586__S_KassokiRdHFZ_CMPak40674,3,C4-HFZ-06,Platinum,,OMO,CMPak,40674,,,,,,1539.0000000000005,2753.2666666666682,,,458.3333333333332,515.8333333333333,368.8333333333333,547.7999999999998,508.5,194,258.74999999999994,220.69999999999996,215.08333333333337,261,357.5000000000001,,,,,,,,,,,,8198.6,,13,0.9051087962962963,25409.183333333334,27050.466666666664,29322.38333333333,24979.799999999996,28177.56666666666,28696.116666666665,14469.016666666668,17927.96666666667,12216.933333333332,13373.666666666666,17598.149999999998,18424.466666666664,20760.149999999998,11901.583333333334,20600.199999999997,22501.166666666664,21308.53333333333,18479.983333333337,31927.183333333323,32526.84999999999,0,0,0,0,0,0,0,0,0,0,0,0,C4-HFZ-06,,,Macro
RUR8824,RUR8824__LadhaWalaGUJ,3,C4-HFZ-06,Elite,,,GLO,,352.1666666666667,125.58333333333334,37.66666666666666,,592.4166666666667,,,,,,,,,,,,,,,,,,,,,,,,,,,1107.8333333333335,,4,0.9871778549382717,28046.349999999995,28907.483333333323,29947.399999999994,21038.53333333333,27157.233333333344,36100.56666666668,32910.850000000006,18900.216666666664,16157.333333333336,23390.2,20112.26666666666,17934.683333333334,23331.583333333336,17603.583333333332,15310.583333333336,23890.666666666668,42937.78333333333,28522.01666666667,36515.650000000016,40095.18333333334,0,0,0,0,0,0,0,0,0,0,0,0,C4-HFZ-06,,,Macro
RUR9476,RUR9476__S_New Abadi SKT_MDSK4187,7,C4-SKT-03,Elite,,,GLO,,414.4166666666667,,,,,,,120.99999999999999,,,,,,,,,58.583333333333336,,1109.833333333333,,,,,,,,,,,,,1703.833333333333,,4,0.9915484457671958,28046.349999999995,28907.483333333323,29947.399999999994,21038.53333333333,27157.233333333344,36100.56666666668,32910.850000000006,18900.216666666664,16157.333333333336,23390.2,20112.26666666666,17934.683333333334,23331.583333333336,17603.583333333332,15310.583333333336,23890.666666666668,42937.78333333333,28522.01666666667,36515.650000000016,40095.18333333334,0,0,0,0,0,0,0,0,0,0,0,0,C4-SKT-03,,,Macro
GUJ0731,GUJ0731__OldDhulayChowk,3,C4-GUJ-02,Elite,,,GLO,,,2093.3833333333328,43.666666666666664,,,,,,,,,,,,,,,,,,,,,,,,,,,,,2137.0499999999993,,2,0.975265625,28046.349999999995,28907.483333333323,29947.399999999994,21038.53333333333,27157.233333333344,36100.56666666668,32910.850000000006,18900.216666666664,16157.333333333336,23390.2,20112.26666666666,17934.683333333334,23331.583333333336,17603.583333333332,15310.583333333336,23890.666666666668,42937.78333333333,28522.01666666667,36515.650000000016,40095.18333333334,0,0,0,0,0,0,0,0,0,0,0,0,C4-GUJ-02,,,Macro
RUR2762,RUR2762__Jatheke,3,C4-WZD-07,Elite,20,,,,,,237.08333333333331,,,506.33333333333326,,,,,,,,,117.33333333333334,,,,,,,,,,,,,,,,,860.7499999999999,,3,0.9900376157407408,28046.349999999995,28907.483333333323,29947.399999999994,21038.53333333333,27157.233333333344,36100.56666666668,32910.850000000006,18900.216666666664,16157.333333333336,23390.2,20112.26666666666,17934.683333333334,23331.583333333336,17603.583333333332,15310.583333333336,23890.666666666668,42937.78333333333,28522.01666666667,36515.650000000016,40095.18333333334,0,0,0,0,0,0,0,0,0,0,0,0,C4-WZD-07,,,Macro
RUR9471,RUR9471__S_Hir_MDSK4518,3,C4-SKT-03,Platinum,,,GLO,,,29.5,,,,,,,,,,,,,,,,,288.29999999999995,,,,,,,,,,,,,317.79999999999995,,2,0.9963217592592593,25409.183333333334,27050.466666666664,29322.38333333333,24979.799999999996,28177.56666666666,28696.116666666665,14469.016666666668,17927.96666666667,12216.933333333332,13373.666666666666,17598.149999999998,18424.466666666664,20760.149999999998,11901.583333333334,20600.199999999997,22501.166666666664,21308.53333333333,18479.983333333337,31927.183333333323,32526.84999999999,0,0,0,0,0,0,0,0,0,0,0,0,C4-SKT-03,,,Macro
GJR1058,GJR1058__ModelTownGJR(Zong5218),3,C4-GRT-04,Platinum,,OMO,CMPak,C-GJT-5218,,,,,,,,,,,,,,,,,570.2499999999999,,,,,,,,,,,,,,,570.2499999999999,,1,0.9933998842592593,25409.183333333334,27050.466666666664,29322.38333333333,24979.799999999996,28177.56666666666,28696.116666666665,14469.016666666668,17927.96666666667,12216.933333333332,13373.666666666666,17598.149999999998,18424.466666666664,20760.149999999998,11901.583333333334,20600.199999999997,22501.166666666664,21308.53333333333,18479.983333333337,31927.183333333323,32526.84999999999,0,0,0,0,0,0,0,0,0,0,0,0,C4-GRT-04,CMPAK,C-GJT-5218,Macro
RUR9984,RUR9984__S_DhamtalSankhatraRd_Warid_MDSK4336,4,C4-NRW-05,Elite,20,,,,,,,,,,1688.1499999999999,,,,,131,,61.66666666666667,,332.95000000000005,47.516666666666666,,1134.9999999999998,,,,,,,,,,,,,3396.283333333333,,6,0.9705183738425925,28046.349999999995,28907.483333333323,29947.399999999994,21038.53333333333,27157.233333333344,36100.56666666668,32910.850000000006,18900.216666666664,16157.333333333336,23390.2,20112.26666666666,17934.683333333334,23331.583333333336,17603.583333333332,15310.583333333336,23890.666666666668,42937.78333333333,28522.01666666667,36515.650000000016,40095.18333333334,0,0,0,0,0,0,0,0,0,0,0,0,C4-NRW-05,,,Macro
RUR0468,RUR0468__S_SalehPur,4,C4-GUJ-01,Platinum,,OMO,Ufone,7744,,,,,,,,,,27,,,,,,,,,,,,,,,,,,,,,,27,,1,0.999765625,25409.183333333334,27050.466666666664,29322.38333333333,24979.799999999996,28177.56666666666,28696.116666666665,14469.016666666668,17927.96666666667,12216.933333333332,13373.666666666666,17598.149999999998,18424.466666666664,20760.149999999998,11901.583333333334,20600.199999999997,22501.166666666664,21308.53333333333,18479.983333333337,31927.183333333323,32526.84999999999,0,0,0,0,0,0,0,0,0,0,0,0,C4-GUJ-01,,,Macro
RUR0786,RUR0786__BaddoRattan,3,C4-HFZ-06,Platinum,9,,,,,,,,,,,,,,,,,,,,,,,,,,,,,,,,,,,0,,0,1,25409.183333333334,27050.466666666664,29322.38333333333,24979.799999999996,28177.56666666666,28696.116666666665,14469.016666666668,17927.96666666667,12216.933333333332,13373.666666666666,17598.149999999998,18424.466666666664,20760.149999999998,11901.583333333334,20600.199999999997,22501.166666666664,21308.53333333333,18479.983333333337,31927.183333333323,32526.84999999999,0,0,0,0,0,0,0,0,0,0,0,0,C4-HFZ-06,,,Macro
GUJ3616,GUJ3616__Dhullay,3,C4-GUJ-02,Elite,,,,,240.25000000000006,1370.1333333333314,488.91666666666674,83.41666666666666,366.66666666666674,,22.583333333333336,428.05000000000007,453.90000000000003,,28.833333333333336,,,,,,,,,,,,,,,,,,,,,3482.7499999999986,,9,0.9596903935185185,28046.349999999995,28907.483333333323,29947.399999999994,21038.53333333333,27157.233333333344,36100.56666666668,32910.850000000006,18900.216666666664,16157.333333333336,23390.2,20112.26666666666,17934.683333333334,23331.583333333336,17603.583333333332,15310.583333333336,23890.666666666668,42937.78333333333,28522.01666666667,36515.650000000016,40095.18333333334,0,0,0,0,0,0,0,0,0,0,0,0,C4-GUJ-02,,,Macro
SKT5806,SKT5806__S_Kharkana,3,C4-SKT-03,Elite,,B2S,Enfrashare,EC1-SKT-03282,,,,,,159.6333333333333,849.8166666666665,1761.4833333333343,1044.4166666666667,672.9833333333338,613.1999999999998,644.0833333333329,157.24999999999997,630.9000000000001,,,,,,,,,,,,,,,,,,6533.766666666668,,9,0.9243777006172839,28046.349999999995,28907.483333333323,29947.399999999994,21038.53333333333,27157.233333333344,36100.56666666668,32910.850000000006,18900.216666666664,16157.333333333336,23390.2,20112.26666666666,17934.683333333334,23331.583333333336,17603.583333333332,15310.583333333336,23890.666666666668,42937.78333333333,28522.01666666667,36515.650000000016,40095.18333333334,0,0,0,0,0,0,0,0,0,0,0,0,C4-SKT-03,,,Macro
SKT5471,SKT5471__S_GhalibRdSKTCantt_Ufone3419,3,C4-SKT-03,Platinum,,OMO,UFone,3419,198.5,268.75000000000006,495.50000000000006,340.3833333333333,253.75,138.5,246.41666666666669,,141.75,243.25,46.58333333333333,105.66666666666666,352.91666666666674,714.8333333333331,578.3499999999999,,,,,2108.95,,,,,,,,,,,,6234.099999999999,,15,0.9278460648148148,25409.183333333334,27050.466666666664,29322.38333333333,24979.799999999996,28177.56666666666,28696.116666666665,14469.016666666668,17927.96666666667,12216.933333333332,13373.666666666666,17598.149999999998,18424.466666666664,20760.149999999998,11901.583333333334,20600.199999999997,22501.166666666664,21308.53333333333,18479.983333333337,31927.183333333323,32526.84999999999,0,0,0,0,0,0,0,0,0,0,0,0,C4-SKT-03,,,Macro
GUJ9463,GUJ9463__S_Canal Pasrur Rd Warid_MDGJ3790,3,C4-GUJ-01,Platinum,20,,,,236.75000000000006,,,1227.8166666666664,1501.1499999999992,992.4000000000002,1054.8833333333332,935.7166666666668,245.00000000000003,589.5833333333336,,,,,,,202.00000000000003,1299.3,1618.833333333333,395.95000000000005,,,,,,,,,,,,10299.383333333331,,12,0.880794174382716,25409.183333333334,27050.466666666664,29322.38333333333,24979.799999999996,28177.56666666666,28696.116666666665,14469.016666666668,17927.96666666667,12216.933333333332,13373.666666666666,17598.149999999998,18424.466666666664,20760.149999999998,11901.583333333334,20600.199999999997,22501.166666666664,21308.53333333333,18479.983333333337,31927.183333333323,32526.84999999999,0,0,0,0,0,0,0,0,0,0,0,0,C4-GUJ-01,,,Macro
SKT9948,SKT9948__Barhat,3,C4-SKT-03,Elite,27,,,,,,,,,,,,,,25.75,,,,635.3333333333335,389.00000000000006,117.83333333333334,,,,,,,,,,,,,,,1167.9166666666667,,4,0.9864824459876543,28046.349999999995,28907.483333333323,29947.399999999994,21038.53333333333,27157.233333333344,36100.56666666668,32910.850000000006,18900.216666666664,16157.333333333336,23390.2,20112.26666666666,17934.683333333334,23331.583333333336,17603.583333333332,15310.583333333336,23890.666666666668,42937.78333333333,28522.01666666667,36515.650000000016,40095.18333333334,0,0,0,0,0,0,0,0,0,0,0,0,C4-SKT-03,,,Macro
RUR0764,RUR0764_SandraKhurd_NEW,3,C4-SKT-03,Platinum,,OMO,UFONE,3442,638.1499999999997,193.58333333333331,252.13333333333335,171.83333333333334,991.6666666666667,,15,1816.3833333333337,40.25,,823.9,1643.366666666668,216.6666666666667,,310.9666666666667,2168.7999999999997,124.6333333333333,,1976.5166666666657,320.3333333333333,,,,,,,,,,,,11704.183333333334,,16,0.8645349151234568,25409.183333333334,27050.466666666664,29322.38333333333,24979.799999999996,28177.56666666666,28696.116666666665,14469.016666666668,17927.96666666667,12216.933333333332,13373.666666666666,17598.149999999998,18424.466666666664,20760.149999999998,11901.583333333334,20600.199999999997,22501.166666666664,21308.53333333333,18479.983333333337,31927.183333333323,32526.84999999999,0,0,0,0,0,0,0,0,0,0,0,0,C4-SKT-03,UFone,3442,Macro
GUJ6306,GUJ6306__S_MiranJeTown,3,C4-GUJ-01,Platinum,,B2S,E.Co,e.coPK018455PU,,,456.9999999999999,65.16666666666667,493.2500000000001,,,,,551.9166666666667,,606.4166666666667,7.166666666666667,,,,697.8666666666666,,340.79999999999995,,,,,,,,,,,,,3219.583333333333,,8,0.9627363040123457,25409.183333333334,27050.466666666664,29322.38333333333,24979.799999999996,28177.56666666666,28696.116666666665,14469.016666666668,17927.96666666667,12216.933333333332,13373.666666666666,17598.149999999998,18424.466666666664,20760.149999999998,11901.583333333334,20600.199999999997,22501.166666666664,21308.53333333333,18479.983333333337,31927.183333333323,32526.84999999999,0,0,0,0,0,0,0,0,0,0,0,0,C4-GUJ-01,,,Macro
GUJ5837,GUJ5837__S_Sharifpura,3,C4-GUJ-02,Platinum,,B2S,Enfrashare,EC1-GUJ-02316,,22.833333333333332,,,,164.75,,,,308.91666666666663,128.08333333333334,,,,,,,,,,,,,,,,,,,,,624.5833333333334,,4,0.9927710262345678,25409.183333333334,27050.466666666664,29322.38333333333,24979.799999999996,28177.56666666666,28696.116666666665,14469.016666666668,17927.96666666667,12216.933333333332,13373.666666666666,17598.149999999998,18424.466666666664,20760.149999999998,11901.583333333334,20600.199999999997,22501.166666666664,21308.53333333333,18479.983333333337,31927.183333333323,32526.84999999999,0,0,0,0,0,0,0,0,0,0,0,0,C4-GUJ-02,,,Macro
DSK3806,DSK3806__SohawDaska,3,C4-WZD-07,Platinum,,,GLO,,1201.8666666666672,,446.25,,,,,,49.999999999999986,,,,,,,,,226.25,,,,,,,,,,,,,,1924.3666666666672,,4,0.977727237654321,25409.183333333334,27050.466666666664,29322.38333333333,24979.799999999996,28177.56666666666,28696.116666666665,14469.016666666668,17927.96666666667,12216.933333333332,13373.666666666666,17598.149999999998,18424.466666666664,20760.149999999998,11901.583333333334,20600.199999999997,22501.166666666664,21308.53333333333,18479.983333333337,31927.183333333323,32526.84999999999,0,0,0,0,0,0,0,0,0,0,0,0,C4-WZD-07,,,Macro
CHW6916,CHW6916__MuhallahMahmad,3,C4-NRW-05,Platinum,13,,,,,,,,,,,,,,,59.750000000000014,,,,,,43.33333333333333,,,,,,,,,,,,,,103.08333333333334,,2,0.9988069058641975,25409.183333333334,27050.466666666664,29322.38333333333,24979.799999999996,28177.56666666666,28696.116666666665,14469.016666666668,17927.96666666667,12216.933333333332,13373.666666666666,17598.149999999998,18424.466666666664,20760.149999999998,11901.583333333334,20600.199999999997,22501.166666666664,21308.53333333333,18479.983333333337,31927.183333333323,32526.84999999999,0,0,0,0,0,0,0,0,0,0,0,0,C4-NRW-05,,,Macro
GUJ9439,GUJ9439__S_Sec Y-People Cnly Warid_MDGJ4223,5,C4-GUJ-01,Elite,30,,,,,,,,,,,,,1397.2833333333333,764.9833333333336,,10.583333333333332,,,,,,,,,,,,,,,,,,,2172.8500000000004,,3,0.9849107638888889,28046.349999999995,28907.483333333323,29947.399999999994,21038.53333333333,27157.233333333344,36100.56666666668,32910.850000000006,18900.216666666664,16157.333333333336,23390.2,20112.26666666666,17934.683333333334,23331.583333333336,17603.583333333332,15310.583333333336,23890.666666666668,42937.78333333333,28522.01666666667,36515.650000000016,40095.18333333334,0,0,0,0,0,0,0,0,0,0,0,0,C4-GUJ-01,,,Macro
RUR5422,RUR5422__S_SheikhPur,3,C4-GRT-04,Platinum,,B2S,E.Co,e.coPK016380PU,,,,,,,,,,,,,,,,,,441.7333333333333,,,,,,,,,,,,,,441.7333333333333,,1,0.9948873456790124,25409.183333333334,27050.466666666664,29322.38333333333,24979.799999999996,28177.56666666666,28696.116666666665,14469.016666666668,17927.96666666667,12216.933333333332,13373.666666666666,17598.149999999998,18424.466666666664,20760.149999999998,11901.583333333334,20600.199999999997,22501.166666666664,21308.53333333333,18479.983333333337,31927.183333333323,32526.84999999999,0,0,0,0,0,0,0,0,0,0,0,0,C4-GRT-04,E.Co,,Macro
RUR1068,RUR1068__S_Darman_UFONE,3,C4-NRW-05,Platinum,,OMO,UFONE,CI-1047,,,,,,,,33.66666666666667,600.4999999999999,106.00000000000003,,420.66666666666674,,,,528.3333333333333,5.816666666666667,,559.1833333333334,,,,,,,,,,,,,2254.1666666666665,,7,0.9739101080246914,25409.183333333334,27050.466666666664,29322.38333333333,24979.799999999996,28177.56666666666,28696.116666666665,14469.016666666668,17927.96666666667,12216.933333333332,13373.666666666666,17598.149999999998,18424.466666666664,20760.149999999998,11901.583333333334,20600.199999999997,22501.166666666664,21308.53333333333,18479.983333333337,31927.183333333323,32526.84999999999,0,0,0,0,0,0,0,0,0,0,0,0,C4-NRW-05,UFone,CI-1047,Macro
SKT5149,SKT5149__S_Nazimabad Warid_MDSK4276,3,C4-SKT-03,Elite,,,GLO,,,,,,,,,23.75,,,,,,,,219.16666666666669,292.8333333333333,,,,,,,,,,,,,,,535.75,,3,0.9937991898148149,28046.349999999995,28907.483333333323,29947.399999999994,21038.53333333333,27157.233333333344,36100.56666666668,32910.850000000006,18900.216666666664,16157.333333333336,23390.2,20112.26666666666,17934.683333333334,23331.583333333336,17603.583333333332,15310.583333333336,23890.666666666668,42937.78333333333,28522.01666666667,36515.650000000016,40095.18333333334,0,0,0,0,0,0,0,0,0,0,0,0,C4-SKT-03,,,Macro
SKT1620,SKT1620__S_Pasrur_Road_Shamas_Pura_MDSK4277,3,C4-SKT-03,Platinum,30,,,,,,,,,,,22.583333333333336,,,,,,,226.08333333333331,123.8333333333333,,,,,,,,,,,,,,,,372.49999999999994,,3,0.9956886574074075,25409.183333333334,27050.466666666664,29322.38333333333,24979.799999999996,28177.56666666666,28696.116666666665,14469.016666666668,17927.96666666667,12216.933333333332,13373.666666666666,17598.149999999998,18424.466666666664,20760.149999999998,11901.583333333334,20600.199999999997,22501.166666666664,21308.53333333333,18479.983333333337,31927.183333333323,32526.84999999999,0,0,0,0,0,0,0,0,0,0,0,0,C4-SKT-03,,,Macro
HWY9429,HWY9429__S_Emanabad Warid_MDGJ1825,3,C4-GUJ-01,Platinum,20,,,,,11.75,23,12,220.25,951,512.4166666666665,6.916666666666666,201.08333333333331,308.3333333333333,,360.16666666666663,,,,11.75,360.5,23.75,377.1500000000001,11.583333333333334,,,,,,,,,,,,3391.65,,15,0.9607447916666666,25409.183333333334,27050.466666666664,29322.38333333333,24979.799999999996,28177.56666666666,28696.116666666665,14469.016666666668,17927.96666666667,12216.933333333332,13373.666666666666,17598.149999999998,18424.466666666664,20760.149999999998,11901.583333333334,20600.199999999997,22501.166666666664,21308.53333333333,18479.983333333337,31927.183333333323,32526.84999999999,0,0,0,0,0,0,0,0,0,0,0,0,C4-GUJ-01,,,Macro
RUR4668,RUR4668__GUJMandialaTega,3,C4-GUJ-01,Platinum,,,GLO,,,,,164.25,,,,,91.99999999999999,,841.7499999999999,1469.65,2079.9833333333336,,,,,,,,,,,,,,,,,,,4647.633333333333,,5,0.9462079475308641,25409.183333333334,27050.466666666664,29322.38333333333,24979.799999999996,28177.56666666666,28696.116666666665,14469.016666666668,17927.96666666667,12216.933333333332,13373.666666666666,17598.149999999998,18424.466666666664,20760.149999999998,11901.583333333334,20600.199999999997,22501.166666666664,21308.53333333333,18479.983333333337,31927.183333333323,32526.84999999999,0,0,0,0,0,0,0,0,0,0,0,0,C4-GUJ-01,,,Macro
SKT9478,SKT9478__S_Sialkot Cantt_MDSK4181,5,C4-SKT-03,Platinum,27,,,,941.0833333333335,354.75,,,,396.49999999999994,,,,,,,,,215.91666666666666,,315.41666666666674,,,,,,,,,,,,,,,2223.666666666667,,5,0.9845578703703705,25409.183333333334,27050.466666666664,29322.38333333333,24979.799999999996,28177.56666666666,28696.116666666665,14469.016666666668,17927.96666666667,12216.933333333332,13373.666666666666,17598.149999999998,18424.466666666664,20760.149999999998,11901.583333333334,20600.199999999997,22501.166666666664,21308.53333333333,18479.983333333337,31927.183333333323,32526.84999999999,0,0,0,0,0,0,0,0,0,0,0,0,C4-SKT-03,,,Macro
DSK3494,DSK3494__GreenlandDaska,3,C4-WZD-07,Platinum,,,GLO,,,,445.5,552,,,,,49.999999999999986,,634.4833333333333,,,,,,,623.3333333333333,,,,,,,,,,,,,,2305.3166666666666,,5,0.9733180941358025,25409.183333333334,27050.466666666664,29322.38333333333,24979.799999999996,28177.56666666666,28696.116666666665,14469.016666666668,17927.96666666667,12216.933333333332,13373.666666666666,17598.149999999998,18424.466666666664,20760.149999999998,11901.583333333334,20600.199999999997,22501.166666666664,21308.53333333333,18479.983333333337,31927.183333333323,32526.84999999999,0,0,0,0,0,0,0,0,0,0,0,0,C4-WZD-07,,,Macro
DSK1138,DSK1138__Offload DSK0321C,3,C4-WZD-07,Elite,31,,,,,,,,,,,,,,,,,163.5,,,,,,,,,,,,,,,,,,163.5,,1,0.9981076388888889,28046.349999999995,28907.483333333323,29947.399999999994,21038.53333333333,27157.233333333344,36100.56666666668,32910.850000000006,18900.216666666664,16157.333333333336,23390.2,20112.26666666666,17934.683333333334,23331.583333333336,17603.583333333332,15310.583333333336,23890.666666666668,42937.78333333333,28522.01666666667,36515.650000000016,40095.18333333334,0,0,0,0,0,0,0,0,0,0,0,0,C4-WZD-07,,,Macro
GUJ1538,GUJ1538__S_IndustrialEstateIIGUJ,4,C4-GUJ-01,Elite,20,,,,,,,,105.74999999999999,789.3333333333334,385.74999999999983,,,,43.666666666666664,304.0000000000001,,,,,,,,,,,,,,,,,,,,1628.5,,5,0.9858637152777777,28046.349999999995,28907.483333333323,29947.399999999994,21038.53333333333,27157.233333333344,36100.56666666668,32910.850000000006,18900.216666666664,16157.333333333336,23390.2,20112.26666666666,17934.683333333334,23331.583333333336,17603.583333333332,15310.583333333336,23890.666666666668,42937.78333333333,28522.01666666667,36515.650000000016,40095.18333333334,0,0,0,0,0,0,0,0,0,0,0,0,C4-GUJ-01,,,Macro
HWY3362,HWY3362__GUJMoreAimnabad,3,C4-GUJ-01,Elite,27,,,,244.16666666666663,827.6499999999999,38.666666666666664,253.66666666666669,190.91666666666669,209.75,167.66666666666666,349.5666666666667,,,411.1666666666667,,,,,,,,,,,,,,,,,,,,,2693.2166666666667,,9,0.9688285108024691,28046.349999999995,28907.483333333323,29947.399999999994,21038.53333333333,27157.233333333344,36100.56666666668,32910.850000000006,18900.216666666664,16157.333333333336,23390.2,20112.26666666666,17934.683333333334,23331.583333333336,17603.583333333332,15310.583333333336,23890.666666666668,42937.78333333333,28522.01666666667,36515.650000000016,40095.18333333334,0,0,0,0,0,0,0,0,0,0,0,0,C4-GUJ-01,,,Macro
RUR1127,RUR1127__OffloadRUR4037A,3,C4-NRW-05,Platinum,30,,,,,,,,,,,,,,,,,,,47.83333333333334,,,328.48333333333335,87.24999999999999,,,,,,,,,,,,463.5666666666667,,3,0.9946346450617284,25409.183333333334,27050.466666666664,29322.38333333333,24979.799999999996,28177.56666666666,28696.116666666665,14469.016666666668,17927.96666666667,12216.933333333332,13373.666666666666,17598.149999999998,18424.466666666664,20760.149999999998,11901.583333333334,20600.199999999997,22501.166666666664,21308.53333333333,18479.983333333337,31927.183333333323,32526.84999999999,0,0,0,0,0,0,0,0,0,0,0,0,C4-NRW-05,,,Macro
SKT9638,SKT9638__qbaTown_Sialkot,3,C4-SKT-03,Elite,20,,,,,,,,,,,,,,,,,,,,,,,,,,,,,,,,,,,0,,0,1,28046.349999999995,28907.483333333323,29947.399999999994,21038.53333333333,27157.233333333344,36100.56666666668,32910.850000000006,18900.216666666664,16157.333333333336,23390.2,20112.26666666666,17934.683333333334,23331.583333333336,17603.583333333332,15310.583333333336,23890.666666666668,42937.78333333333,28522.01666666667,36515.650000000016,40095.18333333334,0,0,0,0,0,0,0,0,0,0,0,0,C4-SKT-03,,,Macro
GJR6266,GJR6266__S_Miana_Pura_MDGU4257,3,C4-GRT-04,Platinum,20,,,,109.99999999999997,,,29.9,162.95000000000002,243.5,95.91666666666667,,,,,,,,31.799999999999997,36.150000000000006,825.3333333333333,290.6,261.75,2704.5833333333335,,,,,,,,,,,,4792.483333333334,,11,0.9445314429012346,25409.183333333334,27050.466666666664,29322.38333333333,24979.799999999996,28177.56666666666,28696.116666666665,14469.016666666668,17927.96666666667,12216.933333333332,13373.666666666666,17598.149999999998,18424.466666666664,20760.149999999998,11901.583333333334,20600.199999999997,22501.166666666664,21308.53333333333,18479.983333333337,31927.183333333323,32526.84999999999,0,0,0,0,0,0,0,0,0,0,0,0,C4-GRT-04,,,Macro
RUR5511,RUR5511__S_Marjal,3,C4-NRW-05,Platinum,,B2S,Enfrashare,EC1-NRW-01653,,,,,,,,,577.5,,,521.8333333333333,,,,552.0833333333333,,,558.9166666666666,,,,,,,,,,,,,2210.333333333333,,4,0.974417438271605,25409.183333333334,27050.466666666664,29322.38333333333,24979.799999999996,28177.56666666666,28696.116666666665,14469.016666666668,17927.96666666667,12216.933333333332,13373.666666666666,17598.149999999998,18424.466666666664,20760.149999999998,11901.583333333334,20600.199999999997,22501.166666666664,21308.53333333333,18479.983333333337,31927.183333333323,32526.84999999999,0,0,0,0,0,0,0,0,0,0,0,0,C4-NRW-05,Enfra,,Macro
JPS8768,JPS8768__H_Peershah_New,3,C4-GRT-04,Platinum,,,GLO,,,,,1126.633333333333,1101.4333333333334,,,,,,,,,,,,,,6.25,,,,,,,,,,,,,2234.3166666666666,,3,0.9741398533950617,25409.183333333334,27050.466666666664,29322.38333333333,24979.799999999996,28177.56666666666,28696.116666666665,14469.016666666668,17927.96666666667,12216.933333333332,13373.666666666666,17598.149999999998,18424.466666666664,20760.149999999998,11901.583333333334,20600.199999999997,22501.166666666664,21308.53333333333,18479.983333333337,31927.183333333323,32526.84999999999,0,0,0,0,0,0,0,0,0,0,0,0,C4-GRT-04,,,Macro
GUJ5481,GUJ5481__S_AwanChowk,3,C4-HFZ-06,Platinum,,B2S,Enfrashare,EC1-GUJ-01755,,,,,,164.74999999999997,,,,21.333333333333332,,,,,,,,,,,,,,,,,,,,,,186.08333333333331,,2,0.9978462577160494,25409.183333333334,27050.466666666664,29322.38333333333,24979.799999999996,28177.56666666666,28696.116666666665,14469.016666666668,17927.96666666667,12216.933333333332,13373.666666666666,17598.149999999998,18424.466666666664,20760.149999999998,11901.583333333334,20600.199999999997,22501.166666666664,21308.53333333333,18479.983333333337,31927.183333333323,32526.84999999999,0,0,0,0,0,0,0,0,0,0,0,0,C4-HFZ-06,Enfra,,Macro
HWY1510,HWY1510__S_Aswan BhattianWarid_25342,4,C4-HFZ-06,Platinum,20,,,,,,686.9166666666665,,,,614.5000000000001,,,,,,42.499999999999986,33.916666666666664,,,,485.73333333333335,,,,,,,,,,,,,,1863.5666666666666,,5,0.9838232060185186,25409.183333333334,27050.466666666664,29322.38333333333,24979.799999999996,28177.56666666666,28696.116666666665,14469.016666666668,17927.96666666667,12216.933333333332,13373.666666666666,17598.149999999998,18424.466666666664,20760.149999999998,11901.583333333334,20600.199999999997,22501.166666666664,21308.53333333333,18479.983333333337,31927.183333333323,32526.84999999999,0,0,0,0,0,0,0,0,0,0,0,0,C4-HFZ-06,,,Macro
GUJ6134,GUJ6134__S_SectorYPeoplesColony_CMPak5222,3,C4-GUJ-01,Platinum,,OMO,CMPak,CMPak5222,,,,,,,,,,,,,,,,,,,,,,,,,,,,,,,,0,,0,1,25409.183333333334,27050.466666666664,29322.38333333333,24979.799999999996,28177.56666666666,28696.116666666665,14469.016666666668,17927.96666666667,12216.933333333332,13373.666666666666,17598.149999999998,18424.466666666664,20760.149999999998,11901.583333333334,20600.199999999997,22501.166666666664,21308.53333333333,18479.983333333337,31927.183333333323,32526.84999999999,0,0,0,0,0,0,0,0,0,0,0,0,C4-GUJ-01,,,Macro
KMK3244,KMK3244__Kassoki_Road,3,C4-GUJ-01,Elite,30,,,,306.91666666666663,,,135.5,,,,,,,,,44.583333333333336,,,,,,,,,,,,,,,,,,,486.99999999999994,,3,0.994363425925926,28046.349999999995,28907.483333333323,29947.399999999994,21038.53333333333,27157.233333333344,36100.56666666668,32910.850000000006,18900.216666666664,16157.333333333336,23390.2,20112.26666666666,17934.683333333334,23331.583333333336,17603.583333333332,15310.583333333336,23890.666666666668,42937.78333333333,28522.01666666667,36515.650000000016,40095.18333333334,0,0,0,0,0,0,0,0,0,0,0,0,C4-GUJ-01,,,Macro
HFZ5759,HFZ35759__S_Jeelanipura,3,C4-HFZ-06,Elite,,B2S,Enfrashare,EC1-HFZ-02335,,,,,,,,,,,,,,,,,,,,,,,,,,,,,,,,0,,0,1,28046.349999999995,28907.483333333323,29947.399999999994,21038.53333333333,27157.233333333344,36100.56666666668,32910.850000000006,18900.216666666664,16157.333333333336,23390.2,20112.26666666666,17934.683333333334,23331.583333333336,17603.583333333332,15310.583333333336,23890.666666666668,42937.78333333333,28522.01666666667,36515.650000000016,40095.18333333334,0,0,0,0,0,0,0,0,0,0,0,0,C4-HFZ-06,,,Macro
RUR9489,RUR9489__S_Jamkey_Chatta_Main_Bazar_WA1971,3,C4-WZD-07,Platinum,20,,,,,,19.25,,,443.5,10.333333333333334,,142.99999999999997,,,,,,,259.5,,,477.5000000000001,,,,,,,,,,,,,1353.0833333333335,,6,0.984339313271605,25409.183333333334,27050.466666666664,29322.38333333333,24979.799999999996,28177.56666666666,28696.116666666665,14469.016666666668,17927.96666666667,12216.933333333332,13373.666666666666,17598.149999999998,18424.466666666664,20760.149999999998,11901.583333333334,20600.199999999997,22501.166666666664,21308.53333333333,18479.983333333337,31927.183333333323,32526.84999999999,0,0,0,0,0,0,0,0,0,0,0,0,C4-WZD-07,,,Macro
GUJ5319,GUJ5319__S_JalilTown_CMPak40268,3,C4-GUJ-01,Elite,,OMO,CMPak,40286,1633.5499999999984,193.50000000000009,1942.883333333333,625.6333333333333,1605.1333333333334,1342.4666666666665,689.7166666666665,132.39999999999998,104.55,1288.1499999999999,19,1389,60.750000000000014,,,299.3833333333334,1350.7166666666667,110.94999999999999,1240.6666666666667,89.33333333333333,,,,,,,,,,,,14117.783333333331,,18,0.8365997299382717,28046.349999999995,28907.483333333323,29947.399999999994,21038.53333333333,27157.233333333344,36100.56666666668,32910.850000000006,18900.216666666664,16157.333333333336,23390.2,20112.26666666666,17934.683333333334,23331.583333333336,17603.583333333332,15310.583333333336,23890.666666666668,42937.78333333333,28522.01666666667,36515.650000000016,40095.18333333334,0,0,0,0,0,0,0,0,0,0,0,0,C4-GUJ-01,CMPak,CMPak-40268,Macro
RUR5698,RUR5698__S_Malikpur,3,C4-GRT-04,Platinum,,B2S,Enfrashare,EC1-GUT-02516,,,,,,58.08333333333333,,,,,,,,,,,16.083333333333332,,,,,,,,,,,,,,,74.16666666666666,,2,0.9991415895061728,25409.183333333334,27050.466666666664,29322.38333333333,24979.799999999996,28177.56666666666,28696.116666666665,14469.016666666668,17927.96666666667,12216.933333333332,13373.666666666666,17598.149999999998,18424.466666666664,20760.149999999998,11901.583333333334,20600.199999999997,22501.166666666664,21308.53333333333,18479.983333333337,31927.183333333323,32526.84999999999,0,0,0,0,0,0,0,0,0,0,0,0,C4-GRT-04,,,Macro
RUR5769,RUR5769__S_Sadgal,3,C4-NRW-05,Platinum,,B2S,Enfrashare,EC1-SKG-02491,,,,,,,,,612.2499999999999,,,506.25,,,,524.25,,,1250.6500000000003,,,,,,,,,,,,,2893.4000000000005,,4,0.9665115740740741,25409.183333333334,27050.466666666664,29322.38333333333,24979.799999999996,28177.56666666666,28696.116666666665,14469.016666666668,17927.96666666667,12216.933333333332,13373.666666666666,17598.149999999998,18424.466666666664,20760.149999999998,11901.583333333334,20600.199999999997,22501.166666666664,21308.53333333333,18479.983333333337,31927.183333333323,32526.84999999999,0,0,0,0,0,0,0,0,0,0,0,0,C4-NRW-05,,,Macro
GJR5647,GJR5647__S_NearIkramHospital,3,C4-GRT-04,Platinum,,B2S,Enfrashare,EC1-GUT-02328,,,,,,,,,,,,,,,77.5,,,,,,,,,,,,,,,,,77.5,,1,0.9991030092592592,25409.183333333334,27050.466666666664,29322.38333333333,24979.799999999996,28177.56666666666,28696.116666666665,14469.016666666668,17927.96666666667,12216.933333333332,13373.666666666666,17598.149999999998,18424.466666666664,20760.149999999998,11901.583333333334,20600.199999999997,22501.166666666664,21308.53333333333,18479.983333333337,31927.183333333323,32526.84999999999,0,0,0,0,0,0,0,0,0,0,0,0,C4-GRT-04,,,Macro
GUJ5317,GUJ5317__S_GulabPura_NEW,3,C4-GUJ-02,Elite,,B2S,Enfrashare,EC1-GUJ-00401,,,122.79999999999998,,,2625.05,,,251.58333333333331,412.7499999999999,,,464.59999999999997,133.48333333333332,,,314.25,,,588.4666666666667,,,,,,,,,,,,4912.983333333334,,8,0.9431367669753087,28046.349999999995,28907.483333333323,29947.399999999994,21038.53333333333,27157.233333333344,36100.56666666668,32910.850000000006,18900.216666666664,16157.333333333336,23390.2,20112.26666666666,17934.683333333334,23331.583333333336,17603.583333333332,15310.583333333336,23890.666666666668,42937.78333333333,28522.01666666667,36515.650000000016,40095.18333333334,0,0,0,0,0,0,0,0,0,0,0,0,C4-GUJ-02,Enfra,,Macro
DHW6096,DHW6096__S_DhallewalWarid_MDSK1968,4,C4-SKT-03,Elite,,OMO,Ufone,7877,674.2500000000001,,,,1238,,2,913.8333333333333,,,,1069.0666666666668,,2,650.4166666666667,,123.66666666666667,,692.2833333333334,,,,,,,,,,,,,5365.516666666667,,9,0.9534243344907408,28046.349999999995,28907.483333333323,29947.399999999994,21038.53333333333,27157.233333333344,36100.56666666668,32910.850000000006,18900.216666666664,16157.333333333336,23390.2,20112.26666666666,17934.683333333334,23331.583333333336,17603.583333333332,15310.583333333336,23890.666666666668,42937.78333333333,28522.01666666667,36515.650000000016,40095.18333333334,0,0,0,0,0,0,0,0,0,0,0,0,C4-SKT-03,UFone,7877,Macro
GUJ5105,GUJ5105__S_Jamal Market Warid_MDGJ4151,3,C4-GUJ-01,Platinum,27,,,,,135.5,175.1666666666667,532.5833333333334,209,1584.6499999999999,96.13333333333333,,,,961.4999999999999,,987.1666666666667,38.49999999999999,1497.1666666666665,,,,,44.91666666666667,,,,,,,,,,,,6262.283333333334,,11,0.9275198688271605,25409.183333333334,27050.466666666664,29322.38333333333,24979.799999999996,28177.56666666666,28696.116666666665,14469.016666666668,17927.96666666667,12216.933333333332,13373.666666666666,17598.149999999998,18424.466666666664,20760.149999999998,11901.583333333334,20600.199999999997,22501.166666666664,21308.53333333333,18479.983333333337,31927.183333333323,32526.84999999999,0,0,0,0,0,0,0,0,0,0,0,0,C4-GUJ-01,,,Macro
GUJ6949,GUJ6949__JhangiVillage,3,C4-GUJ-01,Platinum,30,,,,,,,,,,,,,,,,,,,,,,,,,,,,,,,,,,,0,,0,1,25409.183333333334,27050.466666666664,29322.38333333333,24979.799999999996,28177.56666666666,28696.116666666665,14469.016666666668,17927.96666666667,12216.933333333332,13373.666666666666,17598.149999999998,18424.466666666664,20760.149999999998,11901.583333333334,20600.199999999997,22501.166666666664,21308.53333333333,18479.983333333337,31927.183333333323,32526.84999999999,0,0,0,0,0,0,0,0,0,0,0,0,C4-GUJ-01,,,Macro
HFZ9634,HFZ9634__MadinaClnyHafizabad,3,C4-HFZ-06,Platinum,,B2S,Enfrashare,EC1-HFZ-00442,,,,,,,,,,,,,,,,,,,,,,,,,,,,,,,,0,,0,1,25409.183333333334,27050.466666666664,29322.38333333333,24979.799999999996,28177.56666666666,28696.116666666665,14469.016666666668,17927.96666666667,12216.933333333332,13373.666666666666,17598.149999999998,18424.466666666664,20760.149999999998,11901.583333333334,20600.199999999997,22501.166666666664,21308.53333333333,18479.983333333337,31927.183333333323,32526.84999999999,0,0,0,0,0,0,0,0,0,0,0,0,C4-HFZ-06,,,Macro
SKT6377,SKT6377__S_Shahabpura,3,C4-SKT-03,Platinum,,B2S,E.co,e.coPK018507PU,52.5,90.24999999999999,,,1779.4666666666667,,,,,,,,,,,,,160.05,,57.75,,,,,,,,,,,,2140.016666666667,,5,0.9752312885802469,25409.183333333334,27050.466666666664,29322.38333333333,24979.799999999996,28177.56666666666,28696.116666666665,14469.016666666668,17927.96666666667,12216.933333333332,13373.666666666666,17598.149999999998,18424.466666666664,20760.149999999998,11901.583333333334,20600.199999999997,22501.166666666664,21308.53333333333,18479.983333333337,31927.183333333323,32526.84999999999,0,0,0,0,0,0,0,0,0,0,0,0,C4-SKT-03,,,Macro
KHR0006,KHR0006__S_Kharian-1_MDKN2769,4,C4-MBD-08,Elite,,,GLO,,,,,,123.78333333333333,,,,773.4166666666669,,,2.083333333333333,,,,,938.0833333333334,,275.5,826.0833333333333,,,,,,,,,,,,2938.95,,6,0.9744882812500001,28046.349999999995,28907.483333333323,29947.399999999994,21038.53333333333,27157.233333333344,36100.56666666668,32910.850000000006,18900.216666666664,16157.333333333336,23390.2,20112.26666666666,17934.683333333334,23331.583333333336,17603.583333333332,15310.583333333336,23890.666666666668,42937.78333333333,28522.01666666667,36515.650000000016,40095.18333333334,0,0,0,0,0,0,0,0,0,0,0,0,C4-MBD-08,,,Macro
GUJ9446,GUJ9446__S_Qaddafi Rd Warid_MDGJ4640,3,C4-GUJ-02,Platinum,20,,,,133.58333333333331,29.083333333333336,,36.08333333333334,28.91666666666667,,,,,,,,22,,90.83333333333333,27.83333333333333,,53.35,497.59999999999997,42.25,,,,,,,,,,,,961.5333333333333,,10,0.9888711419753087,25409.183333333334,27050.466666666664,29322.38333333333,24979.799999999996,28177.56666666666,28696.116666666665,14469.016666666668,17927.96666666667,12216.933333333332,13373.666666666666,17598.149999999998,18424.466666666664,20760.149999999998,11901.583333333334,20600.199999999997,22501.166666666664,21308.53333333333,18479.983333333337,31927.183333333323,32526.84999999999,0,0,0,0,0,0,0,0,0,0,0,0,C4-GUJ-02,,,Macro
GUJ9418,GUJ9418__S_Faqirpura Warid_GJ4231,3,C4-GUJ-01,Elite,27,,,,153.25,310.5,304.16666666666663,164.58333333333331,224.6666666666667,58.25,588.75,71.58333333333333,,146.33333333333334,283.25,100.50000000000001,104.41666666666666,23.25,119.56666666666665,55.499999999999986,140.25000000000003,22.083333333333332,126.41666666666666,,,,,,,,,,,,,2997.316666666666,,18,0.9653088348765432,28046.349999999995,28907.483333333323,29947.399999999994,21038.53333333333,27157.233333333344,36100.56666666668,32910.850000000006,18900.216666666664,16157.333333333336,23390.2,20112.26666666666,17934.683333333334,23331.583333333336,17603.583333333332,15310.583333333336,23890.666666666668,42937.78333333333,28522.01666666667,36515.650000000016,40095.18333333334,0,0,0,0,0,0,0,0,0,0,0,0,C4-GUJ-01,,,Macro
DSK5986,DSK5986__S_Moh Rajputan Warid_DK5527,3,C4-WZD-07,Elite,9,,,,,,446.0000000000001,,137.25,,,,292.25,,,,,,,545.6333333333336,,13.666666666666666,,,,,,,,,,,,,,1434.8000000000004,,5,0.9833935185185184,28046.349999999995,28907.483333333323,29947.399999999994,21038.53333333333,27157.233333333344,36100.56666666668,32910.850000000006,18900.216666666664,16157.333333333336,23390.2,20112.26666666666,17934.683333333334,23331.583333333336,17603.583333333332,15310.583333333336,23890.666666666668,42937.78333333333,28522.01666666667,36515.650000000016,40095.18333333334,0,0,0,0,0,0,0,0,0,0,0,0,C4-WZD-07,,,Macro
DSK5985,DSK5985__S_Circular RD Warid_DK5757,3,C4-WZD-07,Elite,27,,,,,,446.33333333333326,,,,,,50.24999999999999,,,,,,,32.00000000000001,,,,60,,,,,,,,,,,,588.5833333333333,,4,0.9931876929012345,28046.349999999995,28907.483333333323,29947.399999999994,21038.53333333333,27157.233333333344,36100.56666666668,32910.850000000006,18900.216666666664,16157.333333333336,23390.2,20112.26666666666,17934.683333333334,23331.583333333336,17603.583333333332,15310.583333333336,23890.666666666668,42937.78333333333,28522.01666666667,36515.650000000016,40095.18333333334,0,0,0,0,0,0,0,0,0,0,0,0,C4-WZD-07,,,Macro
GJR0796,GJR0796__ZahoorPalace,3,C4-GRT-04,Elite,27,,,,,,,,,,,,,,,13.416666666666668,,19.25,,88.16666666666664,910.4666666666668,,,,,,,,,,,,,,,1031.3000000000002,,4,0.9880636574074074,28046.349999999995,28907.483333333323,29947.399999999994,21038.53333333333,27157.233333333344,36100.56666666668,32910.850000000006,18900.216666666664,16157.333333333336,23390.2,20112.26666666666,17934.683333333334,23331.583333333336,17603.583333333332,15310.583333333336,23890.666666666668,42937.78333333333,28522.01666666667,36515.650000000016,40095.18333333334,0,0,0,0,0,0,0,0,0,0,0,0,C4-GRT-04,,,Macro
GUJ5873,GUJ5873__S_Kangniwala_CMPak42617,3,C4-GUJ-01,Elite,,OMO,CMPak,CMPak42617,364.0833333333334,850.1666666666666,1390.25,429,1438.2333333333333,18.5,955.7166666666667,55.25,,1557.2333333333333,111.05000000000001,1604.5666666666666,,348.50000000000006,395.75,484.66666666666674,1995.1666666666667,144.83333333333334,1362.0500000000002,,,,,,,,,,,,,13505.016666666666,,17,0.843691936728395,28046.349999999995,28907.483333333323,29947.399999999994,21038.53333333333,27157.233333333344,36100.56666666668,32910.850000000006,18900.216666666664,16157.333333333336,23390.2,20112.26666666666,17934.683333333334,23331.583333333336,17603.583333333332,15310.583333333336,23890.666666666668,42937.78333333333,28522.01666666667,36515.650000000016,40095.18333333334,0,0,0,0,0,0,0,0,0,0,0,0,C4-GUJ-01,,,Macro
KMK6923,KMK6923__SadruddinKamonki,3,C4-GUJ-01,Elite,30,,,,,,,,23,,,,39.24999999999999,,,,,,,,,,,,,,,,,,,,,,,62.24999999999999,,2,0.9992795138888888,28046.349999999995,28907.483333333323,29947.399999999994,21038.53333333333,27157.233333333344,36100.56666666668,32910.850000000006,18900.216666666664,16157.333333333336,23390.2,20112.26666666666,17934.683333333334,23331.583333333336,17603.583333333332,15310.583333333336,23890.666666666668,42937.78333333333,28522.01666666667,36515.650000000016,40095.18333333334,0,0,0,0,0,0,0,0,0,0,0,0,C4-GUJ-01,,,Macro
DHW6981,DHW6981__ChakralaSialkot,3,C4-SKT-03,Platinum,27,,,,356.08333333333337,,,,175,,284.75,98.65,215.91666666666666,85.19999999999999,,,,,413.8166666666667,,,,66.9,,,,,,,,,,,,,1696.316666666667,,8,0.9803667052469136,25409.183333333334,27050.466666666664,29322.38333333333,24979.799999999996,28177.56666666666,28696.116666666665,14469.016666666668,17927.96666666667,12216.933333333332,13373.666666666666,17598.149999999998,18424.466666666664,20760.149999999998,11901.583333333334,20600.199999999997,22501.166666666664,21308.53333333333,18479.983333333337,31927.183333333323,32526.84999999999,0,0,0,0,0,0,0,0,0,0,0,0,C4-SKT-03,,,Macro
JPB1369,JPB1369_Khokhar_Market,3,C4-HFZ-06,Elite,20,,,,,,14.25,,,,154.83333333333334,42.75,,,,,,60.916666666666664,,34.75,19.083333333333336,,17.333333333333332,22.833333333333336,,,,,,,,,,,,366.74999999999994,,8,0.9957552083333333,28046.349999999995,28907.483333333323,29947.399999999994,21038.53333333333,27157.233333333344,36100.56666666668,32910.850000000006,18900.216666666664,16157.333333333336,23390.2,20112.26666666666,17934.683333333334,23331.583333333336,17603.583333333332,15310.583333333336,23890.666666666668,42937.78333333333,28522.01666666667,36515.650000000016,40095.18333333334,0,0,0,0,0,0,0,0,0,0,0,0,C4-HFZ-06,,,Macro
GUJ9420,GUJ9420__S_Moh Pondawala Warid_GJ4729,3,C4-GUJ-01,Platinum,,OMO,CMPak,7242,120.49999999999997,1184.5833333333335,620.7833333333334,348.0833333333333,,1740.8333333333335,55.833333333333336,458.25,,,,,,,,,,,190.7166666666666,,,,,,,,,,,,,4719.583333333333,,8,0.9453751929012345,25409.183333333334,27050.466666666664,29322.38333333333,24979.799999999996,28177.56666666666,28696.116666666665,14469.016666666668,17927.96666666667,12216.933333333332,13373.666666666666,17598.149999999998,18424.466666666664,20760.149999999998,11901.583333333334,20600.199999999997,22501.166666666664,21308.53333333333,18479.983333333337,31927.183333333323,32526.84999999999,0,0,0,0,0,0,0,0,0,0,0,0,C4-GUJ-01,CMPAK,7242,Macro
SCK9900,SCK9900__KotFazal,3,C4-HFZ-06,Platinum,9,,,,,,,,,,,,,,,,,,248.41666666666669,,,,,,,,,,,,,,,,,248.41666666666669,,1,0.9971248070987655,25409.183333333334,27050.466666666664,29322.38333333333,24979.799999999996,28177.56666666666,28696.116666666665,14469.016666666668,17927.96666666667,12216.933333333332,13373.666666666666,17598.149999999998,18424.466666666664,20760.149999999998,11901.583333333334,20600.199999999997,22501.166666666664,21308.53333333333,18479.983333333337,31927.183333333323,32526.84999999999,0,0,0,0,0,0,0,0,0,0,0,0,C4-HFZ-06,,,Macro
GFG9668,GFG9668__S_LubbanPulyStop_Warid_MR485355,4,C4-NRW-05,Platinum,30,,,,,,,19.333333333333332,,,,,,,,160,,,488.0833333333333,,,,,9.583333333333332,,,,,,,,,,,,677,,4,0.9941232638888888,25409.183333333334,27050.466666666664,29322.38333333333,24979.799999999996,28177.56666666666,28696.116666666665,14469.016666666668,17927.96666666667,12216.933333333332,13373.666666666666,17598.149999999998,18424.466666666664,20760.149999999998,11901.583333333334,20600.199999999997,22501.166666666664,21308.53333333333,18479.983333333337,31927.183333333323,32526.84999999999,0,0,0,0,0,0,0,0,0,0,0,0,C4-NRW-05,,,Macro
HFZ9797,HFZ9797__Mohalah_pir_kaly,3,C4-HFZ-06,Elite,27,,,,,,45.33333333333333,,,140,,,,153.75,169.83333333333334,,,226.24999999999997,,,,,22.75,,,,,,,,,,,,,757.9166666666666,,6,0.9912278163580247,28046.349999999995,28907.483333333323,29947.399999999994,21038.53333333333,27157.233333333344,36100.56666666668,32910.850000000006,18900.216666666664,16157.333333333336,23390.2,20112.26666666666,17934.683333333334,23331.583333333336,17603.583333333332,15310.583333333336,23890.666666666668,42937.78333333333,28522.01666666667,36515.650000000016,40095.18333333334,0,0,0,0,0,0,0,0,0,0,0,0,C4-HFZ-06,,,Macro
NRW5820,NRW5820_H_Ransinwal road Narowal,3,C4-NRW-05,Platinum,,B2S,Enfrashare,EC1-NRW-07811,,,,1.583333333333333,450.41666666666663,,,221.5,,,,,,,388.5,,,,,,,,,,,,,,,,,1062,,4,0.9877083333333333,25409.183333333334,27050.466666666664,29322.38333333333,24979.799999999996,28177.56666666666,28696.116666666665,14469.016666666668,17927.96666666667,12216.933333333332,13373.666666666666,17598.149999999998,18424.466666666664,20760.149999999998,11901.583333333334,20600.199999999997,22501.166666666664,21308.53333333333,18479.983333333337,31927.183333333323,32526.84999999999,0,0,0,0,0,0,0,0,0,0,0,0,C4-NRW-05,,,Macro
GUJ6135,GUJ6135__S_NabiPura_CMPak4087,3,C4-GUJ-01,Platinum,,OMO,CMPak,CMPak4087,114.5,579.4666666666665,1131.0833333333333,752.0000000000001,1137.5,,459,,,1262.4,15.5,1326.2499999999998,,,135.75,1050.5,2107.8166666666666,,1052.9666666666667,,,,,,,,,,,,,11124.733333333334,,13,0.871241512345679,25409.183333333334,27050.466666666664,29322.38333333333,24979.799999999996,28177.56666666666,28696.116666666665,14469.016666666668,17927.96666666667,12216.933333333332,13373.666666666666,17598.149999999998,18424.466666666664,20760.149999999998,11901.583333333334,20600.199999999997,22501.166666666664,21308.53333333333,18479.983333333337,31927.183333333323,32526.84999999999,0,0,0,0,0,0,0,0,0,0,0,0,C4-GUJ-01,,,Macro
GUJ0279,GUJ0279__SatelliteTownGujw,3,C4-GUJ-01,Platinum,9,,,,,,294.8333333333333,189.25000000000003,,23.5,,,,,304.33333333333337,26.250000000000004,,,,,,,,,,,,,,,,,,,,838.1666666666667,,5,0.9902989969135803,25409.183333333334,27050.466666666664,29322.38333333333,24979.799999999996,28177.56666666666,28696.116666666665,14469.016666666668,17927.96666666667,12216.933333333332,13373.666666666666,17598.149999999998,18424.466666666664,20760.149999999998,11901.583333333334,20600.199999999997,22501.166666666664,21308.53333333333,18479.983333333337,31927.183333333323,32526.84999999999,0,0,0,0,0,0,0,0,0,0,0,0,C4-GUJ-01,,,Macro
SKT4153,SKT4153__SherayWaliKhankah,3,C4-SKT-03,Platinum,30,,,,,,,,,,,,,,,,16,,,,,,,,,,,,,,,,,,,16,,1,0.9998148148148148,25409.183333333334,27050.466666666664,29322.38333333333,24979.799999999996,28177.56666666666,28696.116666666665,14469.016666666668,17927.96666666667,12216.933333333332,13373.666666666666,17598.149999999998,18424.466666666664,20760.149999999998,11901.583333333334,20600.199999999997,22501.166666666664,21308.53333333333,18479.983333333337,31927.183333333323,32526.84999999999,0,0,0,0,0,0,0,0,0,0,0,0,C4-SKT-03,,,Macro
BGL1622,BGL1622__S_Village_Malka_MDKN3890,4,C4-GRT-04,Platinum,20,,,,,,,,,,,,,,,,,,,,300.6666666666667,,,678.6666666666666,,,,,,,,,,,,979.3333333333333,,2,0.9914988425925926,25409.183333333334,27050.466666666664,29322.38333333333,24979.799999999996,28177.56666666666,28696.116666666665,14469.016666666668,17927.96666666667,12216.933333333332,13373.666666666666,17598.149999999998,18424.466666666664,20760.149999999998,11901.583333333334,20600.199999999997,22501.166666666664,21308.53333333333,18479.983333333337,31927.183333333323,32526.84999999999,0,0,0,0,0,0,0,0,0,0,0,0,C4-GRT-04,,,Macro
GJA6164,GJA6164__S_Dairah_NazarMGondal_MandiBahaodin warid_MR335411,4,C4-MBD-08,Elite,20,,,,,,86.91666666666669,,,,,,,,,,,,,,,9.333333333333332,17.750000000000004,,,,,,,,,,,,,114.00000000000001,,3,0.9990104166666667,28046.349999999995,28907.483333333323,29947.399999999994,21038.53333333333,27157.233333333344,36100.56666666668,32910.850000000006,18900.216666666664,16157.333333333336,23390.2,20112.26666666666,17934.683333333334,23331.583333333336,17603.583333333332,15310.583333333336,23890.666666666668,42937.78333333333,28522.01666666667,36515.650000000016,40095.18333333334,0,0,0,0,0,0,0,0,0,0,0,0,C4-MBD-08,,,Macro
SKK3610,SKK3610__InayatpuraHafiz,3,C4-HFZ-06,Platinum,,,GLO,,128.45000000000002,37.5,108.16666666666669,,,,,,,,,261.05,71.23333333333333,145.60000000000002,301.34999999999997,171.95,68.00000000000001,,,,,,,,,,,,,,,1293.3000000000002,,9,0.98503125,25409.183333333334,27050.466666666664,29322.38333333333,24979.799999999996,28177.56666666666,28696.116666666665,14469.016666666668,17927.96666666667,12216.933333333332,13373.666666666666,17598.149999999998,18424.466666666664,20760.149999999998,11901.583333333334,20600.199999999997,22501.166666666664,21308.53333333333,18479.983333333337,31927.183333333323,32526.84999999999,0,0,0,0,0,0,0,0,0,0,0,0,C4-HFZ-06,,,Macro
HWY6907,HWY6907__SuperRiceMillKamonki,3,C4-GUJ-01,Elite,20,,,,,,34.75,,,,,,,,,,,,,,,,,,,,,,,,,,,,,34.75,,1,0.999597800925926,28046.349999999995,28907.483333333323,29947.399999999994,21038.53333333333,27157.233333333344,36100.56666666668,32910.850000000006,18900.216666666664,16157.333333333336,23390.2,20112.26666666666,17934.683333333334,23331.583333333336,17603.583333333332,15310.583333333336,23890.666666666668,42937.78333333333,28522.01666666667,36515.650000000016,40095.18333333334,0,0,0,0,0,0,0,0,0,0,0,0,C4-GUJ-01,,,Macro
RUR6547,RUR6547__S_Daluwali,3,C4-SKT-03,Platinum,,B2S,Enfrashare,EC1-SKT-04954,,1121.9166666666667,,,,,,,,69.75,,,,382.5833333333333,175.24999999999997,1404.7000000000005,38.25,603.6666666666665,282.24999999999994,,,,,,,,,,,,,4078.3666666666672,,8,0.9527966820987654,25409.183333333334,27050.466666666664,29322.38333333333,24979.799999999996,28177.56666666666,28696.116666666665,14469.016666666668,17927.96666666667,12216.933333333332,13373.666666666666,17598.149999999998,18424.466666666664,20760.149999999998,11901.583333333334,20600.199999999997,22501.166666666664,21308.53333333333,18479.983333333337,31927.183333333323,32526.84999999999,0,0,0,0,0,0,0,0,0,0,0,0,C4-SKT-03,,,Macro
GUJ9942,GUJ9942__JamiaHanifa,3,C4-GUJ-02,Elite,30,,,,,,,,,15.05,358.3166666666667,,,,,,,,,,,,266,875.5833333333339,,,,,,,,,,,,1514.9500000000007,,4,0.9824658564814814,28046.349999999995,28907.483333333323,29947.399999999994,21038.53333333333,27157.233333333344,36100.56666666668,32910.850000000006,18900.216666666664,16157.333333333336,23390.2,20112.26666666666,17934.683333333334,23331.583333333336,17603.583333333332,15310.583333333336,23890.666666666668,42937.78333333333,28522.01666666667,36515.650000000016,40095.18333333334,0,0,0,0,0,0,0,0,0,0,0,0,C4-GUJ-02,,,Macro
KHJ6979,KHJ6979__KhujianwalaGujrat,3,C4-MBD-08,Platinum,,,GLO,,,,,,,,,,2.5,,,,,,,,,,,234.25,,,,,,,,,,,,236.75,,2,0.9972598379629629,25409.183333333334,27050.466666666664,29322.38333333333,24979.799999999996,28177.56666666666,28696.116666666665,14469.016666666668,17927.96666666667,12216.933333333332,13373.666666666666,17598.149999999998,18424.466666666664,20760.149999999998,11901.583333333334,20600.199999999997,22501.166666666664,21308.53333333333,18479.983333333337,31927.183333333323,32526.84999999999,0,0,0,0,0,0,0,0,0,0,0,0,C4-MBD-08,,,Macro
KMK4469,KMK4469__AlilHospitalGTRd,3,C4-GUJ-01,Elite,,,GLO,,,,,98.41666666666669,2021.3333333333335,,,3,14,,813.3333333333333,,,,,,,,,,,,,,,,,,,,,2950.083333333333,,5,0.9658555169753086,28046.349999999995,28907.483333333323,29947.399999999994,21038.53333333333,27157.233333333344,36100.56666666668,32910.850000000006,18900.216666666664,16157.333333333336,23390.2,20112.26666666666,17934.683333333334,23331.583333333336,17603.583333333332,15310.583333333336,23890.666666666668,42937.78333333333,28522.01666666667,36515.650000000016,40095.18333333334,0,0,0,0,0,0,0,0,0,0,0,0,C4-GUJ-01,,,Macro
RUR0803,RUR0803__Khar,3,C4-HFZ-06,Platinum,,,GLO,,,,,,,,,,,,,,,,,,,,,,,,,,,,,,,,,0,,0,1,25409.183333333334,27050.466666666664,29322.38333333333,24979.799999999996,28177.56666666666,28696.116666666665,14469.016666666668,17927.96666666667,12216.933333333332,13373.666666666666,17598.149999999998,18424.466666666664,20760.149999999998,11901.583333333334,20600.199999999997,22501.166666666664,21308.53333333333,18479.983333333337,31927.183333333323,32526.84999999999,0,0,0,0,0,0,0,0,0,0,0,0,C4-HFZ-06,,,Macro
RUR5976,RUR5976__S_Othian Warid_625367,3,C4-WZD-07,Platinum,,,GLO,,445.1833333333333,1079.5666666666666,38.04999999999999,94.48333333333333,,,,77.25,1060.883333333333,1139.85,,,310.16666666666674,5.000000000000001,,130.24999999999997,,,,281.16666666666663,,,,,,,,,,,,4661.849999999999,,11,0.9460434027777778,25409.183333333334,27050.466666666664,29322.38333333333,24979.799999999996,28177.56666666666,28696.116666666665,14469.016666666668,17927.96666666667,12216.933333333332,13373.666666666666,17598.149999999998,18424.466666666664,20760.149999999998,11901.583333333334,20600.199999999997,22501.166666666664,21308.53333333333,18479.983333333337,31927.183333333323,32526.84999999999,0,0,0,0,0,0,0,0,0,0,0,0,C4-WZD-07,,,Macro
GUJ9809,GUJ9809__PeopleColonyS2,3,C4-GUJ-01,Elite,30,,,,,,178.00000000000003,,,,,,,,,,,,,,,,,,,,,,,,,,,,,178.00000000000003,,1,0.9979398148148149,28046.349999999995,28907.483333333323,29947.399999999994,21038.53333333333,27157.233333333344,36100.56666666668,32910.850000000006,18900.216666666664,16157.333333333336,23390.2,20112.26666666666,17934.683333333334,23331.583333333336,17603.583333333332,15310.583333333336,23890.666666666668,42937.78333333333,28522.01666666667,36515.650000000016,40095.18333333334,0,0,0,0,0,0,0,0,0,0,0,0,C4-GUJ-01,,,Macro
GUJ4658,GUJ4658__Peoplesclnychowk,3,C4-GUJ-01,Elite,9,,,,80,876.9666666666667,358.30000000000007,157,187.00000000000003,59.08333333333333,280,70.5,,43.25,42.083333333333336,134.75,184.83333333333331,135.41666666666666,137.91666666666669,74.75000000000001,202.50000000000003,80.00000000000001,179.33333333333334,,,,,,,,,,,,,3283.683333333334,,18,0.9619944058641976,28046.349999999995,28907.483333333323,29947.399999999994,21038.53333333333,27157.233333333344,36100.56666666668,32910.850000000006,18900.216666666664,16157.333333333336,23390.2,20112.26666666666,17934.683333333334,23331.583333333336,17603.583333333332,15310.583333333336,23890.666666666668,42937.78333333333,28522.01666666667,36515.650000000016,40095.18333333334,0,0,0,0,0,0,0,0,0,0,0,0,C4-GUJ-01,,,Macro
GUJ4662,GUJ4662__KhyaliBypass,3,C4-GUJ-01,Platinum,,,GLO,,,,425.5833333333333,20.166666666666668,25.999999999999996,,166.58333333333334,,,345.50000000000006,32.75,,,,,,,,,,,,,,,,,,,,,1016.5833333333335,,6,0.9882339891975309,25409.183333333334,27050.466666666664,29322.38333333333,24979.799999999996,28177.56666666666,28696.116666666665,14469.016666666668,17927.96666666667,12216.933333333332,13373.666666666666,17598.149999999998,18424.466666666664,20760.149999999998,11901.583333333334,20600.199999999997,22501.166666666664,21308.53333333333,18479.983333333337,31927.183333333323,32526.84999999999,0,0,0,0,0,0,0,0,0,0,0,0,C4-GUJ-01,,,Macro
RUR5628,RUR5628__S_Khaner,3,C4-NRW-05,Elite,,B2S,Enfrashare,EC1-NRW-01979,,,,,,138.5,,,749.25,,,725.0833333333335,,,,711.9999999999999,,,744.9166666666665,197.83333333333334,,,,,,,,,,,,3267.5833333333335,,6,0.9621807484567901,28046.349999999995,28907.483333333323,29947.399999999994,21038.53333333333,27157.233333333344,36100.56666666668,32910.850000000006,18900.216666666664,16157.333333333336,23390.2,20112.26666666666,17934.683333333334,23331.583333333336,17603.583333333332,15310.583333333336,23890.666666666668,42937.78333333333,28522.01666666667,36515.650000000016,40095.18333333334,0,0,0,0,0,0,0,0,0,0,0,0,C4-NRW-05,,,Macro
RUR3737,RUR3737__GUJThakarkay,3,C4-HFZ-06,Platinum,9,,,,,,,118.08333333333336,,,,,,246.00000000000009,,,,,,,,,675.8333333333336,,,,,,,,,,,,,1039.916666666667,,3,0.9879639274691359,25409.183333333334,27050.466666666664,29322.38333333333,24979.799999999996,28177.56666666666,28696.116666666665,14469.016666666668,17927.96666666667,12216.933333333332,13373.666666666666,17598.149999999998,18424.466666666664,20760.149999999998,11901.583333333334,20600.199999999997,22501.166666666664,21308.53333333333,18479.983333333337,31927.183333333323,32526.84999999999,0,0,0,0,0,0,0,0,0,0,0,0,C4-HFZ-06,,,Macro
HWY0234,HWY0234__MuhallahAbbasNagar,3,C4-GUJ-01,Elite,,,GLO,,,156.65,202.83333333333331,,,,,,,15.25,,,,,,,,,379.58333333333337,,,,,,,,,,,,,754.3166666666667,,4,0.9912694830246913,28046.349999999995,28907.483333333323,29947.399999999994,21038.53333333333,27157.233333333344,36100.56666666668,32910.850000000006,18900.216666666664,16157.333333333336,23390.2,20112.26666666666,17934.683333333334,23331.583333333336,17603.583333333332,15310.583333333336,23890.666666666668,42937.78333333333,28522.01666666667,36515.650000000016,40095.18333333334,0,0,0,0,0,0,0,0,0,0,0,0,C4-GUJ-01,,,Macro
RUR8836,RUR8836__JandasingGuj,4,C4-HFZ-06,Platinum,27,,,,,,,,,,,,514.0833333333334,1012.5833333333333,,,,,,,,,,,,,,,,,,,,,,1526.6666666666665,,2,0.9867476851851852,25409.183333333334,27050.466666666664,29322.38333333333,24979.799999999996,28177.56666666666,28696.116666666665,14469.016666666668,17927.96666666667,12216.933333333332,13373.666666666666,17598.149999999998,18424.466666666664,20760.149999999998,11901.583333333334,20600.199999999997,22501.166666666664,21308.53333333333,18479.983333333337,31927.183333333323,32526.84999999999,0,0,0,0,0,0,0,0,0,0,0,0,C4-HFZ-06,,,Macro
RUR8069,RUR8069_Hundal,3,C4-SKT-03,Elite,,,GLO,,,,,,,,,,,,,,,,47.08333333333334,,,,,,,,,,,,,,,,,47.08333333333334,,1,0.9994550540123457,28046.349999999995,28907.483333333323,29947.399999999994,21038.53333333333,27157.233333333344,36100.56666666668,32910.850000000006,18900.216666666664,16157.333333333336,23390.2,20112.26666666666,17934.683333333334,23331.583333333336,17603.583333333332,15310.583333333336,23890.666666666668,42937.78333333333,28522.01666666667,36515.650000000016,40095.18333333334,0,0,0,0,0,0,0,0,0,0,0,0,C4-SKT-03,,,Macro
GUJ9440,GUJ9440__S_Chah Talianwala Warid_MDGJ1832,3,C4-GUJ-02,Elite,9,,,,,,,,,69.33333333333334,,,,,,,,,,,,,,,,,,,,,,,,,,69.33333333333334,,1,0.9991975308641975,28046.349999999995,28907.483333333323,29947.399999999994,21038.53333333333,27157.233333333344,36100.56666666668,32910.850000000006,18900.216666666664,16157.333333333336,23390.2,20112.26666666666,17934.683333333334,23331.583333333336,17603.583333333332,15310.583333333336,23890.666666666668,42937.78333333333,28522.01666666667,36515.650000000016,40095.18333333334,0,0,0,0,0,0,0,0,0,0,0,0,C4-GUJ-02,,,Macro
RGA9707,RGA9707__BudhGoraya,3,C4-HFZ-06,Platinum,9,,,,35.49999999999999,62.99999999999999,,,,,,33,9.75,,,,,10,,10,19.999999999999996,19.749999999999996,18,19.5,,,,,,,,,,,,238.5,,10,0.9972395833333333,25409.183333333334,27050.466666666664,29322.38333333333,24979.799999999996,28177.56666666666,28696.116666666665,14469.016666666668,17927.96666666667,12216.933333333332,13373.666666666666,17598.149999999998,18424.466666666664,20760.149999999998,11901.583333333334,20600.199999999997,22501.166666666664,21308.53333333333,18479.983333333337,31927.183333333323,32526.84999999999,0,0,0,0,0,0,0,0,0,0,0,0,C4-HFZ-06,,,Macro
RUR5650,RUR5650_USF_USLK007_Chak Dodhoo Narowal,3,C4-NRW-05,Platinum,30,,,,,257,,,293.3833333333333,,,,,,,,,,,,,159.85,1337.3500000000004,,,,,,,,,,,,,2047.5833333333337,,4,0.9763011188271605,25409.183333333334,27050.466666666664,29322.38333333333,24979.799999999996,28177.56666666666,28696.116666666665,14469.016666666668,17927.96666666667,12216.933333333332,13373.666666666666,17598.149999999998,18424.466666666664,20760.149999999998,11901.583333333334,20600.199999999997,22501.166666666664,21308.53333333333,18479.983333333337,31927.183333333323,32526.84999999999,0,0,0,0,0,0,0,0,0,0,0,0,C4-NRW-05,,,Macro
RUR0346,RUR0346__Gondlanwala,3,C4-GUJ-02,Elite,,OMO,UFONE,3894,,25,,,,40.08333333333333,,,,,,,,,,,,,,,,,,,,,,,,,,65.08333333333333,,2,0.9992467206790124,28046.349999999995,28907.483333333323,29947.399999999994,21038.53333333333,27157.233333333344,36100.56666666668,32910.850000000006,18900.216666666664,16157.333333333336,23390.2,20112.26666666666,17934.683333333334,23331.583333333336,17603.583333333332,15310.583333333336,23890.666666666668,42937.78333333333,28522.01666666667,36515.650000000016,40095.18333333334,0,0,0,0,0,0,0,0,0,0,0,0,C4-GUJ-02,UFone,3894,Macro
HFZ3804,HFZ3804__Gulshan_Usman,3,C4-HFZ-06,Platinum,20,,,,,,161.66666666666666,,39.50000000000001,,,,,,28.75,175.99999999999997,58.16666666666667,,,,,,,,,,,,,,,,,,,464.0833333333333,,5,0.9946286651234568,25409.183333333334,27050.466666666664,29322.38333333333,24979.799999999996,28177.56666666666,28696.116666666665,14469.016666666668,17927.96666666667,12216.933333333332,13373.666666666666,17598.149999999998,18424.466666666664,20760.149999999998,11901.583333333334,20600.199999999997,22501.166666666664,21308.53333333333,18479.983333333337,31927.183333333323,32526.84999999999,0,0,0,0,0,0,0,0,0,0,0,0,C4-HFZ-06,,,Macro
RUR0717,RUR0717_Mandrian Wala,3,C4-HFZ-06,Platinum,9,,,,,,,,,,,,,,,,,,,,,,,,,,,,,,,,,,,0,,0,1,25409.183333333334,27050.466666666664,29322.38333333333,24979.799999999996,28177.56666666666,28696.116666666665,14469.016666666668,17927.96666666667,12216.933333333332,13373.666666666666,17598.149999999998,18424.466666666664,20760.149999999998,11901.583333333334,20600.199999999997,22501.166666666664,21308.53333333333,18479.983333333337,31927.183333333323,32526.84999999999,0,0,0,0,0,0,0,0,0,0,0,0,C4-HFZ-06,,,Macro
RUR5786,RUR5786__S_NearZafar,3,C4-NRW-05,Platinum,,B2S,Enfrashare,EC1-NRW-02489,,,,,,,,,,,,857.1666666666667,,,800.6666666666667,,,,,,,,,,,,,,,,,1657.8333333333335,,2,0.9808121141975309,25409.183333333334,27050.466666666664,29322.38333333333,24979.799999999996,28177.56666666666,28696.116666666665,14469.016666666668,17927.96666666667,12216.933333333332,13373.666666666666,17598.149999999998,18424.466666666664,20760.149999999998,11901.583333333334,20600.199999999997,22501.166666666664,21308.53333333333,18479.983333333337,31927.183333333323,32526.84999999999,0,0,0,0,0,0,0,0,0,0,0,0,C4-NRW-05,,,Macro
SKT8839,SKT8839__MuradPurNaiAbadiSKT,3,C4-SKT-03,Elite,27,,,,,,,,,,214.75,,,,,,,,,,,404.4999999999999,,,,,,,,,,,,,,619.2499999999999,,2,0.9928327546296296,28046.349999999995,28907.483333333323,29947.399999999994,21038.53333333333,27157.233333333344,36100.56666666668,32910.850000000006,18900.216666666664,16157.333333333336,23390.2,20112.26666666666,17934.683333333334,23331.583333333336,17603.583333333332,15310.583333333336,23890.666666666668,42937.78333333333,28522.01666666667,36515.650000000016,40095.18333333334,0,0,0,0,0,0,0,0,0,0,0,0,C4-SKT-03,,,Macro
HWY1576,HWY1576__Langaryal,3,C4-GRT-04,Platinum,9,,,,157.08333333333334,64.75,27.749999999999996,45.24999999999999,55.583333333333336,91.41666666666669,253.74999999999997,40.583333333333336,48.666666666666664,52.166666666666664,27.749999999999996,105.16666666666667,84.83333333333333,,260.83333333333326,,188.41666666666666,80.24999999999999,101.74999999999997,156.75000000000003,,,,,,,,,,,,1842.7499999999998,,18,0.978671875,25409.183333333334,27050.466666666664,29322.38333333333,24979.799999999996,28177.56666666666,28696.116666666665,14469.016666666668,17927.96666666667,12216.933333333332,13373.666666666666,17598.149999999998,18424.466666666664,20760.149999999998,11901.583333333334,20600.199999999997,22501.166666666664,21308.53333333333,18479.983333333337,31927.183333333323,32526.84999999999,0,0,0,0,0,0,0,0,0,0,0,0,C4-GRT-04,,,Macro
GUJ3065,GUJ3065__MuhammadiTown,3,C4-GUJ-01,Elite,20,,,,,,,,389.90000000000015,,,,,,,,,27.583333333333332,,75.24999999999999,2048.0499999999997,1538.7833333333333,381.83333333333337,484.1166666666666,,,,,,,,,,,,4945.516666666666,,7,0.9427602237654321,28046.349999999995,28907.483333333323,29947.399999999994,21038.53333333333,27157.233333333344,36100.56666666668,32910.850000000006,18900.216666666664,16157.333333333336,23390.2,20112.26666666666,17934.683333333334,23331.583333333336,17603.583333333332,15310.583333333336,23890.666666666668,42937.78333333333,28522.01666666667,36515.650000000016,40095.18333333334,0,0,0,0,0,0,0,0,0,0,0,0,C4-GUJ-01,,,Macro
GUJ3887,GUJ3887__ChandDaQila,3,C4-GUJ-01,Elite,30,,,,,,145,,365.58333333333337,,312.58333333333337,,,169.5,32.5,,,,,,270.4166666666667,,118.5,148.00000000000003,,,,,,,,,,,,1562.0833333333335,,8,0.9819203317901234,28046.349999999995,28907.483333333323,29947.399999999994,21038.53333333333,27157.233333333344,36100.56666666668,32910.850000000006,18900.216666666664,16157.333333333336,23390.2,20112.26666666666,17934.683333333334,23331.583333333336,17603.583333333332,15310.583333333336,23890.666666666668,42937.78333333333,28522.01666666667,36515.650000000016,40095.18333333334,0,0,0,0,0,0,0,0,0,0,0,0,C4-GUJ-01,,,Macro
RUR6930,RUR6930__SabzPriMor_NEW,3,C4-NRW-05,Elite,30,,,,,,,,,,,,,,,,,,,,,,,,,,,,,,,,,,,0,,0,1,28046.349999999995,28907.483333333323,29947.399999999994,21038.53333333333,27157.233333333344,36100.56666666668,32910.850000000006,18900.216666666664,16157.333333333336,23390.2,20112.26666666666,17934.683333333334,23331.583333333336,17603.583333333332,15310.583333333336,23890.666666666668,42937.78333333333,28522.01666666667,36515.650000000016,40095.18333333334,0,0,0,0,0,0,0,0,0,0,0,0,C4-NRW-05,,,Macro
SKT3425,SKT3425__CanttPlazaSlkttCantt,3,C4-SKT-03,Elite,31,,,,,,,,,,,,,,,,,,,,,,,,,,,,,,,,,,,0,,0,1,28046.349999999995,28907.483333333323,29947.399999999994,21038.53333333333,27157.233333333344,36100.56666666668,32910.850000000006,18900.216666666664,16157.333333333336,23390.2,20112.26666666666,17934.683333333334,23331.583333333336,17603.583333333332,15310.583333333336,23890.666666666668,42937.78333333333,28522.01666666667,36515.650000000016,40095.18333333334,0,0,0,0,0,0,0,0,0,0,0,0,C4-SKT-03,,,Macro
SKT1618,SKT1618__S_Rang Pura Green Town_MDSK4275,4,C4-SKT-03,Platinum,30,,,,575.4333333333334,,23,,17.666666666666668,,,,,,,,,,,,,,,,,,,,,,,,,,,616.1,,3,0.9946519097222222,25409.183333333334,27050.466666666664,29322.38333333333,24979.799999999996,28177.56666666666,28696.116666666665,14469.016666666668,17927.96666666667,12216.933333333332,13373.666666666666,17598.149999999998,18424.466666666664,20760.149999999998,11901.583333333334,20600.199999999997,22501.166666666664,21308.53333333333,18479.983333333337,31927.183333333323,32526.84999999999,0,0,0,0,0,0,0,0,0,0,0,0,C4-SKT-03,,,Macro
RUR4032,RUR4032__SKTWellRiseFactory,3,C4-WZD-07,Platinum,30,,,,,,,,,1256.8833333333337,,448.5,,,,,,32.33333333333333,,,141.99999999999997,117.16666666666667,14.75,,,,,,,,,,,,,2011.6333333333337,,6,0.9767172067901234,25409.183333333334,27050.466666666664,29322.38333333333,24979.799999999996,28177.56666666666,28696.116666666665,14469.016666666668,17927.96666666667,12216.933333333332,13373.666666666666,17598.149999999998,18424.466666666664,20760.149999999998,11901.583333333334,20600.199999999997,22501.166666666664,21308.53333333333,18479.983333333337,31927.183333333323,32526.84999999999,0,0,0,0,0,0,0,0,0,0,0,0,C4-WZD-07,,,Macro
GUJ0724,GUJ0724__Garjakh,4,C4-GUJ-02,Elite,30,,,,51.16666666666666,48.66666666666667,9,54.166666666666664,68.66666666666666,,,,,,38.333333333333336,17.833333333333332,,17.666666666666668,,,,103.33333333333334,,,,,,,,,,,,,,408.83333333333337,,9,0.9964510995370371,28046.349999999995,28907.483333333323,29947.399999999994,21038.53333333333,27157.233333333344,36100.56666666668,32910.850000000006,18900.216666666664,16157.333333333336,23390.2,20112.26666666666,17934.683333333334,23331.583333333336,17603.583333333332,15310.583333333336,23890.666666666668,42937.78333333333,28522.01666666667,36515.650000000016,40095.18333333334,0,0,0,0,0,0,0,0,0,0,0,0,C4-GUJ-02,,,Macro
RUR0866,RUR0866__KhojeChakBajwatRD,3,C4-SKT-03,Platinum,27,,,,,,,,,24.75,,,,,,118.71666666666667,,,,928.7499999999997,350.33333333333337,383.98333333333335,,,,,,,,,,,,,,1806.533333333333,,5,0.9790910493827161,25409.183333333334,27050.466666666664,29322.38333333333,24979.799999999996,28177.56666666666,28696.116666666665,14469.016666666668,17927.96666666667,12216.933333333332,13373.666666666666,17598.149999999998,18424.466666666664,20760.149999999998,11901.583333333334,20600.199999999997,22501.166666666664,21308.53333333333,18479.983333333337,31927.183333333323,32526.84999999999,0,0,0,0,0,0,0,0,0,0,0,0,C4-SKT-03,,,Macro
SKT3223,SKT3223__Rangpur2,4,C4-SKT-03,Elite,30,,,,,,,,564.7499999999998,,,,,,,,,,98.33333333333331,,,,,,,,,,,,,,,,,663.083333333333,,2,0.994244068287037,28046.349999999995,28907.483333333323,29947.399999999994,21038.53333333333,27157.233333333344,36100.56666666668,32910.850000000006,18900.216666666664,16157.333333333336,23390.2,20112.26666666666,17934.683333333334,23331.583333333336,17603.583333333332,15310.583333333336,23890.666666666668,42937.78333333333,28522.01666666667,36515.650000000016,40095.18333333334,0,0,0,0,0,0,0,0,0,0,0,0,C4-SKT-03,,,Macro
HFZ5343,HFZ5343__S_DefenceColony,3,C4-HFZ-06,Elite,,B2S,E.Co,e.coPK016490PU,,,,,,,,,,,,,,671.9000000000001,,,,,,,,,,,,,,,,,,671.9000000000001,,1,0.9922233796296297,28046.349999999995,28907.483333333323,29947.399999999994,21038.53333333333,27157.233333333344,36100.56666666668,32910.850000000006,18900.216666666664,16157.333333333336,23390.2,20112.26666666666,17934.683333333334,23331.583333333336,17603.583333333332,15310.583333333336,23890.666666666668,42937.78333333333,28522.01666666667,36515.650000000016,40095.18333333334,0,0,0,0,0,0,0,0,0,0,0,0,C4-HFZ-06,E.Co,,Macro
SKT3154,SKT3154__Opp_Masjid_Molvi,3,C4-SKT-03,Platinum,31,,,,,,,,,,,,,,,,,,13.666666666666666,,24.25,,,,,,,,,,,,,,,37.916666666666664,,2,0.999561149691358,25409.183333333334,27050.466666666664,29322.38333333333,24979.799999999996,28177.56666666666,28696.116666666665,14469.016666666668,17927.96666666667,12216.933333333332,13373.666666666666,17598.149999999998,18424.466666666664,20760.149999999998,11901.583333333334,20600.199999999997,22501.166666666664,21308.53333333333,18479.983333333337,31927.183333333323,32526.84999999999,0,0,0,0,0,0,0,0,0,0,0,0,C4-SKT-03,,,Macro
GUJ9461,GUJ9461__S_Gulzar Colony Warid_MDGJ4235,3,C4-GUJ-01,Elite,,OMO,CMPak,5594,1028.5166666666664,178.33333333333331,103.33333333333334,203.33333333333334,340.5,,,124.08333333333334,,302.3333333333333,27.333333333333336,189,23,,77.75000000000001,220.16666666666663,17.75,390.9166666666665,216.50000000000003,257.6666666666667,,,,,,,,,,,,3700.516666666666,,16,0.9571699459876544,28046.349999999995,28907.483333333323,29947.399999999994,21038.53333333333,27157.233333333344,36100.56666666668,32910.850000000006,18900.216666666664,16157.333333333336,23390.2,20112.26666666666,17934.683333333334,23331.583333333336,17603.583333333332,15310.583333333336,23890.666666666668,42937.78333333333,28522.01666666667,36515.650000000016,40095.18333333334,0,0,0,0,0,0,0,0,0,0,0,0,C4-GUJ-01,,,Macro
GUJ9434,GUJ9434__S_Gulzar Colony Warid_MDGJ4162,3,C4-GUJ-01,Elite,9,,,,303.4500000000001,827.6833333333332,1226.4,784.4666666666665,139.41666666666666,312.5833333333334,157.3,288.3333333333333,195.58333333333334,173.49999999999997,117.58333333333334,,78.5,196.5,471.0666666666667,1110.25,9.5,362.8833333333333,1739.4166666666663,,,,,,,,,,,,,8494.416666666666,,18,0.9016849922839506,28046.349999999995,28907.483333333323,29947.399999999994,21038.53333333333,27157.233333333344,36100.56666666668,32910.850000000006,18900.216666666664,16157.333333333336,23390.2,20112.26666666666,17934.683333333334,23331.583333333336,17603.583333333332,15310.583333333336,23890.666666666668,42937.78333333333,28522.01666666667,36515.650000000016,40095.18333333334,0,0,0,0,0,0,0,0,0,0,0,0,C4-GUJ-01,,,Macro
RUR0903,RUR0903__Ferozepur,3,C4-NRW-05,Platinum,20,,,,,,,,,,,,,,,,,,,,,,,,,,,,,,,,,,,0,,0,1,25409.183333333334,27050.466666666664,29322.38333333333,24979.799999999996,28177.56666666666,28696.116666666665,14469.016666666668,17927.96666666667,12216.933333333332,13373.666666666666,17598.149999999998,18424.466666666664,20760.149999999998,11901.583333333334,20600.199999999997,22501.166666666664,21308.53333333333,18479.983333333337,31927.183333333323,32526.84999999999,0,0,0,0,0,0,0,0,0,0,0,0,C4-NRW-05,,,Macro
RUR9501,RUR9501__S_KalasKay_1M3547,4,C4-HFZ-06,Elite,27,,,,,,,,,,,,,34.333333333333336,,,,,,,,,38,,,,,,,,,,,,,72.33333333333334,,2,0.9993721064814816,28046.349999999995,28907.483333333323,29947.399999999994,21038.53333333333,27157.233333333344,36100.56666666668,32910.850000000006,18900.216666666664,16157.333333333336,23390.2,20112.26666666666,17934.683333333334,23331.583333333336,17603.583333333332,15310.583333333336,23890.666666666668,42937.78333333333,28522.01666666667,36515.650000000016,40095.18333333334,0,0,0,0,0,0,0,0,0,0,0,0,C4-HFZ-06,,,Macro
QDS9645,QDS9645__BohktlaRd,4,C4-HFZ-06,Elite,30,,,,,,27.666666666666668,,,,,,,,,,,,,,,,,,,,,,,,,,,,,27.666666666666668,,1,0.9997598379629629,28046.349999999995,28907.483333333323,29947.399999999994,21038.53333333333,27157.233333333344,36100.56666666668,32910.850000000006,18900.216666666664,16157.333333333336,23390.2,20112.26666666666,17934.683333333334,23331.583333333336,17603.583333333332,15310.583333333336,23890.666666666668,42937.78333333333,28522.01666666667,36515.650000000016,40095.18333333334,0,0,0,0,0,0,0,0,0,0,0,0,C4-HFZ-06,,,Macro
SKT4635,SKT4635__IslmiacollegeSKT,4,C4-SKT-03,Platinum,,,GLO,,,,,216.25000000000003,,,,,,,,,20.666666666666668,,,,,,,,,,,,,,,,,,,236.91666666666669,,2,0.997943431712963,25409.183333333334,27050.466666666664,29322.38333333333,24979.799999999996,28177.56666666666,28696.116666666665,14469.016666666668,17927.96666666667,12216.933333333332,13373.666666666666,17598.149999999998,18424.466666666664,20760.149999999998,11901.583333333334,20600.199999999997,22501.166666666664,21308.53333333333,18479.983333333337,31927.183333333323,32526.84999999999,0,0,0,0,0,0,0,0,0,0,0,0,C4-SKT-03,,,Macro
GUJ9454,GUJ9454__S_OPP Jinah Park Warid_MDGJ4224,3,C4-GUJ-01,Platinum,30,,,,,,984.5499999999998,,1027.9666666666667,,506.0000000000001,,,1375.2999999999997,,1152,,,,,1115.3333333333333,,962.5,,,,,,,,,,,,,7123.649999999999,,7,0.9175503472222222,25409.183333333334,27050.466666666664,29322.38333333333,24979.799999999996,28177.56666666666,28696.116666666665,14469.016666666668,17927.96666666667,12216.933333333332,13373.666666666666,17598.149999999998,18424.466666666664,20760.149999999998,11901.583333333334,20600.199999999997,22501.166666666664,21308.53333333333,18479.983333333337,31927.183333333323,32526.84999999999,0,0,0,0,0,0,0,0,0,0,0,0,C4-GUJ-01,,,Macro
RUR0275,RUR0275__S_Dhudu_Chak_Warid_MDNR7579,3,C4-NRW-05,Elite,,OMO,CMPak,7713,,,,,,,,,,,,,316.8333333333333,132.25000000000003,,,,,103.5,,,,,,,,,,,,,552.5833333333334,,3,0.9936043595679013,28046.349999999995,28907.483333333323,29947.399999999994,21038.53333333333,27157.233333333344,36100.56666666668,32910.850000000006,18900.216666666664,16157.333333333336,23390.2,20112.26666666666,17934.683333333334,23331.583333333336,17603.583333333332,15310.583333333336,23890.666666666668,42937.78333333333,28522.01666666667,36515.650000000016,40095.18333333334,0,0,0,0,0,0,0,0,0,0,0,0,C4-NRW-05,CMPAK,7713,Macro
AMG9500,AMG9500__S_Masjid_Bilal_2J3779,3,C4-HFZ-06,Platinum,,,GLO,,,,,,,,,,,,,,,,,,,,,,,,,,,,,,,,,0,,0,1,25409.183333333334,27050.466666666664,29322.38333333333,24979.799999999996,28177.56666666666,28696.116666666665,14469.016666666668,17927.96666666667,12216.933333333332,13373.666666666666,17598.149999999998,18424.466666666664,20760.149999999998,11901.583333333334,20600.199999999997,22501.166666666664,21308.53333333333,18479.983333333337,31927.183333333323,32526.84999999999,0,0,0,0,0,0,0,0,0,0,0,0,C4-HFZ-06,,,Macro
RUR5622,RUR5622__S_MameyWal,3,C4-NRW-05,Platinum,,B2S,Enfrashare,EC1-SKG-02361,,,,,,,,,,,,,,,,,,,,,,,,,,,,,,,,0,,0,1,25409.183333333334,27050.466666666664,29322.38333333333,24979.799999999996,28177.56666666666,28696.116666666665,14469.016666666668,17927.96666666667,12216.933333333332,13373.666666666666,17598.149999999998,18424.466666666664,20760.149999999998,11901.583333333334,20600.199999999997,22501.166666666664,21308.53333333333,18479.983333333337,31927.183333333323,32526.84999999999,0,0,0,0,0,0,0,0,0,0,0,0,C4-NRW-05,,,Macro
HFZ9814,HFZ9814__sohnservice_st,3,C4-HFZ-06,Elite,,,GLO,,,,,,,,,,,,,,,720.6666666666667,,,,,,,,,,,,,,,,,,720.6666666666667,,1,0.9916589506172839,28046.349999999995,28907.483333333323,29947.399999999994,21038.53333333333,27157.233333333344,36100.56666666668,32910.850000000006,18900.216666666664,16157.333333333336,23390.2,20112.26666666666,17934.683333333334,23331.583333333336,17603.583333333332,15310.583333333336,23890.666666666668,42937.78333333333,28522.01666666667,36515.650000000016,40095.18333333334,0,0,0,0,0,0,0,0,0,0,0,0,C4-HFZ-06,,,Macro
RUR6405,RUR6405__S_AdamDaraz_CMPak42960,3,C4-WZD-07,Platinum,,OMO,CMPak,CMPak_42960,,,18.133333333333333,,,,,,,,,,,12.666666666666666,41.00000000000001,,,185.74999999999997,,9.666666666666668,,,,,,,,,,,,267.21666666666664,,5,0.9969072145061729,25409.183333333334,27050.466666666664,29322.38333333333,24979.799999999996,28177.56666666666,28696.116666666665,14469.016666666668,17927.96666666667,12216.933333333332,13373.666666666666,17598.149999999998,18424.466666666664,20760.149999999998,11901.583333333334,20600.199999999997,22501.166666666664,21308.53333333333,18479.983333333337,31927.183333333323,32526.84999999999,0,0,0,0,0,0,0,0,0,0,0,0,C4-WZD-07,,,Macro
RUR0373,RUR0373__Bharoki_New,3,C4-WZD-07,Platinum,,,GLO,,,,35.49999999999999,,,105.25000000000003,,,,,,,,,,,,,,,,,,,,,,,,,,140.75000000000003,,2,0.9983709490740741,25409.183333333334,27050.466666666664,29322.38333333333,24979.799999999996,28177.56666666666,28696.116666666665,14469.016666666668,17927.96666666667,12216.933333333332,13373.666666666666,17598.149999999998,18424.466666666664,20760.149999999998,11901.583333333334,20600.199999999997,22501.166666666664,21308.53333333333,18479.983333333337,31927.183333333323,32526.84999999999,0,0,0,0,0,0,0,0,0,0,0,0,C4-WZD-07,,,Macro
HFZ9401,HFZ9401_Mubarak_Colony,3,C4-HFZ-06,Platinum,20,,,,,,,,,,,,,,,,,87.83333333333333,,,,,,,,,,,,,,,,,,87.83333333333333,,1,0.9989834104938272,25409.183333333334,27050.466666666664,29322.38333333333,24979.799999999996,28177.56666666666,28696.116666666665,14469.016666666668,17927.96666666667,12216.933333333332,13373.666666666666,17598.149999999998,18424.466666666664,20760.149999999998,11901.583333333334,20600.199999999997,22501.166666666664,21308.53333333333,18479.983333333337,31927.183333333323,32526.84999999999,0,0,0,0,0,0,0,0,0,0,0,0,C4-HFZ-06,,,Macro
RUR6256,RUR6256__S_Chak_Kala_Jalapurjatan Road_MR1O3562,3,C4-GRT-04,Platinum,20,,,,,,,,,,,129.65,,,,,,,,,21.25,,,,,,,,,,,,,,,150.9,,2,0.9982534722222222,25409.183333333334,27050.466666666664,29322.38333333333,24979.799999999996,28177.56666666666,28696.116666666665,14469.016666666668,17927.96666666667,12216.933333333332,13373.666666666666,17598.149999999998,18424.466666666664,20760.149999999998,11901.583333333334,20600.199999999997,22501.166666666664,21308.53333333333,18479.983333333337,31927.183333333323,32526.84999999999,0,0,0,0,0,0,0,0,0,0,0,0,C4-GRT-04,,,Macro
GUJ9410,GUJ9410__S_Baghwala Warid_GJ4214,3,C4-GUJ-02,Elite,30,,,,38.75000000000001,39.5,,33.41666666666667,96.24999999999999,,,,,,378.0833333333333,,,,,,,489.5833333333333,,,,,,,,,,,,,,1075.5833333333333,,6,0.9875511188271605,28046.349999999995,28907.483333333323,29947.399999999994,21038.53333333333,27157.233333333344,36100.56666666668,32910.850000000006,18900.216666666664,16157.333333333336,23390.2,20112.26666666666,17934.683333333334,23331.583333333336,17603.583333333332,15310.583333333336,23890.666666666668,42937.78333333333,28522.01666666667,36515.650000000016,40095.18333333334,0,0,0,0,0,0,0,0,0,0,0,0,C4-GUJ-02,,,Macro
GUJ3031,GUJ3031__MohwestTower,3,C4-GUJ-01,Elite,30,,,,671.75,539.1166666666667,,,47.75000000000001,,91.5,61.08333333333333,,66,358.5,,,,,74.49999999999999,115.41666666666666,361.5,,,,,,,,,,,,,,2387.116666666667,,10,0.9723713348765431,28046.349999999995,28907.483333333323,29947.399999999994,21038.53333333333,27157.233333333344,36100.56666666668,32910.850000000006,18900.216666666664,16157.333333333336,23390.2,20112.26666666666,17934.683333333334,23331.583333333336,17603.583333333332,15310.583333333336,23890.666666666668,42937.78333333333,28522.01666666667,36515.650000000016,40095.18333333334,0,0,0,0,0,0,0,0,0,0,0,0,C4-GUJ-01,,,Macro
GUJ5575,GUJ5575_H_Gondlan Wala Rd Model Town,3,C4-GUJ-02,Elite,,B2S,Enfrashare,EC1-GUJ-07834,,14.416666666666666,,,,643.5,,,,,,,,,,,,,,,,,,,,,,,,,,657.9166666666666,,2,0.9923852237654321,28046.349999999995,28907.483333333323,29947.399999999994,21038.53333333333,27157.233333333344,36100.56666666668,32910.850000000006,18900.216666666664,16157.333333333336,23390.2,20112.26666666666,17934.683333333334,23331.583333333336,17603.583333333332,15310.583333333336,23890.666666666668,42937.78333333333,28522.01666666667,36515.650000000016,40095.18333333334,0,0,0,0,0,0,0,0,0,0,0,0,C4-GUJ-02,,,Macro
SDK5916,SDK5916__S_GTRDSadhokeWarid_ES4293,3,C4-GUJ-01,Elite,20,,,,,,,,,584.1999999999998,,,,,,,,,,536.3333333333333,,,,,,,,,,,,,,,,1120.533333333333,,2,0.9870308641975309,28046.349999999995,28907.483333333323,29947.399999999994,21038.53333333333,27157.233333333344,36100.56666666668,32910.850000000006,18900.216666666664,16157.333333333336,23390.2,20112.26666666666,17934.683333333334,23331.583333333336,17603.583333333332,15310.583333333336,23890.666666666668,42937.78333333333,28522.01666666667,36515.650000000016,40095.18333333334,0,0,0,0,0,0,0,0,0,0,0,0,C4-GUJ-01,,,Macro
GUJ5658,GUJ5658_H_Aziz Colony Gujranwala Punjab Pakistan,3,C4-GUJ-01,Platinum,,B2S,E.co,e.coPK015631PU,,,,,,6.249999999999999,,,,25.75,,,,,,,,,,,,,,,,,,,,,,32,,2,0.9996296296296296,25409.183333333334,27050.466666666664,29322.38333333333,24979.799999999996,28177.56666666666,28696.116666666665,14469.016666666668,17927.96666666667,12216.933333333332,13373.666666666666,17598.149999999998,18424.466666666664,20760.149999999998,11901.583333333334,20600.199999999997,22501.166666666664,21308.53333333333,18479.983333333337,31927.183333333323,32526.84999999999,0,0,0,0,0,0,0,0,0,0,0,0,C4-GUJ-01,,,Macro
GUJ4147,GUJ4147__arywallaRd,3,C4-GUJ-02,Elite,30,,,,621.916666666667,156.25,21.46666666666667,314.50000000000006,163.74999999999997,46.666666666666664,,,,,28.75,,,,,,213.29999999999998,77.08333333333336,71.98333333333333,261.9333333333333,,,,,,,,,,,,1977.6000000000004,,11,0.977111111111111,28046.349999999995,28907.483333333323,29947.399999999994,21038.53333333333,27157.233333333344,36100.56666666668,32910.850000000006,18900.216666666664,16157.333333333336,23390.2,20112.26666666666,17934.683333333334,23331.583333333336,17603.583333333332,15310.583333333336,23890.666666666668,42937.78333333333,28522.01666666667,36515.650000000016,40095.18333333334,0,0,0,0,0,0,0,0,0,0,0,0,C4-GUJ-02,,,Macro
GUJ9993,GUJ9993__Taj_Pura,4,C4-GUJ-02,Elite,30,,,,51.08333333333333,47.66666666666667,9,54.33333333333333,29,,,,,,38.00000000000001,,,328.75,,,,103.91666666666667,,,,,,,,,,,,,,661.7499999999999,,8,0.9942556423611112,28046.349999999995,28907.483333333323,29947.399999999994,21038.53333333333,27157.233333333344,36100.56666666668,32910.850000000006,18900.216666666664,16157.333333333336,23390.2,20112.26666666666,17934.683333333334,23331.583333333336,17603.583333333332,15310.583333333336,23890.666666666668,42937.78333333333,28522.01666666667,36515.650000000016,40095.18333333334,0,0,0,0,0,0,0,0,0,0,0,0,C4-GUJ-02,,,Macro
SKT3773,SKT3773__S_Hadi_Town_Stop_garah_MDSK4270,3,C4-SKT-03,Elite,20,,,,2879.966666666666,,,42.99999999999999,,,43.91666666666667,,20.416666666666664,44.00000000000001,41.25,40.41666666666667,59.08333333333333,,,42.99999999999999,1042.25,,,480.1666666666668,,,,,,,,,,,,4737.466666666666,,11,0.9451682098765433,28046.349999999995,28907.483333333323,29947.399999999994,21038.53333333333,27157.233333333344,36100.56666666668,32910.850000000006,18900.216666666664,16157.333333333336,23390.2,20112.26666666666,17934.683333333334,23331.583333333336,17603.583333333332,15310.583333333336,23890.666666666668,42937.78333333333,28522.01666666667,36515.650000000016,40095.18333333334,0,0,0,0,0,0,0,0,0,0,0,0,C4-SKT-03,,,Macro
SKT5510,SKT5510__S_ZeeshanColony,3,C4-SKT-03,Elite,,B2S,E.Co,e.coPK015635PU,,,,,,,,,,,,,1137.2166666666667,,,8.5,,,,,,,,,,,,,,,,1145.7166666666667,,2,0.9867393904320987,28046.349999999995,28907.483333333323,29947.399999999994,21038.53333333333,27157.233333333344,36100.56666666668,32910.850000000006,18900.216666666664,16157.333333333336,23390.2,20112.26666666666,17934.683333333334,23331.583333333336,17603.583333333332,15310.583333333336,23890.666666666668,42937.78333333333,28522.01666666667,36515.650000000016,40095.18333333334,0,0,0,0,0,0,0,0,0,0,0,0,C4-SKT-03,E.co,,Macro
Rur3735,Rur3735__Gjrmuhallahkhokhar,3,C4-GRT-04,Platinum,30,,,,,,,,129.49999999999997,,,404.79999999999995,,,,,49.050000000000004,,,,89.25,,,,,,,,,,,,,,,672.5999999999999,,4,0.9922152777777778,25409.183333333334,27050.466666666664,29322.38333333333,24979.799999999996,28177.56666666666,28696.116666666665,14469.016666666668,17927.96666666667,12216.933333333332,13373.666666666666,17598.149999999998,18424.466666666664,20760.149999999998,11901.583333333334,20600.199999999997,22501.166666666664,21308.53333333333,18479.983333333337,31927.183333333323,32526.84999999999,0,0,0,0,0,0,0,0,0,0,0,0,C4-GRT-04,,,Macro
GUJ9425,GUJ9425__S_PTCL Exchange GPO Warid_GJ3804,3,C4-GUJ-02,Platinum,20,,,,323.4999999999999,503.0000000000001,72.30000000000001,463.81666666666666,196,1767.0833333333333,18.833333333333332,1347.0833333333333,164.50000000000003,,351.9999999999999,,468.83333333333354,,138.38333333333338,1279.416666666667,272.0833333333334,,47.49999999999999,1146.1666666666665,,,,,,,,,,,,8560.5,,16,0.9009201388888889,25409.183333333334,27050.466666666664,29322.38333333333,24979.799999999996,28177.56666666666,28696.116666666665,14469.016666666668,17927.96666666667,12216.933333333332,13373.666666666666,17598.149999999998,18424.466666666664,20760.149999999998,11901.583333333334,20600.199999999997,22501.166666666664,21308.53333333333,18479.983333333337,31927.183333333323,32526.84999999999,0,0,0,0,0,0,0,0,0,0,0,0,C4-GUJ-02,,,Macro
GUJ3778,GUJ3778__HondaSalesCentre,3,C4-GUJ-01,Elite,9,,,,60.999999999999986,177.66666666666669,220.75,,,,294.75,,,,,,,,,,24.25,1322.4999999999998,430.49999999999994,,,,,,,,,,,,,2531.4166666666665,,7,0.9707011959876543,28046.349999999995,28907.483333333323,29947.399999999994,21038.53333333333,27157.233333333344,36100.56666666668,32910.850000000006,18900.216666666664,16157.333333333336,23390.2,20112.26666666666,17934.683333333334,23331.583333333336,17603.583333333332,15310.583333333336,23890.666666666668,42937.78333333333,28522.01666666667,36515.650000000016,40095.18333333334,0,0,0,0,0,0,0,0,0,0,0,0,C4-GUJ-01,,,Macro
RUR4041,RUR4041__Sankhatra,4,C4-NRW-05,Platinum,31,,,,,,,,,,,59,288,,,319.83333333333337,1134.9,1966.3333333333333,133.33333333333337,,,,476.4166666666667,16.666666666666664,,,,,,,,,,,,4394.483333333334,,8,0.961853443287037,25409.183333333334,27050.466666666664,29322.38333333333,24979.799999999996,28177.56666666666,28696.116666666665,14469.016666666668,17927.96666666667,12216.933333333332,13373.666666666666,17598.149999999998,18424.466666666664,20760.149999999998,11901.583333333334,20600.199999999997,22501.166666666664,21308.53333333333,18479.983333333337,31927.183333333323,32526.84999999999,0,0,0,0,0,0,0,0,0,0,0,0,C4-NRW-05,,,Macro
GUJ3064,GUJ3064__MadinaColony,3,C4-GUJ-01,Elite,20,,,,145.25,224.41666666666669,136.33333333333331,40.25,528.0833333333331,205.3333333333333,,44.75,,59.29999999999999,,194.0833333333333,640.8833333333331,620.5666666666666,178.74999999999997,64.66666666666666,66.41666666666667,76.75,224.48333333333335,26.25,,,,,,,,,,,,3476.5666666666657,,17,0.9597619598765432,28046.349999999995,28907.483333333323,29947.399999999994,21038.53333333333,27157.233333333344,36100.56666666668,32910.850000000006,18900.216666666664,16157.333333333336,23390.2,20112.26666666666,17934.683333333334,23331.583333333336,17603.583333333332,15310.583333333336,23890.666666666668,42937.78333333333,28522.01666666667,36515.650000000016,40095.18333333334,0,0,0,0,0,0,0,0,0,0,0,0,C4-GUJ-01,,,Macro
ALC8810,ALC8810__ChoriGali,3,C4-HFZ-06,Elite,9,,,,,,,,,,,,,,,,,,175.24999999999997,,,,,,,,,,,,,,,,,175.24999999999997,,1,0.9979716435185185,28046.349999999995,28907.483333333323,29947.399999999994,21038.53333333333,27157.233333333344,36100.56666666668,32910.850000000006,18900.216666666664,16157.333333333336,23390.2,20112.26666666666,17934.683333333334,23331.583333333336,17603.583333333332,15310.583333333336,23890.666666666668,42937.78333333333,28522.01666666667,36515.650000000016,40095.18333333334,0,0,0,0,0,0,0,0,0,0,0,0,C4-HFZ-06,,,Macro
GUJ3350,GUJ3350__ShahzadTown,4,C4-GUJ-01,Elite,27,,,,,,,,31.83333333333333,,,,,,,28.666666666666668,40.58333333333335,,,25.833333333333336,196.66666666666663,294.6666666666666,235.75000000000003,18.5,,,,,,,,,,,,872.4999999999999,,8,0.9924262152777777,28046.349999999995,28907.483333333323,29947.399999999994,21038.53333333333,27157.233333333344,36100.56666666668,32910.850000000006,18900.216666666664,16157.333333333336,23390.2,20112.26666666666,17934.683333333334,23331.583333333336,17603.583333333332,15310.583333333336,23890.666666666668,42937.78333333333,28522.01666666667,36515.650000000016,40095.18333333334,0,0,0,0,0,0,0,0,0,0,0,0,C4-GUJ-01,,,Macro
RUR6564,RUR6564__S_Bilola,3,C4-SKT-03,Platinum,,B2S,Enfrashare,EC1-SKT-06526,2159.116666666667,2117.5666666666675,1916.0000000000002,1980.066666666667,2125.716666666666,1736.7666666666669,1204.4499999999998,,,,,,145.99999999999997,,,,,,,,,,,,,,,,,,,13385.683333333334,,8,0.8450731095679012,25409.183333333334,27050.466666666664,29322.38333333333,24979.799999999996,28177.56666666666,28696.116666666665,14469.016666666668,17927.96666666667,12216.933333333332,13373.666666666666,17598.149999999998,18424.466666666664,20760.149999999998,11901.583333333334,20600.199999999997,22501.166666666664,21308.53333333333,18479.983333333337,31927.183333333323,32526.84999999999,0,0,0,0,0,0,0,0,0,0,0,0,C4-SKT-03,,,Macro
KMK9799,KMK9799__MuhammadPura,3,C4-GUJ-01,Elite,,,GLO,,,,,,22.5,,,,39.24999999999999,,,,167.08333333333334,,,,,,,,,,,,,,,,,,,228.83333333333334,,3,0.9973514660493826,28046.349999999995,28907.483333333323,29947.399999999994,21038.53333333333,27157.233333333344,36100.56666666668,32910.850000000006,18900.216666666664,16157.333333333336,23390.2,20112.26666666666,17934.683333333334,23331.583333333336,17603.583333333332,15310.583333333336,23890.666666666668,42937.78333333333,28522.01666666667,36515.650000000016,40095.18333333334,0,0,0,0,0,0,0,0,0,0,0,0,C4-GUJ-01,,,Macro
GUJ3744,GUJ3744__Wblkpeoplesclny,3,C4-GUJ-01,Platinum,30,,,,,,536.5000000000001,,,,,,,,,,,,,,,,,,,,,,,,,,,,,536.5000000000001,,1,0.9937905092592593,25409.183333333334,27050.466666666664,29322.38333333333,24979.799999999996,28177.56666666666,28696.116666666665,14469.016666666668,17927.96666666667,12216.933333333332,13373.666666666666,17598.149999999998,18424.466666666664,20760.149999999998,11901.583333333334,20600.199999999997,22501.166666666664,21308.53333333333,18479.983333333337,31927.183333333323,32526.84999999999,0,0,0,0,0,0,0,0,0,0,0,0,C4-GUJ-01,,,Macro
SKT4154,SKT4154__AskariSialkot,3,C4-SKT-03,Platinum,20,,,,,,,,,,,,,,,,,,,15,352,59.750000000000014,,,,,,,,,,,,,,426.75,,3,0.9950607638888889,25409.183333333334,27050.466666666664,29322.38333333333,24979.799999999996,28177.56666666666,28696.116666666665,14469.016666666668,17927.96666666667,12216.933333333332,13373.666666666666,17598.149999999998,18424.466666666664,20760.149999999998,11901.583333333334,20600.199999999997,22501.166666666664,21308.53333333333,18479.983333333337,31927.183333333323,32526.84999999999,0,0,0,0,0,0,0,0,0,0,0,0,C4-SKT-03,,,Macro
RUR5579,RUR5579__S_RajputTown,3,C4-GUJ-02,Platinum,,B2S,Enfrashare,EC1-GUJ-02585,,,,,,,,,,,,,,,,,,,,,,,,,,,,,,,,0,,0,1,25409.183333333334,27050.466666666664,29322.38333333333,24979.799999999996,28177.56666666666,28696.116666666665,14469.016666666668,17927.96666666667,12216.933333333332,13373.666666666666,17598.149999999998,18424.466666666664,20760.149999999998,11901.583333333334,20600.199999999997,22501.166666666664,21308.53333333333,18479.983333333337,31927.183333333323,32526.84999999999,0,0,0,0,0,0,0,0,0,0,0,0,C4-GUJ-02,,,Macro
AMG8795,AMG8795__Ludhaywala,4,C4-HFZ-06,Platinum,27,,,,295.6666666666667,,159.5,270.24999999999994,,499.75,49.750000000000014,,,,,,185.66666666666663,,117.50000000000001,,,,,,,,,,,,,,,,,1578.083333333333,,7,0.9863013599537037,25409.183333333334,27050.466666666664,29322.38333333333,24979.799999999996,28177.56666666666,28696.116666666665,14469.016666666668,17927.96666666667,12216.933333333332,13373.666666666666,17598.149999999998,18424.466666666664,20760.149999999998,11901.583333333334,20600.199999999997,22501.166666666664,21308.53333333333,18479.983333333337,31927.183333333323,32526.84999999999,0,0,0,0,0,0,0,0,0,0,0,0,C4-HFZ-06,,,Macro
GUJ9437,GUJ9437__S_B3-wapda Town Warid_MDGJ4163,8,C4-GUJ-01,Elite,27,,,,68.33333333333334,126.91666666666669,,71.83333333333333,159.33333333333334,193.75000000000003,154.75,58.916666666666664,66.41666666666666,64.66666666666669,,167.56666666666675,69.38333333333333,38.25,65.41666666666667,875.9999999999998,833.483333333333,70,67.08333333333333,125.58333333333334,,,,,,,,,,,,3277.6833333333334,,18,0.9857739438657407,28046.349999999995,28907.483333333323,29947.399999999994,21038.53333333333,27157.233333333344,36100.56666666668,32910.850000000006,18900.216666666664,16157.333333333336,23390.2,20112.26666666666,17934.683333333334,23331.583333333336,17603.583333333332,15310.583333333336,23890.666666666668,42937.78333333333,28522.01666666667,36515.650000000016,40095.18333333334,0,0,0,0,0,0,0,0,0,0,0,0,C4-GUJ-01,,,Macro
GUJ6449,GUJ6449__S_Rasulpura,3,C4-GUJ-02,Platinum,,B2S,Enfrashare,EC1-GUJ-04625,,417.15000000000003,1692.5500000000002,,,,,,,,,,,,,,,,,,,,,,,,,,,,,2109.7000000000003,,2,0.975582175925926,25409.183333333334,27050.466666666664,29322.38333333333,24979.799999999996,28177.56666666666,28696.116666666665,14469.016666666668,17927.96666666667,12216.933333333332,13373.666666666666,17598.149999999998,18424.466666666664,20760.149999999998,11901.583333333334,20600.199999999997,22501.166666666664,21308.53333333333,18479.983333333337,31927.183333333323,32526.84999999999,0,0,0,0,0,0,0,0,0,0,0,0,C4-GUJ-02,,,Macro
RUR2752,RUR2752__Bularwali,3,C4-SKT-03,Platinum,20,,,,,,,,,,,,,,,,,,,,22.333333333333332,,305.0000000000001,,,,,,,,,,,,,327.3333333333334,,2,0.9962114197530865,25409.183333333334,27050.466666666664,29322.38333333333,24979.799999999996,28177.56666666666,28696.116666666665,14469.016666666668,17927.96666666667,12216.933333333332,13373.666666666666,17598.149999999998,18424.466666666664,20760.149999999998,11901.583333333334,20600.199999999997,22501.166666666664,21308.53333333333,18479.983333333337,31927.183333333323,32526.84999999999,0,0,0,0,0,0,0,0,0,0,0,0,C4-SKT-03,,,Macro
RGA9706,RGA9706__Sadu_Goraya,3,C4-HFZ-06,Platinum,9,,,,,,,,395.6666666666667,,,,396.9999999999999,,,,,,,4.833333333333333,,,169.75000000000003,,,,,,,,,,,,,967.2499999999999,,4,0.9888049768518519,25409.183333333334,27050.466666666664,29322.38333333333,24979.799999999996,28177.56666666666,28696.116666666665,14469.016666666668,17927.96666666667,12216.933333333332,13373.666666666666,17598.149999999998,18424.466666666664,20760.149999999998,11901.583333333334,20600.199999999997,22501.166666666664,21308.53333333333,18479.983333333337,31927.183333333323,32526.84999999999,0,0,0,0,0,0,0,0,0,0,0,0,C4-HFZ-06,,,Macro
NRW5589,NRW5589__S_BijliGharChowk_CMPak4799,3,C4-NRW-05,Platinum,,OMO,CMPak,4799,,,,3.166666666666666,,,119.08333333333337,,,,,381.66666666666674,,27.5,301.2500000000001,,,,,,,,,,,,,,,,,832.6666666666669,,5,0.9903626543209876,25409.183333333334,27050.466666666664,29322.38333333333,24979.799999999996,28177.56666666666,28696.116666666665,14469.016666666668,17927.96666666667,12216.933333333332,13373.666666666666,17598.149999999998,18424.466666666664,20760.149999999998,11901.583333333334,20600.199999999997,22501.166666666664,21308.53333333333,18479.983333333337,31927.183333333323,32526.84999999999,0,0,0,0,0,0,0,0,0,0,0,0,C4-NRW-05,,,Macro
SKT0572,SKT0572__P_BohriMohalla,3,C4-SKT-03,Platinum,27,,,,,,,,,,,127.4166666666667,,,,,,,,,45,,,194,,,,,,,,,,,,366.4166666666667,,3,0.9957590663580247,25409.183333333334,27050.466666666664,29322.38333333333,24979.799999999996,28177.56666666666,28696.116666666665,14469.016666666668,17927.96666666667,12216.933333333332,13373.666666666666,17598.149999999998,18424.466666666664,20760.149999999998,11901.583333333334,20600.199999999997,22501.166666666664,21308.53333333333,18479.983333333337,31927.183333333323,32526.84999999999,0,0,0,0,0,0,0,0,0,0,0,0,C4-SKT-03,,,Macro
HWY3181,HWY3181__S_Khatala_ChanabWarid_MDGU4248,3,C4-GRT-04,Elite,30,,,,,742.3833333333331,,114.36666666666667,92.94999999999999,,54.16666666666666,,,,,26.75,10.08333333333333,,,,13.21666666666667,21.26666666666667,9,6.500000000000001,,,,,,,,,,,,1090.683333333333,,10,0.987376350308642,28046.349999999995,28907.483333333323,29947.399999999994,21038.53333333333,27157.233333333344,36100.56666666668,32910.850000000006,18900.216666666664,16157.333333333336,23390.2,20112.26666666666,17934.683333333334,23331.583333333336,17603.583333333332,15310.583333333336,23890.666666666668,42937.78333333333,28522.01666666667,36515.650000000016,40095.18333333334,0,0,0,0,0,0,0,0,0,0,0,0,C4-GRT-04,,,Macro
KMK6922,KMK6922__tankiwala,4,C4-GUJ-01,Elite,27,,,,,,,180,,,,,,,,,60.666666666666664,,,,,,,,,,,,,,,,,,,240.66666666666666,,2,0.9979108796296297,28046.349999999995,28907.483333333323,29947.399999999994,21038.53333333333,27157.233333333344,36100.56666666668,32910.850000000006,18900.216666666664,16157.333333333336,23390.2,20112.26666666666,17934.683333333334,23331.583333333336,17603.583333333332,15310.583333333336,23890.666666666668,42937.78333333333,28522.01666666667,36515.650000000016,40095.18333333334,0,0,0,0,0,0,0,0,0,0,0,0,C4-GUJ-01,,,Macro
WZB9742,WZB9742__S_WazirabadWarid_MDWA4191,3,C4-WZD-07,Platinum,27,,,,,,511.15000000000003,63.54999999999999,,,,,,,,,,,,,,,,399.66666666666674,,,,,,,,,,,,974.3666666666668,,3,0.9887226080246915,25409.183333333334,27050.466666666664,29322.38333333333,24979.799999999996,28177.56666666666,28696.116666666665,14469.016666666668,17927.96666666667,12216.933333333332,13373.666666666666,17598.149999999998,18424.466666666664,20760.149999999998,11901.583333333334,20600.199999999997,22501.166666666664,21308.53333333333,18479.983333333337,31927.183333333323,32526.84999999999,0,0,0,0,0,0,0,0,0,0,0,0,C4-WZD-07,,,Macro
GUJ9444,GUJ9444__S_Prince Rd Warid_MDGJ1837,3,C4-GUJ-02,Elite,20,,,,,400.83333333333326,,,,,,,,,,,,,,,,,,,,,,,,,,,,,,400.83333333333326,,1,0.9953607253086421,28046.349999999995,28907.483333333323,29947.399999999994,21038.53333333333,27157.233333333344,36100.56666666668,32910.850000000006,18900.216666666664,16157.333333333336,23390.2,20112.26666666666,17934.683333333334,23331.583333333336,17603.583333333332,15310.583333333336,23890.666666666668,42937.78333333333,28522.01666666667,36515.650000000016,40095.18333333334,0,0,0,0,0,0,0,0,0,0,0,0,C4-GUJ-02,,,Macro
GJR9716,GJR9716__Darbar_PandeyShah,3,C4-GRT-04,Elite,,,GLO,,,,,,,,,,,,,,,,,,,,,,,,,,,,,,,,,0,,0,1,28046.349999999995,28907.483333333323,29947.399999999994,21038.53333333333,27157.233333333344,36100.56666666668,32910.850000000006,18900.216666666664,16157.333333333336,23390.2,20112.26666666666,17934.683333333334,23331.583333333336,17603.583333333332,15310.583333333336,23890.666666666668,42937.78333333333,28522.01666666667,36515.650000000016,40095.18333333334,0,0,0,0,0,0,0,0,0,0,0,0,C4-GRT-04,,,Macro
MIR2211,MIR2211__BhaoGhaseetPur,4,C4-MBD-08,Elite,,,,,,,182.98333333333332,,,,,,,,,,,,,6.750000000000001,82.33333333333331,,764.6666666666664,42.75,,,,,,,,,,,,1079.4833333333331,,5,0.9906294849537036,28046.349999999995,28907.483333333323,29947.399999999994,21038.53333333333,27157.233333333344,36100.56666666668,32910.850000000006,18900.216666666664,16157.333333333336,23390.2,20112.26666666666,17934.683333333334,23331.583333333336,17603.583333333332,15310.583333333336,23890.666666666668,42937.78333333333,28522.01666666667,36515.650000000016,40095.18333333334,0,0,0,0,0,0,0,0,0,0,0,0,C4-MBD-08,,,Macro
GUJ9435,GUJ9435__S_khiali Warid_MDGJ4635,3,C4-GUJ-01,Elite,,OMO,CMPak,6383,,,,,,,,,,,,,,184.48333333333335,,,,,,,,,,,,,,,,,,184.48333333333335,,1,0.9978647762345679,28046.349999999995,28907.483333333323,29947.399999999994,21038.53333333333,27157.233333333344,36100.56666666668,32910.850000000006,18900.216666666664,16157.333333333336,23390.2,20112.26666666666,17934.683333333334,23331.583333333336,17603.583333333332,15310.583333333336,23890.666666666668,42937.78333333333,28522.01666666667,36515.650000000016,40095.18333333334,0,0,0,0,0,0,0,0,0,0,0,0,C4-GUJ-01,CMPAK,6383,Macro
HWY9504,HWY9504__S_Jandiala_Dhabwala_Near_Gakhar_15251,4,C4-WZD-07,Platinum,20,,,,,,,52.66666666666668,,,,,,,,78.66666666666667,,,,,,,,655.25,,,,,,,,,,,,786.5833333333334,,3,0.9931720196759259,25409.183333333334,27050.466666666664,29322.38333333333,24979.799999999996,28177.56666666666,28696.116666666665,14469.016666666668,17927.96666666667,12216.933333333332,13373.666666666666,17598.149999999998,18424.466666666664,20760.149999999998,11901.583333333334,20600.199999999997,22501.166666666664,21308.53333333333,18479.983333333337,31927.183333333323,32526.84999999999,0,0,0,0,0,0,0,0,0,0,0,0,C4-WZD-07,,,Macro
WND5005,WND5005__S_Wandoh Warid_MDIK4147,3,C4-GUJ-01,Elite,,,GLO,,1863.6499999999996,1882.233333333333,2042.1833333333327,283.5833333333333,437.58333333333326,1192.1666666666665,,1066.8333333333333,994.6333333333333,,,59.000000000000014,,11.166666666666668,169.6666666666666,43.99999999999999,,1363.3333333333333,388.16666666666663,480.25,,,,,,,,,,,,12278.449999999997,,15,0.8578883101851852,28046.349999999995,28907.483333333323,29947.399999999994,21038.53333333333,27157.233333333344,36100.56666666668,32910.850000000006,18900.216666666664,16157.333333333336,23390.2,20112.26666666666,17934.683333333334,23331.583333333336,17603.583333333332,15310.583333333336,23890.666666666668,42937.78333333333,28522.01666666667,36515.650000000016,40095.18333333334,0,0,0,0,0,0,0,0,0,0,0,0,C4-GUJ-01,,,Macro
RUR6254,RUR6254__S_LAKHWAN_WALA_MR1R3577,4,C4-GRT-04,Platinum,20,,,,248.73333333333338,,36.083333333333336,71.25,36,113.24999999999999,129.83333333333334,34.916666666666664,72,81.81666666666668,60.03333333333334,106.7833333333333,36.083333333333336,,287.0333333333333,93.83333333333334,35.733333333333334,145.58333333333334,72.24999999999999,201.41666666666669,,,,,,,,,,,,1862.6333333333332,,18,0.9838313078703703,25409.183333333334,27050.466666666664,29322.38333333333,24979.799999999996,28177.56666666666,28696.116666666665,14469.016666666668,17927.96666666667,12216.933333333332,13373.666666666666,17598.149999999998,18424.466666666664,20760.149999999998,11901.583333333334,20600.199999999997,22501.166666666664,21308.53333333333,18479.983333333337,31927.183333333323,32526.84999999999,0,0,0,0,0,0,0,0,0,0,0,0,C4-GRT-04,,,Macro
GUJ1456,GUJ1456__ShalimarTownGUJ,4,C4-GUJ-02,Elite,,OMO,Ufone,CI-1320,98.41666666666667,341.2499999999999,12.75,,,31.333333333333332,,119.16666666666664,,,,,,8.916666666666664,,,,26.333333333333332,,,,,,,,,,,,,,638.1666666666665,,7,0.9944603587962964,28046.349999999995,28907.483333333323,29947.399999999994,21038.53333333333,27157.233333333344,36100.56666666668,32910.850000000006,18900.216666666664,16157.333333333336,23390.2,20112.26666666666,17934.683333333334,23331.583333333336,17603.583333333332,15310.583333333336,23890.666666666668,42937.78333333333,28522.01666666667,36515.650000000016,40095.18333333334,0,0,0,0,0,0,0,0,0,0,0,0,C4-GUJ-02,UFone,CI-1320,Macro
DIL2202,DIL2202__Rolia,3,C4-GRT-04,Platinum,20,,,,,,,,,,,,,,,38.49999999999999,,,,,,,,,,,,,,,,,,,,38.49999999999999,,1,0.9995543981481481,25409.183333333334,27050.466666666664,29322.38333333333,24979.799999999996,28177.56666666666,28696.116666666665,14469.016666666668,17927.96666666667,12216.933333333332,13373.666666666666,17598.149999999998,18424.466666666664,20760.149999999998,11901.583333333334,20600.199999999997,22501.166666666664,21308.53333333333,18479.983333333337,31927.183333333323,32526.84999999999,0,0,0,0,0,0,0,0,0,0,0,0,C4-GRT-04,,,Macro
GUJ9419,GUJ9419__S_Krishan Nagar Warid_GJ4159,3,C4-GUJ-02,Elite,27,,,,,,,,,,,,,,,,,,,,525.75,,,,,,,,,,,,,,,525.75,,1,0.9939149305555556,28046.349999999995,28907.483333333323,29947.399999999994,21038.53333333333,27157.233333333344,36100.56666666668,32910.850000000006,18900.216666666664,16157.333333333336,23390.2,20112.26666666666,17934.683333333334,23331.583333333336,17603.583333333332,15310.583333333336,23890.666666666668,42937.78333333333,28522.01666666667,36515.650000000016,40095.18333333334,0,0,0,0,0,0,0,0,0,0,0,0,C4-GUJ-02,,,Macro
RUR9470,RUR9470__S_Village_Kamonwala_MDSK4289,3,C4-SKT-03,Elite,30,,,,,19.416666666666668,,,,,,,,,45.91666666666666,,,,,,8.25,,,,,,,,,,,,,,,73.58333333333333,,3,0.9991483410493827,28046.349999999995,28907.483333333323,29947.399999999994,21038.53333333333,27157.233333333344,36100.56666666668,32910.850000000006,18900.216666666664,16157.333333333336,23390.2,20112.26666666666,17934.683333333334,23331.583333333336,17603.583333333332,15310.583333333336,23890.666666666668,42937.78333333333,28522.01666666667,36515.650000000016,40095.18333333334,0,0,0,0,0,0,0,0,0,0,0,0,C4-SKT-03,,,Macro
GUJ9427,GUJ9427__S_Chashma Chowk Warid_GJ4730,3,C4-GUJ-01,Platinum,20,,,,,,,,,309.91666666666674,,2.666666666666667,,,,,763.4,818.7666666666665,,,,,,130.5,,,,,,,,,,,,2025.25,,5,0.9765596064814815,25409.183333333334,27050.466666666664,29322.38333333333,24979.799999999996,28177.56666666666,28696.116666666665,14469.016666666668,17927.96666666667,12216.933333333332,13373.666666666666,17598.149999999998,18424.466666666664,20760.149999999998,11901.583333333334,20600.199999999997,22501.166666666664,21308.53333333333,18479.983333333337,31927.183333333323,32526.84999999999,0,0,0,0,0,0,0,0,0,0,0,0,C4-GUJ-01,,,Macro
RUR4042,RUR4042__AddaEesa,4,C4-NRW-05,Elite,20,,,,,,,,,176.75,1467,365.58333333333337,,,,,,,,,,,,,,,,,,,,,,,,2009.3333333333335,,3,0.9825578703703703,28046.349999999995,28907.483333333323,29947.399999999994,21038.53333333333,27157.233333333344,36100.56666666668,32910.850000000006,18900.216666666664,16157.333333333336,23390.2,20112.26666666666,17934.683333333334,23331.583333333336,17603.583333333332,15310.583333333336,23890.666666666668,42937.78333333333,28522.01666666667,36515.650000000016,40095.18333333334,0,0,0,0,0,0,0,0,0,0,0,0,C4-NRW-05,,,Macro
GUJ0470,GUJ0470__WapdaTownGujwl,6,C4-GUJ-01,Elite,30,,,,,,,,,,,,353.4,436.75,,,,,,,,,,,,,,,,,,,,,,790.15,,2,0.9954273726851852,28046.349999999995,28907.483333333323,29947.399999999994,21038.53333333333,27157.233333333344,36100.56666666668,32910.850000000006,18900.216666666664,16157.333333333336,23390.2,20112.26666666666,17934.683333333334,23331.583333333336,17603.583333333332,15310.583333333336,23890.666666666668,42937.78333333333,28522.01666666667,36515.650000000016,40095.18333333334,0,0,0,0,0,0,0,0,0,0,0,0,C4-GUJ-01,,,Macro
ALC3049,ALC3049__JamiaMuhammadia,3,C4-HFZ-06,Elite,,,GLO,,,,,,,112.16666666666666,,,,,,,71.5,,582.75,,,,,,,,,,,,,,,,,766.4166666666666,,3,0.991129436728395,28046.349999999995,28907.483333333323,29947.399999999994,21038.53333333333,27157.233333333344,36100.56666666668,32910.850000000006,18900.216666666664,16157.333333333336,23390.2,20112.26666666666,17934.683333333334,23331.583333333336,17603.583333333332,15310.583333333336,23890.666666666668,42937.78333333333,28522.01666666667,36515.650000000016,40095.18333333334,0,0,0,0,0,0,0,0,0,0,0,0,C4-HFZ-06,,,Macro
GUJ9465,GUJ9465__S_Qasim Town Warid_MDGJ1828,3,C4-GUJ-01,Elite,20,,,,492.25,1300.6333333333332,,178.66666666666666,337.66666666666663,2.25,223.9833333333333,145.33333333333334,,209.66666666666666,673.2999999999995,407.49999999999994,809.5499999999994,124.65000000000002,66,180.33333333333331,179.4,262.9166666666667,383.8333333333333,280.3,,,,,,,,,,,,6258.233333333331,,18,0.9275667438271605,28046.349999999995,28907.483333333323,29947.399999999994,21038.53333333333,27157.233333333344,36100.56666666668,32910.850000000006,18900.216666666664,16157.333333333336,23390.2,20112.26666666666,17934.683333333334,23331.583333333336,17603.583333333332,15310.583333333336,23890.666666666668,42937.78333333333,28522.01666666667,36515.650000000016,40095.18333333334,0,0,0,0,0,0,0,0,0,0,0,0,C4-GUJ-01,,,Macro
GUJ3019,GUJ3019__TabarakColony,3,C4-GUJ-02,Elite,20,,,,72.58333333333334,,14,,,117.75,,,,,,,,,138.58333333333331,12.08333333333333,,,,,,,,,,,,,,,,354.99999999999994,,5,0.9958912037037037,28046.349999999995,28907.483333333323,29947.399999999994,21038.53333333333,27157.233333333344,36100.56666666668,32910.850000000006,18900.216666666664,16157.333333333336,23390.2,20112.26666666666,17934.683333333334,23331.583333333336,17603.583333333332,15310.583333333336,23890.666666666668,42937.78333333333,28522.01666666667,36515.650000000016,40095.18333333334,0,0,0,0,0,0,0,0,0,0,0,0,C4-GUJ-02,,,Macro
GUJ0728,GUJ0728__Jagna,3,C4-GUJ-01,Elite,30,,,,60.249999999999986,143.75000000000003,217.58333333333334,,,196,293.83333333333337,,,,,,,,,,23,1195.083333333333,153,,,,,,,,,,,,,2282.5,,8,0.973582175925926,28046.349999999995,28907.483333333323,29947.399999999994,21038.53333333333,27157.233333333344,36100.56666666668,32910.850000000006,18900.216666666664,16157.333333333336,23390.2,20112.26666666666,17934.683333333334,23331.583333333336,17603.583333333332,15310.583333333336,23890.666666666668,42937.78333333333,28522.01666666667,36515.650000000016,40095.18333333334,0,0,0,0,0,0,0,0,0,0,0,0,C4-GUJ-01,,,Macro
SKT0831,SKT0831_IqbalParkPasroorRd,3,C4-SKT-03,Elite,27,,,,,,,,,,,22.916666666666668,,,,,,,,102.75,,,,,,,,,,,,,,,,125.66666666666667,,2,0.9985455246913579,28046.349999999995,28907.483333333323,29947.399999999994,21038.53333333333,27157.233333333344,36100.56666666668,32910.850000000006,18900.216666666664,16157.333333333336,23390.2,20112.26666666666,17934.683333333334,23331.583333333336,17603.583333333332,15310.583333333336,23890.666666666668,42937.78333333333,28522.01666666667,36515.650000000016,40095.18333333334,0,0,0,0,0,0,0,0,0,0,0,0,C4-SKT-03,,,Macro
GUJ8945,GUJ8945__WahdatColony,3,C4-GUJ-01,Platinum,9,,,,,141.66666666666666,,,,28.73333333333333,,,,,,,,,,,,34.66666666666667,,,,,,,,,,,,,,205.06666666666666,,3,0.9976265432098765,25409.183333333334,27050.466666666664,29322.38333333333,24979.799999999996,28177.56666666666,28696.116666666665,14469.016666666668,17927.96666666667,12216.933333333332,13373.666666666666,17598.149999999998,18424.466666666664,20760.149999999998,11901.583333333334,20600.199999999997,22501.166666666664,21308.53333333333,18479.983333333337,31927.183333333323,32526.84999999999,0,0,0,0,0,0,0,0,0,0,0,0,C4-GUJ-01,,,Macro
JPB1364,JPB1364__P_Pindi Bhattian Road Jalapur BhattianWarid_315320,3,C4-HFZ-06,Elite,27,,,,,,,,,,436.85,,,,,,,226.6666666666667,,,,,,,,,,,,,,,,,,663.5166666666668,,2,0.9923204089506172,28046.349999999995,28907.483333333323,29947.399999999994,21038.53333333333,27157.233333333344,36100.56666666668,32910.850000000006,18900.216666666664,16157.333333333336,23390.2,20112.26666666666,17934.683333333334,23331.583333333336,17603.583333333332,15310.583333333336,23890.666666666668,42937.78333333333,28522.01666666667,36515.650000000016,40095.18333333334,0,0,0,0,0,0,0,0,0,0,0,0,C4-HFZ-06,,,Macro
GUJ9485,GUJ9485__S_Railway_Track_Rahwali_GJ1600,3,C4-GUJ-02,Elite,,,GLO,,,1394.9666666666665,,291.66666666666663,,,,435.75,,,389.7500000000001,,,,487.6666666666666,26,,23.333333333333332,,,,,,,,,,,,,,3049.133333333333,,7,0.9647091049382717,28046.349999999995,28907.483333333323,29947.399999999994,21038.53333333333,27157.233333333344,36100.56666666668,32910.850000000006,18900.216666666664,16157.333333333336,23390.2,20112.26666666666,17934.683333333334,23331.583333333336,17603.583333333332,15310.583333333336,23890.666666666668,42937.78333333333,28522.01666666667,36515.650000000016,40095.18333333334,0,0,0,0,0,0,0,0,0,0,0,0,C4-GUJ-02,,,Macro
SKT3888,SKT3888__amgarhAimanaba,3,C4-SKT-03,Elite,9,,,,,,,,13.25,,,22.75,20.75,,13.150000000000002,20.5,,,,158.74999999999997,,,,671.7333333333332,,,,,,,,,,,,920.8833333333332,,7,0.9893416280864197,28046.349999999995,28907.483333333323,29947.399999999994,21038.53333333333,27157.233333333344,36100.56666666668,32910.850000000006,18900.216666666664,16157.333333333336,23390.2,20112.26666666666,17934.683333333334,23331.583333333336,17603.583333333332,15310.583333333336,23890.666666666668,42937.78333333333,28522.01666666667,36515.650000000016,40095.18333333334,0,0,0,0,0,0,0,0,0,0,0,0,C4-SKT-03,,,Macro
MLL8916,MLL8916__Miani,4,C4-MBD-08,Elite,31,,,,,,128.16666666666669,,,,15.333333333333332,,,,1117.1666666666667,,,,,,,,,,,,,,,,,,,,,1260.6666666666667,,3,0.9890567129629629,28046.349999999995,28907.483333333323,29947.399999999994,21038.53333333333,27157.233333333344,36100.56666666668,32910.850000000006,18900.216666666664,16157.333333333336,23390.2,20112.26666666666,17934.683333333334,23331.583333333336,17603.583333333332,15310.583333333336,23890.666666666668,42937.78333333333,28522.01666666667,36515.650000000016,40095.18333333334,0,0,0,0,0,0,0,0,0,0,0,0,C4-MBD-08,,,Macro
GUJ3339,GUJ3339__AmnaHospitalGuj,3,C4-GUJ-01,Elite,30,,,,19.75,,,20.333333333333332,,20.5,,,43.75,,20.25,19.833333333333332,210.33333333333331,,,41.5,40.25000000000001,172.49999999999997,47.75000000000001,414.0000000000001,,,,,,,,,,,,1070.75,,12,0.9876070601851852,28046.349999999995,28907.483333333323,29947.399999999994,21038.53333333333,27157.233333333344,36100.56666666668,32910.850000000006,18900.216666666664,16157.333333333336,23390.2,20112.26666666666,17934.683333333334,23331.583333333336,17603.583333333332,15310.583333333336,23890.666666666668,42937.78333333333,28522.01666666667,36515.650000000016,40095.18333333334,0,0,0,0,0,0,0,0,0,0,0,0,C4-GUJ-01,,,Macro
MDK3078,MDK3078__MadoKhail,3,C4-GUJ-02,Elite,30,,,,,23.75,27.583333333333336,,14.25,2432.183333333334,2372.7333333333336,108.83333333333334,,,,17.25,,,,,,,,,,,,,,,,,,,,4996.583333333334,,7,0.9421691743827161,28046.349999999995,28907.483333333323,29947.399999999994,21038.53333333333,27157.233333333344,36100.56666666668,32910.850000000006,18900.216666666664,16157.333333333336,23390.2,20112.26666666666,17934.683333333334,23331.583333333336,17603.583333333332,15310.583333333336,23890.666666666668,42937.78333333333,28522.01666666667,36515.650000000016,40095.18333333334,0,0,0,0,0,0,0,0,0,0,0,0,C4-GUJ-02,,,Macro
SKT0110,SKT0110__SialkotCantt,4,C4-SKT-03,Elite,27,,,,,38.333333333333336,,,,,,,,,,,30.166666666666664,,,,611.3333333333335,,,103.91666666666667,,,,,,,,,,,,783.7500000000001,,4,0.9931966145833333,28046.349999999995,28907.483333333323,29947.399999999994,21038.53333333333,27157.233333333344,36100.56666666668,32910.850000000006,18900.216666666664,16157.333333333336,23390.2,20112.26666666666,17934.683333333334,23331.583333333336,17603.583333333332,15310.583333333336,23890.666666666668,42937.78333333333,28522.01666666667,36515.650000000016,40095.18333333334,0,0,0,0,0,0,0,0,0,0,0,0,C4-SKT-03,,,Macro
RUR5004,RUR5004__S_Hutcher stop Warid_MR483560,4,C4-NRW-05,Platinum,30,,,,,,,1605.2666666666664,,872.4999999999998,,,,,16.166666666666664,,,,,686.4166666666665,638.6,142,,,,,,,,,,,,,,3960.9499999999994,,6,0.9656167534722222,25409.183333333334,27050.466666666664,29322.38333333333,24979.799999999996,28177.56666666666,28696.116666666665,14469.016666666668,17927.96666666667,12216.933333333332,13373.666666666666,17598.149999999998,18424.466666666664,20760.149999999998,11901.583333333334,20600.199999999997,22501.166666666664,21308.53333333333,18479.983333333337,31927.183333333323,32526.84999999999,0,0,0,0,0,0,0,0,0,0,0,0,C4-NRW-05,,,Macro
DDL9708,DDL9708__Hurr_Kalan_Dhadgal,4,C4-NRW-05,Platinum,31,,,,,,,,,,,,,,31.5,,,,,57.00000000000001,,,,,,,,,,,,,,,,88.5,,2,0.9992317708333333,25409.183333333334,27050.466666666664,29322.38333333333,24979.799999999996,28177.56666666666,28696.116666666665,14469.016666666668,17927.96666666667,12216.933333333332,13373.666666666666,17598.149999999998,18424.466666666664,20760.149999999998,11901.583333333334,20600.199999999997,22501.166666666664,21308.53333333333,18479.983333333337,31927.183333333323,32526.84999999999,0,0,0,0,0,0,0,0,0,0,0,0,C4-NRW-05,,,Macro
GUJ9416,GUJ9416__S_Muhammad Pura Warid_GJ4216,3,C4-GUJ-02,Elite,20,,,,,,,116.74999999999997,4.166666666666667,274.1666666666667,,,,,181.8,,,,,59.08333333333333,,,,,,,,,,,,,,,,635.9666666666667,,5,0.992639274691358,28046.349999999995,28907.483333333323,29947.399999999994,21038.53333333333,27157.233333333344,36100.56666666668,32910.850000000006,18900.216666666664,16157.333333333336,23390.2,20112.26666666666,17934.683333333334,23331.583333333336,17603.583333333332,15310.583333333336,23890.666666666668,42937.78333333333,28522.01666666667,36515.650000000016,40095.18333333334,0,0,0,0,0,0,0,0,0,0,0,0,C4-GUJ-02,,,Macro
GUJ9448,GUJ9448__S_Siddiq Colony Warid_MDGJ4646,3,C4-GUJ-01,Elite,30,,,,,,,,,,,,,74.08333333333334,574.3166666666666,,,,,,27.166666666666668,,,6.416666666666667,,,,,,,,,,,,681.9833333333332,,4,0.992106674382716,28046.349999999995,28907.483333333323,29947.399999999994,21038.53333333333,27157.233333333344,36100.56666666668,32910.850000000006,18900.216666666664,16157.333333333336,23390.2,20112.26666666666,17934.683333333334,23331.583333333336,17603.583333333332,15310.583333333336,23890.666666666668,42937.78333333333,28522.01666666667,36515.650000000016,40095.18333333334,0,0,0,0,0,0,0,0,0,0,0,0,C4-GUJ-01,,,Macro
HFQ8541,HFQ8541__1ChakThabhal,3,C4-MBD-08,Platinum,,,,,135.58333333333331,69.25,45.166666666666664,67,113.66666666666667,89.41666666666669,112.5,90.00000000000001,67.41666666666666,66.91666666666666,176.66666666666666,131.91666666666669,45.25,88.66666666666667,66.75,67,111.4166666666667,111.58333333333334,46.41666666666667,89.66666666666667,,,,,,,,,,,,1792.2500000000002,,20,0.9792563657407407,25409.183333333334,27050.466666666664,29322.38333333333,24979.799999999996,28177.56666666666,28696.116666666665,14469.016666666668,17927.96666666667,12216.933333333332,13373.666666666666,17598.149999999998,18424.466666666664,20760.149999999998,11901.583333333334,20600.199999999997,22501.166666666664,21308.53333333333,18479.983333333337,31927.183333333323,32526.84999999999,0,0,0,0,0,0,0,0,0,0,0,0,C4-MBD-08,,,Macro
RTR1365,RTR1365_Rasoolpur_Tarrar_Village,3,C4-HFZ-06,Elite,13,,,,,,,,,,,,,,,,,158.74999999999997,,,,,,,,,,,,,,,,,,158.74999999999997,,1,0.9981626157407407,28046.349999999995,28907.483333333323,29947.399999999994,21038.53333333333,27157.233333333344,36100.56666666668,32910.850000000006,18900.216666666664,16157.333333333336,23390.2,20112.26666666666,17934.683333333334,23331.583333333336,17603.583333333332,15310.583333333336,23890.666666666668,42937.78333333333,28522.01666666667,36515.650000000016,40095.18333333334,0,0,0,0,0,0,0,0,0,0,0,0,C4-HFZ-06,,,Macro
RUR0741,RUR0741__ChakBhatii_NEW,4,C4-HFZ-06,Platinum,9,,,,,,,,,,,,274.8333333333333,,,,,,,,,,,,,,,,,,,,,,,274.8333333333333,,1,0.9976142939814815,25409.183333333334,27050.466666666664,29322.38333333333,24979.799999999996,28177.56666666666,28696.116666666665,14469.016666666668,17927.96666666667,12216.933333333332,13373.666666666666,17598.149999999998,18424.466666666664,20760.149999999998,11901.583333333334,20600.199999999997,22501.166666666664,21308.53333333333,18479.983333333337,31927.183333333323,32526.84999999999,0,0,0,0,0,0,0,0,0,0,0,0,C4-HFZ-06,,,Macro
RUR0506,RUR0506__Sivia,3,C4-MBD-08,Platinum,,,GLO,,179.50000000000003,,,,,,233.5,,,,,,,,,92.50000000000003,,,,,,,,,,,,,,,,505.5,,3,0.9941493055555556,25409.183333333334,27050.466666666664,29322.38333333333,24979.799999999996,28177.56666666666,28696.116666666665,14469.016666666668,17927.96666666667,12216.933333333332,13373.666666666666,17598.149999999998,18424.466666666664,20760.149999999998,11901.583333333334,20600.199999999997,22501.166666666664,21308.53333333333,18479.983333333337,31927.183333333323,32526.84999999999,0,0,0,0,0,0,0,0,0,0,0,0,C4-MBD-08,,,Macro
SKT4628,SKT4628__HolyTrinitySKT_Cantt,4,C4-SKT-03,Elite,,,GLO,,,40,,,,,,15.333333333333332,,,501.66666666666663,,,,,,518.7500000000001,,,,,,,,,,,,,,,1075.75,,4,0.9906618923611111,28046.349999999995,28907.483333333323,29947.399999999994,21038.53333333333,27157.233333333344,36100.56666666668,32910.850000000006,18900.216666666664,16157.333333333336,23390.2,20112.26666666666,17934.683333333334,23331.583333333336,17603.583333333332,15310.583333333336,23890.666666666668,42937.78333333333,28522.01666666667,36515.650000000016,40095.18333333334,0,0,0,0,0,0,0,0,0,0,0,0,C4-SKT-03,,,Macro
NRW1234,NRW1234__Mangwal,3,C4-NRW-05,Platinum,,OMO,UFONE,CI-1308,,,,,,,,,,,,,,,,,,,28.083333333333336,,,,,,,,,,,,,28.083333333333336,,1,0.999674961419753,25409.183333333334,27050.466666666664,29322.38333333333,24979.799999999996,28177.56666666666,28696.116666666665,14469.016666666668,17927.96666666667,12216.933333333332,13373.666666666666,17598.149999999998,18424.466666666664,20760.149999999998,11901.583333333334,20600.199999999997,22501.166666666664,21308.53333333333,18479.983333333337,31927.183333333323,32526.84999999999,0,0,0,0,0,0,0,0,0,0,0,0,C4-NRW-05,UFone,CI-1308,Macro
SKG1155,SKG1155__Zafirwallrailway_Stn,3,C4-NRW-05,Elite,,OMO,UFONE,3665,,119.41666666666669,42.41666666666667,,1.583333333333333,271,,,261.5,39.500000000000014,,371.1666666666667,267.16666666666663,,,,57.249999999999986,121.41666666666666,587.8166666666667,141.05,,,,,,,,,,,,2281.2833333333338,,12,0.9735962577160494,28046.349999999995,28907.483333333323,29947.399999999994,21038.53333333333,27157.233333333344,36100.56666666668,32910.850000000006,18900.216666666664,16157.333333333336,23390.2,20112.26666666666,17934.683333333334,23331.583333333336,17603.583333333332,15310.583333333336,23890.666666666668,42937.78333333333,28522.01666666667,36515.650000000016,40095.18333333334,0,0,0,0,0,0,0,0,0,0,0,0,C4-NRW-05,UFone,3665,Macro
KNJ4254,KNJ4254__CircularRdKunjah,3,C4-GRT-04,Platinum,9,,,,30.999999999999996,62.75,46.58333333333333,47.24999999999999,556.1666666666667,50.25,,,,115.99999999999997,13.25,,,,,,,,,,,,,,,,,,,,,923.25,,8,0.9893142361111111,25409.183333333334,27050.466666666664,29322.38333333333,24979.799999999996,28177.56666666666,28696.116666666665,14469.016666666668,17927.96666666667,12216.933333333332,13373.666666666666,17598.149999999998,18424.466666666664,20760.149999999998,11901.583333333334,20600.199999999997,22501.166666666664,21308.53333333333,18479.983333333337,31927.183333333323,32526.84999999999,0,0,0,0,0,0,0,0,0,0,0,0,C4-GRT-04,,,Macro
GUJ3945,GUJ3945__SethiPlaza,3,C4-GUJ-01,Platinum,9,,,,1266.6499999999996,3464.6000000000013,591.8000000000002,,335.4999999999999,193.25,,,,,,,,,,,,,,,,,,,,,,,,,,5851.800000000001,,5,0.9322708333333333,25409.183333333334,27050.466666666664,29322.38333333333,24979.799999999996,28177.56666666666,28696.116666666665,14469.016666666668,17927.96666666667,12216.933333333332,13373.666666666666,17598.149999999998,18424.466666666664,20760.149999999998,11901.583333333334,20600.199999999997,22501.166666666664,21308.53333333333,18479.983333333337,31927.183333333323,32526.84999999999,0,0,0,0,0,0,0,0,0,0,0,0,C4-GUJ-01,,,Macro
SKT9480,SKT9480__S_Gohadpur_MDSK4281,3,C4-SKT-03,Elite,30,,,,,,,,,,,29.249999999999993,,,,,,,,,,,,,,,,,,,,,,,,29.249999999999993,,1,0.9996614583333333,28046.349999999995,28907.483333333323,29947.399999999994,21038.53333333333,27157.233333333344,36100.56666666668,32910.850000000006,18900.216666666664,16157.333333333336,23390.2,20112.26666666666,17934.683333333334,23331.583333333336,17603.583333333332,15310.583333333336,23890.666666666668,42937.78333333333,28522.01666666667,36515.650000000016,40095.18333333334,0,0,0,0,0,0,0,0,0,0,0,0,C4-SKT-03,,,Macro
SKT0816,SKT0816__RangPura,3,C4-SKT-03,Elite,27,,,,,,,,,,,,,,,,,,,,,,,,,,,,,,,,,,,0,,0,1,28046.349999999995,28907.483333333323,29947.399999999994,21038.53333333333,27157.233333333344,36100.56666666668,32910.850000000006,18900.216666666664,16157.333333333336,23390.2,20112.26666666666,17934.683333333334,23331.583333333336,17603.583333333332,15310.583333333336,23890.666666666668,42937.78333333333,28522.01666666667,36515.650000000016,40095.18333333334,0,0,0,0,0,0,0,0,0,0,0,0,C4-SKT-03,,,Macro
GUJ9406,GUJ9406__S_MujahidPura Warid_GJ4230,3,C4-GUJ-01,Elite,30,,,,,6.75,,,57.750000000000014,,132.41666666666666,,,14.75,,,,,,16.5,,,,,,,,,,,,,,,,228.16666666666669,,5,0.9973591820987654,28046.349999999995,28907.483333333323,29947.399999999994,21038.53333333333,27157.233333333344,36100.56666666668,32910.850000000006,18900.216666666664,16157.333333333336,23390.2,20112.26666666666,17934.683333333334,23331.583333333336,17603.583333333332,15310.583333333336,23890.666666666668,42937.78333333333,28522.01666666667,36515.650000000016,40095.18333333334,0,0,0,0,0,0,0,0,0,0,0,0,C4-GUJ-01,,,Macro
GUJ3354,GUJ3354__Factoryarea,3,C4-GUJ-02,Platinum,9,,,,,,,,,,,,,,,,,,,,,,,,,,,,,,,,,,,0,,0,1,25409.183333333334,27050.466666666664,29322.38333333333,24979.799999999996,28177.56666666666,28696.116666666665,14469.016666666668,17927.96666666667,12216.933333333332,13373.666666666666,17598.149999999998,18424.466666666664,20760.149999999998,11901.583333333334,20600.199999999997,22501.166666666664,21308.53333333333,18479.983333333337,31927.183333333323,32526.84999999999,0,0,0,0,0,0,0,0,0,0,0,0,C4-GUJ-02,,,Macro
GUJ9408,GUJ9408__S_Station Park Warid_GJ4202,3,C4-GUJ-02,Elite,27,,,,,,,499.41666666666674,578.9666666666666,24,,,,347.58333333333326,93.83333333333334,,779.5500000000003,,66.41666666666667,,176.25,537.3333333333334,,588,,,,,,,,,,,,3691.35,,10,0.9572760416666667,28046.349999999995,28907.483333333323,29947.399999999994,21038.53333333333,27157.233333333344,36100.56666666668,32910.850000000006,18900.216666666664,16157.333333333336,23390.2,20112.26666666666,17934.683333333334,23331.583333333336,17603.583333333332,15310.583333333336,23890.666666666668,42937.78333333333,28522.01666666667,36515.650000000016,40095.18333333334,0,0,0,0,0,0,0,0,0,0,0,0,C4-GUJ-02,,,Macro
GUJ3089,GUJ3089__Satellitetown,4,C4-GUJ-01,Platinum,9,,,,,209.6,102.83333333333331,,,,22.750000000000004,,,113.91666666666667,,279.5,,,930.0833333333334,956.8333333333334,,1085.7500000000002,573.6666666666667,895.6666666666665,,,,,,,,,,,,5170.6,,10,0.9551163194444444,25409.183333333334,27050.466666666664,29322.38333333333,24979.799999999996,28177.56666666666,28696.116666666665,14469.016666666668,17927.96666666667,12216.933333333332,13373.666666666666,17598.149999999998,18424.466666666664,20760.149999999998,11901.583333333334,20600.199999999997,22501.166666666664,21308.53333333333,18479.983333333337,31927.183333333323,32526.84999999999,0,0,0,0,0,0,0,0,0,0,0,0,C4-GUJ-01,,,Macro
GUJ3741,GUJ3741__SuperAsiaFactory,3,C4-GUJ-01,Elite,30,,,,,287.16666666666663,396,,458.1333333333334,,1210.016666666667,,,1061.4166666666672,484.6666666666667,430.83333333333337,278.4166666666667,,6.25,226.25000000000003,1567.9833333333333,286.83333333333337,227.25,147.33333333333334,,,,,,,,,,,,7068.550000000001,,14,0.9181880787037037,28046.349999999995,28907.483333333323,29947.399999999994,21038.53333333333,27157.233333333344,36100.56666666668,32910.850000000006,18900.216666666664,16157.333333333336,23390.2,20112.26666666666,17934.683333333334,23331.583333333336,17603.583333333332,15310.583333333336,23890.666666666668,42937.78333333333,28522.01666666667,36515.650000000016,40095.18333333334,0,0,0,0,0,0,0,0,0,0,0,0,C4-GUJ-01,,,Macro
GUJ5576,GUJ5576_H_Gondlanwala Rd Siddique Akbar Town Gujranwala,3,C4-GUJ-02,Platinum,,OMO,CMPak,6745_Zong,307.25000000000006,1128.083333333333,703.6666666666667,155.83333333333331,403.1666666666667,33.75,27,573.25,61.33333333333333,18.5,6.916666666666666,57.16666666666666,58.249999999999986,,191.50000000000003,176.99999999999997,26.5,87,201.75,99,,,,,,,,,,,,4316.916666666666,,19,0.9500356867283951,25409.183333333334,27050.466666666664,29322.38333333333,24979.799999999996,28177.56666666666,28696.116666666665,14469.016666666668,17927.96666666667,12216.933333333332,13373.666666666666,17598.149999999998,18424.466666666664,20760.149999999998,11901.583333333334,20600.199999999997,22501.166666666664,21308.53333333333,18479.983333333337,31927.183333333323,32526.84999999999,0,0,0,0,0,0,0,0,0,0,0,0,C4-GUJ-02,,,Macro
HFZ5814,HFZ5814_H_Thatta Khokharan Hafizabad,3,C4-HFZ-06,Platinum,,B2S,Enfrashare,EC1-HFZ-04554,,,,,,,,,,,,,,,,,,,,,,,,,,,,,,,,0,,0,1,25409.183333333334,27050.466666666664,29322.38333333333,24979.799999999996,28177.56666666666,28696.116666666665,14469.016666666668,17927.96666666667,12216.933333333332,13373.666666666666,17598.149999999998,18424.466666666664,20760.149999999998,11901.583333333334,20600.199999999997,22501.166666666664,21308.53333333333,18479.983333333337,31927.183333333323,32526.84999999999,0,0,0,0,0,0,0,0,0,0,0,0,C4-HFZ-06,,,Macro
GUJ9728,GUJ9728__Khyali_BypassGujwala,4,C4-HFZ-06,Elite,20,,,,,,,,,,93.81666666666666,216.33333333333337,,,43.666666666666664,,37.833333333333336,,,,53.58333333333334,,2,148.50000000000003,,,,,,,,,,,,595.7333333333333,,7,0.9948287037037037,28046.349999999995,28907.483333333323,29947.399999999994,21038.53333333333,27157.233333333344,36100.56666666668,32910.850000000006,18900.216666666664,16157.333333333336,23390.2,20112.26666666666,17934.683333333334,23331.583333333336,17603.583333333332,15310.583333333336,23890.666666666668,42937.78333333333,28522.01666666667,36515.650000000016,40095.18333333334,0,0,0,0,0,0,0,0,0,0,0,0,C4-HFZ-06,,,Macro
GUJ9464,GUJ9464__S_Chicherwali Warid_MDGJ4218,3,C4-GUJ-01,Elite,30,,,,,,,,417.0666666666668,,,,,,,,,,,,,1150.6333333333337,1433.8333333333333,141.26666666666665,,,,,,,,,,,,3142.8,,4,0.963625,28046.349999999995,28907.483333333323,29947.399999999994,21038.53333333333,27157.233333333344,36100.56666666668,32910.850000000006,18900.216666666664,16157.333333333336,23390.2,20112.26666666666,17934.683333333334,23331.583333333336,17603.583333333332,15310.583333333336,23890.666666666668,42937.78333333333,28522.01666666667,36515.650000000016,40095.18333333334,0,0,0,0,0,0,0,0,0,0,0,0,C4-GUJ-01,,,Macro
MBN8840,MBN8840__MunshiMohallah,3,C4-MBD-08,Elite,,,GLO,,,,,,,,,,,,,,,,,,,,,,,,,,,,,,,,,0,,0,1,28046.349999999995,28907.483333333323,29947.399999999994,21038.53333333333,27157.233333333344,36100.56666666668,32910.850000000006,18900.216666666664,16157.333333333336,23390.2,20112.26666666666,17934.683333333334,23331.583333333336,17603.583333333332,15310.583333333336,23890.666666666668,42937.78333333333,28522.01666666667,36515.650000000016,40095.18333333334,0,0,0,0,0,0,0,0,0,0,0,0,C4-MBD-08,,,Macro
MBN9802,MBN9802__MohalahManzorabad_N,3,C4-MBD-08,Elite,30,,,,42.24999999999999,,,27.25,,184.5,,,691.9166666666667,,,,,,,1098.1999999999998,1098.6333333333334,241.73333333333335,,,,,,,,,,,,,,3384.4833333333336,,7,0.9608277391975308,28046.349999999995,28907.483333333323,29947.399999999994,21038.53333333333,27157.233333333344,36100.56666666668,32910.850000000006,18900.216666666664,16157.333333333336,23390.2,20112.26666666666,17934.683333333334,23331.583333333336,17603.583333333332,15310.583333333336,23890.666666666668,42937.78333333333,28522.01666666667,36515.650000000016,40095.18333333334,0,0,0,0,0,0,0,0,0,0,0,0,C4-MBD-08,,,Macro
DDL3415,DDL3415__KaryalMore,3,C4-NRW-05,Platinum,20,,,,,,,,145.75000000000003,,,,,,,340.3333333333333,193.58333333333331,,,,288.5,,303.8333333333333,,,,,,,,,,,,,1272,,5,0.9852777777777777,25409.183333333334,27050.466666666664,29322.38333333333,24979.799999999996,28177.56666666666,28696.116666666665,14469.016666666668,17927.96666666667,12216.933333333332,13373.666666666666,17598.149999999998,18424.466666666664,20760.149999999998,11901.583333333334,20600.199999999997,22501.166666666664,21308.53333333333,18479.983333333337,31927.183333333323,32526.84999999999,0,0,0,0,0,0,0,0,0,0,0,0,C4-NRW-05,,,Macro
RUR9496,Naiabadi_Jhang_Road_HF4123,4,C4-HFZ-06,Platinum,20,,,,58.66666666666668,,,,,,85.25,,133.58333333333331,140.41666666666669,,,,70.99999999999999,,138.2,,,,79.91666666666667,,,,,,,,,,,,707.0333333333333,,7,0.9938625578703705,25409.183333333334,27050.466666666664,29322.38333333333,24979.799999999996,28177.56666666666,28696.116666666665,14469.016666666668,17927.96666666667,12216.933333333332,13373.666666666666,17598.149999999998,18424.466666666664,20760.149999999998,11901.583333333334,20600.199999999997,22501.166666666664,21308.53333333333,18479.983333333337,31927.183333333323,32526.84999999999,0,0,0,0,0,0,0,0,0,0,0,0,C4-HFZ-06,,,Macro
HWY6909,HWY6909__ChakMurtazaGJR,3,C4-GRT-04,Platinum,20,,,,221.5,332.7999999999999,,,,,,,,,,,,,,,12.5,,,125.25,,,,,,,,,,,,692.05,,4,0.991990162037037,25409.183333333334,27050.466666666664,29322.38333333333,24979.799999999996,28177.56666666666,28696.116666666665,14469.016666666668,17927.96666666667,12216.933333333332,13373.666666666666,17598.149999999998,18424.466666666664,20760.149999999998,11901.583333333334,20600.199999999997,22501.166666666664,21308.53333333333,18479.983333333337,31927.183333333323,32526.84999999999,0,0,0,0,0,0,0,0,0,0,0,0,C4-GRT-04,,,Macro
SKT9850,SKT9850__MohallIslamPura,3,C4-SKT-03,Platinum,,,GLO,,,,,,290.25,,,,,,,,,,,,,,,,,,,,,,,,,,,290.25,,1,0.996640625,25409.183333333334,27050.466666666664,29322.38333333333,24979.799999999996,28177.56666666666,28696.116666666665,14469.016666666668,17927.96666666667,12216.933333333332,13373.666666666666,17598.149999999998,18424.466666666664,20760.149999999998,11901.583333333334,20600.199999999997,22501.166666666664,21308.53333333333,18479.983333333337,31927.183333333323,32526.84999999999,0,0,0,0,0,0,0,0,0,0,0,0,C4-SKT-03,,,Macro
SKT3094,SKT3094__GohadPurChowkSialk,3,C4-SKT-03,Platinum,30,,,,,,489.83333333333337,242.33333333333331,,,,,,,,,,,,,,,,,,,,,,,,,,,,732.1666666666667,,2,0.9915258487654321,25409.183333333334,27050.466666666664,29322.38333333333,24979.799999999996,28177.56666666666,28696.116666666665,14469.016666666668,17927.96666666667,12216.933333333332,13373.666666666666,17598.149999999998,18424.466666666664,20760.149999999998,11901.583333333334,20600.199999999997,22501.166666666664,21308.53333333333,18479.983333333337,31927.183333333323,32526.84999999999,0,0,0,0,0,0,0,0,0,0,0,0,C4-SKT-03,,,Macro
NRW4001,NRW4001__ZafarwalChkNarrowal,3,C4-NRW-05,Elite,20,,,,,344.75000000000006,,3.166666666666666,166.74999999999997,,,,518.3333333333334,487.83333333333326,,,,,88.25000000000001,147.25,137.58333333333334,49.91666666666667,,,,,,,,,,,,,,1943.8333333333333,,9,0.9775019290123457,28046.349999999995,28907.483333333323,29947.399999999994,21038.53333333333,27157.233333333344,36100.56666666668,32910.850000000006,18900.216666666664,16157.333333333336,23390.2,20112.26666666666,17934.683333333334,23331.583333333336,17603.583333333332,15310.583333333336,23890.666666666668,42937.78333333333,28522.01666666667,36515.650000000016,40095.18333333334,0,0,0,0,0,0,0,0,0,0,0,0,C4-NRW-05,,,Macro
SKT3763,SKT3763__SahuWala,4,C4-SKT-03,Elite,27,,,,,529.5833333333334,367.4166666666665,,265.9833333333333,445.16666666666674,216.4166666666666,264,376.16666666666663,483.65,303.33333333333337,258.3333333333333,296.3333333333333,402.3333333333332,83.16666666666666,126.58333333333334,1896.15,262,265,1303.4166666666663,,,,,,,,,,,,8145.033333333333,,18,0.9292965856481481,28046.349999999995,28907.483333333323,29947.399999999994,21038.53333333333,27157.233333333344,36100.56666666668,32910.850000000006,18900.216666666664,16157.333333333336,23390.2,20112.26666666666,17934.683333333334,23331.583333333336,17603.583333333332,15310.583333333336,23890.666666666668,42937.78333333333,28522.01666666667,36515.650000000016,40095.18333333334,0,0,0,0,0,0,0,0,0,0,0,0,C4-SKT-03,,,Macro
PMD6139,PMD6139__S_KanpurSialkotWarid_MDSK4517,3,C4-SKT-03,Platinum,30,,,,,,,170.83333333333331,232.83333333333331,,,,,,,,,,462.2499999999999,,439.8333333333335,,,,,,,,,,,,,,,1305.75,,4,0.9848871527777777,25409.183333333334,27050.466666666664,29322.38333333333,24979.799999999996,28177.56666666666,28696.116666666665,14469.016666666668,17927.96666666667,12216.933333333332,13373.666666666666,17598.149999999998,18424.466666666664,20760.149999999998,11901.583333333334,20600.199999999997,22501.166666666664,21308.53333333333,18479.983333333337,31927.183333333323,32526.84999999999,0,0,0,0,0,0,0,0,0,0,0,0,C4-SKT-03,,,Macro
RUR5977,RUR5977__S_Bhalowali Warid_2I3759,4,C4-WZD-07,Platinum,20,,,,,,,,,,7.666666666666667,79.33333333333331,,,,,,,,,,,,407.6666666666668,,,,,,,,,,,,494.6666666666668,,3,0.9957060185185185,25409.183333333334,27050.466666666664,29322.38333333333,24979.799999999996,28177.56666666666,28696.116666666665,14469.016666666668,17927.96666666667,12216.933333333332,13373.666666666666,17598.149999999998,18424.466666666664,20760.149999999998,11901.583333333334,20600.199999999997,22501.166666666664,21308.53333333333,18479.983333333337,31927.183333333323,32526.84999999999,0,0,0,0,0,0,0,0,0,0,0,0,C4-WZD-07,,,Macro
WZB9858,WZB9858__S_WazirabadWarid_MDWA4193,3,C4-WZD-07,Elite,30,,,,,,,,,,,,,,,,,,,,,,14.5,,,,,,,,,,,,,14.5,,1,0.999832175925926,28046.349999999995,28907.483333333323,29947.399999999994,21038.53333333333,27157.233333333344,36100.56666666668,32910.850000000006,18900.216666666664,16157.333333333336,23390.2,20112.26666666666,17934.683333333334,23331.583333333336,17603.583333333332,15310.583333333336,23890.666666666668,42937.78333333333,28522.01666666667,36515.650000000016,40095.18333333334,0,0,0,0,0,0,0,0,0,0,0,0,C4-WZD-07,,,Macro
SKT3410,SKT3410__PakkahGarh,3,C4-SKT-03,Elite,31,,,,141.08333333333334,12.5,,,,,,,,,,,,,,,493.05000000000024,203.5,,,,,,,,,,,,,,850.1333333333336,,4,0.9901604938271604,28046.349999999995,28907.483333333323,29947.399999999994,21038.53333333333,27157.233333333344,36100.56666666668,32910.850000000006,18900.216666666664,16157.333333333336,23390.2,20112.26666666666,17934.683333333334,23331.583333333336,17603.583333333332,15310.583333333336,23890.666666666668,42937.78333333333,28522.01666666667,36515.650000000016,40095.18333333334,0,0,0,0,0,0,0,0,0,0,0,0,C4-SKT-03,,,Macro
RUR3753,RUR3753__S_MRDGujShkRd,3,C4-GUJ-01,Platinum,9,,,,314.3333333333333,246.5,189.38333333333335,495.5833333333334,738.5833333333337,109,278.16666666666663,60.099999999999994,278.35,318.6333333333334,260.88333333333344,172.33333333333331,224.66666666666666,600.8333333333335,113.66666666666667,111.24999999999997,62.666666666666664,109.7166666666667,288.66666666666663,468.8666666666667,,,,,,,,,,,,5442.183333333335,,20,0.9370117669753086,25409.183333333334,27050.466666666664,29322.38333333333,24979.799999999996,28177.56666666666,28696.116666666665,14469.016666666668,17927.96666666667,12216.933333333332,13373.666666666666,17598.149999999998,18424.466666666664,20760.149999999998,11901.583333333334,20600.199999999997,22501.166666666664,21308.53333333333,18479.983333333337,31927.183333333323,32526.84999999999,0,0,0,0,0,0,0,0,0,0,0,0,C4-GUJ-01,,,Macro
ALC9648,ALC9648__MuhallaHaiderabad,3,C4-HFZ-06,Elite,30,,,,137.74999999999997,154.74999999999997,150.75,60.24999999999999,191.74999999999997,158.66666666666666,93.75000000000001,147.49999999999997,29.916666666666668,48.41666666666667,130.41666666666669,90.08333333333331,85.41666666666667,60.49999999999999,83.75,80.08333333333331,184.25000000000006,87.08333333333334,77.25000000000001,101.08333333333336,,,,,,,,,,,,2153.416666666667,,20,0.9750761959876543,28046.349999999995,28907.483333333323,29947.399999999994,21038.53333333333,27157.233333333344,36100.56666666668,32910.850000000006,18900.216666666664,16157.333333333336,23390.2,20112.26666666666,17934.683333333334,23331.583333333336,17603.583333333332,15310.583333333336,23890.666666666668,42937.78333333333,28522.01666666667,36515.650000000016,40095.18333333334,0,0,0,0,0,0,0,0,0,0,0,0,C4-HFZ-06,,,Macro
HWY0700,HWY0700_BhiloMahar_NEW,4,C4-WZD-07,Elite,,,GLO,,,,,,,,,,,,,,,,739.9166666666667,207.91666666666666,,,,,,,,,,,,,,,,947.8333333333334,,2,0.9917722800925926,28046.349999999995,28907.483333333323,29947.399999999994,21038.53333333333,27157.233333333344,36100.56666666668,32910.850000000006,18900.216666666664,16157.333333333336,23390.2,20112.26666666666,17934.683333333334,23331.583333333336,17603.583333333332,15310.583333333336,23890.666666666668,42937.78333333333,28522.01666666667,36515.650000000016,40095.18333333334,0,0,0,0,0,0,0,0,0,0,0,0,C4-WZD-07,,,Macro
GJR5415,GJR5415__S_Muslimabad_CMPak4330,3,C4-GRT-04,Platinum,,OMO,CMPak,CMPak4330,,,,,,,,,,,,,,,,,,,,1210.0500000000002,,,,,,,,,,,,1210.0500000000002,,1,0.9859947916666667,25409.183333333334,27050.466666666664,29322.38333333333,24979.799999999996,28177.56666666666,28696.116666666665,14469.016666666668,17927.96666666667,12216.933333333332,13373.666666666666,17598.149999999998,18424.466666666664,20760.149999999998,11901.583333333334,20600.199999999997,22501.166666666664,21308.53333333333,18479.983333333337,31927.183333333323,32526.84999999999,0,0,0,0,0,0,0,0,0,0,0,0,C4-GRT-04,,,Macro
KLW9890,KLW9890__RangKhukhran,3,C4-SKT-03,Platinum,20,,,,,,,,,90.58333333333333,,,,,,,472.4166666666667,,,,,,326.6500000000001,,,,,,,,,,,,,889.6500000000001,,3,0.989703125,25409.183333333334,27050.466666666664,29322.38333333333,24979.799999999996,28177.56666666666,28696.116666666665,14469.016666666668,17927.96666666667,12216.933333333332,13373.666666666666,17598.149999999998,18424.466666666664,20760.149999999998,11901.583333333334,20600.199999999997,22501.166666666664,21308.53333333333,18479.983333333337,31927.183333333323,32526.84999999999,0,0,0,0,0,0,0,0,0,0,0,0,C4-SKT-03,,,Macro
HFZ3892,HFZ3892__MuhalahuzafrKhn,3,C4-HFZ-06,Elite,31,,,,,,,,,,,,,162.91666666666666,,,,,,,,,62.33333333333332,70.16666666666667,,,,,,,,,,,,295.41666666666663,,3,0.9965808256172839,28046.349999999995,28907.483333333323,29947.399999999994,21038.53333333333,27157.233333333344,36100.56666666668,32910.850000000006,18900.216666666664,16157.333333333336,23390.2,20112.26666666666,17934.683333333334,23331.583333333336,17603.583333333332,15310.583333333336,23890.666666666668,42937.78333333333,28522.01666666667,36515.650000000016,40095.18333333334,0,0,0,0,0,0,0,0,0,0,0,0,C4-HFZ-06,,,Macro
SKT9483,SKT9483__S_Ghazi Pur_MDSK4188,3,C4-SKT-03,Elite,30,,,,,,,,,,,,,,,,,,112.75,,,,,,,,,,,,,,,,,112.75,,1,0.9986950231481481,28046.349999999995,28907.483333333323,29947.399999999994,21038.53333333333,27157.233333333344,36100.56666666668,32910.850000000006,18900.216666666664,16157.333333333336,23390.2,20112.26666666666,17934.683333333334,23331.583333333336,17603.583333333332,15310.583333333336,23890.666666666668,42937.78333333333,28522.01666666667,36515.650000000016,40095.18333333334,0,0,0,0,0,0,0,0,0,0,0,0,C4-SKT-03,,,Macro
GUJ5569,GUJ5569_H_Sardar Colony Gujranwala,3,C4-GUJ-01,Platinum,,B2S,Enfrashare,EC1-GUJ-07835,,,639.3833333333333,,,,,,,,,,,,,,619.7499999999999,,,,,,,,,,,,,,,1259.1333333333332,,2,0.9854266975308641,25409.183333333334,27050.466666666664,29322.38333333333,24979.799999999996,28177.56666666666,28696.116666666665,14469.016666666668,17927.96666666667,12216.933333333332,13373.666666666666,17598.149999999998,18424.466666666664,20760.149999999998,11901.583333333334,20600.199999999997,22501.166666666664,21308.53333333333,18479.983333333337,31927.183333333323,32526.84999999999,0,0,0,0,0,0,0,0,0,0,0,0,C4-GUJ-01,,,Macro
HWY8837,HWY8837__11KMAttawaStop,5,C4-GUJ-01,Elite,30,,,,,,,,33.66666666666667,1200.083333333333,,,588.75,,,,,,,,,,,,,,,,,,,,,,,1822.4999999999998,,3,0.98734375,28046.349999999995,28907.483333333323,29947.399999999994,21038.53333333333,27157.233333333344,36100.56666666668,32910.850000000006,18900.216666666664,16157.333333333336,23390.2,20112.26666666666,17934.683333333334,23331.583333333336,17603.583333333332,15310.583333333336,23890.666666666668,42937.78333333333,28522.01666666667,36515.650000000016,40095.18333333334,0,0,0,0,0,0,0,0,0,0,0,0,C4-GUJ-01,,,Macro
GUJ9431,GUJ9431__S_Mian Sansi Rd Warid_MDGJ4201,5,C4-GUJ-02,Elite,30,,,,,,,,,,,,,,,,,,,,,,,,,,,,,,,,,,,0,,0,1,28046.349999999995,28907.483333333323,29947.399999999994,21038.53333333333,27157.233333333344,36100.56666666668,32910.850000000006,18900.216666666664,16157.333333333336,23390.2,20112.26666666666,17934.683333333334,23331.583333333336,17603.583333333332,15310.583333333336,23890.666666666668,42937.78333333333,28522.01666666667,36515.650000000016,40095.18333333334,0,0,0,0,0,0,0,0,0,0,0,0,C4-GUJ-02,,,Macro
SKT9477,SKT9477__S_Model town_MDSK4205,3,C4-SKT-03,Elite,27,,,,,,19,,,750.2499999999999,,,,723.4166666666667,,,,,,,,,,84.33333333333334,,,,,,,,,,,,1576.9999999999998,,4,0.9817476851851852,28046.349999999995,28907.483333333323,29947.399999999994,21038.53333333333,27157.233333333344,36100.56666666668,32910.850000000006,18900.216666666664,16157.333333333336,23390.2,20112.26666666666,17934.683333333334,23331.583333333336,17603.583333333332,15310.583333333336,23890.666666666668,42937.78333333333,28522.01666666667,36515.650000000016,40095.18333333334,0,0,0,0,0,0,0,0,0,0,0,0,C4-SKT-03,,,Macro
GUJ9878,GUJ9878__OppSocialHosp_Gj,3,C4-GUJ-01,Platinum,,,GLO,,19.5,,,860.5,,893.4166666666667,,,42.5,,850.4666666666668,20.25,783.0833333333333,,,494.3833333333333,39.99999999999999,860.75,,1195.3333333333333,,,,,,,,,,,,6060.183333333333,,11,0.9298589891975308,25409.183333333334,27050.466666666664,29322.38333333333,24979.799999999996,28177.56666666666,28696.116666666665,14469.016666666668,17927.96666666667,12216.933333333332,13373.666666666666,17598.149999999998,18424.466666666664,20760.149999999998,11901.583333333334,20600.199999999997,22501.166666666664,21308.53333333333,18479.983333333337,31927.183333333323,32526.84999999999,0,0,0,0,0,0,0,0,0,0,0,0,C4-GUJ-01,,,Macro
SKT6400,SKT6400__S_HamzaGhaus,3,C4-SKT-03,Platinum,,B2S,ATL,ATSLK11,,,,94.83333333333334,,,,,18.5,102.83333333333333,23.083333333333336,93.75,,,,,47.25,,,218.58333333333334,,,,,,,,,,,,598.8333333333334,,7,0.9930690586419754,25409.183333333334,27050.466666666664,29322.38333333333,24979.799999999996,28177.56666666666,28696.116666666665,14469.016666666668,17927.96666666667,12216.933333333332,13373.666666666666,17598.149999999998,18424.466666666664,20760.149999999998,11901.583333333334,20600.199999999997,22501.166666666664,21308.53333333333,18479.983333333337,31927.183333333323,32526.84999999999,0,0,0,0,0,0,0,0,0,0,0,0,C4-SKT-03,,,Macro
MLL3347,MLL3347__Railway_Gate,4,C4-MBD-08,Platinum,20,,,,,,105.33333333333331,,,,,,,,21.666666666666668,,,,,,131.83333333333331,,22.333333333333332,,,,,,,,,,,,,281.16666666666663,,4,0.9975593171296296,25409.183333333334,27050.466666666664,29322.38333333333,24979.799999999996,28177.56666666666,28696.116666666665,14469.016666666668,17927.96666666667,12216.933333333332,13373.666666666666,17598.149999999998,18424.466666666664,20760.149999999998,11901.583333333334,20600.199999999997,22501.166666666664,21308.53333333333,18479.983333333337,31927.183333333323,32526.84999999999,0,0,0,0,0,0,0,0,0,0,0,0,C4-MBD-08,,,Macro
RUR0350,RUR0350__Pindi_Bhori_NEW,3,C4-NRW-05,Elite,27,,,,,,,,98.08333333333333,73.41666666666667,,,195.08333333333331,,,,115.25000000000001,,,61.41666666666667,,,244.25000000000003,68.5,,,,,,,,,,,,856,,7,0.9900925925925925,28046.349999999995,28907.483333333323,29947.399999999994,21038.53333333333,27157.233333333344,36100.56666666668,32910.850000000006,18900.216666666664,16157.333333333336,23390.2,20112.26666666666,17934.683333333334,23331.583333333336,17603.583333333332,15310.583333333336,23890.666666666668,42937.78333333333,28522.01666666667,36515.650000000016,40095.18333333334,0,0,0,0,0,0,0,0,0,0,0,0,C4-NRW-05,,,Macro
GUJ9417,GUJ9417__S_Chaman Shah Rd Warid_GJ4154,3,C4-GUJ-01,Platinum,27,,,,121.75000000000003,1160.6666666666665,536.5999999999999,292.84999999999997,,,,458.7500000000001,,,,,,,,,,,,,,,,,,,,,,,,2570.6166666666663,,5,0.9702474922839507,25409.183333333334,27050.466666666664,29322.38333333333,24979.799999999996,28177.56666666666,28696.116666666665,14469.016666666668,17927.96666666667,12216.933333333332,13373.666666666666,17598.149999999998,18424.466666666664,20760.149999999998,11901.583333333334,20600.199999999997,22501.166666666664,21308.53333333333,18479.983333333337,31927.183333333323,32526.84999999999,0,0,0,0,0,0,0,0,0,0,0,0,C4-GUJ-01,,,Macro
NVK3537,NVK3537__BaduRataRd,3,C4-HFZ-06,Elite,30,,,,,,,,,,,,,,,,,,,,,,,45,,,,,,,,,,,,45,,1,0.9994791666666667,28046.349999999995,28907.483333333323,29947.399999999994,21038.53333333333,27157.233333333344,36100.56666666668,32910.850000000006,18900.216666666664,16157.333333333336,23390.2,20112.26666666666,17934.683333333334,23331.583333333336,17603.583333333332,15310.583333333336,23890.666666666668,42937.78333333333,28522.01666666667,36515.650000000016,40095.18333333334,0,0,0,0,0,0,0,0,0,0,0,0,C4-HFZ-06,,,Macro
GJR6258,GJR6258__S_Star_Colony_Bhimber_Road_MDGU4249,3,C4-GRT-04,Platinum,30,,,,,6.249999999999999,,,,,,,,,,,,,,,,,,,,,,,,,,,,,,6.249999999999999,,1,0.9999276620370371,25409.183333333334,27050.466666666664,29322.38333333333,24979.799999999996,28177.56666666666,28696.116666666665,14469.016666666668,17927.96666666667,12216.933333333332,13373.666666666666,17598.149999999998,18424.466666666664,20760.149999999998,11901.583333333334,20600.199999999997,22501.166666666664,21308.53333333333,18479.983333333337,31927.183333333323,32526.84999999999,0,0,0,0,0,0,0,0,0,0,0,0,C4-GRT-04,,,Macro
MDW8986,MDW8986__SohWaliChicharSKT,3,C4-SKT-03,Platinum,,,GLO,,413.0833333333334,,,,560.0000000000001,27.5,,1031.4166666666665,,,,,,,,,53.499999999999986,,56.33333333333333,,,,,,,,,,,,,2141.8333333333335,,6,0.975210262345679,25409.183333333334,27050.466666666664,29322.38333333333,24979.799999999996,28177.56666666666,28696.116666666665,14469.016666666668,17927.96666666667,12216.933333333332,13373.666666666666,17598.149999999998,18424.466666666664,20760.149999999998,11901.583333333334,20600.199999999997,22501.166666666664,21308.53333333333,18479.983333333337,31927.183333333323,32526.84999999999,0,0,0,0,0,0,0,0,0,0,0,0,C4-SKT-03,,,Macro
GUJ9452,GUJ9452__S_Janat Town Warid_MDGJ4161,3,C4-GUJ-02,Platinum,27,,,,,72.16666666666667,137.16666666666666,,143.74999999999997,,,,,,,,,355.8333333333333,,,,,,,,,,,,,,,,,,708.9166666666665,,4,0.9917949459876543,25409.183333333334,27050.466666666664,29322.38333333333,24979.799999999996,28177.56666666666,28696.116666666665,14469.016666666668,17927.96666666667,12216.933333333332,13373.666666666666,17598.149999999998,18424.466666666664,20760.149999999998,11901.583333333334,20600.199999999997,22501.166666666664,21308.53333333333,18479.983333333337,31927.183333333323,32526.84999999999,0,0,0,0,0,0,0,0,0,0,0,0,C4-GUJ-02,,,Macro
Guj3745,Guj3745__Mainmktsatellite,3,C4-GUJ-01,Platinum,,,GLO,,,,,152.50000000000003,,,,,,,201.25,,,,145.5,,,,,,,,,,,,,,,,,499.25,,3,0.9942216435185185,25409.183333333334,27050.466666666664,29322.38333333333,24979.799999999996,28177.56666666666,28696.116666666665,14469.016666666668,17927.96666666667,12216.933333333332,13373.666666666666,17598.149999999998,18424.466666666664,20760.149999999998,11901.583333333334,20600.199999999997,22501.166666666664,21308.53333333333,18479.983333333337,31927.183333333323,32526.84999999999,0,0,0,0,0,0,0,0,0,0,0,0,C4-GUJ-01,,,Macro
KMK4008,KMK4008__SalamatPura,3,C4-GUJ-01,Elite,30,,,,767.1333333333334,312.5000000000001,801.8,639.55,,,13.583333333333332,,,,88.33333333333334,,46.166666666666664,,,,,,,,,,,,,,,,,,,2669.066666666667,,7,0.969108024691358,28046.349999999995,28907.483333333323,29947.399999999994,21038.53333333333,27157.233333333344,36100.56666666668,32910.850000000006,18900.216666666664,16157.333333333336,23390.2,20112.26666666666,17934.683333333334,23331.583333333336,17603.583333333332,15310.583333333336,23890.666666666668,42937.78333333333,28522.01666666667,36515.650000000016,40095.18333333334,0,0,0,0,0,0,0,0,0,0,0,0,C4-GUJ-01,,,Macro
HWY5982,HWY5982__S_Kot Bhukran Warid_365324,4,C4-WZD-07,Platinum,27,,,,,,,,,,,,,,,91.53333333333332,565.8166666666666,,,347.6666666666667,,,,,,,,,,,,,,,,1005.0166666666667,,3,0.9912758969907408,25409.183333333334,27050.466666666664,29322.38333333333,24979.799999999996,28177.56666666666,28696.116666666665,14469.016666666668,17927.96666666667,12216.933333333332,13373.666666666666,17598.149999999998,18424.466666666664,20760.149999999998,11901.583333333334,20600.199999999997,22501.166666666664,21308.53333333333,18479.983333333337,31927.183333333323,32526.84999999999,0,0,0,0,0,0,0,0,0,0,0,0,C4-WZD-07,,,Macro
SKT5746,SKT5746__S_Rangpura,3,C4-SKT-03,Platinum,,B2S,Enfrashare,EC1-SKT-02135,1211.9999999999998,,,,419.7500000000001,,,,,,1506.8000000000002,,,,,,,,,,,,,,,,,,,,,3138.55,,3,0.9636741898148148,25409.183333333334,27050.466666666664,29322.38333333333,24979.799999999996,28177.56666666666,28696.116666666665,14469.016666666668,17927.96666666667,12216.933333333332,13373.666666666666,17598.149999999998,18424.466666666664,20760.149999999998,11901.583333333334,20600.199999999997,22501.166666666664,21308.53333333333,18479.983333333337,31927.183333333323,32526.84999999999,0,0,0,0,0,0,0,0,0,0,0,0,C4-SKT-03,,,Macro
GUJ4143,GUJ4143__Khokharki,3,C4-GUJ-01,Platinum,27,,,,,,,,,72.50000000000001,,,,,,,,,,,,,,,,,,,,,,,,,,72.50000000000001,,1,0.9991608796296296,25409.183333333334,27050.466666666664,29322.38333333333,24979.799999999996,28177.56666666666,28696.116666666665,14469.016666666668,17927.96666666667,12216.933333333332,13373.666666666666,17598.149999999998,18424.466666666664,20760.149999999998,11901.583333333334,20600.199999999997,22501.166666666664,21308.53333333333,18479.983333333337,31927.183333333323,32526.84999999999,0,0,0,0,0,0,0,0,0,0,0,0,C4-GUJ-01,,,Macro
DSK5984,DSK5984__S_Shadpura Warid_DK5730,3,C4-WZD-07,Platinum,30,,,,500.7,121.58333333333333,,671.4666666666667,778.8333333333331,101.74999999999997,,,1262.8,,929.2333333333335,,,48.999999999999986,,86.91666666666667,10,236.3333333333333,109.99999999999997,,,,,,,,,,,,,4858.616666666667,,12,0.9437660108024691,25409.183333333334,27050.466666666664,29322.38333333333,24979.799999999996,28177.56666666666,28696.116666666665,14469.016666666668,17927.96666666667,12216.933333333332,13373.666666666666,17598.149999999998,18424.466666666664,20760.149999999998,11901.583333333334,20600.199999999997,22501.166666666664,21308.53333333333,18479.983333333337,31927.183333333323,32526.84999999999,0,0,0,0,0,0,0,0,0,0,0,0,C4-WZD-07,,,Macro
GUJ0081,GUJ0081__MetalWorks,3,C4-GUJ-02,Platinum,20,,,,,,,,,340.6666666666667,,,,,,,,,,,,,,,,,,,,,,,,,,340.6666666666667,,1,0.9960570987654321,25409.183333333334,27050.466666666664,29322.38333333333,24979.799999999996,28177.56666666666,28696.116666666665,14469.016666666668,17927.96666666667,12216.933333333332,13373.666666666666,17598.149999999998,18424.466666666664,20760.149999999998,11901.583333333334,20600.199999999997,22501.166666666664,21308.53333333333,18479.983333333337,31927.183333333323,32526.84999999999,0,0,0,0,0,0,0,0,0,0,0,0,C4-GUJ-02,,,Macro
TKW9893,TKW9893__Ballay_Wali,3,C4-GUJ-01,Platinum,9,,,,47.58333333333333,,148.8,106.29999999999998,,,,78,,,,,45.24999999999999,21.5,20.5,132.75,13.25,,16.333333333333336,313,,,,,,,,,,,,943.2666666666667,,11,0.989082561728395,25409.183333333334,27050.466666666664,29322.38333333333,24979.799999999996,28177.56666666666,28696.116666666665,14469.016666666668,17927.96666666667,12216.933333333332,13373.666666666666,17598.149999999998,18424.466666666664,20760.149999999998,11901.583333333334,20600.199999999997,22501.166666666664,21308.53333333333,18479.983333333337,31927.183333333323,32526.84999999999,0,0,0,0,0,0,0,0,0,0,0,0,C4-GUJ-01,,,Macro
GUJ3346,GUJ3346__KachaFatomand,3,C4-GUJ-01,Platinum,30,,,,20.25,,,20.25,,20.083333333333336,,,42.5,,194.49999999999997,19.75,20.25,,,40.75,40.16666666666667,161.75,,20.25,,,,,,,,,,,,600.5,,11,0.9930497685185184,25409.183333333334,27050.466666666664,29322.38333333333,24979.799999999996,28177.56666666666,28696.116666666665,14469.016666666668,17927.96666666667,12216.933333333332,13373.666666666666,17598.149999999998,18424.466666666664,20760.149999999998,11901.583333333334,20600.199999999997,22501.166666666664,21308.53333333333,18479.983333333337,31927.183333333323,32526.84999999999,0,0,0,0,0,0,0,0,0,0,0,0,C4-GUJ-01,,,Macro
RUR4621,RUR4621__Solary_town_Zafarwai,3,C4-NRW-05,Elite,20,,,,,,,,,,,,33.166666666666664,,,208.5,13.833333333333334,,,177.41666666666666,,,500.83333333333326,,,,,,,,,,,,,933.7499999999999,,5,0.9891927083333333,28046.349999999995,28907.483333333323,29947.399999999994,21038.53333333333,27157.233333333344,36100.56666666668,32910.850000000006,18900.216666666664,16157.333333333336,23390.2,20112.26666666666,17934.683333333334,23331.583333333336,17603.583333333332,15310.583333333336,23890.666666666668,42937.78333333333,28522.01666666667,36515.650000000016,40095.18333333334,0,0,0,0,0,0,0,0,0,0,0,0,C4-NRW-05,,,Macro
RUR5827,RUR5827_H_Phagwari Narowal,3,C4-NRW-05,Platinum,,B2S,Enfrashare,EC1-SKG-07814,,,,,159,,,,106.99999999999997,,,,,,,,,,,,,,,,,,,,,,,266,,2,0.9969212962962963,25409.183333333334,27050.466666666664,29322.38333333333,24979.799999999996,28177.56666666666,28696.116666666665,14469.016666666668,17927.96666666667,12216.933333333332,13373.666666666666,17598.149999999998,18424.466666666664,20760.149999999998,11901.583333333334,20600.199999999997,22501.166666666664,21308.53333333333,18479.983333333337,31927.183333333323,32526.84999999999,0,0,0,0,0,0,0,0,0,0,0,0,C4-NRW-05,,,Macro
NVK6925,NVK6925__MattoBaikayRd,3,C4-HFZ-06,Platinum,9,,,,,,,,,,,,,,,,,,,,,,,,,,,,,,,,,,,0,,0,1,25409.183333333334,27050.466666666664,29322.38333333333,24979.799999999996,28177.56666666666,28696.116666666665,14469.016666666668,17927.96666666667,12216.933333333332,13373.666666666666,17598.149999999998,18424.466666666664,20760.149999999998,11901.583333333334,20600.199999999997,22501.166666666664,21308.53333333333,18479.983333333337,31927.183333333323,32526.84999999999,0,0,0,0,0,0,0,0,0,0,0,0,C4-HFZ-06,,,Macro
KTN9623,KTN9623__KotNainaShkrGrh_PT,4,C4-NRW-05,Platinum,30,,,,,,,,,,,,100.08333333333333,,,,,350.58333333333337,,,,,418.3333333333333,,,,,,,,,,,,,869,,3,0.9924565972222222,25409.183333333334,27050.466666666664,29322.38333333333,24979.799999999996,28177.56666666666,28696.116666666665,14469.016666666668,17927.96666666667,12216.933333333332,13373.666666666666,17598.149999999998,18424.466666666664,20760.149999999998,11901.583333333334,20600.199999999997,22501.166666666664,21308.53333333333,18479.983333333337,31927.183333333323,32526.84999999999,0,0,0,0,0,0,0,0,0,0,0,0,C4-NRW-05,,,Macro
MBN6443,MBN6443__S_GulbargTown,3,C4-MBD-08,Platinum,,B2S,E.co,e.coPK018662PU,340.5,241.99999999999997,90.58333333333334,618.9166666666663,724.3333333333335,535.8166666666665,985.9666666666667,54.58333333333334,953.5833333333333,316.65000000000003,381.91666666666663,398.0000000000001,,429.66666666666674,,,,,,,,,,,,,,,,,,6072.516666666666,,13,0.9297162422839506,25409.183333333334,27050.466666666664,29322.38333333333,24979.799999999996,28177.56666666666,28696.116666666665,14469.016666666668,17927.96666666667,12216.933333333332,13373.666666666666,17598.149999999998,18424.466666666664,20760.149999999998,11901.583333333334,20600.199999999997,22501.166666666664,21308.53333333333,18479.983333333337,31927.183333333323,32526.84999999999,0,0,0,0,0,0,0,0,0,0,0,0,C4-MBD-08,,,Macro
HFZ3846,HFZ3846__AddaShahJamalJalalP,3,C4-HFZ-06,Elite,20,,,,9.333333333333334,,,,,,,9.333333333333334,,,9.333333333333334,,,,9,,,,,9.583333333333334,,,,,,,,,,,,46.583333333333336,,5,0.9994608410493826,28046.349999999995,28907.483333333323,29947.399999999994,21038.53333333333,27157.233333333344,36100.56666666668,32910.850000000006,18900.216666666664,16157.333333333336,23390.2,20112.26666666666,17934.683333333334,23331.583333333336,17603.583333333332,15310.583333333336,23890.666666666668,42937.78333333333,28522.01666666667,36515.650000000016,40095.18333333334,0,0,0,0,0,0,0,0,0,0,0,0,C4-HFZ-06,,,Macro
RUR5764,RUR5764_H_Miani Madharian Wala Kalar Sialkot,3,C4-SKT-03,Platinum,,B2S,Enfrashare,EC1-SKT-03413,,,,,,,,,,,,,,,,100.99999999999997,604.8833333333333,,,186.46666666666667,,,,,,,,,,,,892.35,,3,0.989671875,25409.183333333334,27050.466666666664,29322.38333333333,24979.799999999996,28177.56666666666,28696.116666666665,14469.016666666668,17927.96666666667,12216.933333333332,13373.666666666666,17598.149999999998,18424.466666666664,20760.149999999998,11901.583333333334,20600.199999999997,22501.166666666664,21308.53333333333,18479.983333333337,31927.183333333323,32526.84999999999,0,0,0,0,0,0,0,0,0,0,0,0,C4-SKT-03,,,Macro
DNG6228,DNG6228__S_Mohalla_Kisabaan_MDLM2862,4,C4-MBD-08,Elite,31,,,,,,,,,,,,,,104.58333333333333,,,,,,,148.75000000000003,142.5,,,,,,,,,,,,,395.83333333333337,,3,0.9965639467592592,28046.349999999995,28907.483333333323,29947.399999999994,21038.53333333333,27157.233333333344,36100.56666666668,32910.850000000006,18900.216666666664,16157.333333333336,23390.2,20112.26666666666,17934.683333333334,23331.583333333336,17603.583333333332,15310.583333333336,23890.666666666668,42937.78333333333,28522.01666666667,36515.650000000016,40095.18333333334,0,0,0,0,0,0,0,0,0,0,0,0,C4-MBD-08,,,Macro
KTL4948,KTL4948__KotliLoharanEast,4,C4-SKT-03,Elite,27,,,,,763.0833333333333,94.66666666666667,,,808.0833333333334,1036.3,,,,,,2076.6833333333343,3019.3833333333346,1931.8166666666664,4.583333333333333,482.8333333333333,,368.2,2711.783333333333,,,,,,,,,,,,13297.41666666667,,11,0.8845710358796296,28046.349999999995,28907.483333333323,29947.399999999994,21038.53333333333,27157.233333333344,36100.56666666668,32910.850000000006,18900.216666666664,16157.333333333336,23390.2,20112.26666666666,17934.683333333334,23331.583333333336,17603.583333333332,15310.583333333336,23890.666666666668,42937.78333333333,28522.01666666667,36515.650000000016,40095.18333333334,0,0,0,0,0,0,0,0,0,0,0,0,C4-SKT-03,,,Macro
SKT4186,SKT4186__S_Doburji_Malian_Pasroor_Road_MDSK4271,3,C4-SKT-03,Elite,30,,,,210,,,,,,,,,,,,,,,,,320.19999999999993,829.5833333333333,,,,,,,,,,,,,1359.7833333333333,,3,0.9842617669753086,28046.349999999995,28907.483333333323,29947.399999999994,21038.53333333333,27157.233333333344,36100.56666666668,32910.850000000006,18900.216666666664,16157.333333333336,23390.2,20112.26666666666,17934.683333333334,23331.583333333336,17603.583333333332,15310.583333333336,23890.666666666668,42937.78333333333,28522.01666666667,36515.650000000016,40095.18333333334,0,0,0,0,0,0,0,0,0,0,0,0,C4-SKT-03,,,Macro
DNG6229,DNG6229__S_Mohallah_Baggi_MDLM2861,3,C4-MBD-08,Elite,20,,,,,,,95.25,,,44.75,267.5,,,,,,,,,,35.91666666666666,,57.999999999999986,,,,,,,,,,,,501.41666666666663,,5,0.9941965663580247,28046.349999999995,28907.483333333323,29947.399999999994,21038.53333333333,27157.233333333344,36100.56666666668,32910.850000000006,18900.216666666664,16157.333333333336,23390.2,20112.26666666666,17934.683333333334,23331.583333333336,17603.583333333332,15310.583333333336,23890.666666666668,42937.78333333333,28522.01666666667,36515.650000000016,40095.18333333334,0,0,0,0,0,0,0,0,0,0,0,0,C4-MBD-08,,,Macro
SKT9482,SKT9482__S_Model Town SKT_MDSK4179,3,C4-SKT-03,Elite,27,,,,213.66666666666663,,,1455.45,643.2666666666667,,,,154.99999999999997,529.2500000000001,,,,,,,533.4166666666667,,311.25,,,,,,,,,,,,,3841.3,,7,0.9555405092592593,28046.349999999995,28907.483333333323,29947.399999999994,21038.53333333333,27157.233333333344,36100.56666666668,32910.850000000006,18900.216666666664,16157.333333333336,23390.2,20112.26666666666,17934.683333333334,23331.583333333336,17603.583333333332,15310.583333333336,23890.666666666668,42937.78333333333,28522.01666666667,36515.650000000016,40095.18333333334,0,0,0,0,0,0,0,0,0,0,0,0,C4-SKT-03,,,Macro
NVK3239,NVK3239__KaryalRoad,3,C4-HFZ-06,Elite,20,,,,116.75000000000001,146.83333333333331,214.58333333333337,695.5,138.49999999999997,149.63333333333333,358.4166666666667,186.58333333333337,111.00000000000001,163.3333333333334,74.41666666666667,204.9166666666666,113.25,135,255.75000000000006,92.25000000000003,94.50000000000001,151.66666666666669,283.16666666666663,371.4666666666666,,,,,,,,,,,,4057.5166666666664,,20,0.9530380015432098,28046.349999999995,28907.483333333323,29947.399999999994,21038.53333333333,27157.233333333344,36100.56666666668,32910.850000000006,18900.216666666664,16157.333333333336,23390.2,20112.26666666666,17934.683333333334,23331.583333333336,17603.583333333332,15310.583333333336,23890.666666666668,42937.78333333333,28522.01666666667,36515.650000000016,40095.18333333334,0,0,0,0,0,0,0,0,0,0,0,0,C4-HFZ-06,,,Macro
GUJ9453,GUJ9453__S_Chuhanwala Warid_MDGJ1834,3,C4-GUJ-02,Platinum,,,GLO,,,,,,,,,,,,,6.500000000000001,,,,,,,,,,,,,,,,,,,,6.500000000000001,,1,0.9999247685185185,25409.183333333334,27050.466666666664,29322.38333333333,24979.799999999996,28177.56666666666,28696.116666666665,14469.016666666668,17927.96666666667,12216.933333333332,13373.666666666666,17598.149999999998,18424.466666666664,20760.149999999998,11901.583333333334,20600.199999999997,22501.166666666664,21308.53333333333,18479.983333333337,31927.183333333323,32526.84999999999,0,0,0,0,0,0,0,0,0,0,0,0,C4-GUJ-02,,,Macro
RUR1084,RUR1084__Marajkae,3,C4-SKT-03,Elite,30,,,,,,,,,,,52.55000000000001,,393.24999999999983,,,,,12.333333333333336,,9.916666666666668,,,,,,,,,,,,,,,468.04999999999984,,4,0.9945827546296296,28046.349999999995,28907.483333333323,29947.399999999994,21038.53333333333,27157.233333333344,36100.56666666668,32910.850000000006,18900.216666666664,16157.333333333336,23390.2,20112.26666666666,17934.683333333334,23331.583333333336,17603.583333333332,15310.583333333336,23890.666666666668,42937.78333333333,28522.01666666667,36515.650000000016,40095.18333333334,0,0,0,0,0,0,0,0,0,0,0,0,C4-SKT-03,,,Macro
GUJ1467,GUJ1467__GardenTown ,5,C4-GUJ-02,Elite,20,,,,,,,,,,,,,,,,,,282.08333333333326,498.33333333333337,194.58333333333331,438.00000000000006,195.91666666666663,1003.1666666666658,,,,,,,,,,,,2612.083333333332,,6,0.9818605324074074,28046.349999999995,28907.483333333323,29947.399999999994,21038.53333333333,27157.233333333344,36100.56666666668,32910.850000000006,18900.216666666664,16157.333333333336,23390.2,20112.26666666666,17934.683333333334,23331.583333333336,17603.583333333332,15310.583333333336,23890.666666666668,42937.78333333333,28522.01666666667,36515.650000000016,40095.18333333334,0,0,0,0,0,0,0,0,0,0,0,0,C4-GUJ-02,,,Macro
GUJ9999,GUJ9999__MohallIslam_Pura,3,C4-GUJ-01,Elite,30,,,,,68.00000000000001,,,,,,,,,,,,81.99999999999999,,,48.999999999999986,,,96.75,,,,,,,,,,,,295.75,,4,0.9965769675925925,28046.349999999995,28907.483333333323,29947.399999999994,21038.53333333333,27157.233333333344,36100.56666666668,32910.850000000006,18900.216666666664,16157.333333333336,23390.2,20112.26666666666,17934.683333333334,23331.583333333336,17603.583333333332,15310.583333333336,23890.666666666668,42937.78333333333,28522.01666666667,36515.650000000016,40095.18333333334,0,0,0,0,0,0,0,0,0,0,0,0,C4-GUJ-01,,,Macro
SKL9912,SKL9912__ChakSada,4,C4-GRT-04,Platinum,27,,,,,,,,,41.249999999999986,,,,,,,,,,,,475.49999999999994,,,,,,,,,,,,,,516.7499999999999,,2,0.9955143229166667,25409.183333333334,27050.466666666664,29322.38333333333,24979.799999999996,28177.56666666666,28696.116666666665,14469.016666666668,17927.96666666667,12216.933333333332,13373.666666666666,17598.149999999998,18424.466666666664,20760.149999999998,11901.583333333334,20600.199999999997,22501.166666666664,21308.53333333333,18479.983333333337,31927.183333333323,32526.84999999999,0,0,0,0,0,0,0,0,0,0,0,0,C4-GRT-04,,,Macro
RUR1968,RUR1968__Kingra_New,3,C4-NRW-05,Elite,30,,,,,,,,,,,,,,,,,,,,,,,,,,,,,,,,,,,0,,0,1,28046.349999999995,28907.483333333323,29947.399999999994,21038.53333333333,27157.233333333344,36100.56666666668,32910.850000000006,18900.216666666664,16157.333333333336,23390.2,20112.26666666666,17934.683333333334,23331.583333333336,17603.583333333332,15310.583333333336,23890.666666666668,42937.78333333333,28522.01666666667,36515.650000000016,40095.18333333334,0,0,0,0,0,0,0,0,0,0,0,0,C4-NRW-05,,,Macro
GJR6251,GJR6251__S_Shadman_MDGU4208,3,C4-GRT-04,Platinum,30Kva,,,,,,,,,,,,,,,,,,,,,,,,,,,,,,,,,,,0,,0,1,25409.183333333334,27050.466666666664,29322.38333333333,24979.799999999996,28177.56666666666,28696.116666666665,14469.016666666668,17927.96666666667,12216.933333333332,13373.666666666666,17598.149999999998,18424.466666666664,20760.149999999998,11901.583333333334,20600.199999999997,22501.166666666664,21308.53333333333,18479.983333333337,31927.183333333323,32526.84999999999,0,0,0,0,0,0,0,0,0,0,0,0,C4-GRT-04,,,Macro
QDS4170,QDS4170__HFZRdQilaDidarSingh,3,C4-HFZ-06,Elite,20,,,,156.8166666666667,143.2333333333333,45.75,,125.00000000000001,389.0833333333333,426.5166666666666,382.85,36.99999999999999,100.2,,,,,,356.3333333333333,,,,,,,,,,,,,,,,2162.7833333333333,,10,0.9749677854938271,28046.349999999995,28907.483333333323,29947.399999999994,21038.53333333333,27157.233333333344,36100.56666666668,32910.850000000006,18900.216666666664,16157.333333333336,23390.2,20112.26666666666,17934.683333333334,23331.583333333336,17603.583333333332,15310.583333333336,23890.666666666668,42937.78333333333,28522.01666666667,36515.650000000016,40095.18333333334,0,0,0,0,0,0,0,0,0,0,0,0,C4-HFZ-06,,,Macro
GUJ9515,GUJ9515__S_Rahwali _GJ4165,3,C4-GUJ-02,Elite,20,,,,77.33333333333334,469.50000000000006,439.33333333333303,477.66666666666663,,281.5,371.0000000000001,232.66666666666663,,366.3333333333334,,,167.25000000000003,,,,387.1666666666667,,,15.75,,,,,,,,,,,,3285.4999999999995,,11,0.9619733796296296,28046.349999999995,28907.483333333323,29947.399999999994,21038.53333333333,27157.233333333344,36100.56666666668,32910.850000000006,18900.216666666664,16157.333333333336,23390.2,20112.26666666666,17934.683333333334,23331.583333333336,17603.583333333332,15310.583333333336,23890.666666666668,42937.78333333333,28522.01666666667,36515.650000000016,40095.18333333334,0,0,0,0,0,0,0,0,0,0,0,0,C4-GUJ-02,,,Macro
GUJ9509,GUJ9509__S_Sabzi_Mandi_GT_Road_GJ4238,3,C4-GUJ-02,Elite,9,,,,,,,,,,,,29,,,,,,,,,,,,,,,,,,,,,,,29,,1,0.9996643518518519,28046.349999999995,28907.483333333323,29947.399999999994,21038.53333333333,27157.233333333344,36100.56666666668,32910.850000000006,18900.216666666664,16157.333333333336,23390.2,20112.26666666666,17934.683333333334,23331.583333333336,17603.583333333332,15310.583333333336,23890.666666666668,42937.78333333333,28522.01666666667,36515.650000000016,40095.18333333334,0,0,0,0,0,0,0,0,0,0,0,0,C4-GUJ-02,,,Macro
SKT9479,SKT9479__S_Mohalla_Bhankan_Sharif_MDSK4287,3,C4-SKT-03,Platinum,30,,,,,,,,,,134.33333333333331,,,,,,,,,,,296.0833333333333,,244.5,,,,,,,,,,,,674.9166666666666,,3,0.9921884645061728,25409.183333333334,27050.466666666664,29322.38333333333,24979.799999999996,28177.56666666666,28696.116666666665,14469.016666666668,17927.96666666667,12216.933333333332,13373.666666666666,17598.149999999998,18424.466666666664,20760.149999999998,11901.583333333334,20600.199999999997,22501.166666666664,21308.53333333333,18479.983333333337,31927.183333333323,32526.84999999999,0,0,0,0,0,0,0,0,0,0,0,0,C4-SKT-03,,,Macro
DSK3893,DSK3893__JamkeRd,3,C4-WZD-07,Platinum,27,,,,,89.66666666666667,,266.05,,188.58333333333337,192.66666666666663,481.8,,,,1128.6999999999998,,,,359.7500000000001,,,328.25000000000006,,,,,,,,,,,,,3035.4666666666662,,8,0.9648672839506173,25409.183333333334,27050.466666666664,29322.38333333333,24979.799999999996,28177.56666666666,28696.116666666665,14469.016666666668,17927.96666666667,12216.933333333332,13373.666666666666,17598.149999999998,18424.466666666664,20760.149999999998,11901.583333333334,20600.199999999997,22501.166666666664,21308.53333333333,18479.983333333337,31927.183333333323,32526.84999999999,0,0,0,0,0,0,0,0,0,0,0,0,C4-WZD-07,,,Macro
SKT3020,SKT3020__SehroshPublicSchool,3,C4-SKT-03,Elite,,,GLO,,,,,,244.16666666666666,187.24999999999997,,,,,,,386.0833333333333,,,,117.25000000000001,15.5,,,,,,,,,,,,,,950.25,,5,0.9890017361111112,28046.349999999995,28907.483333333323,29947.399999999994,21038.53333333333,27157.233333333344,36100.56666666668,32910.850000000006,18900.216666666664,16157.333333333336,23390.2,20112.26666666666,17934.683333333334,23331.583333333336,17603.583333333332,15310.583333333336,23890.666666666668,42937.78333333333,28522.01666666667,36515.650000000016,40095.18333333334,0,0,0,0,0,0,0,0,0,0,0,0,C4-SKT-03,,,Macro
KMK4470,KMK4470__AliArcadeGTRoad,4,C4-GUJ-01,Elite,20,,,,,,,177.5833333333334,291.35,,,,,,,,,,,,,,,,,,,,,,,,,,,468.9333333333334,,2,0.9959293981481481,28046.349999999995,28907.483333333323,29947.399999999994,21038.53333333333,27157.233333333344,36100.56666666668,32910.850000000006,18900.216666666664,16157.333333333336,23390.2,20112.26666666666,17934.683333333334,23331.583333333336,17603.583333333332,15310.583333333336,23890.666666666668,42937.78333333333,28522.01666666667,36515.650000000016,40095.18333333334,0,0,0,0,0,0,0,0,0,0,0,0,C4-GUJ-01,,,Macro
SKG4022,SKG4022__RailwayRoad,4,C4-NRW-05,Elite,33,,,,,,,,4.749999999999999,,56.66666666666666,135,,226.33333333333334,17.333333333333336,,,,48.75,17.5,,106.25,327.8166666666667,371.83333333333326,,,,,,,,,,,,1312.2333333333331,,10,0.9886090856481482,28046.349999999995,28907.483333333323,29947.399999999994,21038.53333333333,27157.233333333344,36100.56666666668,32910.850000000006,18900.216666666664,16157.333333333336,23390.2,20112.26666666666,17934.683333333334,23331.583333333336,17603.583333333332,15310.583333333336,23890.666666666668,42937.78333333333,28522.01666666667,36515.650000000016,40095.18333333334,0,0,0,0,0,0,0,0,0,0,0,0,C4-NRW-05,,,Macro
SKT5487,SKT5487__S_AkbarAbad,3,C4-SKT-03,Elite,,B2S,Enfrashare,EC1-SKT-02173,,,,980.8166666666665,,,,96.89999999999999,,,,,34.16666666666666,876.4166666666666,707.5500000000001,738.75,13.5,,1.666666666666667,530.25,,,,,,,,,,,,3980.0166666666664,,9,0.9539349922839506,28046.349999999995,28907.483333333323,29947.399999999994,21038.53333333333,27157.233333333344,36100.56666666668,32910.850000000006,18900.216666666664,16157.333333333336,23390.2,20112.26666666666,17934.683333333334,23331.583333333336,17603.583333333332,15310.583333333336,23890.666666666668,42937.78333333333,28522.01666666667,36515.650000000016,40095.18333333334,0,0,0,0,0,0,0,0,0,0,0,0,C4-SKT-03,Enfra,,Macro
SKT3091,SKT3091__S_Mubarak Pura_MDSK4184,3,C4-SKT-03,Elite,,,GLO,,,,,,141.50000000000003,591.4833333333333,23.583333333333336,,,,,,,,464.33333333333326,279,24.75,187.38333333333335,,,,,,,,,,,,,,1712.0333333333335,,7,0.9801847993827161,28046.349999999995,28907.483333333323,29947.399999999994,21038.53333333333,27157.233333333344,36100.56666666668,32910.850000000006,18900.216666666664,16157.333333333336,23390.2,20112.26666666666,17934.683333333334,23331.583333333336,17603.583333333332,15310.583333333336,23890.666666666668,42937.78333333333,28522.01666666667,36515.650000000016,40095.18333333334,0,0,0,0,0,0,0,0,0,0,0,0,C4-SKT-03,,,Macro
HFQ6172,HFQ6172__S_Head_Faqeeriyan_MandiBahaodin warid_MR335412,3,C4-MBD-08,Platinum,,,GLO,,,,,,,,,,,,,,,,,,,326.00000000000006,,,,,,,,,,,,,,326.00000000000006,,1,0.9962268518518519,25409.183333333334,27050.466666666664,29322.38333333333,24979.799999999996,28177.56666666666,28696.116666666665,14469.016666666668,17927.96666666667,12216.933333333332,13373.666666666666,17598.149999999998,18424.466666666664,20760.149999999998,11901.583333333334,20600.199999999997,22501.166666666664,21308.53333333333,18479.983333333337,31927.183333333323,32526.84999999999,0,0,0,0,0,0,0,0,0,0,0,0,C4-MBD-08,,,Macro
RUR5470,RUR5470__S_Dulchike,3,C4-WZD-07,Platinum,,B2S,E.Co,e.coPK016942PU,623.5333333333331,768.25,204.7,86.5,642.3333333333333,214.33333333333334,,,,2.166666666666667,,,,,,,,,,,,,,,,,,,,,,2541.8166666666666,,7,0.970580825617284,25409.183333333334,27050.466666666664,29322.38333333333,24979.799999999996,28177.56666666666,28696.116666666665,14469.016666666668,17927.96666666667,12216.933333333332,13373.666666666666,17598.149999999998,18424.466666666664,20760.149999999998,11901.583333333334,20600.199999999997,22501.166666666664,21308.53333333333,18479.983333333337,31927.183333333323,32526.84999999999,0,0,0,0,0,0,0,0,0,0,0,0,C4-WZD-07,E.Co,,Macro
HWY3259,HWY3259__JINNAH_ABADIwarid_MR1V3639,4,C4-MBD-08,Platinum,20,,,,109.20000000000002,,,,43.41666666666667,40.08333333333333,286.49999999999994,,,135.83333333333331,,,,,,,90.16666666666669,46.333333333333336,70.83333333333334,131.58333333333334,,,,,,,,,,,,953.9500000000002,,9,0.9917191840277778,25409.183333333334,27050.466666666664,29322.38333333333,24979.799999999996,28177.56666666666,28696.116666666665,14469.016666666668,17927.96666666667,12216.933333333332,13373.666666666666,17598.149999999998,18424.466666666664,20760.149999999998,11901.583333333334,20600.199999999997,22501.166666666664,21308.53333333333,18479.983333333337,31927.183333333323,32526.84999999999,0,0,0,0,0,0,0,0,0,0,0,0,C4-MBD-08,,,Macro
GUJ3338,GUJ3338__ChaudhryPlaza,3,C4-GUJ-02,Elite,9,,,,,193.75,,271,195.83333333333331,,,,,,21.5,,164.58333333333334,,,,,259.08333333333337,,318.75,,,,,,,,,,,,1424.5,,7,0.9835127314814816,28046.349999999995,28907.483333333323,29947.399999999994,21038.53333333333,27157.233333333344,36100.56666666668,32910.850000000006,18900.216666666664,16157.333333333336,23390.2,20112.26666666666,17934.683333333334,23331.583333333336,17603.583333333332,15310.583333333336,23890.666666666668,42937.78333333333,28522.01666666667,36515.650000000016,40095.18333333334,0,0,0,0,0,0,0,0,0,0,0,0,C4-GUJ-02,,,Macro
SKT6056,SKT6056__S_MalkayKalanRd,3,C4-SKT-03,Platinum,,B2S,E.co,e.coPK015661PU,,,,,230.08333333333334,,,,,,59.750000000000014,,,,,3.166666666666666,151.99999999999997,845.4166666666665,,,,,,,,,,,,,,1290.4166666666665,,5,0.9850646219135802,25409.183333333334,27050.466666666664,29322.38333333333,24979.799999999996,28177.56666666666,28696.116666666665,14469.016666666668,17927.96666666667,12216.933333333332,13373.666666666666,17598.149999999998,18424.466666666664,20760.149999999998,11901.583333333334,20600.199999999997,22501.166666666664,21308.53333333333,18479.983333333337,31927.183333333323,32526.84999999999,0,0,0,0,0,0,0,0,0,0,0,0,C4-SKT-03,,,Macro
GUJ9449,GUJ9449__S_Saddar Thana Warid_MDGJ4156,3,C4-GUJ-01,Elite,,,GLO,,,,,,,,,,,53.08333333333334,112.44999999999999,642.0333333333333,97.16666666666666,,,,,,481.83333333333326,,,,,,,,,,,,,1386.5666666666666,,5,0.983951774691358,28046.349999999995,28907.483333333323,29947.399999999994,21038.53333333333,27157.233333333344,36100.56666666668,32910.850000000006,18900.216666666664,16157.333333333336,23390.2,20112.26666666666,17934.683333333334,23331.583333333336,17603.583333333332,15310.583333333336,23890.666666666668,42937.78333333333,28522.01666666667,36515.650000000016,40095.18333333334,0,0,0,0,0,0,0,0,0,0,0,0,C4-GUJ-01,,,Macro
HFZ9403,HFZ9403__S_Alipur Rd Warid_HF4172,3,C4-HFZ-06,Elite,27,,,,,,,,,,,,,,,,,457.9999999999999,,,,,,,,,,,,,,,,,,457.9999999999999,,1,0.9946990740740741,28046.349999999995,28907.483333333323,29947.399999999994,21038.53333333333,27157.233333333344,36100.56666666668,32910.850000000006,18900.216666666664,16157.333333333336,23390.2,20112.26666666666,17934.683333333334,23331.583333333336,17603.583333333332,15310.583333333336,23890.666666666668,42937.78333333333,28522.01666666667,36515.650000000016,40095.18333333334,0,0,0,0,0,0,0,0,0,0,0,0,C4-HFZ-06,,,Macro
LLM5926,LLM5926_H_Mohalla Chiraghpura Lalamusa,3,C4-GRT-04,Platinum,,B2S,Enfrashare,EC1-LLM-08113,,,,,,,,,,,,,,,,,,,,,,,,,,,,,,,,0,,0,1,25409.183333333334,27050.466666666664,29322.38333333333,24979.799999999996,28177.56666666666,28696.116666666665,14469.016666666668,17927.96666666667,12216.933333333332,13373.666666666666,17598.149999999998,18424.466666666664,20760.149999999998,11901.583333333334,20600.199999999997,22501.166666666664,21308.53333333333,18479.983333333337,31927.183333333323,32526.84999999999,0,0,0,0,0,0,0,0,0,0,0,0,C4-GRT-04,,,Macro
GJR0397,GJR0397__Marghazar,4,C4-GRT-04,Elite,30,,,,185.75000000000003,117.74999999999999,110.16666666666666,38.666666666666664,77.16666666666666,144.08333333333331,73.66666666666667,,111.33333333333334,77.33333333333333,38.916666666666664,157.83333333333331,139.58333333333334,,77.75000000000001,138.5,180.75000000000006,128.83333333333331,68,31,,,,,,,,,,,,1897.083333333333,,18,0.9835322627314815,28046.349999999995,28907.483333333323,29947.399999999994,21038.53333333333,27157.233333333344,36100.56666666668,32910.850000000006,18900.216666666664,16157.333333333336,23390.2,20112.26666666666,17934.683333333334,23331.583333333336,17603.583333333332,15310.583333333336,23890.666666666668,42937.78333333333,28522.01666666667,36515.650000000016,40095.18333333334,0,0,0,0,0,0,0,0,0,0,0,0,C4-GRT-04,,,Macro
SKT4622,SKT4622__uhallahKhuwala,3,C4-SKT-03,Elite,20,,,,,,,,188.25,,,23,,,,,,,,103.00000000000003,,,,,,,,,,,,,,,,314.25,,3,0.9963628472222222,28046.349999999995,28907.483333333323,29947.399999999994,21038.53333333333,27157.233333333344,36100.56666666668,32910.850000000006,18900.216666666664,16157.333333333336,23390.2,20112.26666666666,17934.683333333334,23331.583333333336,17603.583333333332,15310.583333333336,23890.666666666668,42937.78333333333,28522.01666666667,36515.650000000016,40095.18333333334,0,0,0,0,0,0,0,0,0,0,0,0,C4-SKT-03,,,Macro
GJR3428,GJR3428__GarhiAhmedabad,3,C4-GRT-04,Elite,20,,,,52.250000000000014,53.16666666666667,52.749999999999986,52.250000000000014,107.91666666666667,109.74999999999999,,104.25,54.999999999999986,52.5,106.74999999999999,,331.7499999999999,,51.249999999999986,104.49999999999999,104.75000000000001,,468.33333333333337,,,,,,,,,,,,,1807.1666666666665,,15,0.9790837191358025,28046.349999999995,28907.483333333323,29947.399999999994,21038.53333333333,27157.233333333344,36100.56666666668,32910.850000000006,18900.216666666664,16157.333333333336,23390.2,20112.26666666666,17934.683333333334,23331.583333333336,17603.583333333332,15310.583333333336,23890.666666666668,42937.78333333333,28522.01666666667,36515.650000000016,40095.18333333334,0,0,0,0,0,0,0,0,0,0,0,0,C4-GRT-04,,,Macro
RUR5259,RUR5259__S_ThathaManak_CMPak41245,3,C4-SKT-03,Platinum,,OMO,CMPak,40850,,99.49999999999997,633.5000000000001,,,505.83333333333326,,360,,,,,,,,,,,,,,,,,,,,,,,,1598.8333333333335,,4,0.9814949845679013,25409.183333333334,27050.466666666664,29322.38333333333,24979.799999999996,28177.56666666666,28696.116666666665,14469.016666666668,17927.96666666667,12216.933333333332,13373.666666666666,17598.149999999998,18424.466666666664,20760.149999999998,11901.583333333334,20600.199999999997,22501.166666666664,21308.53333333333,18479.983333333337,31927.183333333323,32526.84999999999,0,0,0,0,0,0,0,0,0,0,0,0,C4-SKT-03,CMPak,40850,Macro
GUJ0309,GUJ0309__GhantaGharGUJ,3,C4-GUJ-02,Elite,27,,,,,,66.58333333333334,,143.50000000000003,142.25,117.24999999999999,,43.25000000000001,,,107.25,425.00000000000006,353.75000000000006,,,,,,,,,,,,,,,,,,1398.8333333333335,,8,0.9838097993827161,28046.349999999995,28907.483333333323,29947.399999999994,21038.53333333333,27157.233333333344,36100.56666666668,32910.850000000006,18900.216666666664,16157.333333333336,23390.2,20112.26666666666,17934.683333333334,23331.583333333336,17603.583333333332,15310.583333333336,23890.666666666668,42937.78333333333,28522.01666666667,36515.650000000016,40095.18333333334,0,0,0,0,0,0,0,0,0,0,0,0,C4-GUJ-02,,,Macro
SKG3828,SKG3828__MohallahIsbSKG,3,C4-NRW-05,Platinum,30,,,,,,,,3.166666666666666,,,140.33333333333334,,,,44.08333333333334,,,,,,,381.50000000000006,488.75,,,,,,,,,,,,1057.8333333333335,,5,0.9877565586419753,25409.183333333334,27050.466666666664,29322.38333333333,24979.799999999996,28177.56666666666,28696.116666666665,14469.016666666668,17927.96666666667,12216.933333333332,13373.666666666666,17598.149999999998,18424.466666666664,20760.149999999998,11901.583333333334,20600.199999999997,22501.166666666664,21308.53333333333,18479.983333333337,31927.183333333323,32526.84999999999,0,0,0,0,0,0,0,0,0,0,0,0,C4-NRW-05,,,Macro
SKT3813,SKT3813__AbdullahTown,3,C4-SKT-03,Elite,20,,,,,,,,,,,,,,,,,,,,422.25,,14,,,,,,,,,,,,,436.25,,2,0.9949508101851852,28046.349999999995,28907.483333333323,29947.399999999994,21038.53333333333,27157.233333333344,36100.56666666668,32910.850000000006,18900.216666666664,16157.333333333336,23390.2,20112.26666666666,17934.683333333334,23331.583333333336,17603.583333333332,15310.583333333336,23890.666666666668,42937.78333333333,28522.01666666667,36515.650000000016,40095.18333333334,0,0,0,0,0,0,0,0,0,0,0,0,C4-SKT-03,,,Macro
SKG4023,SKG4023__MuhallahSulariah,3,C4-NRW-05,Platinum,20,,,,,,,,4.749999999999999,,,475.99999999999994,405.9166666666665,187.33333333333337,57.249999999999986,,,,,,181.5,127.08333333333336,,208.24999999999997,,,,,,,,,,,,1648.0833333333333,,8,0.980924961419753,25409.183333333334,27050.466666666664,29322.38333333333,24979.799999999996,28177.56666666666,28696.116666666665,14469.016666666668,17927.96666666667,12216.933333333332,13373.666666666666,17598.149999999998,18424.466666666664,20760.149999999998,11901.583333333334,20600.199999999997,22501.166666666664,21308.53333333333,18479.983333333337,31927.183333333323,32526.84999999999,0,0,0,0,0,0,0,0,0,0,0,0,C4-NRW-05,,,Macro
RUR9493,RUR9493__S_Ghalla_Mandi_QD1595,4,C4-HFZ-06,Elite,,,GLO,,,,,,360.0833333333333,,,,,,,,,,,259,,,317.0833333333333,,,,,,,,,,,,,936.1666666666665,,3,0.9918735532407408,28046.349999999995,28907.483333333323,29947.399999999994,21038.53333333333,27157.233333333344,36100.56666666668,32910.850000000006,18900.216666666664,16157.333333333336,23390.2,20112.26666666666,17934.683333333334,23331.583333333336,17603.583333333332,15310.583333333336,23890.666666666668,42937.78333333333,28522.01666666667,36515.650000000016,40095.18333333334,0,0,0,0,0,0,0,0,0,0,0,0,C4-HFZ-06,,,Macro
GMW9713,GMW9713__Ghumawala,3,C4-HFZ-06,Platinum,9,,,,,6.500000000000001,30.33333333333334,,,208.83333333333337,62.83333333333333,21.75,,,,,,23.75,,,,,,,,,,,,,,,,,,354.00000000000006,,6,0.9959027777777777,25409.183333333334,27050.466666666664,29322.38333333333,24979.799999999996,28177.56666666666,28696.116666666665,14469.016666666668,17927.96666666667,12216.933333333332,13373.666666666666,17598.149999999998,18424.466666666664,20760.149999999998,11901.583333333334,20600.199999999997,22501.166666666664,21308.53333333333,18479.983333333337,31927.183333333323,32526.84999999999,0,0,0,0,0,0,0,0,0,0,0,0,C4-HFZ-06,,,Macro
GUJ9409,GUJ9409__S_Highway staff clny Warid_GJ4220,3,C4-GUJ-02,Platinum,20,,,,,,,,517.3,,5.583333333333334,,,192.75,,,6.166666666666666,6.166666666666667,,,,,124.08333333333334,,,,,,,,,,,,,852.05,,6,0.9901383101851852,25409.183333333334,27050.466666666664,29322.38333333333,24979.799999999996,28177.56666666666,28696.116666666665,14469.016666666668,17927.96666666667,12216.933333333332,13373.666666666666,17598.149999999998,18424.466666666664,20760.149999999998,11901.583333333334,20600.199999999997,22501.166666666664,21308.53333333333,18479.983333333337,31927.183333333323,32526.84999999999,0,0,0,0,0,0,0,0,0,0,0,0,C4-GUJ-02,,,Macro
PMD9689,PMD9689__KobayChak_PT,4,C4-SKT-03,Platinum,27,,,,,,,,,,,,,,,,,,,,,,,,,,,,,,,,,,,0,,0,1,25409.183333333334,27050.466666666664,29322.38333333333,24979.799999999996,28177.56666666666,28696.116666666665,14469.016666666668,17927.96666666667,12216.933333333332,13373.666666666666,17598.149999999998,18424.466666666664,20760.149999999998,11901.583333333334,20600.199999999997,22501.166666666664,21308.53333333333,18479.983333333337,31927.183333333323,32526.84999999999,0,0,0,0,0,0,0,0,0,0,0,0,C4-SKT-03,,,Macro
SKT3200,SKT3200__GaudPur,3,C4-SKT-03,Elite,27,,,,86.25,,,,,,,,,,,,,,,,,,21.75,26.333333333333336,,,,,,,,,,,,134.33333333333334,,3,0.9984452160493826,28046.349999999995,28907.483333333323,29947.399999999994,21038.53333333333,27157.233333333344,36100.56666666668,32910.850000000006,18900.216666666664,16157.333333333336,23390.2,20112.26666666666,17934.683333333334,23331.583333333336,17603.583333333332,15310.583333333336,23890.666666666668,42937.78333333333,28522.01666666667,36515.650000000016,40095.18333333334,0,0,0,0,0,0,0,0,0,0,0,0,C4-SKT-03,,,Macro
NRW1135,NRW1135__S_Narowal_2_Warid_MDNR5774,3,C4-NRW-05,Platinum,30,,,,,,,1.583333333333333,,,,,,59.349999999999994,73.35,,,,,,18.5,,,,,,,,,,,,,,,152.78333333333333,,4,0.9982316743827161,25409.183333333334,27050.466666666664,29322.38333333333,24979.799999999996,28177.56666666666,28696.116666666665,14469.016666666668,17927.96666666667,12216.933333333332,13373.666666666666,17598.149999999998,18424.466666666664,20760.149999999998,11901.583333333334,20600.199999999997,22501.166666666664,21308.53333333333,18479.983333333337,31927.183333333323,32526.84999999999,0,0,0,0,0,0,0,0,0,0,0,0,C4-NRW-05,,,Macro
SKT1603,SKT1603__S_Haji Pura_MDSK4180,3,C4-SKT-03,Elite,27,,,,,,407.54999999999995,,,,,,,,,,,,,,,,,,,,,,,,,,,,,407.54999999999995,,1,0.9952829861111111,28046.349999999995,28907.483333333323,29947.399999999994,21038.53333333333,27157.233333333344,36100.56666666668,32910.850000000006,18900.216666666664,16157.333333333336,23390.2,20112.26666666666,17934.683333333334,23331.583333333336,17603.583333333332,15310.583333333336,23890.666666666668,42937.78333333333,28522.01666666667,36515.650000000016,40095.18333333334,0,0,0,0,0,0,0,0,0,0,0,0,C4-SKT-03,,,Macro
RUR6158,RUR6158__S_Adda Muna Musa Sargodha Road  warid_MR335303,4,C4-MBD-08,Platinum,30,,,,40.83333333333334,,,,,,4.749999999999999,,,,,,,16,,,,,,,,,,,,,,,,,,61.58333333333334,,3,0.9994654224537036,25409.183333333334,27050.466666666664,29322.38333333333,24979.799999999996,28177.56666666666,28696.116666666665,14469.016666666668,17927.96666666667,12216.933333333332,13373.666666666666,17598.149999999998,18424.466666666664,20760.149999999998,11901.583333333334,20600.199999999997,22501.166666666664,21308.53333333333,18479.983333333337,31927.183333333323,32526.84999999999,0,0,0,0,0,0,0,0,0,0,0,0,C4-MBD-08,,,Macro
GUJ5519,GUJ5519_H_Nowshera Sansi Rd,3,C4-GUJ-02,Platinum,,B2S,ATL,ATGJW11,1434.3333333333323,1715.1666666666665,2941.866666666667,1995.1333333333323,326.00000000000006,,,,,155.41666666666669,,190.5,185.25,,37.83333333333333,53.16666666666668,161.74999999999997,209.55000000000007,215.5833333333333,28.333333333333332,,,,,,,,,,,,9649.883333333331,,14,0.8883115354938272,25409.183333333334,27050.466666666664,29322.38333333333,24979.799999999996,28177.56666666666,28696.116666666665,14469.016666666668,17927.96666666667,12216.933333333332,13373.666666666666,17598.149999999998,18424.466666666664,20760.149999999998,11901.583333333334,20600.199999999997,22501.166666666664,21308.53333333333,18479.983333333337,31927.183333333323,32526.84999999999,0,0,0,0,0,0,0,0,0,0,0,0,C4-GUJ-02,,,Macro
Guj3351,Guj3351__Muhallahessayan,3,C4-GUJ-02,Elite,27,,,,112.35000000000001,471.8500000000001,16.250000000000004,190.74999999999997,19.833333333333336,58.74999999999999,141.06666666666666,98.93333333333334,23.75,47.25,528.4166666666666,23.25,70.75,35.25,106.4,212.13333333333338,138.25,70.25,118.29999999999998,186.15000000000003,,,,,,,,,,,,2669.933333333334,,20,0.9690979938271604,28046.349999999995,28907.483333333323,29947.399999999994,21038.53333333333,27157.233333333344,36100.56666666668,32910.850000000006,18900.216666666664,16157.333333333336,23390.2,20112.26666666666,17934.683333333334,23331.583333333336,17603.583333333332,15310.583333333336,23890.666666666668,42937.78333333333,28522.01666666667,36515.650000000016,40095.18333333334,0,0,0,0,0,0,0,0,0,0,0,0,C4-GUJ-02,,,Macro
HJW8769,HJW8769__Hajiwala,4,C4-GRT-04,Elite,27,,,,,,,,,,,,,,,,,,,,,,,,,,,,,,,,,,,0,,0,1,28046.349999999995,28907.483333333323,29947.399999999994,21038.53333333333,27157.233333333344,36100.56666666668,32910.850000000006,18900.216666666664,16157.333333333336,23390.2,20112.26666666666,17934.683333333334,23331.583333333336,17603.583333333332,15310.583333333336,23890.666666666668,42937.78333333333,28522.01666666667,36515.650000000016,40095.18333333334,0,0,0,0,0,0,0,0,0,0,0,0,C4-GRT-04,,,Macro
RUR0879,RUR0879__Chaprar,3,C4-SKT-03,Platinum,27,,,,,,,,,,,,,,,54.500000000000014,,,,,,,,,,,,,,,,,,,,54.500000000000014,,1,0.9993692129629629,25409.183333333334,27050.466666666664,29322.38333333333,24979.799999999996,28177.56666666666,28696.116666666665,14469.016666666668,17927.96666666667,12216.933333333332,13373.666666666666,17598.149999999998,18424.466666666664,20760.149999999998,11901.583333333334,20600.199999999997,22501.166666666664,21308.53333333333,18479.983333333337,31927.183333333323,32526.84999999999,0,0,0,0,0,0,0,0,0,0,0,0,C4-SKT-03,,,Macro
KMK5930,KMK5930__S_DaulatPura Warid_IK1569,3,C4-GUJ-01,Platinum,20,,,,55.24999999999999,36,18.416666666666668,50.91666666666667,49.71666666666666,38.66666666666667,51.666666666666664,25.75,26.166666666666664,48.58333333333333,55.416666666666664,25.833333333333336,25.833333333333336,25.333333333333332,27.083333333333336,25.91666666666667,25.666666666666664,75.49999999999999,78.08333333333334,220.33333333333337,,,,,,,,,,,,986.1333333333334,,20,0.9885864197530865,25409.183333333334,27050.466666666664,29322.38333333333,24979.799999999996,28177.56666666666,28696.116666666665,14469.016666666668,17927.96666666667,12216.933333333332,13373.666666666666,17598.149999999998,18424.466666666664,20760.149999999998,11901.583333333334,20600.199999999997,22501.166666666664,21308.53333333333,18479.983333333337,31927.183333333323,32526.84999999999,0,0,0,0,0,0,0,0,0,0,0,0,C4-GUJ-01,,,Macro
GUJ9733,GUJ9733__SamnabadGuranwala,4,C4-GUJ-02,Elite,30,,,,,,,,,769.5833333333337,,,,,,873.0000000000007,390.9999999999999,,,,759.5499999999998,121.2,,191.24999999999997,,,,,,,,,,,,3105.583333333334,,6,0.9730418113425925,28046.349999999995,28907.483333333323,29947.399999999994,21038.53333333333,27157.233333333344,36100.56666666668,32910.850000000006,18900.216666666664,16157.333333333336,23390.2,20112.26666666666,17934.683333333334,23331.583333333336,17603.583333333332,15310.583333333336,23890.666666666668,42937.78333333333,28522.01666666667,36515.650000000016,40095.18333333334,0,0,0,0,0,0,0,0,0,0,0,0,C4-GUJ-02,,,Macro
MDW5146,MDW5146__S_Model town Warid_MR525364,3,C4-SKT-03,Platinum,,,GLO,,140.16666666666666,,,,222.25,,,611.6666666666669,,,,,,,,,,,,,,,,,,,,,,,,974.0833333333335,,3,0.988725887345679,25409.183333333334,27050.466666666664,29322.38333333333,24979.799999999996,28177.56666666666,28696.116666666665,14469.016666666668,17927.96666666667,12216.933333333332,13373.666666666666,17598.149999999998,18424.466666666664,20760.149999999998,11901.583333333334,20600.199999999997,22501.166666666664,21308.53333333333,18479.983333333337,31927.183333333323,32526.84999999999,0,0,0,0,0,0,0,0,0,0,0,0,C4-SKT-03,,,Macro
MBN6918,MBN6918__CivilCourtMndiBhudin,3,C4-MBD-08,Elite,20,,,,,,,219.08333333333337,,81,,,,,,,,,,,372.0833333333333,,,,,,,,,,,,,,,672.1666666666667,,3,0.9922202932098766,28046.349999999995,28907.483333333323,29947.399999999994,21038.53333333333,27157.233333333344,36100.56666666668,32910.850000000006,18900.216666666664,16157.333333333336,23390.2,20112.26666666666,17934.683333333334,23331.583333333336,17603.583333333332,15310.583333333336,23890.666666666668,42937.78333333333,28522.01666666667,36515.650000000016,40095.18333333334,0,0,0,0,0,0,0,0,0,0,0,0,C4-MBD-08,,,Macro
WZB0060,WZB0060__DhonkalRdWazir_B,3,C4-WZD-07,Elite,30,,,,,,,,232.31666666666672,,,100.24999999999997,,,,,,,,,138.49999999999997,81.95000000000002,,,,,,,,,,,,,,553.0166666666668,,4,0.9935993441358025,28046.349999999995,28907.483333333323,29947.399999999994,21038.53333333333,27157.233333333344,36100.56666666668,32910.850000000006,18900.216666666664,16157.333333333336,23390.2,20112.26666666666,17934.683333333334,23331.583333333336,17603.583333333332,15310.583333333336,23890.666666666668,42937.78333333333,28522.01666666667,36515.650000000016,40095.18333333334,0,0,0,0,0,0,0,0,0,0,0,0,C4-WZD-07,,,Macro
RUR1130,RUR1130__OffloadRUR1968A,3,C4-NRW-05,Elite,27,,,,,,,,,,,,,,,,,401.7333333333332,,,75.33333333333333,,190.5,251.75,,,,,,,,,,,,919.3166666666665,,4,0.9893597608024691,28046.349999999995,28907.483333333323,29947.399999999994,21038.53333333333,27157.233333333344,36100.56666666668,32910.850000000006,18900.216666666664,16157.333333333336,23390.2,20112.26666666666,17934.683333333334,23331.583333333336,17603.583333333332,15310.583333333336,23890.666666666668,42937.78333333333,28522.01666666667,36515.650000000016,40095.18333333334,0,0,0,0,0,0,0,0,0,0,0,0,C4-NRW-05,,,Macro
RUR4482,RUR4482__FZQadriColony,4,C4-HFZ-06,Elite,30,,,,,,,,,,,,,,38.666666666666664,,,192.99999999999997,,,,,67.66666666666669,,,,,,,,,,,,,299.3333333333333,,3,0.9974016203703704,28046.349999999995,28907.483333333323,29947.399999999994,21038.53333333333,27157.233333333344,36100.56666666668,32910.850000000006,18900.216666666664,16157.333333333336,23390.2,20112.26666666666,17934.683333333334,23331.583333333336,17603.583333333332,15310.583333333336,23890.666666666668,42937.78333333333,28522.01666666667,36515.650000000016,40095.18333333334,0,0,0,0,0,0,0,0,0,0,0,0,C4-HFZ-06,,,Macro
RUR0650,RUR0650__DhoriaDingaRoad,4,C4-MBD-08,Elite,27,,,,,,,,,,,,,,,,,,,,24.333333333333332,,13.666666666666668,929.6666666666666,,,,,,,,,,,,967.6666666666666,,3,0.9916001157407408,28046.349999999995,28907.483333333323,29947.399999999994,21038.53333333333,27157.233333333344,36100.56666666668,32910.850000000006,18900.216666666664,16157.333333333336,23390.2,20112.26666666666,17934.683333333334,23331.583333333336,17603.583333333332,15310.583333333336,23890.666666666668,42937.78333333333,28522.01666666667,36515.650000000016,40095.18333333334,0,0,0,0,0,0,0,0,0,0,0,0,C4-MBD-08,,,Macro
KMK5925,KMK5925__S_Mandiala RD-KMK Warid_IK1566,3,C4-GUJ-01,Elite,30,,,,,,,,,,,,,,,,28.83333333333333,,,,,,,,,,,,,,,,,,,28.83333333333333,,1,0.9996662808641975,28046.349999999995,28907.483333333323,29947.399999999994,21038.53333333333,27157.233333333344,36100.56666666668,32910.850000000006,18900.216666666664,16157.333333333336,23390.2,20112.26666666666,17934.683333333334,23331.583333333336,17603.583333333332,15310.583333333336,23890.666666666668,42937.78333333333,28522.01666666667,36515.650000000016,40095.18333333334,0,0,0,0,0,0,0,0,0,0,0,0,C4-GUJ-01,,,Macro
RUR0887,RUR0887__Fateh_pur,3,C4-NRW-05,Platinum,,,GLO,,,,,,,,,500.0000000000001,,,,,,,68.00000000000001,,,,,,,,,,,,,,,,,568.0000000000001,,2,0.9934259259259259,25409.183333333334,27050.466666666664,29322.38333333333,24979.799999999996,28177.56666666666,28696.116666666665,14469.016666666668,17927.96666666667,12216.933333333332,13373.666666666666,17598.149999999998,18424.466666666664,20760.149999999998,11901.583333333334,20600.199999999997,22501.166666666664,21308.53333333333,18479.983333333337,31927.183333333323,32526.84999999999,0,0,0,0,0,0,0,0,0,0,0,0,C4-NRW-05,,,Macro
SMB5436,SMB5436__S_RasoolPura,3,C4-WZD-07,Platinum,,B2S,Enfrashare,EC1-SKT-01513,,,18.75,335.16666666666674,161.15,175.58333333333334,,56.750000000000014,131.08333333333331,38.00000000000001,,,,,,,,,,,,,,,,,,,,,,916.4833333333333,,7,0.9893925540123456,25409.183333333334,27050.466666666664,29322.38333333333,24979.799999999996,28177.56666666666,28696.116666666665,14469.016666666668,17927.96666666667,12216.933333333332,13373.666666666666,17598.149999999998,18424.466666666664,20760.149999999998,11901.583333333334,20600.199999999997,22501.166666666664,21308.53333333333,18479.983333333337,31927.183333333323,32526.84999999999,0,0,0,0,0,0,0,0,0,0,0,0,C4-WZD-07,Enfra,,Macro
GUJ9451,GUJ9451__S_Mubarak shah RD Warid_MDGJ4157,3,C4-GUJ-02,Elite,27,,,,,,,190.25000000000003,615.3000000000001,,,,,,,,,,,,,,,197,,,,,,,,,,,,1002.5500000000001,,3,0.9883964120370371,28046.349999999995,28907.483333333323,29947.399999999994,21038.53333333333,27157.233333333344,36100.56666666668,32910.850000000006,18900.216666666664,16157.333333333336,23390.2,20112.26666666666,17934.683333333334,23331.583333333336,17603.583333333332,15310.583333333336,23890.666666666668,42937.78333333333,28522.01666666667,36515.650000000016,40095.18333333334,0,0,0,0,0,0,0,0,0,0,0,0,C4-GUJ-02,,,Macro
SKT9484,SKT9484__S_Hotel Taj Mahal_MDSK4283,3,C4-SKT-03,Elite,30,,,,,,,,,,,,,,,,,,,,,,,,,,,,,,,,,,,0,,0,1,28046.349999999995,28907.483333333323,29947.399999999994,21038.53333333333,27157.233333333344,36100.56666666668,32910.850000000006,18900.216666666664,16157.333333333336,23390.2,20112.26666666666,17934.683333333334,23331.583333333336,17603.583333333332,15310.583333333336,23890.666666666668,42937.78333333333,28522.01666666667,36515.650000000016,40095.18333333334,0,0,0,0,0,0,0,0,0,0,0,0,C4-SKT-03,,,Macro
RUR1575,RUR1575__haqiqa,3,C4-MBD-08,Elite,20,,,,,,,86.75000000000001,,,,,14.75,,,,,,,,,,,183.08333333333337,,,,,,,,,,,,284.58333333333337,,3,0.996706211419753,28046.349999999995,28907.483333333323,29947.399999999994,21038.53333333333,27157.233333333344,36100.56666666668,32910.850000000006,18900.216666666664,16157.333333333336,23390.2,20112.26666666666,17934.683333333334,23331.583333333336,17603.583333333332,15310.583333333336,23890.666666666668,42937.78333333333,28522.01666666667,36515.650000000016,40095.18333333334,0,0,0,0,0,0,0,0,0,0,0,0,C4-MBD-08,,,Macro
GUJ9441,GUJ9441__S_Mominabad Warid_MDGJ4221,3,C4-GUJ-02,Elite,30,,,,191.74999999999997,364.49999999999994,102.66666666666664,286.41666666666663,512.6666666666666,223.9166666666667,82.16666666666666,41.083333333333336,40.5,68.33333333333333,22.666666666666668,68.16666666666667,215.45000000000007,86.91666666666667,41.333333333333336,112.66666666666667,122,63.91666666666667,296.25,121.33333333333334,,,,,,,,,,,,3064.7,,20,0.9645289351851852,28046.349999999995,28907.483333333323,29947.399999999994,21038.53333333333,27157.233333333344,36100.56666666668,32910.850000000006,18900.216666666664,16157.333333333336,23390.2,20112.26666666666,17934.683333333334,23331.583333333336,17603.583333333332,15310.583333333336,23890.666666666668,42937.78333333333,28522.01666666667,36515.650000000016,40095.18333333334,0,0,0,0,0,0,0,0,0,0,0,0,C4-GUJ-02,,,Macro
GUJ5922,GUJ5922_H_Abdullah Colony Gujranwala,3,C4-GUJ-01,Platinum,,B2S,E.co,e.coPK019604PU,,,,,,,,,,,,,,,,,,,,,,,,,,,,,,,,0,,0,1,25409.183333333334,27050.466666666664,29322.38333333333,24979.799999999996,28177.56666666666,28696.116666666665,14469.016666666668,17927.96666666667,12216.933333333332,13373.666666666666,17598.149999999998,18424.466666666664,20760.149999999998,11901.583333333334,20600.199999999997,22501.166666666664,21308.53333333333,18479.983333333337,31927.183333333323,32526.84999999999,0,0,0,0,0,0,0,0,0,0,0,0,C4-GUJ-01,,,Macro
GJR6281,GJR6281__S_NoorPur_Sharqi_MDGU4241,3,C4-GRT-04,Platinum,30,,,,111.25000000000003,,,,,,42.16666666666666,,,,44.00000000000001,24.75,,,,,,,25,682.0000000000002,,,,,,,,,,,,929.166666666667,,6,0.9892457561728395,25409.183333333334,27050.466666666664,29322.38333333333,24979.799999999996,28177.56666666666,28696.116666666665,14469.016666666668,17927.96666666667,12216.933333333332,13373.666666666666,17598.149999999998,18424.466666666664,20760.149999999998,11901.583333333334,20600.199999999997,22501.166666666664,21308.53333333333,18479.983333333337,31927.183333333323,32526.84999999999,0,0,0,0,0,0,0,0,0,0,0,0,C4-GRT-04,,,Macro
CHW4937,CHW4937__KhasChawinda,3,C4-NRW-05,Elite,30,,,,,,,,,,,,,,,60,,,,,,44,,,,,,,,,,,,,,104,,2,0.9987962962962963,28046.349999999995,28907.483333333323,29947.399999999994,21038.53333333333,27157.233333333344,36100.56666666668,32910.850000000006,18900.216666666664,16157.333333333336,23390.2,20112.26666666666,17934.683333333334,23331.583333333336,17603.583333333332,15310.583333333336,23890.666666666668,42937.78333333333,28522.01666666667,36515.650000000016,40095.18333333334,0,0,0,0,0,0,0,0,0,0,0,0,C4-NRW-05,,,Macro
GJR6246,GJR6246__S_Jatowaqal_MDGU4170,3,C4-GRT-04,Elite,27,,,,165.15,54.25,160.79999999999998,242.91666666666663,37,179.50000000000003,165.44999999999996,71.33333333333334,53.08333333333332,53,53.50000000000001,90.41666666666666,54.333333333333336,18.75,308.0000000000001,53.24999999999999,35.75,36.25,71.66666666666667,107.49999999999999,,,,,,,,,,,,2011.8999999999999,,20,0.9767141203703704,28046.349999999995,28907.483333333323,29947.399999999994,21038.53333333333,27157.233333333344,36100.56666666668,32910.850000000006,18900.216666666664,16157.333333333336,23390.2,20112.26666666666,17934.683333333334,23331.583333333336,17603.583333333332,15310.583333333336,23890.666666666668,42937.78333333333,28522.01666666667,36515.650000000016,40095.18333333334,0,0,0,0,0,0,0,0,0,0,0,0,C4-GRT-04,,,Macro
GUJ9421,GUJ9421__S_Bakhteywala Warid_GJ1833,3,C4-GUJ-02,Elite,20,,,,85.66666666666667,,,,196,,,,,,,,,,,,,,,,,,,,,,,,,,,281.6666666666667,,2,0.9967399691358025,28046.349999999995,28907.483333333323,29947.399999999994,21038.53333333333,27157.233333333344,36100.56666666668,32910.850000000006,18900.216666666664,16157.333333333336,23390.2,20112.26666666666,17934.683333333334,23331.583333333336,17603.583333333332,15310.583333333336,23890.666666666668,42937.78333333333,28522.01666666667,36515.650000000016,40095.18333333334,0,0,0,0,0,0,0,0,0,0,0,0,C4-GUJ-02,,,Macro
RUR0372,RUR0372_KotlyLouian_New,3,C4-SKT-03,Platinum,20,,,,623.5833333333333,,,,2.083333333333333,,,,,213.5,,,92.49999999999999,303.8833333333334,,477,,,,269.25,,,,,,,,,,,,1981.8,,7,0.9770625,25409.183333333334,27050.466666666664,29322.38333333333,24979.799999999996,28177.56666666666,28696.116666666665,14469.016666666668,17927.96666666667,12216.933333333332,13373.666666666666,17598.149999999998,18424.466666666664,20760.149999999998,11901.583333333334,20600.199999999997,22501.166666666664,21308.53333333333,18479.983333333337,31927.183333333323,32526.84999999999,0,0,0,0,0,0,0,0,0,0,0,0,C4-SKT-03,,,Macro
KHR5760,KHR5760__S_BismillahPlaza,3,C4-MBD-08,Platinum,,B2S,Enfrashare,EC1-KHR-02341,,,,,,,,,,,,,,,,,,,19.749999999999996,790.5000000000001,,,,,,,,,,,,810.2500000000001,,2,0.9906221064814815,25409.183333333334,27050.466666666664,29322.38333333333,24979.799999999996,28177.56666666666,28696.116666666665,14469.016666666668,17927.96666666667,12216.933333333332,13373.666666666666,17598.149999999998,18424.466666666664,20760.149999999998,11901.583333333334,20600.199999999997,22501.166666666664,21308.53333333333,18479.983333333337,31927.183333333323,32526.84999999999,0,0,0,0,0,0,0,0,0,0,0,0,C4-MBD-08,,,Macro
NRW6970,NRW6970__WordNo10Narowal,3,C4-NRW-05,Elite,20,,,,33,180.83333333333334,,3.166666666666666,,,,,,,,,90.99999999999999,,,,,,282.6666666666667,143.25,,,,,,,,,,,,733.9166666666667,,6,0.9915055941358025,28046.349999999995,28907.483333333323,29947.399999999994,21038.53333333333,27157.233333333344,36100.56666666668,32910.850000000006,18900.216666666664,16157.333333333336,23390.2,20112.26666666666,17934.683333333334,23331.583333333336,17603.583333333332,15310.583333333336,23890.666666666668,42937.78333333333,28522.01666666667,36515.650000000016,40095.18333333334,0,0,0,0,0,0,0,0,0,0,0,0,C4-NRW-05,,,Macro
RUR8753,RUR8753__SialkotAirport,4,C4-WZD-07,Elite,,,GLO,,35.333333333333336,,,,,,25.416666666666664,,,963.6666666666669,595.3333333333331,,586.3333333333331,43.33333333333332,,,996.3333333333331,,88.66666666666669,2131.15,,,,,,,,,,,,5465.566666666666,,9,0.9525558449074074,28046.349999999995,28907.483333333323,29947.399999999994,21038.53333333333,27157.233333333344,36100.56666666668,32910.850000000006,18900.216666666664,16157.333333333336,23390.2,20112.26666666666,17934.683333333334,23331.583333333336,17603.583333333332,15310.583333333336,23890.666666666668,42937.78333333333,28522.01666666667,36515.650000000016,40095.18333333334,0,0,0,0,0,0,0,0,0,0,0,0,C4-WZD-07,,,Macro
GUJ0726,GUJ0726_Fatomand,3,C4-GUJ-02,Elite,30,,,,,,,,,70.25000000000001,,,,,385.41666666666674,,78.50000000000001,,,,,,,,,,,,,,,,,,,534.1666666666667,,3,0.9938175154320987,28046.349999999995,28907.483333333323,29947.399999999994,21038.53333333333,27157.233333333344,36100.56666666668,32910.850000000006,18900.216666666664,16157.333333333336,23390.2,20112.26666666666,17934.683333333334,23331.583333333336,17603.583333333332,15310.583333333336,23890.666666666668,42937.78333333333,28522.01666666667,36515.650000000016,40095.18333333334,0,0,0,0,0,0,0,0,0,0,0,0,C4-GUJ-02,,,Macro
AMN3902,AMN3902__GUJAimnabadCity,3,C4-GUJ-01,Elite,30,,,,,,,,,146.41666666666669,,,,,,,,,,,,,,,,,,,,,,,,,,146.41666666666669,,1,0.998305362654321,28046.349999999995,28907.483333333323,29947.399999999994,21038.53333333333,27157.233333333344,36100.56666666668,32910.850000000006,18900.216666666664,16157.333333333336,23390.2,20112.26666666666,17934.683333333334,23331.583333333336,17603.583333333332,15310.583333333336,23890.666666666668,42937.78333333333,28522.01666666667,36515.650000000016,40095.18333333334,0,0,0,0,0,0,0,0,0,0,0,0,C4-GUJ-01,,,Macro
RUR8805,RUR8805__QilaMian,4,C4-HFZ-06,Platinum,9,,,,,,,,,,,,,,,,,,,,,,,,,,,,,,,,,,,0,,0,1,25409.183333333334,27050.466666666664,29322.38333333333,24979.799999999996,28177.56666666666,28696.116666666665,14469.016666666668,17927.96666666667,12216.933333333332,13373.666666666666,17598.149999999998,18424.466666666664,20760.149999999998,11901.583333333334,20600.199999999997,22501.166666666664,21308.53333333333,18479.983333333337,31927.183333333323,32526.84999999999,0,0,0,0,0,0,0,0,0,0,0,0,C4-HFZ-06,,,Macro
GUJ3305,GUJ3305__Ferozwala,3,C4-GUJ-01,Elite,30,,,,253.08333333333331,144.25000000000003,519.4833333333333,,,32.416666666666664,,,,,,,,,,,,,,,,,,,,,,,,,,949.2333333333333,,4,0.9890135030864198,28046.349999999995,28907.483333333323,29947.399999999994,21038.53333333333,27157.233333333344,36100.56666666668,32910.850000000006,18900.216666666664,16157.333333333336,23390.2,20112.26666666666,17934.683333333334,23331.583333333336,17603.583333333332,15310.583333333336,23890.666666666668,42937.78333333333,28522.01666666667,36515.650000000016,40095.18333333334,0,0,0,0,0,0,0,0,0,0,0,0,C4-GUJ-01,,,Macro
HFZ9399,HFZ9399_Ghora_Chowk_Hafizabad,3,C4-HFZ-06,Elite,20,,,,,,,,,,,,,,,370.4666666666667,,,,,,,,,,,,,,,,,,,,370.4666666666667,,1,0.9957121913580247,28046.349999999995,28907.483333333323,29947.399999999994,21038.53333333333,27157.233333333344,36100.56666666668,32910.850000000006,18900.216666666664,16157.333333333336,23390.2,20112.26666666666,17934.683333333334,23331.583333333336,17603.583333333332,15310.583333333336,23890.666666666668,42937.78333333333,28522.01666666667,36515.650000000016,40095.18333333334,0,0,0,0,0,0,0,0,0,0,0,0,C4-HFZ-06,,,Macro
CHW4936,CHW4936__tationChwkPasroorRD,4,C4-NRW-05,Platinum,20,,,,,,,,,,,266.73333333333335,291.45,,1019.866666666667,644.4000000000002,242.25,,,,90,329.8333333333333,468.53333333333325,466.0833333333335,,,,,,,,,,,,3819.150000000001,,9,0.96684765625,25409.183333333334,27050.466666666664,29322.38333333333,24979.799999999996,28177.56666666666,28696.116666666665,14469.016666666668,17927.96666666667,12216.933333333332,13373.666666666666,17598.149999999998,18424.466666666664,20760.149999999998,11901.583333333334,20600.199999999997,22501.166666666664,21308.53333333333,18479.983333333337,31927.183333333323,32526.84999999999,0,0,0,0,0,0,0,0,0,0,0,0,C4-NRW-05,,,Macro
SKG5655,SKG15655__S_MohallaFaisalTown,3,C4-NRW-05,Platinum,,B2S,Enfrashare,EC1-SKG-02534,,,,,3.166666666666666,,,,,,,,,,25.33333333333333,,,,,,,,,,,,,,,,,28.499999999999993,,2,0.9996701388888889,25409.183333333334,27050.466666666664,29322.38333333333,24979.799999999996,28177.56666666666,28696.116666666665,14469.016666666668,17927.96666666667,12216.933333333332,13373.666666666666,17598.149999999998,18424.466666666664,20760.149999999998,11901.583333333334,20600.199999999997,22501.166666666664,21308.53333333333,18479.983333333337,31927.183333333323,32526.84999999999,0,0,0,0,0,0,0,0,0,0,0,0,C4-NRW-05,,,Macro
MLL4167,MLL4167__ParachaPtrlPump,4,C4-MBD-08,Platinum,30,,,,207,20.249999999999996,,,,,,,,,,,,,,,,,,,,,,,,,,,,,,227.25,,2,0.99802734375,25409.183333333334,27050.466666666664,29322.38333333333,24979.799999999996,28177.56666666666,28696.116666666665,14469.016666666668,17927.96666666667,12216.933333333332,13373.666666666666,17598.149999999998,18424.466666666664,20760.149999999998,11901.583333333334,20600.199999999997,22501.166666666664,21308.53333333333,18479.983333333337,31927.183333333323,32526.84999999999,0,0,0,0,0,0,0,0,0,0,0,0,C4-MBD-08,,,Macro
GUJ9511,GUJ9511__S_Gujranawala cantt_GJ4207,4,C4-GUJ-02,Platinum,27,,,,1439.983333333333,1460.233333333333,501.3333333333333,369.3333333333333,,428.58333333333326,208.00000000000003,,,,,,,,,,,,,,,,,,,,,,,,,4407.466666666666,,6,0.9617407407407407,25409.183333333334,27050.466666666664,29322.38333333333,24979.799999999996,28177.56666666666,28696.116666666665,14469.016666666668,17927.96666666667,12216.933333333332,13373.666666666666,17598.149999999998,18424.466666666664,20760.149999999998,11901.583333333334,20600.199999999997,22501.166666666664,21308.53333333333,18479.983333333337,31927.183333333323,32526.84999999999,0,0,0,0,0,0,0,0,0,0,0,0,C4-GUJ-02,,,Macro
FTP8762,FTP8762__KhakhaChowk,3,C4-GRT-04,Elite,,,GLO,,,,,,,,,,,,,,,,,,,,18.083333333333332,,,,,,,,,,,,,18.083333333333332,,1,0.9997907021604938,28046.349999999995,28907.483333333323,29947.399999999994,21038.53333333333,27157.233333333344,36100.56666666668,32910.850000000006,18900.216666666664,16157.333333333336,23390.2,20112.26666666666,17934.683333333334,23331.583333333336,17603.583333333332,15310.583333333336,23890.666666666668,42937.78333333333,28522.01666666667,36515.650000000016,40095.18333333334,0,0,0,0,0,0,0,0,0,0,0,0,C4-GRT-04,,,Macro
KGR8995,KGR8995__MohallaSiddiqpura,3,C4-NRW-05,Elite,31,,,,,,,,,,,,,,,,,,,,,,,,,,,,,,,,,,,0,,0,1,28046.349999999995,28907.483333333323,29947.399999999994,21038.53333333333,27157.233333333344,36100.56666666668,32910.850000000006,18900.216666666664,16157.333333333336,23390.2,20112.26666666666,17934.683333333334,23331.583333333336,17603.583333333332,15310.583333333336,23890.666666666668,42937.78333333333,28522.01666666667,36515.650000000016,40095.18333333334,0,0,0,0,0,0,0,0,0,0,0,0,C4-NRW-05,,,Macro
GUJ9413,GUJ9413__S_Moh Raitanwala Warid_GJ4234,3,C4-GUJ-02,Platinum,30,,,,,,,370.7499999999999,,,,,,,,,143.25,,,,,,,,,,,,,,,,,,,513.9999999999999,,2,0.9940509259259259,25409.183333333334,27050.466666666664,29322.38333333333,24979.799999999996,28177.56666666666,28696.116666666665,14469.016666666668,17927.96666666667,12216.933333333332,13373.666666666666,17598.149999999998,18424.466666666664,20760.149999999998,11901.583333333334,20600.199999999997,22501.166666666664,21308.53333333333,18479.983333333337,31927.183333333323,32526.84999999999,0,0,0,0,0,0,0,0,0,0,0,0,C4-GUJ-02,,,Macro
SKT1617,SKT1617__S_Haji_Pura_MDSK4272,3,C4-SKT-03,Elite,30,,,,,,,,,,,104.74999999999997,,,,,,4,2,,,2.25,249.4166666666666,228.25,,,,,,,,,,,,590.6666666666665,,6,0.9931635802469135,28046.349999999995,28907.483333333323,29947.399999999994,21038.53333333333,27157.233333333344,36100.56666666668,32910.850000000006,18900.216666666664,16157.333333333336,23390.2,20112.26666666666,17934.683333333334,23331.583333333336,17603.583333333332,15310.583333333336,23890.666666666668,42937.78333333333,28522.01666666667,36515.650000000016,40095.18333333334,0,0,0,0,0,0,0,0,0,0,0,0,C4-SKT-03,,,Macro
PSR4061,PSR4061__Railwayrdpasroor,4,C4-NRW-05,Elite,30,,,,,,,,,,,,82.33333333333331,373.15,,,,,,,,,63.66666666666666,1251.9833333333331,,,,,,,,,,,,1771.1333333333332,,4,0.9846255787037037,28046.349999999995,28907.483333333323,29947.399999999994,21038.53333333333,27157.233333333344,36100.56666666668,32910.850000000006,18900.216666666664,16157.333333333336,23390.2,20112.26666666666,17934.683333333334,23331.583333333336,17603.583333333332,15310.583333333336,23890.666666666668,42937.78333333333,28522.01666666667,36515.650000000016,40095.18333333334,0,0,0,0,0,0,0,0,0,0,0,0,C4-NRW-05,,,Macro
GUJ9849,GUJ9849__Mohallah_Qadri,3,C4-GUJ-01,Elite,27,,,,,64.5,217.33333333333331,,,,,81.21666666666667,,,,,,60,,,,,210.8166666666667,,,,,,,,,,,,,633.8666666666667,,5,0.9926635802469136,28046.349999999995,28907.483333333323,29947.399999999994,21038.53333333333,27157.233333333344,36100.56666666668,32910.850000000006,18900.216666666664,16157.333333333336,23390.2,20112.26666666666,17934.683333333334,23331.583333333336,17603.583333333332,15310.583333333336,23890.666666666668,42937.78333333333,28522.01666666667,36515.650000000016,40095.18333333334,0,0,0,0,0,0,0,0,0,0,0,0,C4-GUJ-01,,,Macro
MIR2208,MIR2208__CHHIMBER,3,C4-MBD-08,Platinum,30,,,,,,142.5,,,,,,,,,,43.74999999999999,,75.41666666666664,5.000000000000001,61.5,,632,31.166666666666668,,,,,,,,,,,,991.3333333333333,,7,0.9885262345679012,25409.183333333334,27050.466666666664,29322.38333333333,24979.799999999996,28177.56666666666,28696.116666666665,14469.016666666668,17927.96666666667,12216.933333333332,13373.666666666666,17598.149999999998,18424.466666666664,20760.149999999998,11901.583333333334,20600.199999999997,22501.166666666664,21308.53333333333,18479.983333333337,31927.183333333323,32526.84999999999,0,0,0,0,0,0,0,0,0,0,0,0,C4-MBD-08,,,Macro
Hwy8854,Hwy8854__Miangeehotel,4,C4-GRT-04,Platinum,20,,,,,,2.333333333333333,,,,,,,,,41.41666666666667,1.833333333333333,,17.750000000000004,,,,,59.33333333333333,,,,,,,,,,,,122.66666666666667,,5,0.9989351851851852,25409.183333333334,27050.466666666664,29322.38333333333,24979.799999999996,28177.56666666666,28696.116666666665,14469.016666666668,17927.96666666667,12216.933333333332,13373.666666666666,17598.149999999998,18424.466666666664,20760.149999999998,11901.583333333334,20600.199999999997,22501.166666666664,21308.53333333333,18479.983333333337,31927.183333333323,32526.84999999999,0,0,0,0,0,0,0,0,0,0,0,0,C4-GRT-04,,,Macro
GUJ3349,GUJ3349__FreedTown,3,C4-GUJ-01,Platinum,,,,,,,,,,,,,,,,,,,,,,,,,,,,,,,,,,,,0,,0,1,25409.183333333334,27050.466666666664,29322.38333333333,24979.799999999996,28177.56666666666,28696.116666666665,14469.016666666668,17927.96666666667,12216.933333333332,13373.666666666666,17598.149999999998,18424.466666666664,20760.149999999998,11901.583333333334,20600.199999999997,22501.166666666664,21308.53333333333,18479.983333333337,31927.183333333323,32526.84999999999,0,0,0,0,0,0,0,0,0,0,0,0,C4-GUJ-01,,,Macro
RUR9739,RUR9739__MaralaMore,3,C4-NRW-05,Platinum,,,,,,,,,,,,,,,,,,,,,,,234.83333333333337,,,,,,,,,,,,,234.83333333333337,,1,0.9972820216049382,25409.183333333334,27050.466666666664,29322.38333333333,24979.799999999996,28177.56666666666,28696.116666666665,14469.016666666668,17927.96666666667,12216.933333333332,13373.666666666666,17598.149999999998,18424.466666666664,20760.149999999998,11901.583333333334,20600.199999999997,22501.166666666664,21308.53333333333,18479.983333333337,31927.183333333323,32526.84999999999,0,0,0,0,0,0,0,0,0,0,0,0,C4-NRW-05,,,Macro
RUR9486,RUR9486__S_Warpal_Khurd_1M3548,4,C4-HFZ-06,Elite,20,,,,189.83333333333331,,,,338.41666666666663,,211.9166666666666,,,157.25,,110.66666666666667,100.49999999999999,72.41666666666667,,130.00000000000003,186,,,84.88333333333333,,,,,,,,,,,,1581.8833333333332,,10,0.9862683738425926,28046.349999999995,28907.483333333323,29947.399999999994,21038.53333333333,27157.233333333344,36100.56666666668,32910.850000000006,18900.216666666664,16157.333333333336,23390.2,20112.26666666666,17934.683333333334,23331.583333333336,17603.583333333332,15310.583333333336,23890.666666666668,42937.78333333333,28522.01666666667,36515.650000000016,40095.18333333334,0,0,0,0,0,0,0,0,0,0,0,0,C4-HFZ-06,,,Macro
SKT5848,SKT5848__S_AlRehmatSuperStore,3,C4-SKT-03,Elite,,B2S,Enfrashare,EC1-SKT-01917,,,,,,,,,,,,,,,,,,,,,,,,,,,,,,,,0,,0,1,28046.349999999995,28907.483333333323,29947.399999999994,21038.53333333333,27157.233333333344,36100.56666666668,32910.850000000006,18900.216666666664,16157.333333333336,23390.2,20112.26666666666,17934.683333333334,23331.583333333336,17603.583333333332,15310.583333333336,23890.666666666668,42937.78333333333,28522.01666666667,36515.650000000016,40095.18333333334,0,0,0,0,0,0,0,0,0,0,0,0,C4-SKT-03,,,Macro
RUR1069,RUR1069__S_KalyanPur,3,C4-NRW-05,Elite,30,,,,23.75,,,,,,,,,,,,,,,,,,33.24999999999999,429.08333333333326,,,,,,,,,,,,486.08333333333326,,3,0.9943740354938272,28046.349999999995,28907.483333333323,29947.399999999994,21038.53333333333,27157.233333333344,36100.56666666668,32910.850000000006,18900.216666666664,16157.333333333336,23390.2,20112.26666666666,17934.683333333334,23331.583333333336,17603.583333333332,15310.583333333336,23890.666666666668,42937.78333333333,28522.01666666667,36515.650000000016,40095.18333333334,0,0,0,0,0,0,0,0,0,0,0,0,C4-NRW-05,,,Macro
MBN9681,MBN9681__RailwayMandiBah,3,C4-MBD-08,Elite,30,,,,,,154.58333333333334,,211.04999999999998,,,,,,,,,,,117.91666666666669,,,123.75,,,,,,,,,,,,,607.3,,4,0.9929710648148148,28046.349999999995,28907.483333333323,29947.399999999994,21038.53333333333,27157.233333333344,36100.56666666668,32910.850000000006,18900.216666666664,16157.333333333336,23390.2,20112.26666666666,17934.683333333334,23331.583333333336,17603.583333333332,15310.583333333336,23890.666666666668,42937.78333333333,28522.01666666667,36515.650000000016,40095.18333333334,0,0,0,0,0,0,0,0,0,0,0,0,C4-MBD-08,,,Macro
RUR8823,RUR8823__Pagala,3,C4-NRW-05,Platinum,30,,,,,,,,108.66666666666666,,,,,,,,,,,,25.25,,41.93333333333333,,,,,,,,,,,,,175.85,,3,0.9979646990740741,25409.183333333334,27050.466666666664,29322.38333333333,24979.799999999996,28177.56666666666,28696.116666666665,14469.016666666668,17927.96666666667,12216.933333333332,13373.666666666666,17598.149999999998,18424.466666666664,20760.149999999998,11901.583333333334,20600.199999999997,22501.166666666664,21308.53333333333,18479.983333333337,31927.183333333323,32526.84999999999,0,0,0,0,0,0,0,0,0,0,0,0,C4-NRW-05,,,Macro
HFZ5803,HFZ5803__S_MuhammadMianDaKot,3,C4-HFZ-06,Platinum,,B2S,Enfrashare,EC1-HFZ-03274,,,,,,,,,,,,,,,,,,,,,,,,,,,,,,,,0,,0,1,25409.183333333334,27050.466666666664,29322.38333333333,24979.799999999996,28177.56666666666,28696.116666666665,14469.016666666668,17927.96666666667,12216.933333333332,13373.666666666666,17598.149999999998,18424.466666666664,20760.149999999998,11901.583333333334,20600.199999999997,22501.166666666664,21308.53333333333,18479.983333333337,31927.183333333323,32526.84999999999,0,0,0,0,0,0,0,0,0,0,0,0,C4-HFZ-06,,,Macro
QMS9704,QMS9704__KotNanakQilaMolSingh,3,C4-HFZ-06,Platinum,30,,,,,,,,138.25,,38,,,238.25,19.5,,28.5,6.083333333333333,,,60,285.75,,459.3999999999999,,,,,,,,,,,,1273.7333333333331,,9,0.9852577160493827,25409.183333333334,27050.466666666664,29322.38333333333,24979.799999999996,28177.56666666666,28696.116666666665,14469.016666666668,17927.96666666667,12216.933333333332,13373.666666666666,17598.149999999998,18424.466666666664,20760.149999999998,11901.583333333334,20600.199999999997,22501.166666666664,21308.53333333333,18479.983333333337,31927.183333333323,32526.84999999999,0,0,0,0,0,0,0,0,0,0,0,0,C4-HFZ-06,,,Macro
RUR0357,RUR0357__S_BadokiGusaiyan_new,4,C4-GUJ-02,Elite,30,,,,,,,,,,,,,,,,,12.666666666666668,,,,,,,,,,,,,,,,,,12.666666666666668,,1,0.9998900462962963,28046.349999999995,28907.483333333323,29947.399999999994,21038.53333333333,27157.233333333344,36100.56666666668,32910.850000000006,18900.216666666664,16157.333333333336,23390.2,20112.26666666666,17934.683333333334,23331.583333333336,17603.583333333332,15310.583333333336,23890.666666666668,42937.78333333333,28522.01666666667,36515.650000000016,40095.18333333334,0,0,0,0,0,0,0,0,0,0,0,0,C4-GUJ-02,,,Macro
RUR5046,RUR5046__Goorsial,3,C4-NRW-05,Elite,20,,,,,,,,,,,,,,,,,,,,,,48.41666666666667,,,,,,,,,,,,,48.41666666666667,,1,0.9994396219135803,28046.349999999995,28907.483333333323,29947.399999999994,21038.53333333333,27157.233333333344,36100.56666666668,32910.850000000006,18900.216666666664,16157.333333333336,23390.2,20112.26666666666,17934.683333333334,23331.583333333336,17603.583333333332,15310.583333333336,23890.666666666668,42937.78333333333,28522.01666666667,36515.650000000016,40095.18333333334,0,0,0,0,0,0,0,0,0,0,0,0,C4-NRW-05,,,Macro
RUR5972,RUR5972__S_Mundikay chowk Warid_475349,4,C4-WZD-07,Elite,27,,,,,,,152.86666666666667,,115.93333333333332,203.66666666666663,,312.16666666666674,,34.666666666666664,,,,,52,,50,,,,,,,,,,,,,,921.3000000000001,,7,0.9920026041666666,28046.349999999995,28907.483333333323,29947.399999999994,21038.53333333333,27157.233333333344,36100.56666666668,32910.850000000006,18900.216666666664,16157.333333333336,23390.2,20112.26666666666,17934.683333333334,23331.583333333336,17603.583333333332,15310.583333333336,23890.666666666668,42937.78333333333,28522.01666666667,36515.650000000016,40095.18333333334,0,0,0,0,0,0,0,0,0,0,0,0,C4-WZD-07,,,Macro
RUR9992,RUR9992__HafizabadRoad,3,C4-HFZ-06,Elite,30,,,,,5.916666666666667,,,,,341.1666666666667,,,,,,,,,93.24999999999999,,,148.00000000000003,,,,,,,,,,,,,588.3333333333334,,4,0.993190586419753,28046.349999999995,28907.483333333323,29947.399999999994,21038.53333333333,27157.233333333344,36100.56666666668,32910.850000000006,18900.216666666664,16157.333333333336,23390.2,20112.26666666666,17934.683333333334,23331.583333333336,17603.583333333332,15310.583333333336,23890.666666666668,42937.78333333333,28522.01666666667,36515.650000000016,40095.18333333334,0,0,0,0,0,0,0,0,0,0,0,0,C4-HFZ-06,,,Macro
NRW5629,NRW5629__S_NarowalPark,3,C4-NRW-05,Platinum,,B2S,Enfrashare,EC1-NRW-02268,121.24999999999997,,,4.749999999999999,261.5666666666665,15,,,,,,148.08333333333334,210.5,475.33333333333337,,95.33333333333333,25,,854.6333333333333,,,,,,,,,,,,,2211.45,,10,0.9744045138888889,25409.183333333334,27050.466666666664,29322.38333333333,24979.799999999996,28177.56666666666,28696.116666666665,14469.016666666668,17927.96666666667,12216.933333333332,13373.666666666666,17598.149999999998,18424.466666666664,20760.149999999998,11901.583333333334,20600.199999999997,22501.166666666664,21308.53333333333,18479.983333333337,31927.183333333323,32526.84999999999,0,0,0,0,0,0,0,0,0,0,0,0,C4-NRW-05,,,Macro
GUJ1644,GUJ1644__SarfarazColony_WP,3,C4-GUJ-01,Elite,,,GLO,,,,,,389.91666666666663,,,,,,,,,,,,599.2166666666666,68.49999999999999,,115.66666666666666,,,,,,,,,,,,1173.3,,4,0.9864201388888888,28046.349999999995,28907.483333333323,29947.399999999994,21038.53333333333,27157.233333333344,36100.56666666668,32910.850000000006,18900.216666666664,16157.333333333336,23390.2,20112.26666666666,17934.683333333334,23331.583333333336,17603.583333333332,15310.583333333336,23890.666666666668,42937.78333333333,28522.01666666667,36515.650000000016,40095.18333333334,0,0,0,0,0,0,0,0,0,0,0,0,C4-GUJ-01,,,Macro
GUJ3359,GUJ3359__DeltaRd,3,C4-GUJ-01,Elite,9,,,,,,,,,,,,337.66666666666663,,,,,,,,,,,,,,,,,,,,,,,337.66666666666663,,1,0.9960918209876543,28046.349999999995,28907.483333333323,29947.399999999994,21038.53333333333,27157.233333333344,36100.56666666668,32910.850000000006,18900.216666666664,16157.333333333336,23390.2,20112.26666666666,17934.683333333334,23331.583333333336,17603.583333333332,15310.583333333336,23890.666666666668,42937.78333333333,28522.01666666667,36515.650000000016,40095.18333333334,0,0,0,0,0,0,0,0,0,0,0,0,C4-GUJ-01,,,Macro
GJR6247,GJR6247__S_Kot_Uddu_Wall_MDGU4252,3,C4-GRT-04,Platinum,20,,,,,,,,,,,,,,,,,,,,,,,,,,,,,,,,,,,0,,0,1,25409.183333333334,27050.466666666664,29322.38333333333,24979.799999999996,28177.56666666666,28696.116666666665,14469.016666666668,17927.96666666667,12216.933333333332,13373.666666666666,17598.149999999998,18424.466666666664,20760.149999999998,11901.583333333334,20600.199999999997,22501.166666666664,21308.53333333333,18479.983333333337,31927.183333333323,32526.84999999999,0,0,0,0,0,0,0,0,0,0,0,0,C4-GRT-04,,,Macro
GUJ6386,GUJ6386__S_FazalTown,3,C4-GUJ-02,Elite,,B2S,E.co,e.coPK018854PU,,,,,,254.5,,,,250.5,,,277.25,,,,289.25,,,721.4666666666667,,,,,,,,,,,,1792.9666666666667,,5,0.9792480709876543,28046.349999999995,28907.483333333323,29947.399999999994,21038.53333333333,27157.233333333344,36100.56666666668,32910.850000000006,18900.216666666664,16157.333333333336,23390.2,20112.26666666666,17934.683333333334,23331.583333333336,17603.583333333332,15310.583333333336,23890.666666666668,42937.78333333333,28522.01666666667,36515.650000000016,40095.18333333334,0,0,0,0,0,0,0,0,0,0,0,0,C4-GUJ-02,,,Macro
GJR6257,GJR6257__S_Shaheen_Chowk_Gujrat_Bypass_MDGU4247,3,C4-GRT-04,Elite,27,,,,448.5,83.00000000000001,327,412.5833333333333,76.25000000000001,,,,210,,,,,,,,,,,,,,,,,,,,,,,1557.3333333333333,,6,0.9819753086419754,28046.349999999995,28907.483333333323,29947.399999999994,21038.53333333333,27157.233333333344,36100.56666666668,32910.850000000006,18900.216666666664,16157.333333333336,23390.2,20112.26666666666,17934.683333333334,23331.583333333336,17603.583333333332,15310.583333333336,23890.666666666668,42937.78333333333,28522.01666666667,36515.650000000016,40095.18333333334,0,0,0,0,0,0,0,0,0,0,0,0,C4-GRT-04,,,Macro
PND1614,PND1614__P_Aqqal_wala,3,C4-HFZ-06,Elite,20,,,,,,,,,,,,,,,,,,,,114.50000000000001,,,,,,,,,,,,,,,114.50000000000001,,1,0.9986747685185184,28046.349999999995,28907.483333333323,29947.399999999994,21038.53333333333,27157.233333333344,36100.56666666668,32910.850000000006,18900.216666666664,16157.333333333336,23390.2,20112.26666666666,17934.683333333334,23331.583333333336,17603.583333333332,15310.583333333336,23890.666666666668,42937.78333333333,28522.01666666667,36515.650000000016,40095.18333333334,0,0,0,0,0,0,0,0,0,0,0,0,C4-HFZ-06,,,Macro
DSK9833,DSK9833__MohallBanwala,3,C4-WZD-07,Elite,20,,,,,,,,,,,,,,,,,,,,,,,,,,,,,,,,,,,0,,0,1,28046.349999999995,28907.483333333323,29947.399999999994,21038.53333333333,27157.233333333344,36100.56666666668,32910.850000000006,18900.216666666664,16157.333333333336,23390.2,20112.26666666666,17934.683333333334,23331.583333333336,17603.583333333332,15310.583333333336,23890.666666666668,42937.78333333333,28522.01666666667,36515.650000000016,40095.18333333334,0,0,0,0,0,0,0,0,0,0,0,0,C4-WZD-07,,,Macro
SKT3406,SKT3406__ZohralHospitalChwk,3,C4-SKT-03,Elite,31,,,,,45.99999999999999,40.74999999999999,719.9499999999997,,,,,,,,,59.499999999999986,,,,,,,,,,,,,,,,,,,866.1999999999997,,4,0.989974537037037,28046.349999999995,28907.483333333323,29947.399999999994,21038.53333333333,27157.233333333344,36100.56666666668,32910.850000000006,18900.216666666664,16157.333333333336,23390.2,20112.26666666666,17934.683333333334,23331.583333333336,17603.583333333332,15310.583333333336,23890.666666666668,42937.78333333333,28522.01666666667,36515.650000000016,40095.18333333334,0,0,0,0,0,0,0,0,0,0,0,0,C4-SKT-03,,,Macro
KHR1399,KHR1399__NeaAra,4,C4-MBD-08,Elite,,,,,,,,,,,,,,,,,,,,,,,,590.6666666666666,,,,,,,,,,,,590.6666666666666,,1,0.9948726851851852,28046.349999999995,28907.483333333323,29947.399999999994,21038.53333333333,27157.233333333344,36100.56666666668,32910.850000000006,18900.216666666664,16157.333333333336,23390.2,20112.26666666666,17934.683333333334,23331.583333333336,17603.583333333332,15310.583333333336,23890.666666666668,42937.78333333333,28522.01666666667,36515.650000000016,40095.18333333334,0,0,0,0,0,0,0,0,0,0,0,0,C4-MBD-08,,,Macro
PND9859,PND9859__P_Pattan_Road,3,C4-HFZ-06,Elite,30,,,,,,,,,,,,,,,,,,,67.74999999999999,,,,,,,,,,,,,,,,67.74999999999999,,1,0.9992158564814815,28046.349999999995,28907.483333333323,29947.399999999994,21038.53333333333,27157.233333333344,36100.56666666668,32910.850000000006,18900.216666666664,16157.333333333336,23390.2,20112.26666666666,17934.683333333334,23331.583333333336,17603.583333333332,15310.583333333336,23890.666666666668,42937.78333333333,28522.01666666667,36515.650000000016,40095.18333333334,0,0,0,0,0,0,0,0,0,0,0,0,C4-HFZ-06,,,Macro
DNG3989,DNG3989__ComplexroadDinga,3,C4-MBD-08,Elite,27,,,,,,,,,,,,,,47.49999999999999,,,666.1499999999999,,,142.16666666666666,94.83333333333331,,,,,,,,,,,,,,950.6499999999999,,4,0.9889971064814814,28046.349999999995,28907.483333333323,29947.399999999994,21038.53333333333,27157.233333333344,36100.56666666668,32910.850000000006,18900.216666666664,16157.333333333336,23390.2,20112.26666666666,17934.683333333334,23331.583333333336,17603.583333333332,15310.583333333336,23890.666666666668,42937.78333333333,28522.01666666667,36515.650000000016,40095.18333333334,0,0,0,0,0,0,0,0,0,0,0,0,C4-MBD-08,,,Macro
SKT3800,SKT3800__ShahabRoad,3,C4-SKT-03,Platinum,27,,,,51.75,126.80000000000001,,,201.49999999999994,112.75000000000003,58.16666666666667,67.33333333333334,97.99999999999997,32.25,64.75,52.29999999999999,69,,,,,,85.74999999999999,69.5,,,,,,,,,,,,1089.85,,13,0.9873859953703703,25409.183333333334,27050.466666666664,29322.38333333333,24979.799999999996,28177.56666666666,28696.116666666665,14469.016666666668,17927.96666666667,12216.933333333332,13373.666666666666,17598.149999999998,18424.466666666664,20760.149999999998,11901.583333333334,20600.199999999997,22501.166666666664,21308.53333333333,18479.983333333337,31927.183333333323,32526.84999999999,0,0,0,0,0,0,0,0,0,0,0,0,C4-SKT-03,,,Macro
GUJ5483,GUJ5483__S_ShulamMuhammadTown_CMPak5607,3,C4-GUJ-02,Platinum,,OMO,CMPak,5607,,,69.58333333333334,,,,,,,,,,,,,,,,284.5833333333333,,,,,,,,,,,,,354.16666666666663,,2,0.9959008487654322,25409.183333333334,27050.466666666664,29322.38333333333,24979.799999999996,28177.56666666666,28696.116666666665,14469.016666666668,17927.96666666667,12216.933333333332,13373.666666666666,17598.149999999998,18424.466666666664,20760.149999999998,11901.583333333334,20600.199999999997,22501.166666666664,21308.53333333333,18479.983333333337,31927.183333333323,32526.84999999999,0,0,0,0,0,0,0,0,0,0,0,0,C4-GUJ-02,Enfra,,Macro
GUJ9995,GUJ9995__Bank_Colony,3,C4-GUJ-01,Elite,9,,,,101.33333333333333,172.8333333333333,,218.9166666666667,64.83333333333333,143.50000000000003,94.08333333333331,,93.83333333333334,46.5,598.4666666666667,136.99999999999997,427.8333333333334,28.33333333333333,92.55000000000001,261.3333333333333,241.00000000000006,318.33333333333337,80.83333333333334,175.83333333333331,,,,,,,,,,,,3297.3500000000013,,18,0.9618362268518519,28046.349999999995,28907.483333333323,29947.399999999994,21038.53333333333,27157.233333333344,36100.56666666668,32910.850000000006,18900.216666666664,16157.333333333336,23390.2,20112.26666666666,17934.683333333334,23331.583333333336,17603.583333333332,15310.583333333336,23890.666666666668,42937.78333333333,28522.01666666667,36515.650000000016,40095.18333333334,0,0,0,0,0,0,0,0,0,0,0,0,C4-GUJ-01,,,Macro
GUJ4651,GUJ4651__Imranclny,3,C4-GUJ-02,Elite,20,,,,,182.55,157.08333333333331,,,178.16666666666666,,,,,,,,,,229.83333333333331,,,,138,,,,,,,,,,,,885.6333333333332,,5,0.9897496141975308,28046.349999999995,28907.483333333323,29947.399999999994,21038.53333333333,27157.233333333344,36100.56666666668,32910.850000000006,18900.216666666664,16157.333333333336,23390.2,20112.26666666666,17934.683333333334,23331.583333333336,17603.583333333332,15310.583333333336,23890.666666666668,42937.78333333333,28522.01666666667,36515.650000000016,40095.18333333334,0,0,0,0,0,0,0,0,0,0,0,0,C4-GUJ-02,,,Macro
PSR9855,PSR9855__MohallahDoBurj,3,C4-NRW-05,Elite,20,,,,,,,,,40.66666666666666,,,58.71666666666666,,,,225.91666666666669,,143.08333333333331,,,,43.666666666666664,,,,,,,,,,,,,512.05,,5,0.9940734953703704,28046.349999999995,28907.483333333323,29947.399999999994,21038.53333333333,27157.233333333344,36100.56666666668,32910.850000000006,18900.216666666664,16157.333333333336,23390.2,20112.26666666666,17934.683333333334,23331.583333333336,17603.583333333332,15310.583333333336,23890.666666666668,42937.78333333333,28522.01666666667,36515.650000000016,40095.18333333334,0,0,0,0,0,0,0,0,0,0,0,0,C4-NRW-05,,,Macro
JPS8766,JPS8766__SiyamCollege,3,C4-GRT-04,Platinum,20,,,,10.75,,,,,75,,,,,,,,,5.499999999999999,,111.16666666666664,,53.91666666666667,130.5,,,,,,,,,,,,386.8333333333333,,6,0.9955227623456789,25409.183333333334,27050.466666666664,29322.38333333333,24979.799999999996,28177.56666666666,28696.116666666665,14469.016666666668,17927.96666666667,12216.933333333332,13373.666666666666,17598.149999999998,18424.466666666664,20760.149999999998,11901.583333333334,20600.199999999997,22501.166666666664,21308.53333333333,18479.983333333337,31927.183333333323,32526.84999999999,0,0,0,0,0,0,0,0,0,0,0,0,C4-GRT-04,,,Macro
SKT5152,SKT5152__S_Rauf Plaza Warid_MDSK4176,3,C4-SKT-03,Elite,27,,,,33.50000000000001,,,,44.25,,,,,,,,346.05000000000007,,33.08333333333333,,,,,,,,,,,,,,,,,456.8833333333334,,4,0.9947119984567901,28046.349999999995,28907.483333333323,29947.399999999994,21038.53333333333,27157.233333333344,36100.56666666668,32910.850000000006,18900.216666666664,16157.333333333336,23390.2,20112.26666666666,17934.683333333334,23331.583333333336,17603.583333333332,15310.583333333336,23890.666666666668,42937.78333333333,28522.01666666667,36515.650000000016,40095.18333333334,0,0,0,0,0,0,0,0,0,0,0,0,C4-SKT-03,,,Macro
SKT9468,SKT9468__S_Langri_wala_Ranger_road_MDSK4284,3,C4-SKT-03,Elite,20,,,,,,,,,,,,,,,,,,,,,,,391.9999999999999,,,,,,,,,,,,391.9999999999999,,1,0.9954629629629629,28046.349999999995,28907.483333333323,29947.399999999994,21038.53333333333,27157.233333333344,36100.56666666668,32910.850000000006,18900.216666666664,16157.333333333336,23390.2,20112.26666666666,17934.683333333334,23331.583333333336,17603.583333333332,15310.583333333336,23890.666666666668,42937.78333333333,28522.01666666667,36515.650000000016,40095.18333333334,0,0,0,0,0,0,0,0,0,0,0,0,C4-SKT-03,,,Macro
SKT3618,SKT3618__Pakpura,3,C4-SKT-03,Platinum,30,,,,,,,,,,,,,,,,,,,,,,194.5,120.75,,,,,,,,,,,,315.25,,2,0.9963512731481481,25409.183333333334,27050.466666666664,29322.38333333333,24979.799999999996,28177.56666666666,28696.116666666665,14469.016666666668,17927.96666666667,12216.933333333332,13373.666666666666,17598.149999999998,18424.466666666664,20760.149999999998,11901.583333333334,20600.199999999997,22501.166666666664,21308.53333333333,18479.983333333337,31927.183333333323,32526.84999999999,0,0,0,0,0,0,0,0,0,0,0,0,C4-SKT-03,,,Macro
RUR3998,RUR3998__ChoubraChawinda,4,C4-NRW-05,Elite,27,,,,,7.333333333333333,,,,,,,,552.0833333333335,,,,696.2333333333333,544.2333333333333,,,,,,,,,,,,,,,,,1799.8833333333334,,4,0.9843760127314815,28046.349999999995,28907.483333333323,29947.399999999994,21038.53333333333,27157.233333333344,36100.56666666668,32910.850000000006,18900.216666666664,16157.333333333336,23390.2,20112.26666666666,17934.683333333334,23331.583333333336,17603.583333333332,15310.583333333336,23890.666666666668,42937.78333333333,28522.01666666667,36515.650000000016,40095.18333333334,0,0,0,0,0,0,0,0,0,0,0,0,C4-NRW-05,,,Macro
GJR3403,GJR3403__RailwayStnGJR,4,C4-GRT-04,Platinum,9,,,,,,,,,,,,,,,,,,,,,,,,,,,,,,,,,,,0,,0,1,25409.183333333334,27050.466666666664,29322.38333333333,24979.799999999996,28177.56666666666,28696.116666666665,14469.016666666668,17927.96666666667,12216.933333333332,13373.666666666666,17598.149999999998,18424.466666666664,20760.149999999998,11901.583333333334,20600.199999999997,22501.166666666664,21308.53333333333,18479.983333333337,31927.183333333323,32526.84999999999,0,0,0,0,0,0,0,0,0,0,0,0,C4-GRT-04,,,Macro
NRW5877,NRW5877__S_PTCLExchange_PTCL2090,3,C4-NRW-05,Platinum,,OMO,PTCL,GTRP2090,,,529.3833333333334,1.583333333333333,233.41666666666666,184.55,230.75,320.94999999999993,173.66666666666669,,280.5,175.00000000000003,236.5,28.36666666666666,284.41666666666674,120.33333333333333,287.8333333333333,390.4000000000001,411.93333333333345,2011.199999999998,,,,,,,,,,,,5900.783333333333,,17,0.9317038966049382,25409.183333333334,27050.466666666664,29322.38333333333,24979.799999999996,28177.56666666666,28696.116666666665,14469.016666666668,17927.96666666667,12216.933333333332,13373.666666666666,17598.149999999998,18424.466666666664,20760.149999999998,11901.583333333334,20600.199999999997,22501.166666666664,21308.53333333333,18479.983333333337,31927.183333333323,32526.84999999999,0,0,0,0,0,0,0,0,0,0,0,0,C4-NRW-05,,,Macro
RUR6554,RUR6554__S_RehmetMarriageHallUgoki,3,C4-WZD-07,Platinum,,B2S,Enfrashare,EC1-SKT-04981,,,,,121.25,,,,,,,,169.41666666666663,,,,18.666666666666668,,,,,,,,,,,,,,,309.3333333333333,,3,0.9964197530864197,25409.183333333334,27050.466666666664,29322.38333333333,24979.799999999996,28177.56666666666,28696.116666666665,14469.016666666668,17927.96666666667,12216.933333333332,13373.666666666666,17598.149999999998,18424.466666666664,20760.149999999998,11901.583333333334,20600.199999999997,22501.166666666664,21308.53333333333,18479.983333333337,31927.183333333323,32526.84999999999,0,0,0,0,0,0,0,0,0,0,0,0,C4-WZD-07,,,Macro
WZB9816,WZB9816__MohahlaAllbad,4,C4-WZD-07,Elite,20,,,,,,,,98.16666666666669,661.4333333333333,,94.83333333333333,,,,75.46666666666668,15.55,,205.75,45.68333333333334,,39.25,,507.5,,,,,,,,,,,,1743.6333333333332,,9,0.9848642939814815,28046.349999999995,28907.483333333323,29947.399999999994,21038.53333333333,27157.233333333344,36100.56666666668,32910.850000000006,18900.216666666664,16157.333333333336,23390.2,20112.26666666666,17934.683333333334,23331.583333333336,17603.583333333332,15310.583333333336,23890.666666666668,42937.78333333333,28522.01666666667,36515.650000000016,40095.18333333334,0,0,0,0,0,0,0,0,0,0,0,0,C4-WZD-07,,,Macro
WZB0029,WZB0029__S_SuiGasTower_AhmedNasarRoadWarid_MDWA1510,3,C4-WZD-07,Platinum,13,,,,,,,13.5,,1053.7500000000002,,,,,,,244.08333333333337,,,1895.2499999999998,,,,702.1666666666666,,,,,,,,,,,,3908.7499999999995,,5,0.9547598379629629,25409.183333333334,27050.466666666664,29322.38333333333,24979.799999999996,28177.56666666666,28696.116666666665,14469.016666666668,17927.96666666667,12216.933333333332,13373.666666666666,17598.149999999998,18424.466666666664,20760.149999999998,11901.583333333334,20600.199999999997,22501.166666666664,21308.53333333333,18479.983333333337,31927.183333333323,32526.84999999999,0,0,0,0,0,0,0,0,0,0,0,0,C4-WZD-07,,,Macro
RUR9170,RUR9170_RorasVillage,3,C4-WZD-07,Platinum,20,,,,,,,,,,,,,,710.5833333333333,,,252.40000000000003,,,,,,,,,,,,,,,,,,962.9833333333333,,2,0.9888543595679011,25409.183333333334,27050.466666666664,29322.38333333333,24979.799999999996,28177.56666666666,28696.116666666665,14469.016666666668,17927.96666666667,12216.933333333332,13373.666666666666,17598.149999999998,18424.466666666664,20760.149999999998,11901.583333333334,20600.199999999997,22501.166666666664,21308.53333333333,18479.983333333337,31927.183333333323,32526.84999999999,0,0,0,0,0,0,0,0,0,0,0,0,C4-WZD-07,,,Macro
RUR5145,RUR5145__S_Badiana Warid_MR1B2724,3,C4-NRW-05,Elite,30,,,,,,,,,,,502.4166666666667,,,,18.749999999999996,,,68.25,,,,,,,,,,,,,,,,,589.4166666666666,,3,0.9931780478395063,28046.349999999995,28907.483333333323,29947.399999999994,21038.53333333333,27157.233333333344,36100.56666666668,32910.850000000006,18900.216666666664,16157.333333333336,23390.2,20112.26666666666,17934.683333333334,23331.583333333336,17603.583333333332,15310.583333333336,23890.666666666668,42937.78333333333,28522.01666666667,36515.650000000016,40095.18333333334,0,0,0,0,0,0,0,0,0,0,0,0,C4-NRW-05,,,Macro
GUJ0387,GUJ0387__Model Town,3,C4-GUJ-02,Platinum,13,,,,591.0000000000001,413.0000000000001,,204.83333333333334,206.08333333333334,173.75000000000003,27.5,49.583333333333336,50.849999999999994,37.76666666666667,53.25000000000001,26.500000000000004,45.58333333333333,35.16666666666667,27.166666666666664,164.8333333333333,85.91666666666664,217.4166666666667,410.28333333333325,48.49999999999999,,,,,,,,,,,,2868.983333333333,,19,0.966794174382716,25409.183333333334,27050.466666666664,29322.38333333333,24979.799999999996,28177.56666666666,28696.116666666665,14469.016666666668,17927.96666666667,12216.933333333332,13373.666666666666,17598.149999999998,18424.466666666664,20760.149999999998,11901.583333333334,20600.199999999997,22501.166666666664,21308.53333333333,18479.983333333337,31927.183333333323,32526.84999999999,0,0,0,0,0,0,0,0,0,0,0,0,C4-GUJ-02,,,Macro
GUJ6948,GUJ6948__Jandialabagh,3,C4-GUJ-01,Elite,20,,,,,8,,,,8.5,,,,,,,,,,1024.1,3659.4833333333327,330.84999999999997,2223.816666666667,2172.7333333333336,,,,,,,,,,,,9427.483333333334,,7,0.8908856095679012,28046.349999999995,28907.483333333323,29947.399999999994,21038.53333333333,27157.233333333344,36100.56666666668,32910.850000000006,18900.216666666664,16157.333333333336,23390.2,20112.26666666666,17934.683333333334,23331.583333333336,17603.583333333332,15310.583333333336,23890.666666666668,42937.78333333333,28522.01666666667,36515.650000000016,40095.18333333334,0,0,0,0,0,0,0,0,0,0,0,0,C4-GUJ-01,,,Macro
GUJ9843,GUJ9843__MohallaIsbGuran,3,C4-GUJ-02,Platinum,9,,,,,,,,,5.416666666666667,,,,,,,,,,,,,,,,,,,,,,,,,,5.416666666666667,,1,0.9999373070987655,25409.183333333334,27050.466666666664,29322.38333333333,24979.799999999996,28177.56666666666,28696.116666666665,14469.016666666668,17927.96666666667,12216.933333333332,13373.666666666666,17598.149999999998,18424.466666666664,20760.149999999998,11901.583333333334,20600.199999999997,22501.166666666664,21308.53333333333,18479.983333333337,31927.183333333323,32526.84999999999,0,0,0,0,0,0,0,0,0,0,0,0,C4-GUJ-02,,,Macro
QDS9513,QDS9513__S_Qila Didar Singh_315322,3,C4-HFZ-06,Elite,27,,,,,,,,26.25,,,,15.25,15.25,,17.5,,,,,,,,,,,,,,,,,,,,74.25,,4,0.999140625,28046.349999999995,28907.483333333323,29947.399999999994,21038.53333333333,27157.233333333344,36100.56666666668,32910.850000000006,18900.216666666664,16157.333333333336,23390.2,20112.26666666666,17934.683333333334,23331.583333333336,17603.583333333332,15310.583333333336,23890.666666666668,42937.78333333333,28522.01666666667,36515.650000000016,40095.18333333334,0,0,0,0,0,0,0,0,0,0,0,0,C4-HFZ-06,,,Macro
SKT1621,SKT1621__S_Ratra Sports_Wazirabad Road_MDSK4280,3,C4-SKT-03,Elite,30,,,,,,,,251.48333333333338,969.0833333333333,1942.4,2276.0499999999997,,588.1666666666666,1425.65,1439.983333333333,1439.983333333333,1732.983333333333,1439.983333333333,1439.983333333333,1439.983333333333,1439.983333333333,1439.983333333333,1567.8166666666664,,,,,,,,,,,,20833.516666666666,,15,0.7588713348765432,28046.349999999995,28907.483333333323,29947.399999999994,21038.53333333333,27157.233333333344,36100.56666666668,32910.850000000006,18900.216666666664,16157.333333333336,23390.2,20112.26666666666,17934.683333333334,23331.583333333336,17603.583333333332,15310.583333333336,23890.666666666668,42937.78333333333,28522.01666666667,36515.650000000016,40095.18333333334,0,0,0,0,0,0,0,0,0,0,0,0,C4-SKT-03,,,Macro
RUR0398,RUR0398__S_Village_Nunanwali_MR2X2707,4,C4-MBD-08,Platinum,,,GLO,,,,,,,,,,,,,,,,1129.75,,22,,692.95,442.91666666666674,,,,,,,,,,,,2287.616666666667,,4,0.9801422164351853,25409.183333333334,27050.466666666664,29322.38333333333,24979.799999999996,28177.56666666666,28696.116666666665,14469.016666666668,17927.96666666667,12216.933333333332,13373.666666666666,17598.149999999998,18424.466666666664,20760.149999999998,11901.583333333334,20600.199999999997,22501.166666666664,21308.53333333333,18479.983333333337,31927.183333333323,32526.84999999999,0,0,0,0,0,0,0,0,0,0,0,0,C4-MBD-08,,,Macro
KMK5931,KMK5931__S_City Thana Warid_15253,3,C4-GUJ-01,Elite,30,,,,,,,,22.5,,,,38.75000000000001,,,,,,,,,,,,,,,,,,,,,,,61.25000000000001,,2,0.999291087962963,28046.349999999995,28907.483333333323,29947.399999999994,21038.53333333333,27157.233333333344,36100.56666666668,32910.850000000006,18900.216666666664,16157.333333333336,23390.2,20112.26666666666,17934.683333333334,23331.583333333336,17603.583333333332,15310.583333333336,23890.666666666668,42937.78333333333,28522.01666666667,36515.650000000016,40095.18333333334,0,0,0,0,0,0,0,0,0,0,0,0,C4-GUJ-01,,,Macro
GUJ0410,GUJ0410__SheranwalaBagh,3,C4-GUJ-01,Platinum,27,,,,,,,,196.25,178.75000000000003,,,,,,,140.50000000000003,,,,,,,253.58333333333331,,,,,,,,,,,,769.0833333333333,,4,0.9910985725308642,25409.183333333334,27050.466666666664,29322.38333333333,24979.799999999996,28177.56666666666,28696.116666666665,14469.016666666668,17927.96666666667,12216.933333333332,13373.666666666666,17598.149999999998,18424.466666666664,20760.149999999998,11901.583333333334,20600.199999999997,22501.166666666664,21308.53333333333,18479.983333333337,31927.183333333323,32526.84999999999,0,0,0,0,0,0,0,0,0,0,0,0,C4-GUJ-01,,,Macro
RUR5142,RUR5142__S_Kallu Pyara Warid_MDSK4519,3,C4-SKT-03,Platinum,20,,,,,20.5,,,,,,,,,,,,,,,,,,,,,,,,,,,,,,20.5,,1,0.9997627314814815,25409.183333333334,27050.466666666664,29322.38333333333,24979.799999999996,28177.56666666666,28696.116666666665,14469.016666666668,17927.96666666667,12216.933333333332,13373.666666666666,17598.149999999998,18424.466666666664,20760.149999999998,11901.583333333334,20600.199999999997,22501.166666666664,21308.53333333333,18479.983333333337,31927.183333333323,32526.84999999999,0,0,0,0,0,0,0,0,0,0,0,0,C4-SKT-03,,,Macro
RUR5942,RUR5942__S_Tatlay Ali-KMK Warid_305407,3,C4-HFZ-06,Elite,20,,,,,,111.91666666666666,,,128.16666666666666,,,,,,,,,,,,,,169.99999999999997,,,,,,,,,,,,410.08333333333326,,3,0.9952536651234568,28046.349999999995,28907.483333333323,29947.399999999994,21038.53333333333,27157.233333333344,36100.56666666668,32910.850000000006,18900.216666666664,16157.333333333336,23390.2,20112.26666666666,17934.683333333334,23331.583333333336,17603.583333333332,15310.583333333336,23890.666666666668,42937.78333333333,28522.01666666667,36515.650000000016,40095.18333333334,0,0,0,0,0,0,0,0,0,0,0,0,C4-HFZ-06,,,Macro
SKG9633,SKG9633__MohRiazPura,3,C4-NRW-05,Platinum,20,,,,,,,,1.583333333333333,,,,,,,,,,,,,,,,,,,,,,,,,,,1.583333333333333,,1,0.9999816743827161,25409.183333333334,27050.466666666664,29322.38333333333,24979.799999999996,28177.56666666666,28696.116666666665,14469.016666666668,17927.96666666667,12216.933333333332,13373.666666666666,17598.149999999998,18424.466666666664,20760.149999999998,11901.583333333334,20600.199999999997,22501.166666666664,21308.53333333333,18479.983333333337,31927.183333333323,32526.84999999999,0,0,0,0,0,0,0,0,0,0,0,0,C4-NRW-05,,,Macro
RUR0176,RUR0176__Jamkey_CheemNEW,3,C4-WZD-07,Elite,20,,,,,,,,,34.74999999999999,,,285.91666666666663,312.5000000000001,,,,,22.916666666666668,,,,,,,,,,,,,,,,,656.0833333333334,,4,0.9924064429012346,28046.349999999995,28907.483333333323,29947.399999999994,21038.53333333333,27157.233333333344,36100.56666666668,32910.850000000006,18900.216666666664,16157.333333333336,23390.2,20112.26666666666,17934.683333333334,23331.583333333336,17603.583333333332,15310.583333333336,23890.666666666668,42937.78333333333,28522.01666666667,36515.650000000016,40095.18333333334,0,0,0,0,0,0,0,0,0,0,0,0,C4-WZD-07,,,Macro
SKT3400,SKT3400__KotliBahram,3,C4-SKT-03,Elite,27,,,,,,,,,,,115.24999999999997,,,73.25000000000001,,,,,,,,59.25,,,,,,,,,,,,,247.75,,3,0.997132523148148,28046.349999999995,28907.483333333323,29947.399999999994,21038.53333333333,27157.233333333344,36100.56666666668,32910.850000000006,18900.216666666664,16157.333333333336,23390.2,20112.26666666666,17934.683333333334,23331.583333333336,17603.583333333332,15310.583333333336,23890.666666666668,42937.78333333333,28522.01666666667,36515.650000000016,40095.18333333334,0,0,0,0,0,0,0,0,0,0,0,0,C4-SKT-03,,,Macro
SKT6408,SKT6408__S_MeharStGohadpur,3,C4-SKT-03,Platinum,,B2S,E.co,e.coPK019031PU,,,,,,,,,,,,,,,,,,,,,,,,,,,,,,,,0,,0,1,25409.183333333334,27050.466666666664,29322.38333333333,24979.799999999996,28177.56666666666,28696.116666666665,14469.016666666668,17927.96666666667,12216.933333333332,13373.666666666666,17598.149999999998,18424.466666666664,20760.149999999998,11901.583333333334,20600.199999999997,22501.166666666664,21308.53333333333,18479.983333333337,31927.183333333323,32526.84999999999,0,0,0,0,0,0,0,0,0,0,0,0,C4-SKT-03,,,Macro
RUR9197,RUR9197_AdamKay,4,C4-WZD-07,Platinum,,OMO,UFONE,3350,16,4.916666666666666,2.333333333333333,15.833333333333332,15.5,8.5,5.666666666666667,24.166666666666668,11.083333333333332,56.75,,,,86.66666666666669,53.33333333333334,,,,,,,,,,,,,,,,,300.75,,12,0.9973893229166667,25409.183333333334,27050.466666666664,29322.38333333333,24979.799999999996,28177.56666666666,28696.116666666665,14469.016666666668,17927.96666666667,12216.933333333332,13373.666666666666,17598.149999999998,18424.466666666664,20760.149999999998,11901.583333333334,20600.199999999997,22501.166666666664,21308.53333333333,18479.983333333337,31927.183333333323,32526.84999999999,0,0,0,0,0,0,0,0,0,0,0,0,C4-WZD-07,UFone,3350,Macro
SKG5615,SKG5615_H_Mohallah Bijli Ghar near Jamwal Phatak Shakar Grah,3,C4-NRW-05,Platinum,,B2S,Enfrashare,EC1-SKG-07812,,,,,371.2166666666665,,,812.25,,,625.8,,,,692.1999999999998,,,635.7500000000001,164.66666666666663,,,,,,,,,,,,,3301.8833333333328,,6,0.9617837577160493,25409.183333333334,27050.466666666664,29322.38333333333,24979.799999999996,28177.56666666666,28696.116666666665,14469.016666666668,17927.96666666667,12216.933333333332,13373.666666666666,17598.149999999998,18424.466666666664,20760.149999999998,11901.583333333334,20600.199999999997,22501.166666666664,21308.53333333333,18479.983333333337,31927.183333333323,32526.84999999999,0,0,0,0,0,0,0,0,0,0,0,0,C4-NRW-05,,,Macro
GJR9887,GJR9887__MohallaNoorPur,3,C4-GRT-04,Platinum,20,,,,,,,,171.16666666666663,,152.25,,,,,184.33333333333331,,54.08333333333333,53.750000000000014,54.75,,,154.41666666666666,139.00000000000003,,,,,,,,,,,,963.7499999999999,,8,0.9888454861111111,25409.183333333334,27050.466666666664,29322.38333333333,24979.799999999996,28177.56666666666,28696.116666666665,14469.016666666668,17927.96666666667,12216.933333333332,13373.666666666666,17598.149999999998,18424.466666666664,20760.149999999998,11901.583333333334,20600.199999999997,22501.166666666664,21308.53333333333,18479.983333333337,31927.183333333323,32526.84999999999,0,0,0,0,0,0,0,0,0,0,0,0,C4-GRT-04,,,Macro
GJR9852,GJR9852__Mohalkhalidaba,4,C4-GRT-04,Elite,20,,,,,,253.49999999999997,,38.16666666666667,,,,,,,,,,,,254.33333333333334,,,,,,,,,,,,,,,546,,3,0.9952604166666668,28046.349999999995,28907.483333333323,29947.399999999994,21038.53333333333,27157.233333333344,36100.56666666668,32910.850000000006,18900.216666666664,16157.333333333336,23390.2,20112.26666666666,17934.683333333334,23331.583333333336,17603.583333333332,15310.583333333336,23890.666666666668,42937.78333333333,28522.01666666667,36515.650000000016,40095.18333333334,0,0,0,0,0,0,0,0,0,0,0,0,C4-GRT-04,,,Macro
TKW9894,TKW9894__TalwandiKhajorWali,4,C4-GUJ-02,Platinum,30,,,,,,,,,,50.000000000000014,,,,494.58333333333337,,,,37.083333333333336,2,,496.36666666666656,,,,,,,,,,,,,,1080.0333333333333,,5,0.9906247106481482,25409.183333333334,27050.466666666664,29322.38333333333,24979.799999999996,28177.56666666666,28696.116666666665,14469.016666666668,17927.96666666667,12216.933333333332,13373.666666666666,17598.149999999998,18424.466666666664,20760.149999999998,11901.583333333334,20600.199999999997,22501.166666666664,21308.53333333333,18479.983333333337,31927.183333333323,32526.84999999999,0,0,0,0,0,0,0,0,0,0,0,0,C4-GUJ-02,,,Macro
SKT3399,SKT3399__ishatParkParisRd,3,C4-SKT-03,Platinum,20,,,,,,,,123.49999999999997,413.16666666666674,,41.41666666666667,,,362.66666666666663,11.95,182.41666666666663,,,,,,,,,,,,,,,,,,,1135.1166666666668,,6,0.9868620756172839,25409.183333333334,27050.466666666664,29322.38333333333,24979.799999999996,28177.56666666666,28696.116666666665,14469.016666666668,17927.96666666667,12216.933333333332,13373.666666666666,17598.149999999998,18424.466666666664,20760.149999999998,11901.583333333334,20600.199999999997,22501.166666666664,21308.53333333333,18479.983333333337,31927.183333333323,32526.84999999999,0,0,0,0,0,0,0,0,0,0,0,0,C4-SKT-03,,,Macro
GUJ5467,GUJ5467__S_RaviBlockDCColony,3,C4-GUJ-02,Elite,,B2S,Enfrashare,EC1-GUJ-02110,,,,,,634.5500000000002,,,,627.5833333333335,,,718.1666666666667,,,,529.2500000000001,,,785.25,,,,,,,,,,,,3294.8000000000006,,5,0.9618657407407407,28046.349999999995,28907.483333333323,29947.399999999994,21038.53333333333,27157.233333333344,36100.56666666668,32910.850000000006,18900.216666666664,16157.333333333336,23390.2,20112.26666666666,17934.683333333334,23331.583333333336,17603.583333333332,15310.583333333336,23890.666666666668,42937.78333333333,28522.01666666667,36515.650000000016,40095.18333333334,0,0,0,0,0,0,0,0,0,0,0,0,C4-GUJ-02,,,Macro
SKT8946,SKT8946__ShabazClnyMhmdPur,3,C4-SKT-03,Elite,20,,,,,,13.75,13.75,71.00000000000001,194.71666666666664,475.5666666666667,,,,,,15.5,,,316.4166666666667,,,,,,,,,,,,,,,,1100.7,,7,0.9872604166666666,28046.349999999995,28907.483333333323,29947.399999999994,21038.53333333333,27157.233333333344,36100.56666666668,32910.850000000006,18900.216666666664,16157.333333333336,23390.2,20112.26666666666,17934.683333333334,23331.583333333336,17603.583333333332,15310.583333333336,23890.666666666668,42937.78333333333,28522.01666666667,36515.650000000016,40095.18333333334,0,0,0,0,0,0,0,0,0,0,0,0,C4-SKT-03,,,Macro
GUJ4667,GUJ4667__GujDHA1GujCantt,3,C4-GUJ-02,Elite,9,,,,,,,,,,66.99999999999999,,,130.99999999999997,,,81.75,5.499999999999999,,,274.75,,,128.25,,,,,,,,,,,,688.25,,6,0.9920341435185185,28046.349999999995,28907.483333333323,29947.399999999994,21038.53333333333,27157.233333333344,36100.56666666668,32910.850000000006,18900.216666666664,16157.333333333336,23390.2,20112.26666666666,17934.683333333334,23331.583333333336,17603.583333333332,15310.583333333336,23890.666666666668,42937.78333333333,28522.01666666667,36515.650000000016,40095.18333333334,0,0,0,0,0,0,0,0,0,0,0,0,C4-GUJ-02,,,Macro
GJR3437,GJR3437__DrRabaniRaod,3,C4-GRT-04,Platinum,30,,,,,,,,,,,,,,,,,,,,,,,33.24999999999999,,,,,,,,,,,,33.24999999999999,,1,0.999615162037037,25409.183333333334,27050.466666666664,29322.38333333333,24979.799999999996,28177.56666666666,28696.116666666665,14469.016666666668,17927.96666666667,12216.933333333332,13373.666666666666,17598.149999999998,18424.466666666664,20760.149999999998,11901.583333333334,20600.199999999997,22501.166666666664,21308.53333333333,18479.983333333337,31927.183333333323,32526.84999999999,0,0,0,0,0,0,0,0,0,0,0,0,C4-GRT-04,,,Macro
GJR5729,GJR5729__S_Gillanwala,3,C4-GRT-04,Platinum,,B2S,Enfrashare,EC1-GUT-02342,21.75,177.50000000000003,67.23333333333332,167.41666666666669,173.7833333333333,448.1666666666668,138.70000000000002,49.55,187.39999999999995,249.23333333333332,218.25,289.41666666666663,294.59999999999997,,,,,,,,,,,,,,,,,,,2483,,13,0.9712615740740741,25409.183333333334,27050.466666666664,29322.38333333333,24979.799999999996,28177.56666666666,28696.116666666665,14469.016666666668,17927.96666666667,12216.933333333332,13373.666666666666,17598.149999999998,18424.466666666664,20760.149999999998,11901.583333333334,20600.199999999997,22501.166666666664,21308.53333333333,18479.983333333337,31927.183333333323,32526.84999999999,0,0,0,0,0,0,0,0,0,0,0,0,C4-GRT-04,,,Macro
SPB9660,SPB9660__DaryaPur,4,C4-NRW-05,Platinum,27,,,,,,,,,,,8.583333333333334,11.33333333333333,,62.91666666666666,,,27.83333333333333,,,,25.249999999999993,266.33333333333337,,,,,,,,,,,,,402.25,,6,0.9965082465277777,25409.183333333334,27050.466666666664,29322.38333333333,24979.799999999996,28177.56666666666,28696.116666666665,14469.016666666668,17927.96666666667,12216.933333333332,13373.666666666666,17598.149999999998,18424.466666666664,20760.149999999998,11901.583333333334,20600.199999999997,22501.166666666664,21308.53333333333,18479.983333333337,31927.183333333323,32526.84999999999,0,0,0,0,0,0,0,0,0,0,0,0,C4-NRW-05,,,Macro
GJR4909,GJR4909__ChahtotayWalaGJR,3,C4-GRT-04,Platinum,30,,,,,,,,,,,,,,,,,,,,,,,33,,,,,,,,,,,,33,,1,0.9996180555555556,25409.183333333334,27050.466666666664,29322.38333333333,24979.799999999996,28177.56666666666,28696.116666666665,14469.016666666668,17927.96666666667,12216.933333333332,13373.666666666666,17598.149999999998,18424.466666666664,20760.149999999998,11901.583333333334,20600.199999999997,22501.166666666664,21308.53333333333,18479.983333333337,31927.183333333323,32526.84999999999,0,0,0,0,0,0,0,0,0,0,0,0,C4-GRT-04,,,Macro
RUR6398,RUR6398__S_NawanPind,3,C4-NRW-05,Platinum,,B2S,ATL,ATSLK12,,,59.75000000000001,,,47.58333333333333,,,,,,,,,,,,,,,,,,,,,,,,,,107.33333333333334,,2,0.9987577160493827,25409.183333333334,27050.466666666664,29322.38333333333,24979.799999999996,28177.56666666666,28696.116666666665,14469.016666666668,17927.96666666667,12216.933333333332,13373.666666666666,17598.149999999998,18424.466666666664,20760.149999999998,11901.583333333334,20600.199999999997,22501.166666666664,21308.53333333333,18479.983333333337,31927.183333333323,32526.84999999999,0,0,0,0,0,0,0,0,0,0,0,0,C4-NRW-05,,,Macro
GUJ6288,GUJ6288__S_WaniaWala,3,C4-GUJ-01,Elite,,B2S,E.co,e.coPK018434PU,1065.5833333333333,206.75,672.4999999999997,88.83333333333333,327.0000000000001,633.4166666666667,527.4166666666667,,,,,,,,26,1156.7833333333333,,14.666666666666664,14.700000000000001,71.10000000000001,,,,,,,,,,,,4804.75,,12,0.9443894675925927,28046.349999999995,28907.483333333323,29947.399999999994,21038.53333333333,27157.233333333344,36100.56666666668,32910.850000000006,18900.216666666664,16157.333333333336,23390.2,20112.26666666666,17934.683333333334,23331.583333333336,17603.583333333332,15310.583333333336,23890.666666666668,42937.78333333333,28522.01666666667,36515.650000000016,40095.18333333334,0,0,0,0,0,0,0,0,0,0,0,0,C4-GUJ-01,,,Macro
GUJ5476,GUJ5476__S_FaizAlamTown,3,C4-GUJ-02,Platinum,,B2S,Enfrashare,EC1-GUJ-01752,,,,812.75,,898.0833333333333,,,,,794.5,,799,,,548.9166666666667,,659.4999999999999,,851,,,,,,,,,,,,5363.75,,7,0.9379195601851852,25409.183333333334,27050.466666666664,29322.38333333333,24979.799999999996,28177.56666666666,28696.116666666665,14469.016666666668,17927.96666666667,12216.933333333332,13373.666666666666,17598.149999999998,18424.466666666664,20760.149999999998,11901.583333333334,20600.199999999997,22501.166666666664,21308.53333333333,18479.983333333337,31927.183333333323,32526.84999999999,0,0,0,0,0,0,0,0,0,0,0,0,C4-GUJ-02,Enfra,,Macro
RUR4006,RUR4006__OffloadRUR4998B,3,C4-NRW-05,Elite,20,,,,,45.24999999999999,,,,,,45.50000000000001,,139.08333333333337,,,,,,180.54999999999998,401.88333333333327,,137.75,59.750000000000014,,,,,,,,,,,,1009.7666666666667,,7,0.9883128858024692,28046.349999999995,28907.483333333323,29947.399999999994,21038.53333333333,27157.233333333344,36100.56666666668,32910.850000000006,18900.216666666664,16157.333333333336,23390.2,20112.26666666666,17934.683333333334,23331.583333333336,17603.583333333332,15310.583333333336,23890.666666666668,42937.78333333333,28522.01666666667,36515.650000000016,40095.18333333334,0,0,0,0,0,0,0,0,0,0,0,0,C4-NRW-05,,,Macro
GUJ6260,GUJ6260_S_GMagnoliaPark,3,C4-GUJ-01,Elite,,B2S,E.Co,e.coPK018339PU,,,,,,8.25,,,,,,,,,,,,,,,,,,,,,,,,,,8.25,,1,0.9999045138888889,28046.349999999995,28907.483333333323,29947.399999999994,21038.53333333333,27157.233333333344,36100.56666666668,32910.850000000006,18900.216666666664,16157.333333333336,23390.2,20112.26666666666,17934.683333333334,23331.583333333336,17603.583333333332,15310.583333333336,23890.666666666668,42937.78333333333,28522.01666666667,36515.650000000016,40095.18333333334,0,0,0,0,0,0,0,0,0,0,0,0,C4-GUJ-01,,,Macro
RUR1033,RUR1033__Pindi_Siyana,3,C4-NRW-05,Platinum,20,,,,453.1666666666667,,,,,,,,,,,,,,,,,,73.74999999999999,,,,,,,,,,,,,526.9166666666666,,2,0.9939014274691358,25409.183333333334,27050.466666666664,29322.38333333333,24979.799999999996,28177.56666666666,28696.116666666665,14469.016666666668,17927.96666666667,12216.933333333332,13373.666666666666,17598.149999999998,18424.466666666664,20760.149999999998,11901.583333333334,20600.199999999997,22501.166666666664,21308.53333333333,18479.983333333337,31927.183333333323,32526.84999999999,0,0,0,0,0,0,0,0,0,0,0,0,C4-NRW-05,,,Macro
RUR0647,RUR0647__Gorali,3,C4-GRT-04,Elite,30,,,,,,,,1.916666666666667,,,,,,,,1.583333333333333,,2.416666666666667,,,8.166666666666668,10.166666666666664,,,,,,,,,,,,,24.25,,5,0.9997193287037036,28046.349999999995,28907.483333333323,29947.399999999994,21038.53333333333,27157.233333333344,36100.56666666668,32910.850000000006,18900.216666666664,16157.333333333336,23390.2,20112.26666666666,17934.683333333334,23331.583333333336,17603.583333333332,15310.583333333336,23890.666666666668,42937.78333333333,28522.01666666667,36515.650000000016,40095.18333333334,0,0,0,0,0,0,0,0,0,0,0,0,C4-GRT-04,,,Macro
GUJ5819,GUJ5819__S_SharifFarmRahwali_CMPak7210,3,C4-GUJ-02,Elite,,OMO,CMPak,CMPak7210,,,,,,627.8,,,,643.7499999999999,,,672.75,,,,460.2500000000001,,,746.0000000000001,,,,,,,,,,,,3150.5499999999997,,5,0.9635353009259259,28046.349999999995,28907.483333333323,29947.399999999994,21038.53333333333,27157.233333333344,36100.56666666668,32910.850000000006,18900.216666666664,16157.333333333336,23390.2,20112.26666666666,17934.683333333334,23331.583333333336,17603.583333333332,15310.583333333336,23890.666666666668,42937.78333333333,28522.01666666667,36515.650000000016,40095.18333333334,0,0,0,0,0,0,0,0,0,0,0,0,C4-GUJ-02,,,Macro
Guj3348,Guj3348__Arafatcolony,3,C4-GUJ-01,Platinum,30,,,,,141.83333333333334,,,,33.99999999999999,,36,,,,226.5,,,,,,,,,,,,,,,,,,,,438.33333333333337,,4,0.9949266975308642,25409.183333333334,27050.466666666664,29322.38333333333,24979.799999999996,28177.56666666666,28696.116666666665,14469.016666666668,17927.96666666667,12216.933333333332,13373.666666666666,17598.149999999998,18424.466666666664,20760.149999999998,11901.583333333334,20600.199999999997,22501.166666666664,21308.53333333333,18479.983333333337,31927.183333333323,32526.84999999999,0,0,0,0,0,0,0,0,0,0,0,0,C4-GUJ-01,,,Macro
QDS9514,QDS9514__S_Mian Sahab_Riaz Hospital_QD1535,3,C4-HFZ-06,Elite,20,,,,178.8166666666667,190.75,163.83333333333334,236.41666666666657,249.40000000000003,366.63333333333327,230.2166666666667,130,86.99999999999999,124.16666666666666,,141.25000000000003,292.6666666666666,83.25,55.25,339.41666666666674,116.83333333333334,90.08333333333334,191.25,29.41666666666667,,,,,,,,,,,,3296.65,,19,0.9618443287037037,28046.349999999995,28907.483333333323,29947.399999999994,21038.53333333333,27157.233333333344,36100.56666666668,32910.850000000006,18900.216666666664,16157.333333333336,23390.2,20112.26666666666,17934.683333333334,23331.583333333336,17603.583333333332,15310.583333333336,23890.666666666668,42937.78333333333,28522.01666666667,36515.650000000016,40095.18333333334,0,0,0,0,0,0,0,0,0,0,0,0,C4-HFZ-06,,,Macro
STR5974,STR5974__S_Moh Darbar wala Warid_GJ4129,3,C4-NRW-05,Platinum,20,,,,,,18.083333333333332,,,,,,,,,,,,,,,,,462.66666666666674,,,,,,,,,,,,480.75000000000006,,2,0.9944357638888889,25409.183333333334,27050.466666666664,29322.38333333333,24979.799999999996,28177.56666666666,28696.116666666665,14469.016666666668,17927.96666666667,12216.933333333332,13373.666666666666,17598.149999999998,18424.466666666664,20760.149999999998,11901.583333333334,20600.199999999997,22501.166666666664,21308.53333333333,18479.983333333337,31927.183333333323,32526.84999999999,0,0,0,0,0,0,0,0,0,0,0,0,C4-NRW-05,,,Macro
GUJ9512,GUJ9512__S_Kashmiri_Colony_Rahwali_GJ1905,3,C4-GUJ-02,Elite,,OMO,CMPak,5634,679.2,,19.583333333333332,24.000000000000004,,,,,,49,23.333333333333336,,41.16666666666667,,,,,,,,,,,,,,,,,,,836.2833333333334,,6,0.9903207947530865,28046.349999999995,28907.483333333323,29947.399999999994,21038.53333333333,27157.233333333344,36100.56666666668,32910.850000000006,18900.216666666664,16157.333333333336,23390.2,20112.26666666666,17934.683333333334,23331.583333333336,17603.583333333332,15310.583333333336,23890.666666666668,42937.78333333333,28522.01666666667,36515.650000000016,40095.18333333334,0,0,0,0,0,0,0,0,0,0,0,0,C4-GUJ-02,CMPAK,5634,Macro
KHR0242,KHR0242__GTRoadKharian,3,C4-MBD-08,Elite,20,,,,,,,177.83333333333334,,,,,,,,,59.08333333333334,,,,627.4666666666667,262,,262.6666666666667,,,,,,,,,,,,1389.0500000000002,,5,0.9839230324074074,28046.349999999995,28907.483333333323,29947.399999999994,21038.53333333333,27157.233333333344,36100.56666666668,32910.850000000006,18900.216666666664,16157.333333333336,23390.2,20112.26666666666,17934.683333333334,23331.583333333336,17603.583333333332,15310.583333333336,23890.666666666668,42937.78333333333,28522.01666666667,36515.650000000016,40095.18333333334,0,0,0,0,0,0,0,0,0,0,0,0,C4-MBD-08,,,Macro
Guj3746,Guj3746__Gulshantown,3,C4-GUJ-02,Elite,30,,,,,,87.41666666666669,,,29.5,,,,,,,,,,,44.99999999999999,,,,,,,,,,,,,,,161.91666666666669,,3,0.9981259645061727,28046.349999999995,28907.483333333323,29947.399999999994,21038.53333333333,27157.233333333344,36100.56666666668,32910.850000000006,18900.216666666664,16157.333333333336,23390.2,20112.26666666666,17934.683333333334,23331.583333333336,17603.583333333332,15310.583333333336,23890.666666666668,42937.78333333333,28522.01666666667,36515.650000000016,40095.18333333334,0,0,0,0,0,0,0,0,0,0,0,0,C4-GUJ-02,,,Macro
KNB9978,KNB9978__KotliNawab,4,C4-GUJ-01,Platinum,30,,,,,,50,,583.3333333333331,1594.933333333333,,430.25,,,,79,,,226.24999999999997,207.33333333333334,,,1138.8166666666668,,,,,,,,,,,,,4309.916666666666,,8,0.9625875289351852,25409.183333333334,27050.466666666664,29322.38333333333,24979.799999999996,28177.56666666666,28696.116666666665,14469.016666666668,17927.96666666667,12216.933333333332,13373.666666666666,17598.149999999998,18424.466666666664,20760.149999999998,11901.583333333334,20600.199999999997,22501.166666666664,21308.53333333333,18479.983333333337,31927.183333333323,32526.84999999999,0,0,0,0,0,0,0,0,0,0,0,0,C4-GUJ-01,,,Macro
RUR0510,RUR0510__S_MittranWaliWarid_MDDK1993,3,C4-WZD-07,Platinum,20,,,,,81.88333333333334,1439.983333333333,1439.983333333333,1439.983333333333,,,,,,,,,,,,,,,,,,,,,,,,,,,4401.833333333332,,4,0.9490528549382716,25409.183333333334,27050.466666666664,29322.38333333333,24979.799999999996,28177.56666666666,28696.116666666665,14469.016666666668,17927.96666666667,12216.933333333332,13373.666666666666,17598.149999999998,18424.466666666664,20760.149999999998,11901.583333333334,20600.199999999997,22501.166666666664,21308.53333333333,18479.983333333337,31927.183333333323,32526.84999999999,0,0,0,0,0,0,0,0,0,0,0,0,C4-WZD-07,,,Macro
NRW5630,NRW5630__S_MasterGhulamRasoolColony,3,C4-NRW-05,Platinum,,B2S,Enfrashare,EC1-NRW-02486,,,,,,,,,,,,,,,,,,,,,,,,,,,,,,,,0,,0,1,25409.183333333334,27050.466666666664,29322.38333333333,24979.799999999996,28177.56666666666,28696.116666666665,14469.016666666668,17927.96666666667,12216.933333333332,13373.666666666666,17598.149999999998,18424.466666666664,20760.149999999998,11901.583333333334,20600.199999999997,22501.166666666664,21308.53333333333,18479.983333333337,31927.183333333323,32526.84999999999,0,0,0,0,0,0,0,0,0,0,0,0,C4-NRW-05,,,Macro
SKG0252,SKG0252_ShrkGrh_Bypass,3,C4-NRW-05,Platinum,,OMO,Ufone,3485,,,,,333.8333333333333,,,97.4,,,193.33333333333337,,44.75000000000001,,148.00000000000003,,,,,,,,,,,,,,,,,817.3166666666667,,5,0.9905403163580248,25409.183333333334,27050.466666666664,29322.38333333333,24979.799999999996,28177.56666666666,28696.116666666665,14469.016666666668,17927.96666666667,12216.933333333332,13373.666666666666,17598.149999999998,18424.466666666664,20760.149999999998,11901.583333333334,20600.199999999997,22501.166666666664,21308.53333333333,18479.983333333337,31927.183333333323,32526.84999999999,0,0,0,0,0,0,0,0,0,0,0,0,C4-NRW-05,UFone,3485,Macro
KTN9624,KTN9624__WalipurBuraNarrowal,3,C4-NRW-05,Platinum,20,,,,,,,,20.333333333333332,,,312.15,,,143.41666666666669,,,,148.99999999999997,,,95.25,,,,,,,,,,,,,,720.15,,5,0.9916649305555555,25409.183333333334,27050.466666666664,29322.38333333333,24979.799999999996,28177.56666666666,28696.116666666665,14469.016666666668,17927.96666666667,12216.933333333332,13373.666666666666,17598.149999999998,18424.466666666664,20760.149999999998,11901.583333333334,20600.199999999997,22501.166666666664,21308.53333333333,18479.983333333337,31927.183333333323,32526.84999999999,0,0,0,0,0,0,0,0,0,0,0,0,C4-NRW-05,,,Macro
RUR6503,RUR6503__S_Ranjhai_Ufone3702,3,C4-WZD-07,Platinum,,OMO,Ufone,3702,,1097.5500000000004,17.5,,,,,,,677.6500000000001,,,,,,,,,626.4999999999999,,,,,,,,,,,,,2419.2000000000003,,4,0.972,25409.183333333334,27050.466666666664,29322.38333333333,24979.799999999996,28177.56666666666,28696.116666666665,14469.016666666668,17927.96666666667,12216.933333333332,13373.666666666666,17598.149999999998,18424.466666666664,20760.149999999998,11901.583333333334,20600.199999999997,22501.166666666664,21308.53333333333,18479.983333333337,31927.183333333323,32526.84999999999,0,0,0,0,0,0,0,0,0,0,0,0,C4-WZD-07,,,Macro
KRW8774,KRW8774__TandaKarianWalaRd,3,C4-GRT-04,Platinum,9,,,,,,,,,,,,,,,,,,,,,,,,,,,,,,,,,,,0,,0,1,25409.183333333334,27050.466666666664,29322.38333333333,24979.799999999996,28177.56666666666,28696.116666666665,14469.016666666668,17927.96666666667,12216.933333333332,13373.666666666666,17598.149999999998,18424.466666666664,20760.149999999998,11901.583333333334,20600.199999999997,22501.166666666664,21308.53333333333,18479.983333333337,31927.183333333323,32526.84999999999,0,0,0,0,0,0,0,0,0,0,0,0,C4-GRT-04,,,Macro
RUR5979,RUR5979__S_Ghalotian Kalan Warid_GJ3993,3,C4-WZD-07,Platinum,,OMO,Ufone,7712,,,38.04999999999999,94.23333333333333,,,,78.16666666666667,,,,,52.250000000000014,,,130.24999999999997,,,,281,,,,,,,,,,,,673.9499999999999,,6,0.9921996527777778,25409.183333333334,27050.466666666664,29322.38333333333,24979.799999999996,28177.56666666666,28696.116666666665,14469.016666666668,17927.96666666667,12216.933333333332,13373.666666666666,17598.149999999998,18424.466666666664,20760.149999999998,11901.583333333334,20600.199999999997,22501.166666666664,21308.53333333333,18479.983333333337,31927.183333333323,32526.84999999999,0,0,0,0,0,0,0,0,0,0,0,0,C4-WZD-07,UFone,7712,Macro
RUR5973,RUR5973__S_Dharamkot Warid_1N3553,4,C4-NRW-05,Platinum,9,,,,713.9999999999999,716.5666666666664,5.583333333333333,74.5,5.083333333333333,30,,,,,2.083333333333333,158.9166666666667,,,2,,2,,2,2,,,,,,,,,,,,1714.7333333333327,,12,0.9851151620370371,25409.183333333334,27050.466666666664,29322.38333333333,24979.799999999996,28177.56666666666,28696.116666666665,14469.016666666668,17927.96666666667,12216.933333333332,13373.666666666666,17598.149999999998,18424.466666666664,20760.149999999998,11901.583333333334,20600.199999999997,22501.166666666664,21308.53333333333,18479.983333333337,31927.183333333323,32526.84999999999,0,0,0,0,0,0,0,0,0,0,0,0,C4-NRW-05,,,Macro
RUR6212,RUR6212__S_School_SohawaRD_MDMB4307,3,C4-MBD-08,Platinum,,,GLO,,,,48,,,,,,,,,,,,,,,16,301.08333333333337,,,,,,,,,,,,,365.08333333333337,,3,0.9957744984567901,25409.183333333334,27050.466666666664,29322.38333333333,24979.799999999996,28177.56666666666,28696.116666666665,14469.016666666668,17927.96666666667,12216.933333333332,13373.666666666666,17598.149999999998,18424.466666666664,20760.149999999998,11901.583333333334,20600.199999999997,22501.166666666664,21308.53333333333,18479.983333333337,31927.183333333323,32526.84999999999,0,0,0,0,0,0,0,0,0,0,0,0,C4-MBD-08,,,Macro
DSK5295,DSK5295_S_islampura,4,C4-WZD-07,Elite,27,,,,,389.0500000000001,246.16666666666669,411.8666666666667,,,,,151,,157.5,,,,,,,195.00000000000003,,,,,,,,,,,,,,1550.5833333333335,,6,0.9865400752314816,28046.349999999995,28907.483333333323,29947.399999999994,21038.53333333333,27157.233333333344,36100.56666666668,32910.850000000006,18900.216666666664,16157.333333333336,23390.2,20112.26666666666,17934.683333333334,23331.583333333336,17603.583333333332,15310.583333333336,23890.666666666668,42937.78333333333,28522.01666666667,36515.650000000016,40095.18333333334,0,0,0,0,0,0,0,0,0,0,0,0,C4-WZD-07,,,Macro
WZB4219,WZB4219__Janubi_Phatak,4,C4-WZD-07,Elite,20,,,,,,813.0833333333333,827.0500000000001,,,,498.6666666666668,,,,,,,,,,,,652.6666666666669,,,,,,,,,,,,2791.466666666667,,4,0.9757685185185185,28046.349999999995,28907.483333333323,29947.399999999994,21038.53333333333,27157.233333333344,36100.56666666668,32910.850000000006,18900.216666666664,16157.333333333336,23390.2,20112.26666666666,17934.683333333334,23331.583333333336,17603.583333333332,15310.583333333336,23890.666666666668,42937.78333333333,28522.01666666667,36515.650000000016,40095.18333333334,0,0,0,0,0,0,0,0,0,0,0,0,C4-WZD-07,,,Macro
MBN9844,MBN9844__MohallahBoharwala,4,C4-MBD-08,Elite,,,,,,,,,,,,,116.33333333333331,,,,,,,,,,,,,,,,,,,,,,,116.33333333333331,,1,0.998990162037037,28046.349999999995,28907.483333333323,29947.399999999994,21038.53333333333,27157.233333333344,36100.56666666668,32910.850000000006,18900.216666666664,16157.333333333336,23390.2,20112.26666666666,17934.683333333334,23331.583333333336,17603.583333333332,15310.583333333336,23890.666666666668,42937.78333333333,28522.01666666667,36515.650000000016,40095.18333333334,0,0,0,0,0,0,0,0,0,0,0,0,C4-MBD-08,,,Macro
SPB9661,SPB9661_ShahPurBhango_BC,4,C4-NRW-05,Platinum,,,,,,,,,,,,,,,,,,,,,,,,,,,,,,,,,,,,0,,0,1,25409.183333333334,27050.466666666664,29322.38333333333,24979.799999999996,28177.56666666666,28696.116666666665,14469.016666666668,17927.96666666667,12216.933333333332,13373.666666666666,17598.149999999998,18424.466666666664,20760.149999999998,11901.583333333334,20600.199999999997,22501.166666666664,21308.53333333333,18479.983333333337,31927.183333333323,32526.84999999999,0,0,0,0,0,0,0,0,0,0,0,0,C4-NRW-05,,,Macro
SKG3770,SKG3770__MuslimTown_Shakr,3,C4-NRW-05,Elite,30,,,,,,,,149.16666666666663,,,144,,,,,,,,,,,,,,,,,,,,,,,,293.16666666666663,,2,0.9966068672839506,28046.349999999995,28907.483333333323,29947.399999999994,21038.53333333333,27157.233333333344,36100.56666666668,32910.850000000006,18900.216666666664,16157.333333333336,23390.2,20112.26666666666,17934.683333333334,23331.583333333336,17603.583333333332,15310.583333333336,23890.666666666668,42937.78333333333,28522.01666666667,36515.650000000016,40095.18333333334,0,0,0,0,0,0,0,0,0,0,0,0,C4-NRW-05,,,Macro
JPJ6312,JPJ6312__S_Ittefaq_Colony_MDJJ1561,3,C4-GRT-04,Platinum,20,,,,,,,,,,,,,,,,,,,,,,,,,,,,,,,,,,,0,,0,1,25409.183333333334,27050.466666666664,29322.38333333333,24979.799999999996,28177.56666666666,28696.116666666665,14469.016666666668,17927.96666666667,12216.933333333332,13373.666666666666,17598.149999999998,18424.466666666664,20760.149999999998,11901.583333333334,20600.199999999997,22501.166666666664,21308.53333333333,18479.983333333337,31927.183333333323,32526.84999999999,0,0,0,0,0,0,0,0,0,0,0,0,C4-GRT-04,,,Macro
SOH4009,SOH4009__AddaSodra,4,C4-WZD-07,Elite,27,,,,,,,,,,121.91666666666667,,,156.74999999999997,66.66666666666669,64.24999999999999,,,,,,,,,,,,,,,,,,,,409.5833333333333,,4,0.9964445891203704,28046.349999999995,28907.483333333323,29947.399999999994,21038.53333333333,27157.233333333344,36100.56666666668,32910.850000000006,18900.216666666664,16157.333333333336,23390.2,20112.26666666666,17934.683333333334,23331.583333333336,17603.583333333332,15310.583333333336,23890.666666666668,42937.78333333333,28522.01666666667,36515.650000000016,40095.18333333334,0,0,0,0,0,0,0,0,0,0,0,0,C4-WZD-07,,,Macro
RUR8090,RUR8090_University_of_Gujrat,3,C4-GRT-04,Platinum,,,GLO,7864,89.06666666666666,114.25000000000003,195.58333333333331,105.91666666666669,47.00000000000001,78.75,62.33333333333333,29.65,,,175.99999999999997,,174.75,,,,,,22.833333333333332,,,,,,,,,,,,,1096.1333333333334,,11,0.9873132716049383,25409.183333333334,27050.466666666664,29322.38333333333,24979.799999999996,28177.56666666666,28696.116666666665,14469.016666666668,17927.96666666667,12216.933333333332,13373.666666666666,17598.149999999998,18424.466666666664,20760.149999999998,11901.583333333334,20600.199999999997,22501.166666666664,21308.53333333333,18479.983333333337,31927.183333333323,32526.84999999999,0,0,0,0,0,0,0,0,0,0,0,0,C4-GRT-04,UFone,7864,Macro
GJR5765,GJR5765__S_KalraKalan,3,C4-GRT-04,Elite,,B2S,Enfrashare,EC1-GUT-02327,,,,566.4999999999999,,,,,242,,,,,,,,,,,743.4999999999999,,,,,,,,,,,,1551.9999999999998,,3,0.982037037037037,28046.349999999995,28907.483333333323,29947.399999999994,21038.53333333333,27157.233333333344,36100.56666666668,32910.850000000006,18900.216666666664,16157.333333333336,23390.2,20112.26666666666,17934.683333333334,23331.583333333336,17603.583333333332,15310.583333333336,23890.666666666668,42937.78333333333,28522.01666666667,36515.650000000016,40095.18333333334,0,0,0,0,0,0,0,0,0,0,0,0,C4-GRT-04,,,Macro
RUR5664,RUR5664_H_USF_USLK017_Langah Narowal,4,C4-NRW-05,Platinum,,B2S,Enfrashare,EC1-SKT-06958,,,1035.5833333333335,,40.08333333333333,,,595.8666666666668,,,1067.1666666666667,,,988.3333333333334,,,,,69.5,700.5000000000002,,,,,,,,,,,,4497.033333333334,,7,0.9609632523148148,25409.183333333334,27050.466666666664,29322.38333333333,24979.799999999996,28177.56666666666,28696.116666666665,14469.016666666668,17927.96666666667,12216.933333333332,13373.666666666666,17598.149999999998,18424.466666666664,20760.149999999998,11901.583333333334,20600.199999999997,22501.166666666664,21308.53333333333,18479.983333333337,31927.183333333323,32526.84999999999,0,0,0,0,0,0,0,0,0,0,0,0,C4-NRW-05,,,Macro
GUJ5468,GUJ5468__S_Waniawala,3,C4-GUJ-01,Platinum,,B2S,Enfrashare,EC1-GUJ-01685,962.3333333333333,835.5,165.49999999999997,,,187.83333333333331,234,,,,,,,,,674.4166666666665,,,,,,,,,,,,,,,,3059.583333333333,,6,0.9645881558641974,25409.183333333334,27050.466666666664,29322.38333333333,24979.799999999996,28177.56666666666,28696.116666666665,14469.016666666668,17927.96666666667,12216.933333333332,13373.666666666666,17598.149999999998,18424.466666666664,20760.149999999998,11901.583333333334,20600.199999999997,22501.166666666664,21308.53333333333,18479.983333333337,31927.183333333323,32526.84999999999,0,0,0,0,0,0,0,0,0,0,0,0,C4-GUJ-01,saddiq sadiq,,Macro
HWY6555,HWY6555__S_MohlaKalan,3,C4-GRT-04,Platinum,,B2S,E.co,e.coPK019040PU,757.5500000000002,116.58333333333334,22.666666666666664,593.9833333333333,112.24999999999997,,,,,,,,18.9,93.50000000000001,,,507.99999999999994,455.04999999999995,1461.7333333333331,13.833333333333332,,,,,,,,,,,,4154.05,,11,0.9519207175925927,25409.183333333334,27050.466666666664,29322.38333333333,24979.799999999996,28177.56666666666,28696.116666666665,14469.016666666668,17927.96666666667,12216.933333333332,13373.666666666666,17598.149999999998,18424.466666666664,20760.149999999998,11901.583333333334,20600.199999999997,22501.166666666664,21308.53333333333,18479.983333333337,31927.183333333323,32526.84999999999,0,0,0,0,0,0,0,0,0,0,0,0,C4-GRT-04,,,Macro
GUJ4656,GUJ4656__BhukhariPlaza,3,C4-GUJ-01,Platinum,9,,,,39.33333333333333,117.16666666666667,167.16666666666669,39.083333333333336,38.666666666666664,67.41666666666667,39.083333333333336,30.999999999999993,135.5,39.25,39,39.333333333333336,67.75,38.75,71.75000000000001,180.75,79.91666666666666,66.83333333333333,97.08333333333333,61.49999999999999,,,,,,,,,,,,1456.3333333333333,,20,0.9831442901234568,25409.183333333334,27050.466666666664,29322.38333333333,24979.799999999996,28177.56666666666,28696.116666666665,14469.016666666668,17927.96666666667,12216.933333333332,13373.666666666666,17598.149999999998,18424.466666666664,20760.149999999998,11901.583333333334,20600.199999999997,22501.166666666664,21308.53333333333,18479.983333333337,31927.183333333323,32526.84999999999,0,0,0,0,0,0,0,0,0,0,0,0,C4-GUJ-01,,,Macro
KMK5929,KMK5929__S_Mohalla Karachi Warid_IK1568,3,C4-GUJ-01,Elite,30,,,,,,,,87.24999999999999,,,,39.16666666666666,,,,,,,,,,,,,,,,,,,,,,,126.41666666666664,,2,0.9985368441358026,28046.349999999995,28907.483333333323,29947.399999999994,21038.53333333333,27157.233333333344,36100.56666666668,32910.850000000006,18900.216666666664,16157.333333333336,23390.2,20112.26666666666,17934.683333333334,23331.583333333336,17603.583333333332,15310.583333333336,23890.666666666668,42937.78333333333,28522.01666666667,36515.650000000016,40095.18333333334,0,0,0,0,0,0,0,0,0,0,0,0,C4-GUJ-01,,,Macro
HWY1732,HWY1732__Guliana,4,C4-MBD-08,Platinum,27,,,,,168.61666666666667,,,,,,,,,,,,,,,,18.249999999999996,,,,,,,,,,,,,,186.86666666666667,,2,0.9983778935185186,25409.183333333334,27050.466666666664,29322.38333333333,24979.799999999996,28177.56666666666,28696.116666666665,14469.016666666668,17927.96666666667,12216.933333333332,13373.666666666666,17598.149999999998,18424.466666666664,20760.149999999998,11901.583333333334,20600.199999999997,22501.166666666664,21308.53333333333,18479.983333333337,31927.183333333323,32526.84999999999,0,0,0,0,0,0,0,0,0,0,0,0,C4-MBD-08,,,Macro
SMB3356,SMB3356__SKTRailwaySambrial,4,C4-WZD-07,Elite,,,GLO,,,,56.91666666666667,,,21.583333333333336,3.833333333333333,,,,,,,,,,,,3.666666666666667,,,,,,,,,,,,,86,,4,0.9992534722222223,28046.349999999995,28907.483333333323,29947.399999999994,21038.53333333333,27157.233333333344,36100.56666666668,32910.850000000006,18900.216666666664,16157.333333333336,23390.2,20112.26666666666,17934.683333333334,23331.583333333336,17603.583333333332,15310.583333333336,23890.666666666668,42937.78333333333,28522.01666666667,36515.650000000016,40095.18333333334,0,0,0,0,0,0,0,0,0,0,0,0,C4-WZD-07,,,Macro
RUR0909,RUR0909__Mailu_Sailu,3,C4-NRW-05,Elite,27,,,,26.25,,44.75000000000001,,,,,,,,,340.58333333333326,,250.75,504.58333333333326,,61.266666666666666,2309.983333333333,48.43333333333334,,,,,,,,,,,,,3586.5999999999995,,8,0.9584884259259259,28046.349999999995,28907.483333333323,29947.399999999994,21038.53333333333,27157.233333333344,36100.56666666668,32910.850000000006,18900.216666666664,16157.333333333336,23390.2,20112.26666666666,17934.683333333334,23331.583333333336,17603.583333333332,15310.583333333336,23890.666666666668,42937.78333333333,28522.01666666667,36515.650000000016,40095.18333333334,0,0,0,0,0,0,0,0,0,0,0,0,C4-NRW-05,,,Macro
GUJ0662,GUJ0662_T_GIFT_University,2,C4-GUJ-02,Platinum,,,,,,,,,,,,,,,,,,,,,,,,,,,,,,,,,,,,0,,0,1,25409.183333333334,27050.466666666664,29322.38333333333,24979.799999999996,28177.56666666666,28696.116666666665,14469.016666666668,17927.96666666667,12216.933333333332,13373.666666666666,17598.149999999998,18424.466666666664,20760.149999999998,11901.583333333334,20600.199999999997,22501.166666666664,21308.53333333333,18479.983333333337,31927.183333333323,32526.84999999999,0,0,0,0,0,0,0,0,0,0,0,0,C4-GUJ-02,,,Micro
RUR5666,RUR5666_H_Ghalotian Khurd Sialkot,3,C4-WZD-07,Platinum,,B2S,Enfrashare,EC1-DSK-06454,,,,,,,,,,,,,,,,,,,,,,,,,,,,,,,,0,,0,1,25409.183333333334,27050.466666666664,29322.38333333333,24979.799999999996,28177.56666666666,28696.116666666665,14469.016666666668,17927.96666666667,12216.933333333332,13373.666666666666,17598.149999999998,18424.466666666664,20760.149999999998,11901.583333333334,20600.199999999997,22501.166666666664,21308.53333333333,18479.983333333337,31927.183333333323,32526.84999999999,0,0,0,0,0,0,0,0,0,0,0,0,C4-WZD-07,,,Macro
RUR8984,RUR8984__QadirTownUgokiSKT,3,C4-WZD-07,Elite,30,,,,,,,,,,,,,,,,,,,,450.16666666666646,,167,493.0833333333332,,,,,,,,,,,,1110.2499999999998,,3,0.9871498842592592,28046.349999999995,28907.483333333323,29947.399999999994,21038.53333333333,27157.233333333344,36100.56666666668,32910.850000000006,18900.216666666664,16157.333333333336,23390.2,20112.26666666666,17934.683333333334,23331.583333333336,17603.583333333332,15310.583333333336,23890.666666666668,42937.78333333333,28522.01666666667,36515.650000000016,40095.18333333334,0,0,0,0,0,0,0,0,0,0,0,0,C4-WZD-07,,,Macro
RUR5626,RUR5626_H_Majara Gujrat,3,C4-GRT-04,Platinum,,B2S,Enfrashare,EC1-JPB-08184,,,,,,,,,,,,,,,,,,,,,,,,,,,,,,,,0,,0,1,25409.183333333334,27050.466666666664,29322.38333333333,24979.799999999996,28177.56666666666,28696.116666666665,14469.016666666668,17927.96666666667,12216.933333333332,13373.666666666666,17598.149999999998,18424.466666666664,20760.149999999998,11901.583333333334,20600.199999999997,22501.166666666664,21308.53333333333,18479.983333333337,31927.183333333323,32526.84999999999,0,0,0,0,0,0,0,0,0,0,0,0,C4-GRT-04,,,Macro
RUR4666,RUR4666__GUJButtranwali,3,C4-GUJ-01,Elite,30,,,,,,,,,,247.75,,,,,,,,,,,,,,,,,,,,,,,,,247.75,,1,0.997132523148148,28046.349999999995,28907.483333333323,29947.399999999994,21038.53333333333,27157.233333333344,36100.56666666668,32910.850000000006,18900.216666666664,16157.333333333336,23390.2,20112.26666666666,17934.683333333334,23331.583333333336,17603.583333333332,15310.583333333336,23890.666666666668,42937.78333333333,28522.01666666667,36515.650000000016,40095.18333333334,0,0,0,0,0,0,0,0,0,0,0,0,C4-GUJ-01,,,Macro
HWY3435,HWY3435__GJRChakMurtazaGT,3,C4-GRT-04,Platinum,20,,,,,,,,,,,,,,,,,,993.7333333333333,,12.583333333333336,,,4.749999999999999,,,,,,,,,,,,1011.0666666666667,,3,0.9882978395061728,25409.183333333334,27050.466666666664,29322.38333333333,24979.799999999996,28177.56666666666,28696.116666666665,14469.016666666668,17927.96666666667,12216.933333333332,13373.666666666666,17598.149999999998,18424.466666666664,20760.149999999998,11901.583333333334,20600.199999999997,22501.166666666664,21308.53333333333,18479.983333333337,31927.183333333323,32526.84999999999,0,0,0,0,0,0,0,0,0,0,0,0,C4-GRT-04,,,Macro
KHR2637,KHR2637__BidarMarjan,3,C4-MBD-08,Platinum,31,,,,,,,,,,,,,,,,,,,,,,,237.5,,,,,,,,,,,,237.5,,1,0.9972511574074074,25409.183333333334,27050.466666666664,29322.38333333333,24979.799999999996,28177.56666666666,28696.116666666665,14469.016666666668,17927.96666666667,12216.933333333332,13373.666666666666,17598.149999999998,18424.466666666664,20760.149999999998,11901.583333333334,20600.199999999997,22501.166666666664,21308.53333333333,18479.983333333337,31927.183333333323,32526.84999999999,0,0,0,0,0,0,0,0,0,0,0,0,C4-MBD-08,,,Macro
BPW9697,BPW9697__S_Baga Chowk_Sahuwal_MDSK1584,3,C4-WZD-07,Platinum,30,,,,,,5.750000000000001,,,,,,,,,,,9,21.25,,566.5833333333335,,,,,,,,,,,,,,,602.5833333333335,,4,0.9930256558641974,25409.183333333334,27050.466666666664,29322.38333333333,24979.799999999996,28177.56666666666,28696.116666666665,14469.016666666668,17927.96666666667,12216.933333333332,13373.666666666666,17598.149999999998,18424.466666666664,20760.149999999998,11901.583333333334,20600.199999999997,22501.166666666664,21308.53333333333,18479.983333333337,31927.183333333323,32526.84999999999,0,0,0,0,0,0,0,0,0,0,0,0,C4-WZD-07,,,Macro
GUJ9459,GUJ9459__S_usman Colony Warid_MDGJ4239,3,C4-GUJ-01,Platinum,,,GLO,,,,,,,558.1666666666665,,,,544.5,,,558.9999999999999,,,,625.8000000000002,,,754.9999999999999,,,,,,,,,,,,3042.4666666666667,,5,0.9647862654320987,25409.183333333334,27050.466666666664,29322.38333333333,24979.799999999996,28177.56666666666,28696.116666666665,14469.016666666668,17927.96666666667,12216.933333333332,13373.666666666666,17598.149999999998,18424.466666666664,20760.149999999998,11901.583333333334,20600.199999999997,22501.166666666664,21308.53333333333,18479.983333333337,31927.183333333323,32526.84999999999,0,0,0,0,0,0,0,0,0,0,0,0,C4-GUJ-01,,,Macro
RUR0186,RUR0186__S_HEAD_BOMBANWALAWarid_MDDK1610,4,C4-WZD-07,Elite,,,GLO,,,,,,,,,,,,,,,47.66666666666668,,,,,,,,,,,,,,,,,,47.66666666666668,,1,0.9995862268518519,28046.349999999995,28907.483333333323,29947.399999999994,21038.53333333333,27157.233333333344,36100.56666666668,32910.850000000006,18900.216666666664,16157.333333333336,23390.2,20112.26666666666,17934.683333333334,23331.583333333336,17603.583333333332,15310.583333333336,23890.666666666668,42937.78333333333,28522.01666666667,36515.650000000016,40095.18333333334,0,0,0,0,0,0,0,0,0,0,0,0,C4-WZD-07,,,Macro
DSK9945,DSK9945__Gulistan_Colony,3,C4-WZD-07,Elite,27,,,,,,,265.5,,,,,,,,,,,,,,,,,,,,,,,,,,,,265.5,,1,0.9969270833333332,28046.349999999995,28907.483333333323,29947.399999999994,21038.53333333333,27157.233333333344,36100.56666666668,32910.850000000006,18900.216666666664,16157.333333333336,23390.2,20112.26666666666,17934.683333333334,23331.583333333336,17603.583333333332,15310.583333333336,23890.666666666668,42937.78333333333,28522.01666666667,36515.650000000016,40095.18333333334,0,0,0,0,0,0,0,0,0,0,0,0,C4-WZD-07,,,Macro
NRW4000,NRW4000__KatcheryRdNarowal,3,C4-NRW-05,Platinum,20,,,,,,,1.583333333333333,,,,,,,,,411.9166666666666,,,,,,,,,,,,,,,,,,,413.4999999999999,,2,0.9952141203703704,25409.183333333334,27050.466666666664,29322.38333333333,24979.799999999996,28177.56666666666,28696.116666666665,14469.016666666668,17927.96666666667,12216.933333333332,13373.666666666666,17598.149999999998,18424.466666666664,20760.149999999998,11901.583333333334,20600.199999999997,22501.166666666664,21308.53333333333,18479.983333333337,31927.183333333323,32526.84999999999,0,0,0,0,0,0,0,0,0,0,0,0,C4-NRW-05,,,Macro
GJR6286,GJR6286__S_Mohalla_Sultanabad_Main_GT_Rd_MDGU4262,4,C4-GRT-04,Elite,20,,,,,,224.33333333333337,,,,14.166666666666664,,,,,,,,,,,,,90.50000000000001,,,,,,,,,,,,329.00000000000006,,3,0.9971440972222223,28046.349999999995,28907.483333333323,29947.399999999994,21038.53333333333,27157.233333333344,36100.56666666668,32910.850000000006,18900.216666666664,16157.333333333336,23390.2,20112.26666666666,17934.683333333334,23331.583333333336,17603.583333333332,15310.583333333336,23890.666666666668,42937.78333333333,28522.01666666667,36515.650000000016,40095.18333333334,0,0,0,0,0,0,0,0,0,0,0,0,C4-GRT-04,,,Macro
TMK9457,TMK9457__S_Tarwandi Musa Khan Warid_MDGJ4142,3,C4-GUJ-01,Platinum,20,,,,308.9,519.9999999999999,,,,26.5,,,,,,,,,,,,,,,,,,,,,,,,,,855.3999999999999,,3,0.990099537037037,25409.183333333334,27050.466666666664,29322.38333333333,24979.799999999996,28177.56666666666,28696.116666666665,14469.016666666668,17927.96666666667,12216.933333333332,13373.666666666666,17598.149999999998,18424.466666666664,20760.149999999998,11901.583333333334,20600.199999999997,22501.166666666664,21308.53333333333,18479.983333333337,31927.183333333323,32526.84999999999,0,0,0,0,0,0,0,0,0,0,0,0,C4-GUJ-01,,,Macro
TDA3942,TDA3942__SurghPuraRoad,3,C4-GRT-04,Platinum,,,GLO,,,,,13.416666666666668,,,,,,,190.49999999999994,,,,,27,,,,,,,,,,,,,,,,230.9166666666666,,3,0.9973273533950617,25409.183333333334,27050.466666666664,29322.38333333333,24979.799999999996,28177.56666666666,28696.116666666665,14469.016666666668,17927.96666666667,12216.933333333332,13373.666666666666,17598.149999999998,18424.466666666664,20760.149999999998,11901.583333333334,20600.199999999997,22501.166666666664,21308.53333333333,18479.983333333337,31927.183333333323,32526.84999999999,0,0,0,0,0,0,0,0,0,0,0,0,C4-GRT-04,,,Macro
GUJ6202,GUJ6202__S_QilaSundarSingh,3,C4-GUJ-02,Platinum,,B2S,E.Co,e.coPK018348PU,,,281,,,165.25000000000003,,,,,,139.24999999999997,,,,,,,,,,,,,,,,,,,,585.5,,3,0.9932233796296296,25409.183333333334,27050.466666666664,29322.38333333333,24979.799999999996,28177.56666666666,28696.116666666665,14469.016666666668,17927.96666666667,12216.933333333332,13373.666666666666,17598.149999999998,18424.466666666664,20760.149999999998,11901.583333333334,20600.199999999997,22501.166666666664,21308.53333333333,18479.983333333337,31927.183333333323,32526.84999999999,0,0,0,0,0,0,0,0,0,0,0,0,C4-GUJ-02,,,Macro
SDK8856,SDK8856__H_Raja,3,C4-GUJ-01,Elite,30,,,,2879.966666666666,25.750000000000004,,,,,,,,39.08333333333332,,,351.5000000000001,,,,,,,,,,,,,,,,,,,3296.2999999999993,,4,0.9618483796296295,28046.349999999995,28907.483333333323,29947.399999999994,21038.53333333333,27157.233333333344,36100.56666666668,32910.850000000006,18900.216666666664,16157.333333333336,23390.2,20112.26666666666,17934.683333333334,23331.583333333336,17603.583333333332,15310.583333333336,23890.666666666668,42937.78333333333,28522.01666666667,36515.650000000016,40095.18333333334,0,0,0,0,0,0,0,0,0,0,0,0,C4-GUJ-01,,,Macro
RUR9208,RUR9208__Chopala,3,C4-GRT-04,Platinum,20,,,,,,,,,,,,,,,,,,,,,,20.5,,,,,,,,,,,,,20.5,,1,0.9997627314814815,25409.183333333334,27050.466666666664,29322.38333333333,24979.799999999996,28177.56666666666,28696.116666666665,14469.016666666668,17927.96666666667,12216.933333333332,13373.666666666666,17598.149999999998,18424.466666666664,20760.149999999998,11901.583333333334,20600.199999999997,22501.166666666664,21308.53333333333,18479.983333333337,31927.183333333323,32526.84999999999,0,0,0,0,0,0,0,0,0,0,0,0,C4-GRT-04,,,Macro
AMN5917,AMN5917__S_AimanabadWarid_GJ1960,3,C4-GUJ-01,Elite,9,,,,,,,,760.4000000000001,1239.7499999999995,6.416666666666666,1119.333333333333,1439.983333333333,9.75,,1346.8999999999999,1439.983333333333,,690.5333333333334,,,,544.8,,,,,,,,,,,,,8597.849999999999,,10,0.9004878472222222,28046.349999999995,28907.483333333323,29947.399999999994,21038.53333333333,27157.233333333344,36100.56666666668,32910.850000000006,18900.216666666664,16157.333333333336,23390.2,20112.26666666666,17934.683333333334,23331.583333333336,17603.583333333332,15310.583333333336,23890.666666666668,42937.78333333333,28522.01666666667,36515.650000000016,40095.18333333334,0,0,0,0,0,0,0,0,0,0,0,0,C4-GUJ-01,,,Macro
GUJ9433,GUJ9433__S_Haider Colony Warid_MDGJ4222,3,C4-GUJ-02,Elite,31,,,,,,,,,164.58333333333331,377.5833333333332,,,,1057.6333333333334,,,,151.00000000000003,,,,180.25000000000003,,,,,,,,,,,,,1931.05,,5,0.9776498842592592,28046.349999999995,28907.483333333323,29947.399999999994,21038.53333333333,27157.233333333344,36100.56666666668,32910.850000000006,18900.216666666664,16157.333333333336,23390.2,20112.26666666666,17934.683333333334,23331.583333333336,17603.583333333332,15310.583333333336,23890.666666666668,42937.78333333333,28522.01666666667,36515.650000000016,40095.18333333334,0,0,0,0,0,0,0,0,0,0,0,0,C4-GUJ-02,,,Macro
GUJ3875,GUJ3875__SialkotBypass,3,C4-GUJ-01,Elite,30,,,,93.50000000000001,316.83333333333337,412.1333333333333,,113.1666666666667,52.5,399.2499999999999,,,,286.96666666666664,656.4500000000002,,,,,66.75,1439.3833333333334,763.9166666666667,72.50000000000001,,,,,,,,,,,,4673.35,,12,0.9459103009259259,28046.349999999995,28907.483333333323,29947.399999999994,21038.53333333333,27157.233333333344,36100.56666666668,32910.850000000006,18900.216666666664,16157.333333333336,23390.2,20112.26666666666,17934.683333333334,23331.583333333336,17603.583333333332,15310.583333333336,23890.666666666668,42937.78333333333,28522.01666666667,36515.650000000016,40095.18333333334,0,0,0,0,0,0,0,0,0,0,0,0,C4-GUJ-01,,,Macro
GUJ9445,GUJ9445__S_Mubarak Colony Warid_MDGJ4641,3,C4-GUJ-02,Elite,20,,,,45.63333333333333,,1028.5999999999995,31.63333333333334,234.08333333333334,521.0499999999998,20.75,,25.166666666666664,120.91666666666664,152.0833333333333,,23.75,,23.916666666666668,,,,211.5,,,,,,,,,,,,,2439.083333333333,,12,0.9717698688271605,28046.349999999995,28907.483333333323,29947.399999999994,21038.53333333333,27157.233333333344,36100.56666666668,32910.850000000006,18900.216666666664,16157.333333333336,23390.2,20112.26666666666,17934.683333333334,23331.583333333336,17603.583333333332,15310.583333333336,23890.666666666668,42937.78333333333,28522.01666666667,36515.650000000016,40095.18333333334,0,0,0,0,0,0,0,0,0,0,0,0,C4-GUJ-02,,,Macro
WZB0364,WZB0364_MainBazar_NEW,3,C4-WZD-07,Elite,9,,,,,,572.6166666666667,17.85,,4.75,,,,,,,,,,35.33333333333333,,,149.33333333333334,930.616666666667,,,,,,,,,,,,1710.5000000000005,,6,0.9802025462962963,28046.349999999995,28907.483333333323,29947.399999999994,21038.53333333333,27157.233333333344,36100.56666666668,32910.850000000006,18900.216666666664,16157.333333333336,23390.2,20112.26666666666,17934.683333333334,23331.583333333336,17603.583333333332,15310.583333333336,23890.666666666668,42937.78333333333,28522.01666666667,36515.650000000016,40095.18333333334,0,0,0,0,0,0,0,0,0,0,0,0,C4-WZD-07,,,Macro
RUR9764,RUR9764__S_Kot_SanaullahWarid_MR2K3780,3,C4-WZD-07,Platinum,20,,,,,,,,,,,,,,,,,,,,,,572.9666666666667,1304.3833333333334,,,,,,,,,,,,1877.3500000000001,,2,0.978271412037037,25409.183333333334,27050.466666666664,29322.38333333333,24979.799999999996,28177.56666666666,28696.116666666665,14469.016666666668,17927.96666666667,12216.933333333332,13373.666666666666,17598.149999999998,18424.466666666664,20760.149999999998,11901.583333333334,20600.199999999997,22501.166666666664,21308.53333333333,18479.983333333337,31927.183333333323,32526.84999999999,0,0,0,0,0,0,0,0,0,0,0,0,C4-WZD-07,,,Macro
FTP6242,FTP6242__S_Fatehpur_MDFP4296,4,C4-GRT-04,Elite,27,,,,,,,,242.83333333333331,177.33333333333337,,,,,,,,,,,114.33333333333331,,41.5,2861.4,,,,,,,,,,,,3437.4,,5,0.9701614583333334,28046.349999999995,28907.483333333323,29947.399999999994,21038.53333333333,27157.233333333344,36100.56666666668,32910.850000000006,18900.216666666664,16157.333333333336,23390.2,20112.26666666666,17934.683333333334,23331.583333333336,17603.583333333332,15310.583333333336,23890.666666666668,42937.78333333333,28522.01666666667,36515.650000000016,40095.18333333334,0,0,0,0,0,0,0,0,0,0,0,0,C4-GRT-04,,,Macro
SKG4059,SKG4059__BusStdShakargarhAC,3,C4-NRW-05,Elite,30,,,,,,,,217.16666666666669,,,,,,,,,,,,,,,,,,,,,,,,,,,217.16666666666669,,1,0.9974864969135803,28046.349999999995,28907.483333333323,29947.399999999994,21038.53333333333,27157.233333333344,36100.56666666668,32910.850000000006,18900.216666666664,16157.333333333336,23390.2,20112.26666666666,17934.683333333334,23331.583333333336,17603.583333333332,15310.583333333336,23890.666666666668,42937.78333333333,28522.01666666667,36515.650000000016,40095.18333333334,0,0,0,0,0,0,0,0,0,0,0,0,C4-NRW-05,,,Macro
RUR1067,RUR1067__NatlaVillage,3,C4-NRW-05,Platinum,9,,,,,,,,,,,,,,347.9166666666667,,,,,,,,216.25,,,,,,,,,,,,,564.1666666666667,,2,0.9934702932098766,25409.183333333334,27050.466666666664,29322.38333333333,24979.799999999996,28177.56666666666,28696.116666666665,14469.016666666668,17927.96666666667,12216.933333333332,13373.666666666666,17598.149999999998,18424.466666666664,20760.149999999998,11901.583333333334,20600.199999999997,22501.166666666664,21308.53333333333,18479.983333333337,31927.183333333323,32526.84999999999,0,0,0,0,0,0,0,0,0,0,0,0,C4-NRW-05,,,Macro
JPJ3534,JPJ3534__MangowalRd,3,C4-GRT-04,Platinum,20,,,,,,436.4166666666666,,,,,,,,,,,,,,,,,,,,,,,,,,,,,436.4166666666666,,1,0.9949488811728395,25409.183333333334,27050.466666666664,29322.38333333333,24979.799999999996,28177.56666666666,28696.116666666665,14469.016666666668,17927.96666666667,12216.933333333332,13373.666666666666,17598.149999999998,18424.466666666664,20760.149999999998,11901.583333333334,20600.199999999997,22501.166666666664,21308.53333333333,18479.983333333337,31927.183333333323,32526.84999999999,0,0,0,0,0,0,0,0,0,0,0,0,C4-GRT-04,,,Macro
KHR0629,KHR0629__GalianaRoad,3,C4-MBD-08,Elite,27,,,,,,,,,,,26.75,,,,,,,,,,,,,,,,,,,,,,,,26.75,,1,0.9996903935185185,28046.349999999995,28907.483333333323,29947.399999999994,21038.53333333333,27157.233333333344,36100.56666666668,32910.850000000006,18900.216666666664,16157.333333333336,23390.2,20112.26666666666,17934.683333333334,23331.583333333336,17603.583333333332,15310.583333333336,23890.666666666668,42937.78333333333,28522.01666666667,36515.650000000016,40095.18333333334,0,0,0,0,0,0,0,0,0,0,0,0,C4-MBD-08,,,Macro
GUJ5522,GUJ5522_H_Near Aroop Mor Gujranwala,3,C4-GUJ-01,Elite,,B2S,Enfrashare,EC1-GUJ-05009,756.9999999999999,,186,,94.74999999999999,390.0500000000001,462.8000000000001,,,,,,,,169.35000000000002,1179.8500000000004,240.2333333333333,492.8999999999998,314.5666666666665,52.08333333333333,,,,,,,,,,,,4339.583333333333,,11,0.9497733410493828,28046.349999999995,28907.483333333323,29947.399999999994,21038.53333333333,27157.233333333344,36100.56666666668,32910.850000000006,18900.216666666664,16157.333333333336,23390.2,20112.26666666666,17934.683333333334,23331.583333333336,17603.583333333332,15310.583333333336,23890.666666666668,42937.78333333333,28522.01666666667,36515.650000000016,40095.18333333334,0,0,0,0,0,0,0,0,0,0,0,0,C4-GUJ-01,,,Macro
HWY0478,HWY0478__MalikPura,3,C4-MBD-08,Platinum,9,,,,,,,,,,,,,,,,,,,,,,,12,,,,,,,,,,,,12,,1,0.9998611111111111,25409.183333333334,27050.466666666664,29322.38333333333,24979.799999999996,28177.56666666666,28696.116666666665,14469.016666666668,17927.96666666667,12216.933333333332,13373.666666666666,17598.149999999998,18424.466666666664,20760.149999999998,11901.583333333334,20600.199999999997,22501.166666666664,21308.53333333333,18479.983333333337,31927.183333333323,32526.84999999999,0,0,0,0,0,0,0,0,0,0,0,0,C4-MBD-08,,,Macro
RUR3396,RUR3396__SKGMCBChowkZafarwal,3,C4-NRW-05,Elite,30,,,,,,,,,,,,477.41666666666663,185.58333333333334,,173.66666666666669,,,,291.8333333333333,290.83333333333337,209.83333333333334,270.33333333333337,139.66666666666666,,,,,,,,,,,,2039.1666666666667,,8,0.9763985339506174,28046.349999999995,28907.483333333323,29947.399999999994,21038.53333333333,27157.233333333344,36100.56666666668,32910.850000000006,18900.216666666664,16157.333333333336,23390.2,20112.26666666666,17934.683333333334,23331.583333333336,17603.583333333332,15310.583333333336,23890.666666666668,42937.78333333333,28522.01666666667,36515.650000000016,40095.18333333334,0,0,0,0,0,0,0,0,0,0,0,0,C4-NRW-05,,,Macro
GUJ6136,GUJ6136__S_JannatTown,3,C4-GUJ-02,Platinum,,B2S,E.co,e.coPK018507PU,,,,229.08333333333331,,,,,,,,,,,,,,,,,,,,,,,,,,,,229.08333333333331,,1,0.9973485725308642,25409.183333333334,27050.466666666664,29322.38333333333,24979.799999999996,28177.56666666666,28696.116666666665,14469.016666666668,17927.96666666667,12216.933333333332,13373.666666666666,17598.149999999998,18424.466666666664,20760.149999999998,11901.583333333334,20600.199999999997,22501.166666666664,21308.53333333333,18479.983333333337,31927.183333333323,32526.84999999999,0,0,0,0,0,0,0,0,0,0,0,0,C4-GUJ-02,,,Macro
NRW3788,NRW3788__MohallaLodhran,3,C4-NRW-05,Elite,13,,,,,,,1.583333333333333,,,,,,59.150000000000006,70.96666666666667,,,,,,18.5,,,,,,,,,,,,,,,150.20000000000002,,4,0.9982615740740741,28046.349999999995,28907.483333333323,29947.399999999994,21038.53333333333,27157.233333333344,36100.56666666668,32910.850000000006,18900.216666666664,16157.333333333336,23390.2,20112.26666666666,17934.683333333334,23331.583333333336,17603.583333333332,15310.583333333336,23890.666666666668,42937.78333333333,28522.01666666667,36515.650000000016,40095.18333333334,0,0,0,0,0,0,0,0,0,0,0,0,C4-NRW-05,,,Macro
GML9905,GML9905__GumtalNarowal,3,C4-NRW-05,Platinum,31,,,,,,,,,,,151.99999999999997,,,,,,,,,,58.66666666666666,,,,,,,,,,,,,,210.66666666666663,,2,0.9975617283950617,25409.183333333334,27050.466666666664,29322.38333333333,24979.799999999996,28177.56666666666,28696.116666666665,14469.016666666668,17927.96666666667,12216.933333333332,13373.666666666666,17598.149999999998,18424.466666666664,20760.149999999998,11901.583333333334,20600.199999999997,22501.166666666664,21308.53333333333,18479.983333333337,31927.183333333323,32526.84999999999,0,0,0,0,0,0,0,0,0,0,0,0,C4-NRW-05,,,Macro
GUJ0727,GUJ0727__MuhammadiTown,3,C4-GUJ-01,Platinum,27,,,,,41.75000000000001,,,389.5500000000001,,452.0000000000001,,,227.15,,256.08333333333337,,,,53.41666666666666,428,68.16666666666667,204.41666666666669,,,,,,,,,,,,,2120.5333333333338,,9,0.9754567901234568,25409.183333333334,27050.466666666664,29322.38333333333,24979.799999999996,28177.56666666666,28696.116666666665,14469.016666666668,17927.96666666667,12216.933333333332,13373.666666666666,17598.149999999998,18424.466666666664,20760.149999999998,11901.583333333334,20600.199999999997,22501.166666666664,21308.53333333333,18479.983333333337,31927.183333333323,32526.84999999999,0,0,0,0,0,0,0,0,0,0,0,0,C4-GUJ-01,,,Macro
RUR0456,RUR0456_BarilaSharif_New,3,C4-GRT-04,Elite,27,,,,,,,,200.83333333333334,1024.3166666666666,1829.7999999999997,,,,,,,193,33.75,,,,,,,,,,,,,,,,,3281.7,,5,0.9620173611111111,28046.349999999995,28907.483333333323,29947.399999999994,21038.53333333333,27157.233333333344,36100.56666666668,32910.850000000006,18900.216666666664,16157.333333333336,23390.2,20112.26666666666,17934.683333333334,23331.583333333336,17603.583333333332,15310.583333333336,23890.666666666668,42937.78333333333,28522.01666666667,36515.650000000016,40095.18333333334,0,0,0,0,0,0,0,0,0,0,0,0,C4-GRT-04,,,Macro
KRW8773,KRW8773__KarianwalaCity,3,C4-GRT-04,Platinum,20,,,,,,,,,,,,,,,,,,151.66666666666669,,36.75,313.2500000000001,59.08333333333334,,,,,,,,,,,,,560.7500000000001,,4,0.9935098379629629,25409.183333333334,27050.466666666664,29322.38333333333,24979.799999999996,28177.56666666666,28696.116666666665,14469.016666666668,17927.96666666667,12216.933333333332,13373.666666666666,17598.149999999998,18424.466666666664,20760.149999999998,11901.583333333334,20600.199999999997,22501.166666666664,21308.53333333333,18479.983333333337,31927.183333333323,32526.84999999999,0,0,0,0,0,0,0,0,0,0,0,0,C4-GRT-04,,,Macro
GUJ3195,GUJ3195__BilalPura,3,C4-GUJ-01,Platinum,9,,,,,,,,32.916666666666664,,,,,,,,,,,,,,,,,,,,,,,,,,,32.916666666666664,,1,0.9996190200617283,25409.183333333334,27050.466666666664,29322.38333333333,24979.799999999996,28177.56666666666,28696.116666666665,14469.016666666668,17927.96666666667,12216.933333333332,13373.666666666666,17598.149999999998,18424.466666666664,20760.149999999998,11901.583333333334,20600.199999999997,22501.166666666664,21308.53333333333,18479.983333333337,31927.183333333323,32526.84999999999,0,0,0,0,0,0,0,0,0,0,0,0,C4-GUJ-01,,,Macro
GJR4902,GJR4902__NewMarghazar,3,C4-GRT-04,Platinum,33,,,,3.833333333333334,,,,,,,,,,,,,,,,,,,,,,,,,,,,,,,3.833333333333334,,1,0.9999556327160494,25409.183333333334,27050.466666666664,29322.38333333333,24979.799999999996,28177.56666666666,28696.116666666665,14469.016666666668,17927.96666666667,12216.933333333332,13373.666666666666,17598.149999999998,18424.466666666664,20760.149999999998,11901.583333333334,20600.199999999997,22501.166666666664,21308.53333333333,18479.983333333337,31927.183333333323,32526.84999999999,0,0,0,0,0,0,0,0,0,0,0,0,C4-GRT-04,,,Macro
HFZ9402,HFZ9402__S_City Police Station Warid_HF4298,3,C4-HFZ-06,Elite,30,,,,,,,,,,,,,,,,,191.74999999999997,,,,,,,,,,,,,,,,,,191.74999999999997,,1,0.9977806712962963,28046.349999999995,28907.483333333323,29947.399999999994,21038.53333333333,27157.233333333344,36100.56666666668,32910.850000000006,18900.216666666664,16157.333333333336,23390.2,20112.26666666666,17934.683333333334,23331.583333333336,17603.583333333332,15310.583333333336,23890.666666666668,42937.78333333333,28522.01666666667,36515.650000000016,40095.18333333334,0,0,0,0,0,0,0,0,0,0,0,0,C4-HFZ-06,,,Macro
RUR6240,RUR6240__S_ Dolat_Nagar_Chowk_Kotla_BhimberRoad_MR745461,4,C4-GRT-04,Platinum,27,,,,,,,,,,,,,,,,,,,,,,,,,,,,,,,,,,,0,,0,1,25409.183333333334,27050.466666666664,29322.38333333333,24979.799999999996,28177.56666666666,28696.116666666665,14469.016666666668,17927.96666666667,12216.933333333332,13373.666666666666,17598.149999999998,18424.466666666664,20760.149999999998,11901.583333333334,20600.199999999997,22501.166666666664,21308.53333333333,18479.983333333337,31927.183333333323,32526.84999999999,0,0,0,0,0,0,0,0,0,0,0,0,C4-GRT-04,,,Macro
JPJ3113,JPJ3113__Kashmirmahaljalalpu,3,C4-GRT-04,Elite,27,,,,,,,152.16666666666666,,,,,,,,,,,,,,,,,,,,,,,,,,,,152.16666666666666,,1,0.998238811728395,28046.349999999995,28907.483333333323,29947.399999999994,21038.53333333333,27157.233333333344,36100.56666666668,32910.850000000006,18900.216666666664,16157.333333333336,23390.2,20112.26666666666,17934.683333333334,23331.583333333336,17603.583333333332,15310.583333333336,23890.666666666668,42937.78333333333,28522.01666666667,36515.650000000016,40095.18333333334,0,0,0,0,0,0,0,0,0,0,0,0,C4-GRT-04,,,Macro
KTN9622,KTN9622__MalikpurShakargarh,3,C4-NRW-05,Elite,30,,,,,,,,,,,,,,,,,,,,,,,,,,,,,,,,,,,0,,0,1,28046.349999999995,28907.483333333323,29947.399999999994,21038.53333333333,27157.233333333344,36100.56666666668,32910.850000000006,18900.216666666664,16157.333333333336,23390.2,20112.26666666666,17934.683333333334,23331.583333333336,17603.583333333332,15310.583333333336,23890.666666666668,42937.78333333333,28522.01666666667,36515.650000000016,40095.18333333334,0,0,0,0,0,0,0,0,0,0,0,0,C4-NRW-05,,,Macro
GUJ4660,GUJ4660__ClnyKalarAbadi,3,C4-GUJ-02,Elite,30,,,,,,34.41666666666667,21.5,186.25000000000003,37.5,55.250000000000014,,,,,,376.9166666666667,365.25,21.333333333333332,,,,,,,,,,,,,,,,,1098.4166666666667,,8,0.9872868441358026,28046.349999999995,28907.483333333323,29947.399999999994,21038.53333333333,27157.233333333344,36100.56666666668,32910.850000000006,18900.216666666664,16157.333333333336,23390.2,20112.26666666666,17934.683333333334,23331.583333333336,17603.583333333332,15310.583333333336,23890.666666666668,42937.78333333333,28522.01666666667,36515.650000000016,40095.18333333334,0,0,0,0,0,0,0,0,0,0,0,0,C4-GUJ-02,,,Macro
KPD8889,KPD8889__S_JassarVillage_Warid_MDSK1972,3,C4-NRW-05,Platinum,30,,,,,,,29.75,,,,,,,,,,,1102.3333333333333,,,,,16.083333333333336,,,,,,,,,,,,1148.1666666666665,,3,0.9867110339506173,25409.183333333334,27050.466666666664,29322.38333333333,24979.799999999996,28177.56666666666,28696.116666666665,14469.016666666668,17927.96666666667,12216.933333333332,13373.666666666666,17598.149999999998,18424.466666666664,20760.149999999998,11901.583333333334,20600.199999999997,22501.166666666664,21308.53333333333,18479.983333333337,31927.183333333323,32526.84999999999,0,0,0,0,0,0,0,0,0,0,0,0,C4-NRW-05,,,Macro
SKT9848,SKT9848__ShahKharasanMasjid,4,C4-SKT-03,Elite,27,,,,,,,,,,,,,,,,,,,,,,,,,,,,,,,,,,,0,,0,1,28046.349999999995,28907.483333333323,29947.399999999994,21038.53333333333,27157.233333333344,36100.56666666668,32910.850000000006,18900.216666666664,16157.333333333336,23390.2,20112.26666666666,17934.683333333334,23331.583333333336,17603.583333333332,15310.583333333336,23890.666666666668,42937.78333333333,28522.01666666667,36515.650000000016,40095.18333333334,0,0,0,0,0,0,0,0,0,0,0,0,C4-SKT-03,,,Macro
RUR9206,RUR9206__DhaSirihali,3,C4-GRT-04,Platinum,27,,,,,,,,,,314.91666666666663,92.98333333333333,,,,,,,,,,,,,,,,,,,,,,,,407.9,,2,0.9952789351851853,25409.183333333334,27050.466666666664,29322.38333333333,24979.799999999996,28177.56666666666,28696.116666666665,14469.016666666668,17927.96666666667,12216.933333333332,13373.666666666666,17598.149999999998,18424.466666666664,20760.149999999998,11901.583333333334,20600.199999999997,22501.166666666664,21308.53333333333,18479.983333333337,31927.183333333323,32526.84999999999,0,0,0,0,0,0,0,0,0,0,0,0,C4-GRT-04,,,Macro
GUJ3066,GUJ3066__inkRdMalikPark,3,C4-GUJ-02,Elite,9,,,,,48.99999999999999,23.25,96.00000000000001,24.91666666666667,56.499999999999986,,,,3.5,,17.5,,,,,220,25.25,71.25,445.7833333333333,,,,,,,,,,,,1032.95,,11,0.9880445601851853,28046.349999999995,28907.483333333323,29947.399999999994,21038.53333333333,27157.233333333344,36100.56666666668,32910.850000000006,18900.216666666664,16157.333333333336,23390.2,20112.26666666666,17934.683333333334,23331.583333333336,17603.583333333332,15310.583333333336,23890.666666666668,42937.78333333333,28522.01666666667,36515.650000000016,40095.18333333334,0,0,0,0,0,0,0,0,0,0,0,0,C4-GUJ-02,,,Macro
RUR6085,RUR6085__S_KAPORWALI_ADAWarid_MDSK1890,3,C4-SKT-03,Elite,,,GLO,,,,,,,,,363.3333333333333,,,578.1333333333332,184.36666666666667,,31.5,,,,,270,,,,,,,,,,,,,1427.333333333333,,5,0.983479938271605,28046.349999999995,28907.483333333323,29947.399999999994,21038.53333333333,27157.233333333344,36100.56666666668,32910.850000000006,18900.216666666664,16157.333333333336,23390.2,20112.26666666666,17934.683333333334,23331.583333333336,17603.583333333332,15310.583333333336,23890.666666666668,42937.78333333333,28522.01666666667,36515.650000000016,40095.18333333334,0,0,0,0,0,0,0,0,0,0,0,0,C4-SKT-03,,,Macro
RUR0178,RUR0178__Sharakot,3,C4-HFZ-06,Platinum,30,,,,46.16666666666667,233.33333333333337,,,,,7.5,49.91666666666668,,6.999999999999999,6.916666666666667,7.250000000000001,9,,7.250000000000001,14.750000000000004,37,7.250000000000001,7.250000000000001,6.749999999999999,,,,,,,,,,,,447.3333333333334,,14,0.9948225308641975,25409.183333333334,27050.466666666664,29322.38333333333,24979.799999999996,28177.56666666666,28696.116666666665,14469.016666666668,17927.96666666667,12216.933333333332,13373.666666666666,17598.149999999998,18424.466666666664,20760.149999999998,11901.583333333334,20600.199999999997,22501.166666666664,21308.53333333333,18479.983333333337,31927.183333333323,32526.84999999999,0,0,0,0,0,0,0,0,0,0,0,0,C4-HFZ-06,,,Macro
Ghk0384,Ghk0384__Gakkarmandi,3,C4-GUJ-02,Elite,30,,,,,,,,,,,,,,,302.25000000000006,,,,18.25,534.5000000000001,,,,,,,,,,,,,,,855.0000000000002,,3,0.9901041666666667,28046.349999999995,28907.483333333323,29947.399999999994,21038.53333333333,27157.233333333344,36100.56666666668,32910.850000000006,18900.216666666664,16157.333333333336,23390.2,20112.26666666666,17934.683333333334,23331.583333333336,17603.583333333332,15310.583333333336,23890.666666666668,42937.78333333333,28522.01666666667,36515.650000000016,40095.18333333334,0,0,0,0,0,0,0,0,0,0,0,0,C4-GUJ-02,,,Macro
SKT5523,SKT5523__S_GreenWoodStLatefabad,3,C4-SKT-03,Platinum,,B2S,Enfrashare,EC1-SKT-02081,75.75,,,279,331.7499999999999,,,343.79999999999995,,,12.333333333333332,,566.4999999999999,,,,,,395.4999999999999,,,,,,,,,,,,,2004.6333333333328,,7,0.976798225308642,25409.183333333334,27050.466666666664,29322.38333333333,24979.799999999996,28177.56666666666,28696.116666666665,14469.016666666668,17927.96666666667,12216.933333333332,13373.666666666666,17598.149999999998,18424.466666666664,20760.149999999998,11901.583333333334,20600.199999999997,22501.166666666664,21308.53333333333,18479.983333333337,31927.183333333323,32526.84999999999,0,0,0,0,0,0,0,0,0,0,0,0,C4-SKT-03,Enfra,EC1-SKT-02081,Macro
Guj4649,Guj4649__Loyawalabazar,3,C4-GUJ-02,Elite,30,,,,,,,,,149.5,244.5,,,,134.08333333333331,,,,114.83333333333334,,45.50000000000001,,,,,,,,,,,,,,,688.4166666666666,,5,0.9920322145061727,28046.349999999995,28907.483333333323,29947.399999999994,21038.53333333333,27157.233333333344,36100.56666666668,32910.850000000006,18900.216666666664,16157.333333333336,23390.2,20112.26666666666,17934.683333333334,23331.583333333336,17603.583333333332,15310.583333333336,23890.666666666668,42937.78333333333,28522.01666666667,36515.650000000016,40095.18333333334,0,0,0,0,0,0,0,0,0,0,0,0,C4-GUJ-02,,,Macro
DSK5669,DSK5669_H_Gaga Daska Sialkot,3,C4-WZD-07,Elite,,B2S,Enfrashare,EC1-DSK-06497,,,,,,,,,,,,,,,,,,58.5,,,,,,,,,,,,,,58.5,,1,0.9993229166666667,28046.349999999995,28907.483333333323,29947.399999999994,21038.53333333333,27157.233333333344,36100.56666666668,32910.850000000006,18900.216666666664,16157.333333333336,23390.2,20112.26666666666,17934.683333333334,23331.583333333336,17603.583333333332,15310.583333333336,23890.666666666668,42937.78333333333,28522.01666666667,36515.650000000016,40095.18333333334,0,0,0,0,0,0,0,0,0,0,0,0,C4-WZD-07,,,Macro
SKT4629,SKT4629__FGBoysSchoolSKTCantt,3,C4-SKT-03,Elite,30,,,,,,,,,,,,,,,,,,15.666666666666668,111.33333333333331,,,,,,,,,,,,,,,,126.99999999999999,,2,0.9985300925925925,28046.349999999995,28907.483333333323,29947.399999999994,21038.53333333333,27157.233333333344,36100.56666666668,32910.850000000006,18900.216666666664,16157.333333333336,23390.2,20112.26666666666,17934.683333333334,23331.583333333336,17603.583333333332,15310.583333333336,23890.666666666668,42937.78333333333,28522.01666666667,36515.650000000016,40095.18333333334,0,0,0,0,0,0,0,0,0,0,0,0,C4-SKT-03,,,Macro
SKT5525,SKT5525_H_Zafarwal Rd Mohalla Nizamabad Sialkot,3,C4-SKT-03,Platinum,,B2S,Enfrashare,EC1-SKT-06469,1042.0166666666673,900.2666666666679,1332.233333333333,607.6500000000001,627,,,,,,,,447.74999999999994,,134.83333333333331,284.3166666666667,1063.3,493.55,,,,,,,,,,,,,,6932.916666666668,,10,0.9197579089506172,25409.183333333334,27050.466666666664,29322.38333333333,24979.799999999996,28177.56666666666,28696.116666666665,14469.016666666668,17927.96666666667,12216.933333333332,13373.666666666666,17598.149999999998,18424.466666666664,20760.149999999998,11901.583333333334,20600.199999999997,22501.166666666664,21308.53333333333,18479.983333333337,31927.183333333323,32526.84999999999,0,0,0,0,0,0,0,0,0,0,0,0,C4-SKT-03,,,Macro
HWY3412,HWY3412_DskRoadSkt,3,C4-SKT-03,Platinum,27,,,,,,,,,,,,,,,,,,,,,,,,,,,,,,,,,,,0,,0,1,25409.183333333334,27050.466666666664,29322.38333333333,24979.799999999996,28177.56666666666,28696.116666666665,14469.016666666668,17927.96666666667,12216.933333333332,13373.666666666666,17598.149999999998,18424.466666666664,20760.149999999998,11901.583333333334,20600.199999999997,22501.166666666664,21308.53333333333,18479.983333333337,31927.183333333323,32526.84999999999,0,0,0,0,0,0,0,0,0,0,0,0,C4-SKT-03,,,Macro
TDA3941,TDA3941__BusStandTanda,3,C4-GRT-04,Platinum,20,,,,,,,,,,,,,,205.08333333333326,340.83333333333337,,,,,,,,,,,,,,,,,,,,545.9166666666666,,2,0.9936815200617284,25409.183333333334,27050.466666666664,29322.38333333333,24979.799999999996,28177.56666666666,28696.116666666665,14469.016666666668,17927.96666666667,12216.933333333332,13373.666666666666,17598.149999999998,18424.466666666664,20760.149999999998,11901.583333333334,20600.199999999997,22501.166666666664,21308.53333333333,18479.983333333337,31927.183333333323,32526.84999999999,0,0,0,0,0,0,0,0,0,0,0,0,C4-GRT-04,,,Macro
GUJ3303,GUJ3303_Mubarak Colony,3,C4-GUJ-02,Platinum,9,,,,,,34.74999999999999,194.50000000000003,187.00000000000003,6,,,,,,,,,21.25,,,,,,,,,,,,,,,,,443.50000000000006,,5,0.9948668981481481,25409.183333333334,27050.466666666664,29322.38333333333,24979.799999999996,28177.56666666666,28696.116666666665,14469.016666666668,17927.96666666667,12216.933333333332,13373.666666666666,17598.149999999998,18424.466666666664,20760.149999999998,11901.583333333334,20600.199999999997,22501.166666666664,21308.53333333333,18479.983333333337,31927.183333333323,32526.84999999999,0,0,0,0,0,0,0,0,0,0,0,0,C4-GUJ-02,,,Macro
GUJ6267,GUJ6267__S_MasterCityHousingScheme,3,C4-GUJ-01,Elite,,B2S,Enfrashare,EC1-GUJ-02839,,19.583333333333336,6.916666666666667,158.21666666666664,,,,,81.99999999999999,,,,,,,,,,,,,,,,,,,,,,,266.71666666666664,,4,0.9969130015432098,28046.349999999995,28907.483333333323,29947.399999999994,21038.53333333333,27157.233333333344,36100.56666666668,32910.850000000006,18900.216666666664,16157.333333333336,23390.2,20112.26666666666,17934.683333333334,23331.583333333336,17603.583333333332,15310.583333333336,23890.666666666668,42937.78333333333,28522.01666666667,36515.650000000016,40095.18333333334,0,0,0,0,0,0,0,0,0,0,0,0,C4-GUJ-01,,,Macro
GUJ5479,GUJ5479__S_AllahRakhaTown_CMPak_5624,3,C4-GUJ-01,Platinum,,OMO,CMPak,5624,,,214.25000000000003,,,,,,,,,,,,,,,,,,,,,,,,,,,,,214.25000000000003,,1,0.9975202546296296,25409.183333333334,27050.466666666664,29322.38333333333,24979.799999999996,28177.56666666666,28696.116666666665,14469.016666666668,17927.96666666667,12216.933333333332,13373.666666666666,17598.149999999998,18424.466666666664,20760.149999999998,11901.583333333334,20600.199999999997,22501.166666666664,21308.53333333333,18479.983333333337,31927.183333333323,32526.84999999999,0,0,0,0,0,0,0,0,0,0,0,0,C4-GUJ-01,,,Macro
GUJ3803,GUJ3803__Usman_Colony,3,C4-GUJ-01,Elite,,,GLO,,60.249999999999986,152.00000000000006,216.99999999999997,,,,294.25,,,,,,,,,,23,1195.1333333333334,153.33333333333334,,,,,,,,,,,,,2094.9666666666667,,7,0.9757527006172839,28046.349999999995,28907.483333333323,29947.399999999994,21038.53333333333,27157.233333333344,36100.56666666668,32910.850000000006,18900.216666666664,16157.333333333336,23390.2,20112.26666666666,17934.683333333334,23331.583333333336,17603.583333333332,15310.583333333336,23890.666666666668,42937.78333333333,28522.01666666667,36515.650000000016,40095.18333333334,0,0,0,0,0,0,0,0,0,0,0,0,C4-GUJ-01,,,Macro
SKT1182,SKT1182__S_Abbot Road_MDSK4174,4,C4-SKT-03,Elite,,,GLO,,,,,,,,,,170,94.46666666666668,,,,,,,,,,,,,,,,,,,,,,264.4666666666667,,2,0.9977042824074074,28046.349999999995,28907.483333333323,29947.399999999994,21038.53333333333,27157.233333333344,36100.56666666668,32910.850000000006,18900.216666666664,16157.333333333336,23390.2,20112.26666666666,17934.683333333334,23331.583333333336,17603.583333333332,15310.583333333336,23890.666666666668,42937.78333333333,28522.01666666667,36515.650000000016,40095.18333333334,0,0,0,0,0,0,0,0,0,0,0,0,C4-SKT-03,,,Macro
GUJ3816,GUJ3816__Mohallah_Shaheenabad,4,C4-GUJ-02,Elite,20,,,,8.833333333333334,,478.24999999999994,1564.5833333333335,,32.33333333333333,315.75,,,333.46666666666664,622.1166666666666,22.333333333333332,642.4166666666665,,,418.6666666666667,31.333333333333332,185.33333333333331,,353.6666666666666,,,,,,,,,,,,5009.083333333334,,13,0.9565183738425925,28046.349999999995,28907.483333333323,29947.399999999994,21038.53333333333,27157.233333333344,36100.56666666668,32910.850000000006,18900.216666666664,16157.333333333336,23390.2,20112.26666666666,17934.683333333334,23331.583333333336,17603.583333333332,15310.583333333336,23890.666666666668,42937.78333333333,28522.01666666667,36515.650000000016,40095.18333333334,0,0,0,0,0,0,0,0,0,0,0,0,C4-GUJ-02,,,Macro
GUJ5776,GUJ5776__S_Gobandgarh,3,C4-GUJ-02,Elite,,B2S,Enfrashare,EC1-GUJ-02349,,769.3833333333334,,20.25,,,,,,,,,,,,,,,,,,,,,,,,,,,,789.6333333333334,,2,0.990860725308642,28046.349999999995,28907.483333333323,29947.399999999994,21038.53333333333,27157.233333333344,36100.56666666668,32910.850000000006,18900.216666666664,16157.333333333336,23390.2,20112.26666666666,17934.683333333334,23331.583333333336,17603.583333333332,15310.583333333336,23890.666666666668,42937.78333333333,28522.01666666667,36515.650000000016,40095.18333333334,0,0,0,0,0,0,0,0,0,0,0,0,C4-GUJ-02,,,Macro
RUR5412,RUR5412__S_ModelTownUgoke,3,C4-WZD-07,Platinum,,B2S,Enfrashare,EC1-SKT-02972,,,,,,,,,,,,,,,39.50000000000001,,,,,,,,,,,,,,,,,39.50000000000001,,1,0.999542824074074,25409.183333333334,27050.466666666664,29322.38333333333,24979.799999999996,28177.56666666666,28696.116666666665,14469.016666666668,17927.96666666667,12216.933333333332,13373.666666666666,17598.149999999998,18424.466666666664,20760.149999999998,11901.583333333334,20600.199999999997,22501.166666666664,21308.53333333333,18479.983333333337,31927.183333333323,32526.84999999999,0,0,0,0,0,0,0,0,0,0,0,0,C4-WZD-07,,,Macro
KTL6094,KTL6094__S_NokhwalWarid_MDSK1984,3,C4-SKT-03,Elite,30,,,,,,,,,,,,,,,,,,,,,,,,,,,,,,,,,,,0,,0,1,28046.349999999995,28907.483333333323,29947.399999999994,21038.53333333333,27157.233333333344,36100.56666666668,32910.850000000006,18900.216666666664,16157.333333333336,23390.2,20112.26666666666,17934.683333333334,23331.583333333336,17603.583333333332,15310.583333333336,23890.666666666668,42937.78333333333,28522.01666666667,36515.650000000016,40095.18333333334,0,0,0,0,0,0,0,0,0,0,0,0,C4-SKT-03,,,Macro
SKT3812,SKT3812__GhausPura,3,C4-SKT-03,Platinum,27,,,,,,,,,,60.83333333333333,,,,,,,,,,122.50000000000004,378.58333333333337,,,,,,,,,,,,,,561.9166666666667,,3,0.9934963348765432,25409.183333333334,27050.466666666664,29322.38333333333,24979.799999999996,28177.56666666666,28696.116666666665,14469.016666666668,17927.96666666667,12216.933333333332,13373.666666666666,17598.149999999998,18424.466666666664,20760.149999999998,11901.583333333334,20600.199999999997,22501.166666666664,21308.53333333333,18479.983333333337,31927.183333333323,32526.84999999999,0,0,0,0,0,0,0,0,0,0,0,0,C4-SKT-03,,,Macro
GUJ9730,GUJ9730__MozaMaufiwalaGujnwla,4,C4-GUJ-01,Elite,30,,,,,,,,,38.333333333333336,,,,480.9,,,,,,,60,,,132.73333333333335,,,,,,,,,,,,711.9666666666667,,4,0.9938197337962963,28046.349999999995,28907.483333333323,29947.399999999994,21038.53333333333,27157.233333333344,36100.56666666668,32910.850000000006,18900.216666666664,16157.333333333336,23390.2,20112.26666666666,17934.683333333334,23331.583333333336,17603.583333333332,15310.583333333336,23890.666666666668,42937.78333333333,28522.01666666667,36515.650000000016,40095.18333333334,0,0,0,0,0,0,0,0,0,0,0,0,C4-GUJ-01,,,Macro
KMK8981,KMK8981__MohalaDarveshpura,3,C4-GUJ-01,Elite,20,,,,,,,,,102.58333333333334,257.01666666666665,,41.00000000000001,1131.35,,,,,,,,,,,,,,,,,,,,,,1531.9499999999998,,4,0.9822690972222222,28046.349999999995,28907.483333333323,29947.399999999994,21038.53333333333,27157.233333333344,36100.56666666668,32910.850000000006,18900.216666666664,16157.333333333336,23390.2,20112.26666666666,17934.683333333334,23331.583333333336,17603.583333333332,15310.583333333336,23890.666666666668,42937.78333333333,28522.01666666667,36515.650000000016,40095.18333333334,0,0,0,0,0,0,0,0,0,0,0,0,C4-GUJ-01,,,Macro
GUJ0348,GUJ0348_DC Colony,4,C4-GUJ-02,Elite,30,,,,,,745.8,,,502.9333333333332,640.5000000000001,,,,,,,,,,,,,,,,,,,,,,,,,1889.2333333333331,,3,0.9836004050925926,28046.349999999995,28907.483333333323,29947.399999999994,21038.53333333333,27157.233333333344,36100.56666666668,32910.850000000006,18900.216666666664,16157.333333333336,23390.2,20112.26666666666,17934.683333333334,23331.583333333336,17603.583333333332,15310.583333333336,23890.666666666668,42937.78333333333,28522.01666666667,36515.650000000016,40095.18333333334,0,0,0,0,0,0,0,0,0,0,0,0,C4-GUJ-02,,,Macro
HWY5734,HWY35734__S_Ghuinke,3,C4-SKT-03,Elite,,B2S,Enfrashare,EC1-SMB-02849,,,,,,,,,,,,,,,,,,,310.3333333333333,,,,,,,,,,,,,310.3333333333333,,1,0.9964081790123457,28046.349999999995,28907.483333333323,29947.399999999994,21038.53333333333,27157.233333333344,36100.56666666668,32910.850000000006,18900.216666666664,16157.333333333336,23390.2,20112.26666666666,17934.683333333334,23331.583333333336,17603.583333333332,15310.583333333336,23890.666666666668,42937.78333333333,28522.01666666667,36515.650000000016,40095.18333333334,0,0,0,0,0,0,0,0,0,0,0,0,C4-SKT-03,,,Macro
GUJ5850,GUJ5850_H_Muslim Town Rehmanpura,3,C4-GUJ-02,Platinum,,B2S,Enfrashare,EC1-GUJ-07827,,,,,,,,,,,,,,,,,,,,,,,,,,,,,,,,0,,0,1,25409.183333333334,27050.466666666664,29322.38333333333,24979.799999999996,28177.56666666666,28696.116666666665,14469.016666666668,17927.96666666667,12216.933333333332,13373.666666666666,17598.149999999998,18424.466666666664,20760.149999999998,11901.583333333334,20600.199999999997,22501.166666666664,21308.53333333333,18479.983333333337,31927.183333333323,32526.84999999999,0,0,0,0,0,0,0,0,0,0,0,0,C4-GUJ-02,,,Macro
KHR2593,KHR2593_0295 Offload,3,C4-MBD-08,Elite,20,,,,,,,,,,,,42.75,139.50000000000003,57.24999999999999,,,,,,,,,190.96666666666667,,,,,,,,,,,,430.4666666666667,,4,0.9950177469135802,28046.349999999995,28907.483333333323,29947.399999999994,21038.53333333333,27157.233333333344,36100.56666666668,32910.850000000006,18900.216666666664,16157.333333333336,23390.2,20112.26666666666,17934.683333333334,23331.583333333336,17603.583333333332,15310.583333333336,23890.666666666668,42937.78333333333,28522.01666666667,36515.650000000016,40095.18333333334,0,0,0,0,0,0,0,0,0,0,0,0,C4-MBD-08,,,Macro
GUJ9450,GUJ9450__S_Gulshanabad Warid_MDGJ4155,3,C4-GUJ-02,Elite,27,,,,143.66666666666669,123.16666666666666,131.74999999999997,,,306.7499999999999,6.416666666666667,,,187,1439.983333333333,3.5,22.916666666666668,11.666666666666668,29,48.16666666666667,4.333333333333333,136.91666666666666,80.33333333333333,61.499999999999986,,,,,,,,,,,,2737.0666666666657,,16,0.968320987654321,28046.349999999995,28907.483333333323,29947.399999999994,21038.53333333333,27157.233333333344,36100.56666666668,32910.850000000006,18900.216666666664,16157.333333333336,23390.2,20112.26666666666,17934.683333333334,23331.583333333336,17603.583333333332,15310.583333333336,23890.666666666668,42937.78333333333,28522.01666666667,36515.650000000016,40095.18333333334,0,0,0,0,0,0,0,0,0,0,0,0,C4-GUJ-02,,,Macro
RUR6208,RUR6208__S_GaliNamber_wali_KhutialaSheikhan_MR335302,3,C4-MBD-08,Platinum,30,,,,42.66666666666667,,50.25,,,,,100.99999999999997,,,,49.833333333333336,186.49999999999997,163.75000000000003,42.5,154.75000000000003,136.00000000000003,,13.5,301.33333333333337,,,,,,,,,,,,1242.0833333333335,,11,0.9856240354938273,25409.183333333334,27050.466666666664,29322.38333333333,24979.799999999996,28177.56666666666,28696.116666666665,14469.016666666668,17927.96666666667,12216.933333333332,13373.666666666666,17598.149999999998,18424.466666666664,20760.149999999998,11901.583333333334,20600.199999999997,22501.166666666664,21308.53333333333,18479.983333333337,31927.183333333323,32526.84999999999,0,0,0,0,0,0,0,0,0,0,0,0,C4-MBD-08,,,Macro
SKT2117,SKT2117__AdalatGarh,3,C4-SKT-03,Platinum,,OMO,UFONE,7757,,,,,,,,,,,,,,,,,,8.916666666666668,,,,,,,,,,,,,,8.916666666666668,,1,0.9998967978395062,25409.183333333334,27050.466666666664,29322.38333333333,24979.799999999996,28177.56666666666,28696.116666666665,14469.016666666668,17927.96666666667,12216.933333333332,13373.666666666666,17598.149999999998,18424.466666666664,20760.149999999998,11901.583333333334,20600.199999999997,22501.166666666664,21308.53333333333,18479.983333333337,31927.183333333323,32526.84999999999,0,0,0,0,0,0,0,0,0,0,0,0,C4-SKT-03,UFone,7757,Macro
MIR2210,MIR2210__Sheikhatahir,3,C4-MBD-08,Platinum,20,,,,,,,,,,,,,,,,,,,,71,,294.08333333333337,1150.4166666666665,,,,,,,,,,,,1515.5,,3,0.9824594907407408,25409.183333333334,27050.466666666664,29322.38333333333,24979.799999999996,28177.56666666666,28696.116666666665,14469.016666666668,17927.96666666667,12216.933333333332,13373.666666666666,17598.149999999998,18424.466666666664,20760.149999999998,11901.583333333334,20600.199999999997,22501.166666666664,21308.53333333333,18479.983333333337,31927.183333333323,32526.84999999999,0,0,0,0,0,0,0,0,0,0,0,0,C4-MBD-08,,,Macro
GUJ0729,GUJ0729__KalarAbadiNowshera,3,C4-GUJ-02,Elite,20,,,,,,33.99999999999999,650.4166666666666,221.58333333333337,5.750000000000001,147.66666666666666,,,,,43.58333333333333,,,20.75,33.25,198.16666666666666,,,150.25000000000003,,,,,,,,,,,,1505.4166666666667,,10,0.9825761959876543,28046.349999999995,28907.483333333323,29947.399999999994,21038.53333333333,27157.233333333344,36100.56666666668,32910.850000000006,18900.216666666664,16157.333333333336,23390.2,20112.26666666666,17934.683333333334,23331.583333333336,17603.583333333332,15310.583333333336,23890.666666666668,42937.78333333333,28522.01666666667,36515.650000000016,40095.18333333334,0,0,0,0,0,0,0,0,0,0,0,0,C4-GUJ-02,,,Macro
GUJ3304,GUJ3304__IhasanHospNowshera,3,C4-GUJ-02,Platinum,9,,,,26.25,,33.99999999999999,,,,,,,,,,,,,,,,,,,,,,,,,,,,,60.24999999999999,,2,0.9993026620370371,25409.183333333334,27050.466666666664,29322.38333333333,24979.799999999996,28177.56666666666,28696.116666666665,14469.016666666668,17927.96666666667,12216.933333333332,13373.666666666666,17598.149999999998,18424.466666666664,20760.149999999998,11901.583333333334,20600.199999999997,22501.166666666664,21308.53333333333,18479.983333333337,31927.183333333323,32526.84999999999,0,0,0,0,0,0,0,0,0,0,0,0,C4-GUJ-02,,,Macro
GUJ4178,GUJ4178__Mohallah_Zahid,3,C4-GUJ-02,Elite,30,,,,21.833333333333332,59.66666666666666,38.833333333333336,12,35.166666666666664,,,,,24.583333333333332,40.24999999999999,25.416666666666664,12.5,21.416666666666668,11.75,19.166666666666664,10,26.249999999999996,12.25,12.416666666666664,,,,,,,,,,,,383.50000000000006,,16,0.9955613425925925,28046.349999999995,28907.483333333323,29947.399999999994,21038.53333333333,27157.233333333344,36100.56666666668,32910.850000000006,18900.216666666664,16157.333333333336,23390.2,20112.26666666666,17934.683333333334,23331.583333333336,17603.583333333332,15310.583333333336,23890.666666666668,42937.78333333333,28522.01666666667,36515.650000000016,40095.18333333334,0,0,0,0,0,0,0,0,0,0,0,0,C4-GUJ-02,,,Macro
WZB9635,WZB9635__Bagri_PlazaWazirabad,3,C4-WZD-07,Platinum,,,GLO,,,,,,,,,,,,,,,,,,,,,,,,,,,,,,,,,0,,0,1,25409.183333333334,27050.466666666664,29322.38333333333,24979.799999999996,28177.56666666666,28696.116666666665,14469.016666666668,17927.96666666667,12216.933333333332,13373.666666666666,17598.149999999998,18424.466666666664,20760.149999999998,11901.583333333334,20600.199999999997,22501.166666666664,21308.53333333333,18479.983333333337,31927.183333333323,32526.84999999999,0,0,0,0,0,0,0,0,0,0,0,0,C4-WZD-07,,,Macro
MBN6233,MBN6233__S_Main_City_Bazar_MDMB4173,3,C4-MBD-08,Elite,27,,,,82.91666666666669,57.24999999999999,152,54.25,158.41666666666663,191.98333333333335,224.33333333333334,,287.8333333333333,69.24999999999999,27,42,27.08333333333333,127.9166666666667,183.03333333333333,459.25,,138.33333333333331,760.1500000000002,,,,,,,,,,,,,3043,,17,0.9647800925925926,28046.349999999995,28907.483333333323,29947.399999999994,21038.53333333333,27157.233333333344,36100.56666666668,32910.850000000006,18900.216666666664,16157.333333333336,23390.2,20112.26666666666,17934.683333333334,23331.583333333336,17603.583333333332,15310.583333333336,23890.666666666668,42937.78333333333,28522.01666666667,36515.650000000016,40095.18333333334,0,0,0,0,0,0,0,0,0,0,0,0,C4-MBD-08,,,Macro
DSK6921,DSK6921__FarooqiaMosque,3,C4-WZD-07,Elite,,,GLO,,,,445.79999999999995,,,,,,49.33333333333333,,,,,,,,,,,,,,,,,,,,,,,495.13333333333327,,2,0.9942692901234568,28046.349999999995,28907.483333333323,29947.399999999994,21038.53333333333,27157.233333333344,36100.56666666668,32910.850000000006,18900.216666666664,16157.333333333336,23390.2,20112.26666666666,17934.683333333334,23331.583333333336,17603.583333333332,15310.583333333336,23890.666666666668,42937.78333333333,28522.01666666667,36515.650000000016,40095.18333333334,0,0,0,0,0,0,0,0,0,0,0,0,C4-WZD-07,,,Macro
GUJ1501,GUJ1501__GMCnewmuslimColonyGUJ,3,C4-GUJ-01,Platinum,,OMO,CMPak,5618,,,,,,21.5,,,,,,,,,,,,,,,,,,,,,,,,,,21.5,,1,0.9997511574074075,25409.183333333334,27050.466666666664,29322.38333333333,24979.799999999996,28177.56666666666,28696.116666666665,14469.016666666668,17927.96666666667,12216.933333333332,13373.666666666666,17598.149999999998,18424.466666666664,20760.149999999998,11901.583333333334,20600.199999999997,22501.166666666664,21308.53333333333,18479.983333333337,31927.183333333323,32526.84999999999,0,0,0,0,0,0,0,0,0,0,0,0,C4-GUJ-01,CMPAK,5618,Macro
GUJ9443,GUJ9443__S_Sultanpura Warid_MDGJ3916,3,C4-GUJ-02,Elite,,OMO,Ufone,3304,235.4,2555.35,,,,,,,,,,,,,,,,,,,,,,,,,,,,,,2790.75,,2,0.9676996527777777,28046.349999999995,28907.483333333323,29947.399999999994,21038.53333333333,27157.233333333344,36100.56666666668,32910.850000000006,18900.216666666664,16157.333333333336,23390.2,20112.26666666666,17934.683333333334,23331.583333333336,17603.583333333332,15310.583333333336,23890.666666666668,42937.78333333333,28522.01666666667,36515.650000000016,40095.18333333334,0,0,0,0,0,0,0,0,0,0,0,0,C4-GUJ-02,UFone,3304,Macro
GUJ5469,GUJ5469__S_Jagna,3,C4-GUJ-01,Elite,,B2S,Enfrashare,EC1-GUJ-01734,,75.05000000000001,22.583333333333336,,,18.75,,,,,,,,,,,,,,,,,,,,,,,,,,116.38333333333335,,3,0.9986529706790124,28046.349999999995,28907.483333333323,29947.399999999994,21038.53333333333,27157.233333333344,36100.56666666668,32910.850000000006,18900.216666666664,16157.333333333336,23390.2,20112.26666666666,17934.683333333334,23331.583333333336,17603.583333333332,15310.583333333336,23890.666666666668,42937.78333333333,28522.01666666667,36515.650000000016,40095.18333333334,0,0,0,0,0,0,0,0,0,0,0,0,C4-GUJ-01,,,Macro
DSK5782,DSK5782__S_FarooqiaStreetIslampura,3,C4-WZD-07,Platinum,,B2S,Enfrashare,EC1-DSK-02395,,,,698.3333333333333,,,,,1030.9499999999998,,584.3333333333333,13.25,,53.74999999999999,220.83333333333331,822.8333333333331,225.5833333333334,1167.9666666666665,817.7333333333332,208.79999999999998,,,,,,,,,,,,5844.366666666667,,11,0.9323568672839506,25409.183333333334,27050.466666666664,29322.38333333333,24979.799999999996,28177.56666666666,28696.116666666665,14469.016666666668,17927.96666666667,12216.933333333332,13373.666666666666,17598.149999999998,18424.466666666664,20760.149999999998,11901.583333333334,20600.199999999997,22501.166666666664,21308.53333333333,18479.983333333337,31927.183333333323,32526.84999999999,0,0,0,0,0,0,0,0,0,0,0,0,C4-WZD-07,,,Macro
DSK5650,DSK5650__S_HaqPura,3,C4-WZD-07,Elite,,B2S,Enfrashare,EC1-DSK-02503,,,446.1500000000001,377.1166666666666,,,,,710.0833333333335,,484.58333333333314,,,,,589.6500000000001,,568.0333333333334,,,,,,,,,,,,,,3175.616666666667,,6,0.9632451774691358,28046.349999999995,28907.483333333323,29947.399999999994,21038.53333333333,27157.233333333344,36100.56666666668,32910.850000000006,18900.216666666664,16157.333333333336,23390.2,20112.26666666666,17934.683333333334,23331.583333333336,17603.583333333332,15310.583333333336,23890.666666666668,42937.78333333333,28522.01666666667,36515.650000000016,40095.18333333334,0,0,0,0,0,0,0,0,0,0,0,0,C4-WZD-07,,,Macro
SMB2422,SMB2422__S_Opposite_DryportWarid_MDSK1583,3,C4-WZD-07,Elite,30,,,,,,,,,8.333333333333332,,,,,,,,,,,8.75,,,,,,,,,,,,,,,17.083333333333332,,2,0.9998022762345679,28046.349999999995,28907.483333333323,29947.399999999994,21038.53333333333,27157.233333333344,36100.56666666668,32910.850000000006,18900.216666666664,16157.333333333336,23390.2,20112.26666666666,17934.683333333334,23331.583333333336,17603.583333333332,15310.583333333336,23890.666666666668,42937.78333333333,28522.01666666667,36515.650000000016,40095.18333333334,0,0,0,0,0,0,0,0,0,0,0,0,C4-WZD-07,,,Macro
BPW8989,BPW8989_SBDKRD_BhopalwalACD,4,C4-WZD-07,Elite,27,,,,,,,,,,,,,416,,,,,1.833333333333333,2.083333333333333,,67.41666666666667,,,,,,,,,,,,,,487.3333333333333,,4,0.9957696759259259,28046.349999999995,28907.483333333323,29947.399999999994,21038.53333333333,27157.233333333344,36100.56666666668,32910.850000000006,18900.216666666664,16157.333333333336,23390.2,20112.26666666666,17934.683333333334,23331.583333333336,17603.583333333332,15310.583333333336,23890.666666666668,42937.78333333333,28522.01666666667,36515.650000000016,40095.18333333334,0,0,0,0,0,0,0,0,0,0,0,0,C4-WZD-07,,,Macro
RUR4494,RUR4494__WaraichRiceMillGlot,3,C4-WZD-07,Platinum,20,,,,,,215.13333333333335,113.15,,,,75.24999999999999,,,,5.583333333333333,199.58333333333331,,,701.5000000000001,,,,305,,,,,,,,,,,,1615.2000000000003,,7,0.9813055555555557,25409.183333333334,27050.466666666664,29322.38333333333,24979.799999999996,28177.56666666666,28696.116666666665,14469.016666666668,17927.96666666667,12216.933333333332,13373.666666666666,17598.149999999998,18424.466666666664,20760.149999999998,11901.583333333334,20600.199999999997,22501.166666666664,21308.53333333333,18479.983333333337,31927.183333333323,32526.84999999999,0,0,0,0,0,0,0,0,0,0,0,0,C4-WZD-07,,,Macro
QDS5748,QDS5748__S_LarriAdda,3,C4-HFZ-06,Elite,,B2S,Enfrashare,EC1-QDS-01335,,,,,,,,,,,,,,,,,,,,,,,,,,,,,,,,0,,0,1,28046.349999999995,28907.483333333323,29947.399999999994,21038.53333333333,27157.233333333344,36100.56666666668,32910.850000000006,18900.216666666664,16157.333333333336,23390.2,20112.26666666666,17934.683333333334,23331.583333333336,17603.583333333332,15310.583333333336,23890.666666666668,42937.78333333333,28522.01666666667,36515.650000000016,40095.18333333334,0,0,0,0,0,0,0,0,0,0,0,0,C4-HFZ-06,Enfra,,Macro
KQD1726,KQD1726__S_Adda Wali MasjidWarid_295293,3,C4-HFZ-06,Elite,27,,,,,,,,475,,,,,,,,,,,,,100.24999999999997,,422.83333333333337,,,,,,,,,,,,998.0833333333334,,3,0.9884481095679013,28046.349999999995,28907.483333333323,29947.399999999994,21038.53333333333,27157.233333333344,36100.56666666668,32910.850000000006,18900.216666666664,16157.333333333336,23390.2,20112.26666666666,17934.683333333334,23331.583333333336,17603.583333333332,15310.583333333336,23890.666666666668,42937.78333333333,28522.01666666667,36515.650000000016,40095.18333333334,0,0,0,0,0,0,0,0,0,0,0,0,C4-HFZ-06,,,Macro
RUR1051,RUR1051__Nizampur,3,C4-GUJ-01,Elite,9,,,,928.65,303.1333333333333,359.4999999999999,,,,,46.25000000000001,375.4166666666667,,,,,,,,,,,,,,,,,,,,,,,2012.95,,5,0.9767019675925925,28046.349999999995,28907.483333333323,29947.399999999994,21038.53333333333,27157.233333333344,36100.56666666668,32910.850000000006,18900.216666666664,16157.333333333336,23390.2,20112.26666666666,17934.683333333334,23331.583333333336,17603.583333333332,15310.583333333336,23890.666666666668,42937.78333333333,28522.01666666667,36515.650000000016,40095.18333333334,0,0,0,0,0,0,0,0,0,0,0,0,C4-GUJ-01,,,Macro
GUJ1188,GUJ1188__OppOfficerColony,3,C4-GUJ-02,Platinum,,OMO,UFONE,3315,,,,,,,,,,,,,,,,,,,,,,,,,,,,,,,,0,,0,1,25409.183333333334,27050.466666666664,29322.38333333333,24979.799999999996,28177.56666666666,28696.116666666665,14469.016666666668,17927.96666666667,12216.933333333332,13373.666666666666,17598.149999999998,18424.466666666664,20760.149999999998,11901.583333333334,20600.199999999997,22501.166666666664,21308.53333333333,18479.983333333337,31927.183333333323,32526.84999999999,0,0,0,0,0,0,0,0,0,0,0,0,C4-GUJ-02,UFone,3315,Macro
QSG1616,QSG1616__S_ChotaChowk_QilaSobaSingh_Warid_MDQH4295,3,C4-NRW-05,Elite,30,,,,,,344.1666666666667,,,,,,,,,,247.66666666666666,,,,,,,,,,,,,,,,,,,591.8333333333334,,2,0.9931500771604937,28046.349999999995,28907.483333333323,29947.399999999994,21038.53333333333,27157.233333333344,36100.56666666668,32910.850000000006,18900.216666666664,16157.333333333336,23390.2,20112.26666666666,17934.683333333334,23331.583333333336,17603.583333333332,15310.583333333336,23890.666666666668,42937.78333333333,28522.01666666667,36515.650000000016,40095.18333333334,0,0,0,0,0,0,0,0,0,0,0,0,C4-NRW-05,,,Macro
RUR5144,RUR5144__DCONarowal,1,C4-NRW-05,Platinum,,,,,,,,,,,,,,,,,,,,,,,,,,,,,,,,,,,,0,,0,1,25409.183333333334,27050.466666666664,29322.38333333333,24979.799999999996,28177.56666666666,28696.116666666665,14469.016666666668,17927.96666666667,12216.933333333332,13373.666666666666,17598.149999999998,18424.466666666664,20760.149999999998,11901.583333333334,20600.199999999997,22501.166666666664,21308.53333333333,18479.983333333337,31927.183333333323,32526.84999999999,0,0,0,0,0,0,0,0,0,0,0,0,C4-NRW-05,,,Micro
WZB0571,WZB0571__S_ChemaColonyWarid_MDWA1512,3,C4-WZD-07,Platinum,,,GLO,,,,,,,,,,,,,,,,,,,,,,,,,,,,,,,,,0,,0,1,25409.183333333334,27050.466666666664,29322.38333333333,24979.799999999996,28177.56666666666,28696.116666666665,14469.016666666668,17927.96666666667,12216.933333333332,13373.666666666666,17598.149999999998,18424.466666666664,20760.149999999998,11901.583333333334,20600.199999999997,22501.166666666664,21308.53333333333,18479.983333333337,31927.183333333323,32526.84999999999,0,0,0,0,0,0,0,0,0,0,0,0,C4-WZD-07,,,Macro
PSR4155,PSR4155__ChurchRoadpasroor,4,C4-NRW-05,Elite,30,,,,957.2666666666667,,418.66666666666663,,,672.3333333333329,,,82.58333333333333,,,,370.5833333333332,4,,80.66666666666669,,1596.583333333333,368.5833333333332,201.31666666666672,,,,,,,,,,,,4752.583333333332,,10,0.9587449363425926,28046.349999999995,28907.483333333323,29947.399999999994,21038.53333333333,27157.233333333344,36100.56666666668,32910.850000000006,18900.216666666664,16157.333333333336,23390.2,20112.26666666666,17934.683333333334,23331.583333333336,17603.583333333332,15310.583333333336,23890.666666666668,42937.78333333333,28522.01666666667,36515.650000000016,40095.18333333334,0,0,0,0,0,0,0,0,0,0,0,0,C4-NRW-05,,,Macro
RUR0403,RUR0403__S_MUHALLARAHMANIA_Warid_MDPR4148,3,C4-NRW-05,Elite,,,GLO,,,,,,,,,,513.9999999999999,,,,,,,494.04999999999995,,,534.9166666666665,,,,,,,,,,,,,1542.9666666666662,,3,0.9821415895061729,28046.349999999995,28907.483333333323,29947.399999999994,21038.53333333333,27157.233333333344,36100.56666666668,32910.850000000006,18900.216666666664,16157.333333333336,23390.2,20112.26666666666,17934.683333333334,23331.583333333336,17603.583333333332,15310.583333333336,23890.666666666668,42937.78333333333,28522.01666666667,36515.650000000016,40095.18333333334,0,0,0,0,0,0,0,0,0,0,0,0,C4-NRW-05,,,Macro
RUR0875,RUR0875__Karariwala_Kalan,3,C4-MBD-08,Platinum,20,,,,,,,,,,,,,,,,,,,,33.74999999999999,,,17.666666666666668,,,,,,,,,,,,51.41666666666666,,2,0.9994048996913579,25409.183333333334,27050.466666666664,29322.38333333333,24979.799999999996,28177.56666666666,28696.116666666665,14469.016666666668,17927.96666666667,12216.933333333332,13373.666666666666,17598.149999999998,18424.466666666664,20760.149999999998,11901.583333333334,20600.199999999997,22501.166666666664,21308.53333333333,18479.983333333337,31927.183333333323,32526.84999999999,0,0,0,0,0,0,0,0,0,0,0,0,C4-MBD-08,,,Macro
GHK4414,GHK4414__Hanjranwala,3,C4-GUJ-02,Elite,20,,,,99.08333333333333,18.166666666666664,220.25,420.7499999999999,,,,,,,,,,,,,,81.8,,,,,,,,,,,,,,840.0499999999998,,5,0.990277199074074,28046.349999999995,28907.483333333323,29947.399999999994,21038.53333333333,27157.233333333344,36100.56666666668,32910.850000000006,18900.216666666664,16157.333333333336,23390.2,20112.26666666666,17934.683333333334,23331.583333333336,17603.583333333332,15310.583333333336,23890.666666666668,42937.78333333333,28522.01666666667,36515.650000000016,40095.18333333334,0,0,0,0,0,0,0,0,0,0,0,0,C4-GUJ-02,,,Macro
Skt3422,Skt3422__Hammad_Arcade,3,C4-SKT-03,Platinum,20,,,,,,,321,,,,,,,,,,293.50000000000006,,,,,,,,,,,,,,,,,,614.5,,2,0.9928877314814816,25409.183333333334,27050.466666666664,29322.38333333333,24979.799999999996,28177.56666666666,28696.116666666665,14469.016666666668,17927.96666666667,12216.933333333332,13373.666666666666,17598.149999999998,18424.466666666664,20760.149999999998,11901.583333333334,20600.199999999997,22501.166666666664,21308.53333333333,18479.983333333337,31927.183333333323,32526.84999999999,0,0,0,0,0,0,0,0,0,0,0,0,C4-SKT-03,,,Macro
SKT5699,SKT5699__S_BijliMohalla,3,C4-SKT-03,Elite,,B2S,Enfrashare,EC1-SKT-02541,,,,,,,,,,,,,,,,,,,,,,,,,,,,,,,,0,,0,1,28046.349999999995,28907.483333333323,29947.399999999994,21038.53333333333,27157.233333333344,36100.56666666668,32910.850000000006,18900.216666666664,16157.333333333336,23390.2,20112.26666666666,17934.683333333334,23331.583333333336,17603.583333333332,15310.583333333336,23890.666666666668,42937.78333333333,28522.01666666667,36515.650000000016,40095.18333333334,0,0,0,0,0,0,0,0,0,0,0,0,C4-SKT-03,,,Macro
SKT9481,SKT9481__S_Ghausia Street Muslim colony_MDSK4265,3,C4-SKT-03,Elite,20,,,,,,,,,,,,,,,,843.75,750.8333333333331,,,,1.916666666666667,,,,,,,,,,,,,,1596.4999999999998,,3,0.9815219907407408,28046.349999999995,28907.483333333323,29947.399999999994,21038.53333333333,27157.233333333344,36100.56666666668,32910.850000000006,18900.216666666664,16157.333333333336,23390.2,20112.26666666666,17934.683333333334,23331.583333333336,17603.583333333332,15310.583333333336,23890.666666666668,42937.78333333333,28522.01666666667,36515.650000000016,40095.18333333334,0,0,0,0,0,0,0,0,0,0,0,0,C4-SKT-03,,,Macro
GUJ8233,GUJ8233__Thirty_Feet_Bazar_WP,3,C4-GUJ-02,Elite,,,GLO,,,27.5,,466.5,,248.75,,,,,,,48.08333333333333,,,,,,,,,,,,,,,,,,,790.8333333333334,,4,0.990846836419753,28046.349999999995,28907.483333333323,29947.399999999994,21038.53333333333,27157.233333333344,36100.56666666668,32910.850000000006,18900.216666666664,16157.333333333336,23390.2,20112.26666666666,17934.683333333334,23331.583333333336,17603.583333333332,15310.583333333336,23890.666666666668,42937.78333333333,28522.01666666667,36515.650000000016,40095.18333333334,0,0,0,0,0,0,0,0,0,0,0,0,C4-GUJ-02,,,Macro
RUR3736,RUR3736__GJRMangowalGharbi,4,C4-MBD-08,Elite,20,,,,,,,,,,,,,,,,,,,,,110.58333333333334,,,,,,,,,,,,,,110.58333333333334,,1,0.9990400752314815,28046.349999999995,28907.483333333323,29947.399999999994,21038.53333333333,27157.233333333344,36100.56666666668,32910.850000000006,18900.216666666664,16157.333333333336,23390.2,20112.26666666666,17934.683333333334,23331.583333333336,17603.583333333332,15310.583333333336,23890.666666666668,42937.78333333333,28522.01666666667,36515.650000000016,40095.18333333334,0,0,0,0,0,0,0,0,0,0,0,0,C4-MBD-08,,,Macro
RUR0433,RUR0433_Marali Wala,4,C4-HFZ-06,Elite,20,,,,,,,,,,,,,,,,,,,,,67.58333333333334,,,,,,,,,,,,,,67.58333333333334,,1,0.9994133391203703,28046.349999999995,28907.483333333323,29947.399999999994,21038.53333333333,27157.233333333344,36100.56666666668,32910.850000000006,18900.216666666664,16157.333333333336,23390.2,20112.26666666666,17934.683333333334,23331.583333333336,17603.583333333332,15310.583333333336,23890.666666666668,42937.78333333333,28522.01666666667,36515.650000000016,40095.18333333334,0,0,0,0,0,0,0,0,0,0,0,0,C4-HFZ-06,,,Macro
RUR9207,RUR9207__Dhudra,3,C4-GRT-04,Platinum,30,,,,,,,,,,,,,,,,,,,,,,174.08333333333334,,,,,,,,,,,,,174.08333333333334,,1,0.9979851466049382,25409.183333333334,27050.466666666664,29322.38333333333,24979.799999999996,28177.56666666666,28696.116666666665,14469.016666666668,17927.96666666667,12216.933333333332,13373.666666666666,17598.149999999998,18424.466666666664,20760.149999999998,11901.583333333334,20600.199999999997,22501.166666666664,21308.53333333333,18479.983333333337,31927.183333333323,32526.84999999999,0,0,0,0,0,0,0,0,0,0,0,0,C4-GRT-04,,,Macro
HWY0282,HWY0282__ChakSantharia,3,C4-GRT-04,Platinum,27,,,,,,,,,,,,,,,,,,,,,,,,,,,,,,,,,,,0,,0,1,25409.183333333334,27050.466666666664,29322.38333333333,24979.799999999996,28177.56666666666,28696.116666666665,14469.016666666668,17927.96666666667,12216.933333333332,13373.666666666666,17598.149999999998,18424.466666666664,20760.149999999998,11901.583333333334,20600.199999999997,22501.166666666664,21308.53333333333,18479.983333333337,31927.183333333323,32526.84999999999,0,0,0,0,0,0,0,0,0,0,0,0,C4-GRT-04,,,Macro
PSR4200,PSR4200__FaisalColony,4,C4-NRW-05,Elite,31,,,,,,,19.666666666666668,222.0833333333333,313.49999999999994,,300.5,230.24999999999994,,,,,,165.16666666666666,,,,631.7333333333333,,,,,,,,,,,,,1882.8999999999999,,7,0.9836553819444444,28046.349999999995,28907.483333333323,29947.399999999994,21038.53333333333,27157.233333333344,36100.56666666668,32910.850000000006,18900.216666666664,16157.333333333336,23390.2,20112.26666666666,17934.683333333334,23331.583333333336,17603.583333333332,15310.583333333336,23890.666666666668,42937.78333333333,28522.01666666667,36515.650000000016,40095.18333333334,0,0,0,0,0,0,0,0,0,0,0,0,C4-NRW-05,,,Macro
SKT9472,SKT9472__S_Muslim Town SKT_MDSK4175,3,C4-SKT-03,Platinum,27,,,,1111.0833333333335,,,,64.16666666666667,,,,,20.25,63.249999999999986,,128.41666666666669,,1444.5,,,,,,,,,,,,,,,,,2831.666666666667,,6,0.9672260802469136,25409.183333333334,27050.466666666664,29322.38333333333,24979.799999999996,28177.56666666666,28696.116666666665,14469.016666666668,17927.96666666667,12216.933333333332,13373.666666666666,17598.149999999998,18424.466666666664,20760.149999999998,11901.583333333334,20600.199999999997,22501.166666666664,21308.53333333333,18479.983333333337,31927.183333333323,32526.84999999999,0,0,0,0,0,0,0,0,0,0,0,0,C4-SKT-03,,,Macro
KRW8772,KRW8772__mohallahShomaliKRW,3,C4-GRT-04,Elite,31,,,,,,,,,,,,,,,,,,,,,,,,,,,,,,,,,,,0,,0,1,28046.349999999995,28907.483333333323,29947.399999999994,21038.53333333333,27157.233333333344,36100.56666666668,32910.850000000006,18900.216666666664,16157.333333333336,23390.2,20112.26666666666,17934.683333333334,23331.583333333336,17603.583333333332,15310.583333333336,23890.666666666668,42937.78333333333,28522.01666666667,36515.650000000016,40095.18333333334,0,0,0,0,0,0,0,0,0,0,0,0,C4-GRT-04,,,Macro
GUJ9534,GUJ9534__BagdadTownAlamChowkPTCL_EXC,3,C4-GUJ-02,Elite,,OMO,PTCL,GTRP2052,257.83333333333337,510.5833333333333,865.3333333333331,410.58333333333337,916.0833333333334,427.75,218.74999999999997,,14.166666666666668,303.9999999999999,51.33333333333334,109.41666666666666,156.33333333333334,358,121.00000000000003,143.08333333333337,,192,151.58333333333334,124.74999999999999,,,,,,,,,,,,5332.583333333333,,18,0.9382802854938272,28046.349999999995,28907.483333333323,29947.399999999994,21038.53333333333,27157.233333333344,36100.56666666668,32910.850000000006,18900.216666666664,16157.333333333336,23390.2,20112.26666666666,17934.683333333334,23331.583333333336,17603.583333333332,15310.583333333336,23890.666666666668,42937.78333333333,28522.01666666667,36515.650000000016,40095.18333333334,0,0,0,0,0,0,0,0,0,0,0,0,C4-GUJ-02,PTCL,GTRP2052,Macro
GHK9864,GHK9864__Muhallahjinnah_Town,3,C4-GUJ-02,Elite,30,,,,,,,,,,,,,,473.4999999999999,121.5,,,,77.10000000000001,648.7166666666667,267.75,,,,,,,,,,,,,,1588.5666666666666,,5,0.9816138117283951,28046.349999999995,28907.483333333323,29947.399999999994,21038.53333333333,27157.233333333344,36100.56666666668,32910.850000000006,18900.216666666664,16157.333333333336,23390.2,20112.26666666666,17934.683333333334,23331.583333333336,17603.583333333332,15310.583333333336,23890.666666666668,42937.78333333333,28522.01666666667,36515.650000000016,40095.18333333334,0,0,0,0,0,0,0,0,0,0,0,0,C4-GUJ-02,,,Macro
GUJ3340,GUJ3340__LohewalaBazar,3,C4-GUJ-02,Elite,30,,,,,,,,,,,,,,,,14,,,,,,,,,,,,,,,,,,,14,,1,0.9998379629629629,28046.349999999995,28907.483333333323,29947.399999999994,21038.53333333333,27157.233333333344,36100.56666666668,32910.850000000006,18900.216666666664,16157.333333333336,23390.2,20112.26666666666,17934.683333333334,23331.583333333336,17603.583333333332,15310.583333333336,23890.666666666668,42937.78333333333,28522.01666666667,36515.650000000016,40095.18333333334,0,0,0,0,0,0,0,0,0,0,0,0,C4-GUJ-02,,,Macro
SDL6964,SDL6964__FahadPlazaShadiwal,4,C4-GRT-04,Elite,27,,,,,,,,,,,,,,,,,,,,,,,,,,,,,,,,,,,0,,0,1,28046.349999999995,28907.483333333323,29947.399999999994,21038.53333333333,27157.233333333344,36100.56666666668,32910.850000000006,18900.216666666664,16157.333333333336,23390.2,20112.26666666666,17934.683333333334,23331.583333333336,17603.583333333332,15310.583333333336,23890.666666666668,42937.78333333333,28522.01666666667,36515.650000000016,40095.18333333334,0,0,0,0,0,0,0,0,0,0,0,0,C4-GRT-04,,,Macro
GUJ9462,GUJ9462__S_DC Rd Warid_MDGJ4212,5,C4-GUJ-01,Elite,13,,,,,,,,,,,,,,,,,,,,,117.66666666666667,,520.3333333333331,,,,,,,,,,,,637.9999999999998,,2,0.9955694444444444,28046.349999999995,28907.483333333323,29947.399999999994,21038.53333333333,27157.233333333344,36100.56666666668,32910.850000000006,18900.216666666664,16157.333333333336,23390.2,20112.26666666666,17934.683333333334,23331.583333333336,17603.583333333332,15310.583333333336,23890.666666666668,42937.78333333333,28522.01666666667,36515.650000000016,40095.18333333334,0,0,0,0,0,0,0,0,0,0,0,0,C4-GUJ-01,,,Macro
SKT6122,SKT6122_S_Pakkikotli,3,C4-SKT-03,Elite,,B2S,Enfrashare,EC1-SKT-03565,,,2130.5499999999997,,330,,405.15000000000003,,,,,,,,,,,,,,,,,,,,,,,,,2865.7,,3,0.966832175925926,28046.349999999995,28907.483333333323,29947.399999999994,21038.53333333333,27157.233333333344,36100.56666666668,32910.850000000006,18900.216666666664,16157.333333333336,23390.2,20112.26666666666,17934.683333333334,23331.583333333336,17603.583333333332,15310.583333333336,23890.666666666668,42937.78333333333,28522.01666666667,36515.650000000016,40095.18333333334,0,0,0,0,0,0,0,0,0,0,0,0,C4-SKT-03,,,Macro
SKT3357,SKT3357_UhallahShahabuddin,3,C4-SKT-03,Platinum,20,,,,,,,,,,,,,,,,,,,258.55,354.08333333333337,27.4,421.6833333333334,318.9999999999999,,,,,,,,,,,,1380.7166666666667,,5,0.9840194830246913,25409.183333333334,27050.466666666664,29322.38333333333,24979.799999999996,28177.56666666666,28696.116666666665,14469.016666666668,17927.96666666667,12216.933333333332,13373.666666666666,17598.149999999998,18424.466666666664,20760.149999999998,11901.583333333334,20600.199999999997,22501.166666666664,21308.53333333333,18479.983333333337,31927.183333333323,32526.84999999999,0,0,0,0,0,0,0,0,0,0,0,0,C4-SKT-03,,,Macro
RUR0077,RUR0077__KakraliVillage_NEW,3,C4-GRT-04,Platinum,27,,,,,,,,,429.91666666666663,,,147.58333333333331,,,,,,45.50000000000001,,,,,,,,,,,,,,,,,623,,3,0.9927893518518519,25409.183333333334,27050.466666666664,29322.38333333333,24979.799999999996,28177.56666666666,28696.116666666665,14469.016666666668,17927.96666666667,12216.933333333332,13373.666666666666,17598.149999999998,18424.466666666664,20760.149999999998,11901.583333333334,20600.199999999997,22501.166666666664,21308.53333333333,18479.983333333337,31927.183333333323,32526.84999999999,0,0,0,0,0,0,0,0,0,0,0,0,C4-GRT-04,,,Macro
GJR3427,GJR3427__NewFurnitureMarket,3,C4-GRT-04,Elite,,,GLO,,,,,,,,,,,,,,,,,,,,,,,,,,,,,,,,,0,,0,1,28046.349999999995,28907.483333333323,29947.399999999994,21038.53333333333,27157.233333333344,36100.56666666668,32910.850000000006,18900.216666666664,16157.333333333336,23390.2,20112.26666666666,17934.683333333334,23331.583333333336,17603.583333333332,15310.583333333336,23890.666666666668,42937.78333333333,28522.01666666667,36515.650000000016,40095.18333333334,0,0,0,0,0,0,0,0,0,0,0,0,C4-GRT-04,,,Macro
JPJ6290,JPJ6290__S_Mohallah_Shershah_Circular_Road_MDJJ1559,3,C4-GRT-04,Platinum,20,,,,,,,,,,,,,,,,,,,,,,,,,,,,,,,,,,,0,,0,1,25409.183333333334,27050.466666666664,29322.38333333333,24979.799999999996,28177.56666666666,28696.116666666665,14469.016666666668,17927.96666666667,12216.933333333332,13373.666666666666,17598.149999999998,18424.466666666664,20760.149999999998,11901.583333333334,20600.199999999997,22501.166666666664,21308.53333333333,18479.983333333337,31927.183333333323,32526.84999999999,0,0,0,0,0,0,0,0,0,0,0,0,C4-GRT-04,,,Macro
PND1615,PND1615__P_Hussain_AbadWarid_PB1543,3,C4-HFZ-06,Platinum,20,,,,,,,,,,,,,,,,,377.3333333333333,,,,,,,,,,,,,,,,,,377.3333333333333,,1,0.9956327160493826,25409.183333333334,27050.466666666664,29322.38333333333,24979.799999999996,28177.56666666666,28696.116666666665,14469.016666666668,17927.96666666667,12216.933333333332,13373.666666666666,17598.149999999998,18424.466666666664,20760.149999999998,11901.583333333334,20600.199999999997,22501.166666666664,21308.53333333333,18479.983333333337,31927.183333333323,32526.84999999999,0,0,0,0,0,0,0,0,0,0,0,0,C4-HFZ-06,,,Macro
FTP8761,FTP8761__Gs_laravillage,3,C4-GRT-04,Platinum,,,GLO,,,,182.7333333333333,,,,,,,,,,,,,,77.75,84.75,21.25,695.1,,,,,,,,,,,,1061.5833333333333,,5,0.9877131558641975,25409.183333333334,27050.466666666664,29322.38333333333,24979.799999999996,28177.56666666666,28696.116666666665,14469.016666666668,17927.96666666667,12216.933333333332,13373.666666666666,17598.149999999998,18424.466666666664,20760.149999999998,11901.583333333334,20600.199999999997,22501.166666666664,21308.53333333333,18479.983333333337,31927.183333333323,32526.84999999999,0,0,0,0,0,0,0,0,0,0,0,0,C4-GRT-04,,,Macro
KNJ3535,KNJ3535__PunghtaTalabKunjah,3,C4-GRT-04,Platinum,30,,,,,,,,,,,,,13.25,,,,181.16666666666674,,,272.75,78.91666666666664,,,,,,,,,,,,,,546.0833333333334,,4,0.9936795910493826,25409.183333333334,27050.466666666664,29322.38333333333,24979.799999999996,28177.56666666666,28696.116666666665,14469.016666666668,17927.96666666667,12216.933333333332,13373.666666666666,17598.149999999998,18424.466666666664,20760.149999999998,11901.583333333334,20600.199999999997,22501.166666666664,21308.53333333333,18479.983333333337,31927.183333333323,32526.84999999999,0,0,0,0,0,0,0,0,0,0,0,0,C4-GRT-04,,,Macro
RUR5532,RUR5532__S_CitiHousing,3,C4-GUJ-01,Elite,,B2S,Enfrashare,EC1-GUJ-02153,,,,,,,,,,,,,,,,,,,,,,,,,,,,,,,,0,,0,1,28046.349999999995,28907.483333333323,29947.399999999994,21038.53333333333,27157.233333333344,36100.56666666668,32910.850000000006,18900.216666666664,16157.333333333336,23390.2,20112.26666666666,17934.683333333334,23331.583333333336,17603.583333333332,15310.583333333336,23890.666666666668,42937.78333333333,28522.01666666667,36515.650000000016,40095.18333333334,0,0,0,0,0,0,0,0,0,0,0,0,C4-GUJ-01,,,Macro
LLM6252,LLM6252__S_Lalamusa_GT_Rd_MDLM4189,3,C4-GRT-04,Platinum,27,,,,,,,,,,,,,,,,,,,,,,,,,,,,,,,,,,,0,,0,1,25409.183333333334,27050.466666666664,29322.38333333333,24979.799999999996,28177.56666666666,28696.116666666665,14469.016666666668,17927.96666666667,12216.933333333332,13373.666666666666,17598.149999999998,18424.466666666664,20760.149999999998,11901.583333333334,20600.199999999997,22501.166666666664,21308.53333333333,18479.983333333337,31927.183333333323,32526.84999999999,0,0,0,0,0,0,0,0,0,0,0,0,C4-GRT-04,,,Macro
RUR0832,RUR0832_SagaSports,4,C4-SKT-03,Elite,30,,,,,,68.91666666666667,,,,,,,,,,,,,,,,,98.33333333333331,,,,,,,,,,,,167.25,,2,0.9985481770833333,28046.349999999995,28907.483333333323,29947.399999999994,21038.53333333333,27157.233333333344,36100.56666666668,32910.850000000006,18900.216666666664,16157.333333333336,23390.2,20112.26666666666,17934.683333333334,23331.583333333336,17603.583333333332,15310.583333333336,23890.666666666668,42937.78333333333,28522.01666666667,36515.650000000016,40095.18333333334,0,0,0,0,0,0,0,0,0,0,0,0,C4-SKT-03,,,Macro
SKT5805,SKT5805__S_AdalatGarh,3,C4-SKT-03,Platinum,,B2S,Enfrashare,EC1-SKT-03279,,525.8000000000002,986.1999999999998,524.8333333333335,330.0833333333333,,400.7499999999999,,,,,,,,,,,,,,,,,,,,,,,,,2767.666666666667,,5,0.9679668209876543,25409.183333333334,27050.466666666664,29322.38333333333,24979.799999999996,28177.56666666666,28696.116666666665,14469.016666666668,17927.96666666667,12216.933333333332,13373.666666666666,17598.149999999998,18424.466666666664,20760.149999999998,11901.583333333334,20600.199999999997,22501.166666666664,21308.53333333333,18479.983333333337,31927.183333333323,32526.84999999999,0,0,0,0,0,0,0,0,0,0,0,0,C4-SKT-03,,,Macro
GUJ5755,GUJ5755_H_Park Canal View Sector 2 Canal View,3,C4-GUJ-01,Elite,,B2S,ATL,ATGJW16,,,,,,,,,,,,,,,,,,,,,,,,,,,,,,,,0,,0,1,28046.349999999995,28907.483333333323,29947.399999999994,21038.53333333333,27157.233333333344,36100.56666666668,32910.850000000006,18900.216666666664,16157.333333333336,23390.2,20112.26666666666,17934.683333333334,23331.583333333336,17603.583333333332,15310.583333333336,23890.666666666668,42937.78333333333,28522.01666666667,36515.650000000016,40095.18333333334,0,0,0,0,0,0,0,0,0,0,0,0,C4-GUJ-01,,,Macro
RUR5719,RUR5719_H_USF_USLK016_Ikhlas Pur Narowal,3,C4-NRW-05,Elite,,B2S,Enfrashare,EC1-SKT-06957,,,,,,,,,,,,,,,,,,,,,,,,,,,,,,,,0,,0,1,28046.349999999995,28907.483333333323,29947.399999999994,21038.53333333333,27157.233333333344,36100.56666666668,32910.850000000006,18900.216666666664,16157.333333333336,23390.2,20112.26666666666,17934.683333333334,23331.583333333336,17603.583333333332,15310.583333333336,23890.666666666668,42937.78333333333,28522.01666666667,36515.650000000016,40095.18333333334,0,0,0,0,0,0,0,0,0,0,0,0,C4-NRW-05,,,Macro
GUJ5614,GUJ5614_H_Shadman Town Gujranwala,3,C4-GUJ-01,Platinum,,OMO,CMPAK,42436,,,,,,,,,,,,,,106.08333333333334,,,,,,,,,,,,,,,,,,106.08333333333334,,1,0.9987721836419753,25409.183333333334,27050.466666666664,29322.38333333333,24979.799999999996,28177.56666666666,28696.116666666665,14469.016666666668,17927.96666666667,12216.933333333332,13373.666666666666,17598.149999999998,18424.466666666664,20760.149999999998,11901.583333333334,20600.199999999997,22501.166666666664,21308.53333333333,18479.983333333337,31927.183333333323,32526.84999999999,0,0,0,0,0,0,0,0,0,0,0,0,C4-GUJ-01,,,Macro
GHK5824,GHK5824_H_Ghakhar Gujranwala,3,C4-GUJ-02,Platinum,,B2S,Tawal,TWPGRW0001,,,,,,,,,,,13.999999999999996,,,,,,,,,,,,,,,,,,,,,13.999999999999996,,1,0.9998379629629629,25409.183333333334,27050.466666666664,29322.38333333333,24979.799999999996,28177.56666666666,28696.116666666665,14469.016666666668,17927.96666666667,12216.933333333332,13373.666666666666,17598.149999999998,18424.466666666664,20760.149999999998,11901.583333333334,20600.199999999997,22501.166666666664,21308.53333333333,18479.983333333337,31927.183333333323,32526.84999999999,0,0,0,0,0,0,0,0,0,0,0,0,C4-GUJ-02,,,Macro
