Sr. No,Site Code,Site Name,Cells,New MBU,DG Rating,OMO Host Name,Host ID,2026-08-01 00:00:00,2026-08-02 00:00:00,2026-08-03 00:00:00,2026-08-04 00:00:00,2026-08-05 00:00:00,2026-08-06 00:00:00,2026-08-07 00:00:00,2026-08-08 00:00:00,2026-08-09 00:00:00,2026-08-10 00:00:00,2026-08-11 00:00:00,2026-08-12 00:00:00,2026-08-13 00:00:00,2026-08-14 00:00:00,2026-08-15 00:00:00,2026-08-16 00:00:00,2026-08-17 00:00:00,2026-08-18 00:00:00,2026-08-19 00:00:00,2026-08-20 00:00:00,2026-08-21 00:00:00,2026-08-22 00:00:00,2026-08-23 00:00:00,2026-08-24 00:00:00,2026-08-25 00:00:00,2026-08-26 00:00:00,2026-08-27 00:00:00,2026-08-28 00:00:00,2026-08-29 00:00:00,2026-08-30 00:00:00,2026-08-31 00:00:00,TDT,T-Fuel,Occurrence ,Total NAR,1st,2nd,3rd,4th,5th,6th,7th,8th,9th,10th,11th,12th,13th,14th,15th,16th,17th,18th,19th,20th,21st,22nd,23rd,24th,25th,26th,27th,28th,29th,30th,31st,Fuel Total,MBU,OMO Host Name,Host ID,Type
1,HWY5602,HWY5602_H_Village Chechian PO Dittewal Teh and Chechian Gujrat,3,C4-GRT-04,,Telenor,LCQ001_TP,,,,,,,,,,,,,,,,,654.4166666666666,,,1668.0499999999995,,,,,,,,,,,,2322.4666666666662,,2,0.9731195987654321,7406.9,5245.549999999998,11325.750000000002,15929.73333333333,12042.383333333333,11858.749999999998,8306.25,4844.233333333334,4030.733333333333,4536.9,5224.133333333333,4355.266666666666,5678.6500000000015,5497.816666666665,9708.916666666666,7074.900000000001,16843.383333333335,11606.95,10990.316666666664,33652.816666666666,0,0,0,0,0,0,0,0,0,0,0,0,,,,Macro
2,GJR1058,GJR1058__ModelTownGJR(Zong5218),3,C4-GRT-04,,CM Pak,C-GJT-5218,,,,,,,,,,,,,,,,,570.2499999999999,,,,,,,,,,,,,,,570.2499999999999,,1,0.9933998842592593,7406.9,5245.549999999998,11325.750000000002,15929.73333333333,12042.383333333333,11858.749999999998,8306.25,4844.233333333334,4030.733333333333,4536.9,5224.133333333333,4355.266666666666,5678.6500000000015,5497.816666666665,9708.916666666666,7074.900000000001,16843.383333333335,11606.95,10990.316666666664,33652.816666666666,0,0,0,0,0,0,0,0,0,0,0,0,C4-GRT-04,CMPAK,C-GJT-5218,Macro
3,KRW8774,KRW8774__TandaKarianWalaRd,3,C4-GRT-04,9,Stand by,,,,,,,,,,,,,,,,,,,,,,,,,,,,,,,,,0,,0,1,7406.9,5245.549999999998,11325.750000000002,15929.73333333333,12042.383333333333,11858.749999999998,8306.25,4844.233333333334,4030.733333333333,4536.9,5224.133333333333,4355.266666666666,5678.6500000000015,5497.816666666665,9708.916666666666,7074.900000000001,16843.383333333335,11606.95,10990.316666666664,33652.816666666666,0,0,0,0,0,0,0,0,0,0,0,0,C4-GRT-04,,,Macro
4,RUR0528,RUR0528__Gunja,3,C4-GRT-04,,UFONE,7929,,,,,,,,,,,,,,,,,,,,1341,,,,,,,,,,,,1341,,1,0.9844791666666667,7406.9,5245.549999999998,11325.750000000002,15929.73333333333,12042.383333333333,11858.749999999998,8306.25,4844.233333333334,4030.733333333333,4536.9,5224.133333333333,4355.266666666666,5678.6500000000015,5497.816666666665,9708.916666666666,7074.900000000001,16843.383333333335,11606.95,10990.316666666664,33652.816666666666,0,0,0,0,0,0,0,0,0,0,0,0,C4-GRT-04,UFone,7929,Macro
5,GJR5415,GJR5415__S_Muslimabad_CMPak4330,3,C4-GRT-04,,CM Pak,CMPak4330,,,,,,,,,,,,,,,,,,,,1210.0500000000002,,,,,,,,,,,,1210.0500000000002,,1,0.9859947916666667,7406.9,5245.549999999998,11325.750000000002,15929.73333333333,12042.383333333333,11858.749999999998,8306.25,4844.233333333334,4030.733333333333,4536.9,5224.133333333333,4355.266666666666,5678.6500000000015,5497.816666666665,9708.916666666666,7074.900000000001,16843.383333333335,11606.95,10990.316666666664,33652.816666666666,0,0,0,0,0,0,0,0,0,0,0,0,,,,Macro
6,RUR5553,RUR5553__S_MusaKamala,3,C4-GRT-04,,E.Co,e.coPK014384PU,,,312.29999999999995,305.25,,38.25,50.750000000000014,,,,,,31.83333333333333,,376.89999999999986,,11.5,26.25,55,996.9166666666666,,,,,,,,,,,,2204.95,,10,0.9744797453703704,7406.9,5245.549999999998,11325.750000000002,15929.73333333333,12042.383333333333,11858.749999999998,8306.25,4844.233333333334,4030.733333333333,4536.9,5224.133333333333,4355.266666666666,5678.6500000000015,5497.816666666665,9708.916666666666,7074.900000000001,16843.383333333335,11606.95,10990.316666666664,33652.816666666666,0,0,0,0,0,0,0,0,0,0,0,0,,,,Macro
7,RUR5645,RUR5645__S_QilaSuraSingh_CMPAK41244,3,C4-GRT-04,,CM Pak,41244,,,,,,,,,,,,17.416666666666664,,,,,,,,,,,,,,,,,,,,17.416666666666664,,1,0.9997984182098766,7406.9,5245.549999999998,11325.750000000002,15929.73333333333,12042.383333333333,11858.749999999998,8306.25,4844.233333333334,4030.733333333333,4536.9,5224.133333333333,4355.266666666666,5678.6500000000015,5497.816666666665,9708.916666666666,7074.900000000001,16843.383333333335,11606.95,10990.316666666664,33652.816666666666,0,0,0,0,0,0,0,0,0,0,0,0,,,,Macro
8,RUR1583,RUR1583__HassanPathan,3,C4-GRT-04,,CP Prime,,,,,,,,,,,,,,,,1430.1666666666665,,1499.0333333333335,,,,,,,,,,,,,,,2929.2,,2,0.9660972222222222,7406.9,5245.549999999998,11325.750000000002,15929.73333333333,12042.383333333333,11858.749999999998,8306.25,4844.233333333334,4030.733333333333,4536.9,5224.133333333333,4355.266666666666,5678.6500000000015,5497.816666666665,9708.916666666666,7074.900000000001,16843.383333333335,11606.95,10990.316666666664,33652.816666666666,0,0,0,0,0,0,0,0,0,0,0,0,C4-GRT-04,,,Macro
9,KNJ4254,KNJ4254__CircularRdKunjah,3,C4-GRT-04,9,Stand by,,30.999999999999996,62.75,46.58333333333333,47.24999999999999,556.1666666666667,50.25,,,,115.99999999999997,13.25,,,,,,,,,,,,,,,,,,,,,923.25,,8,0.9893142361111111,7406.9,5245.549999999998,11325.750000000002,15929.73333333333,12042.383333333333,11858.749999999998,8306.25,4844.233333333334,4030.733333333333,4536.9,5224.133333333333,4355.266666666666,5678.6500000000015,5497.816666666665,9708.916666666666,7074.900000000001,16843.383333333335,11606.95,10990.316666666664,33652.816666666666,0,0,0,0,0,0,0,0,0,0,0,0,C4-GRT-04,,,Macro
10,RUR5642,RUR5642__S_DhummaMalka,3,C4-GRT-04,,Enfrashare,EC1-GUT-02246,,,,,,28.999999999999996,,,,,,,,,,,,,,,,,,,,,,,,,,28.999999999999996,,1,0.9996643518518519,7406.9,5245.549999999998,11325.750000000002,15929.73333333333,12042.383333333333,11858.749999999998,8306.25,4844.233333333334,4030.733333333333,4536.9,5224.133333333333,4355.266666666666,5678.6500000000015,5497.816666666665,9708.916666666666,7074.900000000001,16843.383333333335,11606.95,10990.316666666664,33652.816666666666,0,0,0,0,0,0,0,0,0,0,0,0,,,,Macro
11,GJR1059,GJR1059__Moen ud Din Pur(Telenor_LWR-001),3,C4-GRT-04,,Telenor,LWR-001,353.7333333333334,,71,,,,,64.14999999999999,53.000000000000014,,,,,,163.5,,113.50000000000003,498.6833333333333,98.35,,,,,,,,,,,,,1415.9166666666665,,8,0.9836120756172839,7406.9,5245.549999999998,11325.750000000002,15929.73333333333,12042.383333333333,11858.749999999998,8306.25,4844.233333333334,4030.733333333333,4536.9,5224.133333333333,4355.266666666666,5678.6500000000015,5497.816666666665,9708.916666666666,7074.900000000001,16843.383333333335,11606.95,10990.316666666664,33652.816666666666,0,0,0,0,0,0,0,0,0,0,0,0,C4-GRT-04,Telenor,LWR-001,Macro
12,LLM9854,LLM9854__GtRoadLalamusa,3,C4-GRT-04,20,Stand by,,,,,,,,,,,,,,,,,,,,,,,,,,,,,,,,,0,,0,1,7406.9,5245.549999999998,11325.750000000002,15929.73333333333,12042.383333333333,11858.749999999998,8306.25,4844.233333333334,4030.733333333333,4536.9,5224.133333333333,4355.266666666666,5678.6500000000015,5497.816666666665,9708.916666666666,7074.900000000001,16843.383333333335,11606.95,10990.316666666664,33652.816666666666,0,0,0,0,0,0,0,0,0,0,0,0,C4-GRT-04,,,Macro
13,GJR6488,GJR6488__S_TibbiMarlan,3,C4-GRT-04,,ATL,ATGRT9,,,,,,,,,,,,,,,,,,,,,,,,,,,,,,,,0,,0,1,7406.9,5245.549999999998,11325.750000000002,15929.73333333333,12042.383333333333,11858.749999999998,8306.25,4844.233333333334,4030.733333333333,4536.9,5224.133333333333,4355.266666666666,5678.6500000000015,5497.816666666665,9708.916666666666,7074.900000000001,16843.383333333335,11606.95,10990.316666666664,33652.816666666666,0,0,0,0,0,0,0,0,0,0,0,0,,,,Macro
14,RUR0509,RUR0509__SarokiGjrat_new,3,C4-GRT-04,,UFONE,7934,,,12.083333333333332,,,,,192.16666666666669,,,,,,,,,9.5,197.5,,,,,,,,,,,,,,411.25,,4,0.9952401620370371,7406.9,5245.549999999998,11325.750000000002,15929.73333333333,12042.383333333333,11858.749999999998,8306.25,4844.233333333334,4030.733333333333,4536.9,5224.133333333333,4355.266666666666,5678.6500000000015,5497.816666666665,9708.916666666666,7074.900000000001,16843.383333333335,11606.95,10990.316666666664,33652.816666666666,0,0,0,0,0,0,0,0,0,0,0,0,C4-GRT-04,UFone,7934,Macro
15,RUR5847,RUR5847_H_University Kharian Link Rd Gujrat,3,C4-GRT-04,,Enfrashare,EC1-GUT-07486,,,,,,,,,,,,,,,,,,,,,,,,,,,,,,,,0,,0,1,7406.9,5245.549999999998,11325.750000000002,15929.73333333333,12042.383333333333,11858.749999999998,8306.25,4844.233333333334,4030.733333333333,4536.9,5224.133333333333,4355.266666666666,5678.6500000000015,5497.816666666665,9708.916666666666,7074.900000000001,16843.383333333335,11606.95,10990.316666666664,33652.816666666666,0,0,0,0,0,0,0,0,0,0,0,0,,,,Macro
16,LLM3835,LLM3835__Muhallaqasba,4,C4-GRT-04,27,Stand by,,,,,,,,,,,,,,,,,,,,,,,,,,,,,,,,,0,,0,1,7406.9,5245.549999999998,11325.750000000002,15929.73333333333,12042.383333333333,11858.749999999998,8306.25,4844.233333333334,4030.733333333333,4536.9,5224.133333333333,4355.266666666666,5678.6500000000015,5497.816666666665,9708.916666666666,7074.900000000001,16843.383333333335,11606.95,10990.316666666664,33652.816666666666,0,0,0,0,0,0,0,0,0,0,0,0,C4-GRT-04,,,Macro
17,RUR5641,RUR5641__S_KotlaSarangKhan_CMPak7488,3,C4-GRT-04,,CM Pak,7488,677.6500000000001,1691.8333333333326,618.5499999999997,4319.949999999999,416.15000000000003,532.3000000000001,839.1499999999999,323.68333333333334,565.6166666666666,659.3166666666667,427.7833333333333,354.99999999999994,243.50000000000006,400.9166666666665,426.3333333333333,743.6833333333333,1691.3333333333326,1406.8666666666668,545.1666666666666,575.6500000000002,,,,,,,,,,,,17460.43333333333,,20,0.797911651234568,7406.9,5245.549999999998,11325.750000000002,15929.73333333333,12042.383333333333,11858.749999999998,8306.25,4844.233333333334,4030.733333333333,4536.9,5224.133333333333,4355.266666666666,5678.6500000000015,5497.816666666665,9708.916666666666,7074.900000000001,16843.383333333335,11606.95,10990.316666666664,33652.816666666666,0,0,0,0,0,0,0,0,0,0,0,0,,,,Macro
18,RUR5422,RUR5422__S_SheikhPur,3,C4-GRT-04,,E.Co,e.coPK016380PU,,,,,,,,,,,,,,,,,,441.7333333333333,,,,,,,,,,,,,,441.7333333333333,,1,0.9948873456790124,7406.9,5245.549999999998,11325.750000000002,15929.73333333333,12042.383333333333,11858.749999999998,8306.25,4844.233333333334,4030.733333333333,4536.9,5224.133333333333,4355.266666666666,5678.6500000000015,5497.816666666665,9708.916666666666,7074.900000000001,16843.383333333335,11606.95,10990.316666666664,33652.816666666666,0,0,0,0,0,0,0,0,0,0,0,0,C4-GRT-04,E.Co,,Macro
19,Hwy8854,Hwy8854__Miangeehotel,4,C4-GRT-04,20,Stand by,,,,2.333333333333333,,,,,,,,,41.41666666666667,1.833333333333333,,17.750000000000004,,,,,59.33333333333333,,,,,,,,,,,,122.66666666666667,,5,0.9989351851851852,7406.9,5245.549999999998,11325.750000000002,15929.73333333333,12042.383333333333,11858.749999999998,8306.25,4844.233333333334,4030.733333333333,4536.9,5224.133333333333,4355.266666666666,5678.6500000000015,5497.816666666665,9708.916666666666,7074.900000000001,16843.383333333335,11606.95,10990.316666666664,33652.816666666666,0,0,0,0,0,0,0,0,0,0,0,0,C4-GRT-04,,,Macro
20,JPJ5673,JPJ5673__S_MangowalSharqi_CMPak40679,3,C4-GRT-04,,CM Pak,40679,512.4166666666666,218.33333333333334,330.5,491.75000000000006,469,377.75,237.5,178.1666666666667,427,427.9999999999999,377.1333333333333,315,192.5,187.00000000000003,588.0833333333333,486.41666666666663,161.83333333333331,405.8833333333333,408.5,270.25,,,,,,,,,,,,7063.0166666666655,,20,0.9182521219135802,7406.9,5245.549999999998,11325.750000000002,15929.73333333333,12042.383333333333,11858.749999999998,8306.25,4844.233333333334,4030.733333333333,4536.9,5224.133333333333,4355.266666666666,5678.6500000000015,5497.816666666665,9708.916666666666,7074.900000000001,16843.383333333335,11606.95,10990.316666666664,33652.816666666666,0,0,0,0,0,0,0,0,0,0,0,0,,,,Macro
21,JPJ6312,JPJ6312__S_Ittefaq_Colony_MDJJ1561,3,C4-GRT-04,20,Stand by,,,,,,,,,,,,,,,,,,,,,,,,,,,,,,,,,0,,0,1,7406.9,5245.549999999998,11325.750000000002,15929.73333333333,12042.383333333333,11858.749999999998,8306.25,4844.233333333334,4030.733333333333,4536.9,5224.133333333333,4355.266666666666,5678.6500000000015,5497.816666666665,9708.916666666666,7074.900000000001,16843.383333333335,11606.95,10990.316666666664,33652.816666666666,0,0,0,0,0,0,0,0,0,0,0,0,C4-GRT-04,,,Macro
22,RUR5583,RUR5583__S_ChakPindi_Ufone1362,3,C4-GRT-04,,UFone,CI-1362,,,,,,,,,,,,,,,,,181.41666666666669,,,530.4999999999999,,,,,,,,,,,,711.9166666666665,,2,0.9917602237654322,7406.9,5245.549999999998,11325.750000000002,15929.73333333333,12042.383333333333,11858.749999999998,8306.25,4844.233333333334,4030.733333333333,4536.9,5224.133333333333,4355.266666666666,5678.6500000000015,5497.816666666665,9708.916666666666,7074.900000000001,16843.383333333335,11606.95,10990.316666666664,33652.816666666666,0,0,0,0,0,0,0,0,0,0,0,0,,,,Macro
23,RUR5551,RUR5551__S_SouthKarnana,3,C4-GRT-04,,E.Co,e.coPK000978PU,453.33333333333326,,146.08333333333334,135.74999999999997,273,152.23333333333332,736.9000000000002,45.96666666666667,64.58333333333333,249.45000000000005,82.41666666666669,115.5,17.583333333333336,113.91666666666667,463.75000000000017,69.91666666666666,815.7833333333338,819.25,15.083333333333332,17.333333333333332,,,,,,,,,,,,4787.833333333333,,19,0.944585262345679,7406.9,5245.549999999998,11325.750000000002,15929.73333333333,12042.383333333333,11858.749999999998,8306.25,4844.233333333334,4030.733333333333,4536.9,5224.133333333333,4355.266666666666,5678.6500000000015,5497.816666666665,9708.916666666666,7074.900000000001,16843.383333333335,11606.95,10990.316666666664,33652.816666666666,0,0,0,0,0,0,0,0,0,0,0,0,,,,Macro
24,JPS8766,JPS8766__SiyamCollege,3,C4-GRT-04,20,Stand by,,10.75,,,,,75,,,,,,,,,5.499999999999999,,111.16666666666664,,53.91666666666667,130.5,,,,,,,,,,,,386.8333333333333,,6,0.9955227623456789,7406.9,5245.549999999998,11325.750000000002,15929.73333333333,12042.383333333333,11858.749999999998,8306.25,4844.233333333334,4030.733333333333,4536.9,5224.133333333333,4355.266666666666,5678.6500000000015,5497.816666666665,9708.916666666666,7074.900000000001,16843.383333333335,11606.95,10990.316666666664,33652.816666666666,0,0,0,0,0,0,0,0,0,0,0,0,C4-GRT-04,,,Macro
25,GJR5765,GJR5765__S_KalraKalan,3,C4-GRT-04,,Enfrashare,EC1-GUT-02327,,,,566.4999999999999,,,,,242,,,,,,,,,,,743.4999999999999,,,,,,,,,,,,1551.9999999999998,,3,0.982037037037037,7406.9,5245.549999999998,11325.750000000002,15929.73333333333,12042.383333333333,11858.749999999998,8306.25,4844.233333333334,4030.733333333333,4536.9,5224.133333333333,4355.266666666666,5678.6500000000015,5497.816666666665,9708.916666666666,7074.900000000001,16843.383333333335,11606.95,10990.316666666664,33652.816666666666,0,0,0,0,0,0,0,0,0,0,0,0,,,,Macro
26,RUR0647,RUR0647__Gorali,3,C4-GRT-04,30,Stand by,,,,,,1.916666666666667,,,,,,,,1.583333333333333,,2.416666666666667,,,8.166666666666668,10.166666666666664,,,,,,,,,,,,,24.25,,5,0.9997193287037036,7406.9,5245.549999999998,11325.750000000002,15929.73333333333,12042.383333333333,11858.749999999998,8306.25,4844.233333333334,4030.733333333333,4536.9,5224.133333333333,4355.266666666666,5678.6500000000015,5497.816666666665,9708.916666666666,7074.900000000001,16843.383333333335,11606.95,10990.316666666664,33652.816666666666,0,0,0,0,0,0,0,0,0,0,0,0,C4-GRT-04,,,Macro
27,BGL2206,BGL2206__DhalKakka,3,C4-GRT-04,20,Stand by,,,,57.249999999999986,,30.999999999999993,490.2500000000001,,,,,,,,,,,272.1666666666667,,47.49999999999999,48.500000000000014,,,,,,,,,,,,946.6666666666667,,6,0.9890432098765432,7406.9,5245.549999999998,11325.750000000002,15929.73333333333,12042.383333333333,11858.749999999998,8306.25,4844.233333333334,4030.733333333333,4536.9,5224.133333333333,4355.266666666666,5678.6500000000015,5497.816666666665,9708.916666666666,7074.900000000001,16843.383333333335,11606.95,10990.316666666664,33652.816666666666,0,0,0,0,0,0,0,0,0,0,0,0,C4-MBD-08,,,Macro
28,RUR4021,RUR4021__AwanSharif,3,C4-GRT-04,27,Stand by,,,,,70.43333333333334,119.10000000000001,,,,,,,,,,,109.33333333333331,,,,,,,,,,,,,,,,298.8666666666667,,3,0.9965408950617284,7406.9,5245.549999999998,11325.750000000002,15929.73333333333,12042.383333333333,11858.749999999998,8306.25,4844.233333333334,4030.733333333333,4536.9,5224.133333333333,4355.266666666666,5678.6500000000015,5497.816666666665,9708.916666666666,7074.900000000001,16843.383333333335,11606.95,10990.316666666664,33652.816666666666,0,0,0,0,0,0,0,0,0,0,0,0,C4-GRT-04,,,Macro
29,RUR1236,RUR1236__SHAHBAZPUR_Ufone_3663 ,3,C4-GRT-04,,UFONE,3663,,,,,,,,,,,,,,,,,,,,,,,,,,,,,,,,0,,0,1,7406.9,5245.549999999998,11325.750000000002,15929.73333333333,12042.383333333333,11858.749999999998,8306.25,4844.233333333334,4030.733333333333,4536.9,5224.133333333333,4355.266666666666,5678.6500000000015,5497.816666666665,9708.916666666666,7074.900000000001,16843.383333333335,11606.95,10990.316666666664,33652.816666666666,0,0,0,0,0,0,0,0,0,0,0,0,C4-GRT-04,UFone,3663,Macro
30,DHN4912,DHN4912__GJRDingaRdGujrat,3,C4-GRT-04,27,Stand by,,,,,,,,,,,,,,,,,,,,,,,,,,,,,,,,,0,,0,1,7406.9,5245.549999999998,11325.750000000002,15929.73333333333,12042.383333333333,11858.749999999998,8306.25,4844.233333333334,4030.733333333333,4536.9,5224.133333333333,4355.266666666666,5678.6500000000015,5497.816666666665,9708.916666666666,7074.900000000001,16843.383333333335,11606.95,10990.316666666664,33652.816666666666,0,0,0,0,0,0,0,0,0,0,0,0,C4-GRT-04,,,Macro
31,JPS8768,JPS8768__H_Peershah_New,3,C4-GRT-04,,CP Prime,,,,,1126.633333333333,1101.4333333333334,,,,,,,,,,,,,,6.25,,,,,,,,,,,,,2234.3166666666666,,3,0.9741398533950617,7406.9,5245.549999999998,11325.750000000002,15929.73333333333,12042.383333333333,11858.749999999998,8306.25,4844.233333333334,4030.733333333333,4536.9,5224.133333333333,4355.266666666666,5678.6500000000015,5497.816666666665,9708.916666666666,7074.900000000001,16843.383333333335,11606.95,10990.316666666664,33652.816666666666,0,0,0,0,0,0,0,0,0,0,0,0,C4-GRT-04,,,Macro
32,GJR6250,GJR6250__S_Adil_Colony_Rehman_Shaheed Road_MDGU4253,3,C4-GRT-04,9,Stand by,,,,,,,,,,,,,,,,,,,,,976.3833333333334,,,,,,,,,,,,976.3833333333334,,1,0.9886992669753085,7406.9,5245.549999999998,11325.750000000002,15929.73333333333,12042.383333333333,11858.749999999998,8306.25,4844.233333333334,4030.733333333333,4536.9,5224.133333333333,4355.266666666666,5678.6500000000015,5497.816666666665,9708.916666666666,7074.900000000001,16843.383333333335,11606.95,10990.316666666664,33652.816666666666,0,0,0,0,0,0,0,0,0,0,0,0,C4-GRT-04,,,Macro
33,HWY6555,HWY6555__S_MohlaKalan,3,C4-GRT-04,,E.Co,e.coPK019040PU,757.5500000000002,116.58333333333334,22.666666666666664,593.9833333333333,112.24999999999997,,,,,,,,18.9,93.50000000000001,,,507.99999999999994,455.04999999999995,1461.7333333333331,13.833333333333332,,,,,,,,,,,,4154.05,,11,0.9519207175925927,7406.9,5245.549999999998,11325.750000000002,15929.73333333333,12042.383333333333,11858.749999999998,8306.25,4844.233333333334,4030.733333333333,4536.9,5224.133333333333,4355.266666666666,5678.6500000000015,5497.816666666665,9708.916666666666,7074.900000000001,16843.383333333335,11606.95,10990.316666666664,33652.816666666666,0,0,0,0,0,0,0,0,0,0,0,0,,,,Macro
34,GJR6249,GJR6249__S_Mughal_Colony_MDGU4251,3,C4-GRT-04,9,Stand by,,,,,8,31.03333333333334,97.58333333333334,,,,,,,,,,,,,,76.74999999999999,,,,,,,,,,,,213.36666666666667,,4,0.9975304783950617,7406.9,5245.549999999998,11325.750000000002,15929.73333333333,12042.383333333333,11858.749999999998,8306.25,4844.233333333334,4030.733333333333,4536.9,5224.133333333333,4355.266666666666,5678.6500000000015,5497.816666666665,9708.916666666666,7074.900000000001,16843.383333333335,11606.95,10990.316666666664,33652.816666666666,0,0,0,0,0,0,0,0,0,0,0,0,C4-GRT-04,,,Macro
35,GJR6251,GJR6251__S_Shadman_MDGU4208,3,C4-GRT-04,30Kva,Stand by,,,,,,,,,,,,,,,,,,,,,,,,,,,,,,,,,0,,0,1,7406.9,5245.549999999998,11325.750000000002,15929.73333333333,12042.383333333333,11858.749999999998,8306.25,4844.233333333334,4030.733333333333,4536.9,5224.133333333333,4355.266666666666,5678.6500000000015,5497.816666666665,9708.916666666666,7074.900000000001,16843.383333333335,11606.95,10990.316666666664,33652.816666666666,0,0,0,0,0,0,0,0,0,0,0,0,C4-GRT-04,,,Macro
36,RUR0874,RUR0874__Buchiana,3,C4-GRT-04,27,Stand by,,,306.1666666666667,109.00000000000003,,,,,,,,,,,,,,,,,,,,,,,,,,,,,415.16666666666674,,2,0.9951948302469136,7406.9,5245.549999999998,11325.750000000002,15929.73333333333,12042.383333333333,11858.749999999998,8306.25,4844.233333333334,4030.733333333333,4536.9,5224.133333333333,4355.266666666666,5678.6500000000015,5497.816666666665,9708.916666666666,7074.900000000001,16843.383333333335,11606.95,10990.316666666664,33652.816666666666,0,0,0,0,0,0,0,0,0,0,0,0,C4-GRT-04,,,Macro
37,GJR6266,GJR6266__S_Miana_Pura_MDGU4257,3,C4-GRT-04,20,Stand by,,109.99999999999997,,,29.9,162.95000000000002,243.5,95.91666666666667,,,,,,,,31.799999999999997,36.150000000000006,825.3333333333333,290.6,261.75,2704.5833333333335,,,,,,,,,,,,4792.483333333334,,11,0.9445314429012346,7406.9,5245.549999999998,11325.750000000002,15929.73333333333,12042.383333333333,11858.749999999998,8306.25,4844.233333333334,4030.733333333333,4536.9,5224.133333333333,4355.266666666666,5678.6500000000015,5497.816666666665,9708.916666666666,7074.900000000001,16843.383333333335,11606.95,10990.316666666664,33652.816666666666,0,0,0,0,0,0,0,0,0,0,0,0,C4-GRT-04,,,Macro
38,JPJ4875,JPJ4875__KashmirNagar,3,C4-GRT-04,30,Stand by,,,,37.74999999999999,,123,,,,,,,,,,245.66666666666657,,,38.25,,,,,,,,,,,,,,444.6666666666666,,4,0.9948533950617283,7406.9,5245.549999999998,11325.750000000002,15929.73333333333,12042.383333333333,11858.749999999998,8306.25,4844.233333333334,4030.733333333333,4536.9,5224.133333333333,4355.266666666666,5678.6500000000015,5497.816666666665,9708.916666666666,7074.900000000001,16843.383333333335,11606.95,10990.316666666664,33652.816666666666,0,0,0,0,0,0,0,0,0,0,0,0,C4-GRT-04,,,Macro
39,RUR0787,RUR0787__Dharki_NEW,3,C4-GRT-04,13,Stand by,,,,,,,,,,,,,,,,,,,,,,,,,,,,,,,,,0,,0,1,7406.9,5245.549999999998,11325.750000000002,15929.73333333333,12042.383333333333,11858.749999999998,8306.25,4844.233333333334,4030.733333333333,4536.9,5224.133333333333,4355.266666666666,5678.6500000000015,5497.816666666665,9708.916666666666,7074.900000000001,16843.383333333335,11606.95,10990.316666666664,33652.816666666666,0,0,0,0,0,0,0,0,0,0,0,0,C4-GRT-04,,,Macro
40,GJR3427,GJR3427__NewFurnitureMarket,3,C4-GRT-04,,CP Prime,,,,,,,,,,,,,,,,,,,,,,,,,,,,,,,,,0,,0,1,7406.9,5245.549999999998,11325.750000000002,15929.73333333333,12042.383333333333,11858.749999999998,8306.25,4844.233333333334,4030.733333333333,4536.9,5224.133333333333,4355.266666666666,5678.6500000000015,5497.816666666665,9708.916666666666,7074.900000000001,16843.383333333335,11606.95,10990.316666666664,33652.816666666666,0,0,0,0,0,0,0,0,0,0,0,0,C4-GRT-04,,,Macro
41,GJR6246,GJR6246__S_Jatowaqal_MDGU4170,3,C4-GRT-04,27,Stand by,,165.15,54.25,160.79999999999998,242.91666666666663,37,179.50000000000003,165.44999999999996,71.33333333333334,53.08333333333332,53,53.50000000000001,90.41666666666666,54.333333333333336,18.75,308.0000000000001,53.24999999999999,35.75,36.25,71.66666666666667,107.49999999999999,,,,,,,,,,,,2011.8999999999999,,20,0.9767141203703704,7406.9,5245.549999999998,11325.750000000002,15929.73333333333,12042.383333333333,11858.749999999998,8306.25,4844.233333333334,4030.733333333333,4536.9,5224.133333333333,4355.266666666666,5678.6500000000015,5497.816666666665,9708.916666666666,7074.900000000001,16843.383333333335,11606.95,10990.316666666664,33652.816666666666,0,0,0,0,0,0,0,0,0,0,0,0,C4-GRT-04,,,Macro
42,GJR3431,GJR3431__MohallahEidGah,3,C4-GRT-04,,CP Prime,,353.28333333333336,10.95,610.8166666666667,1439.983333333333,18.083333333333336,,,,,,26.500000000000004,,,,,,,,,,,,,,,,,,,,,2459.6166666666663,,6,0.9715322145061728,7406.9,5245.549999999998,11325.750000000002,15929.73333333333,12042.383333333333,11858.749999999998,8306.25,4844.233333333334,4030.733333333333,4536.9,5224.133333333333,4355.266666666666,5678.6500000000015,5497.816666666665,9708.916666666666,7074.900000000001,16843.383333333335,11606.95,10990.316666666664,33652.816666666666,0,0,0,0,0,0,0,0,0,0,0,0,C4-GRT-04,,,Macro
43,RUR0527,RUR0527__S_Jheranwala_new,3,C4-GRT-04,,UFONE,7821,,,,,,,,,,,,,,,,,,,,,,,,,,,,,,,,0,,0,1,7406.9,5245.549999999998,11325.750000000002,15929.73333333333,12042.383333333333,11858.749999999998,8306.25,4844.233333333334,4030.733333333333,4536.9,5224.133333333333,4355.266666666666,5678.6500000000015,5497.816666666665,9708.916666666666,7074.900000000001,16843.383333333335,11606.95,10990.316666666664,33652.816666666666,0,0,0,0,0,0,0,0,0,0,0,0,C4-GRT-04,UFone,7821,Macro
44,RUR0820,RUR0820_Awan Sharif_,3,C4-GRT-04,,UFONE,7873,,,,,,,,,,,,,,,,,,,,,,,,,,,,,,,,0,,0,1,7406.9,5245.549999999998,11325.750000000002,15929.73333333333,12042.383333333333,11858.749999999998,8306.25,4844.233333333334,4030.733333333333,4536.9,5224.133333333333,4355.266666666666,5678.6500000000015,5497.816666666665,9708.916666666666,7074.900000000001,16843.383333333335,11606.95,10990.316666666664,33652.816666666666,0,0,0,0,0,0,0,0,0,0,0,0,C4-GRT-04,UFone,7873,Macro
45,GJR6287,GJR6287__S_Badshahi_Road_MDGU4256,3,C4-GRT-04,27,Stand by,,,,239.66666666666669,,,,32.00000000000001,,,,,,,,,,,,155.7,435.08333333333337,,,,,,,,,,,,862.45,,4,0.9900179398148148,7406.9,5245.549999999998,11325.750000000002,15929.73333333333,12042.383333333333,11858.749999999998,8306.25,4844.233333333334,4030.733333333333,4536.9,5224.133333333333,4355.266666666666,5678.6500000000015,5497.816666666665,9708.916666666666,7074.900000000001,16843.383333333335,11606.95,10990.316666666664,33652.816666666666,0,0,0,0,0,0,0,0,0,0,0,0,C4-GRT-04,,,Macro
46,GJR6291,GJR6291__S_Boraywala_chowk_MDGU4203,3,C4-GRT-04,,CP Prime,,,,,,,206.3333333333333,7.916666666666667,,,,,,,,,,,,,1404.25,,,,,,,,,,,,1618.5,,3,0.9812673611111111,7406.9,5245.549999999998,11325.750000000002,15929.73333333333,12042.383333333333,11858.749999999998,8306.25,4844.233333333334,4030.733333333333,4536.9,5224.133333333333,4355.266666666666,5678.6500000000015,5497.816666666665,9708.916666666666,7074.900000000001,16843.383333333335,11606.95,10990.316666666664,33652.816666666666,0,0,0,0,0,0,0,0,0,0,0,0,C4-GRT-04,,,Macro
47,RUR5626,RUR5626_H_Majara Gujrat,3,C4-GRT-04,,Enfrashare,EC1-JPB-08184,,,,,,,,,,,,,,,,,,,,,,,,,,,,,,,,0,,0,1,7406.9,5245.549999999998,11325.750000000002,15929.73333333333,12042.383333333333,11858.749999999998,8306.25,4844.233333333334,4030.733333333333,4536.9,5224.133333333333,4355.266666666666,5678.6500000000015,5497.816666666665,9708.916666666666,7074.900000000001,16843.383333333335,11606.95,10990.316666666664,33652.816666666666,0,0,0,0,0,0,0,0,0,0,0,0,,,,Macro
48,RUR5671,RUR5671__S_Sohal_TelenorISHL01,3,C4-GRT-04,,Telenor,ISHL01,72.50000000000001,85.08333333333333,110.50000000000003,89,106.83333333333334,369.25,472.4999999999999,82.5,186.08333333333334,173.49999999999994,182.58333333333334,41.33333333333333,201.66666666666669,22.25,599,103.5,147.21666666666667,346.25,436.41666666666663,139.83333333333334,,,,,,,,,,,,3967.7999999999997,,20,0.9540763888888888,7406.9,5245.549999999998,11325.750000000002,15929.73333333333,12042.383333333333,11858.749999999998,8306.25,4844.233333333334,4030.733333333333,4536.9,5224.133333333333,4355.266666666666,5678.6500000000015,5497.816666666665,9708.916666666666,7074.900000000001,16843.383333333335,11606.95,10990.316666666664,33652.816666666666,0,0,0,0,0,0,0,0,0,0,0,0,,,,Macro
49,BGL1622,BGL1622__S_Village_Malka_MDKN3890,4,C4-GRT-04,20,Stand by,,,,,,,,,,,,,,,,,,300.6666666666667,,,678.6666666666666,,,,,,,,,,,,979.3333333333333,,2,0.9914988425925926,7406.9,5245.549999999998,11325.750000000002,15929.73333333333,12042.383333333333,11858.749999999998,8306.25,4844.233333333334,4030.733333333333,4536.9,5224.133333333333,4355.266666666666,5678.6500000000015,5497.816666666665,9708.916666666666,7074.900000000001,16843.383333333335,11606.95,10990.316666666664,33652.816666666666,0,0,0,0,0,0,0,0,0,0,0,0,C4-GRT-04,,,Macro
50,HWY3435,HWY3435__GJRChakMurtazaGT,3,C4-GRT-04,20,Stand by,,,,,,,,,,,,,,,,993.7333333333333,,12.583333333333336,,,4.749999999999999,,,,,,,,,,,,1011.0666666666667,,3,0.9882978395061728,7406.9,5245.549999999998,11325.750000000002,15929.73333333333,12042.383333333333,11858.749999999998,8306.25,4844.233333333334,4030.733333333333,4536.9,5224.133333333333,4355.266666666666,5678.6500000000015,5497.816666666665,9708.916666666666,7074.900000000001,16843.383333333335,11606.95,10990.316666666664,33652.816666666666,0,0,0,0,0,0,0,0,0,0,0,0,C4-GRT-04,,,Macro
51,RUR6241,RUR6241__S_Chokori_Khurd_Ktla_Qasim_MDLM3309,3,C4-GRT-04,20,Stand by,,,,,,,,,,,,,,,,,,94.25,507.66666666666674,,94.16666666666664,,,,,,,,,,,,696.0833333333334,,3,0.9919434799382717,7406.9,5245.549999999998,11325.750000000002,15929.73333333333,12042.383333333333,11858.749999999998,8306.25,4844.233333333334,4030.733333333333,4536.9,5224.133333333333,4355.266666666666,5678.6500000000015,5497.816666666665,9708.916666666666,7074.900000000001,16843.383333333335,11606.95,10990.316666666664,33652.816666666666,0,0,0,0,0,0,0,0,0,0,0,0,C4-GRT-04,,,Macro
52,JPJ3112,JPJ3112__Farroqeazamjalalpu,3,C4-GRT-04,27,Stand by,,,,231.25,,,388.7499999999999,,,,,,,139.08333333333331,,,,135.33333333333334,,,,,,,,,,,,,,,894.4166666666666,,4,0.9896479552469135,7406.9,5245.549999999998,11325.750000000002,15929.73333333333,12042.383333333333,11858.749999999998,8306.25,4844.233333333334,4030.733333333333,4536.9,5224.133333333333,4355.266666666666,5678.6500000000015,5497.816666666665,9708.916666666666,7074.900000000001,16843.383333333335,11606.95,10990.316666666664,33652.816666666666,0,0,0,0,0,0,0,0,0,0,0,0,C4-GRT-04,,,Macro
53,BGL2204,BGL2204__MairShareef,3,C4-GRT-04,20,Stand by,,116.5833333333333,148.08333333333331,135.6666666666667,55.5,55.25,27.833333333333336,112.5,40.833333333333336,78.74999999999999,96.41666666666666,100.41666666666666,29.750000000000004,27.416666666666664,334.16666666666663,92.05000000000001,139.25000000000006,706.6666666666664,237.4166666666668,,351,,,,,,,,,,,,2885.5499999999997,,19,0.9666024305555555,7406.9,5245.549999999998,11325.750000000002,15929.73333333333,12042.383333333333,11858.749999999998,8306.25,4844.233333333334,4030.733333333333,4536.9,5224.133333333333,4355.266666666666,5678.6500000000015,5497.816666666665,9708.916666666666,7074.900000000001,16843.383333333335,11606.95,10990.316666666664,33652.816666666666,0,0,0,0,0,0,0,0,0,0,0,0,C4-MBD-08,,,Macro
54,RUR0511,RUR0511__KotliKohal,3,C4-GRT-04,,CP Prime,,,,,,,,,,,,,,963.3000000000003,,,,,,,,,,,,,,,,,,,963.3000000000003,,1,0.9888506944444444,7406.9,5245.549999999998,11325.750000000002,15929.73333333333,12042.383333333333,11858.749999999998,8306.25,4844.233333333334,4030.733333333333,4536.9,5224.133333333333,4355.266666666666,5678.6500000000015,5497.816666666665,9708.916666666666,7074.900000000001,16843.383333333335,11606.95,10990.316666666664,33652.816666666666,0,0,0,0,0,0,0,0,0,0,0,0,C4-GRT-04,,,Macro
55,LLM6248,LLM6248__S_Mohallah_Hussain_MDLM3308,3,C4-GRT-04,20,Stand by,,,,,,,,,,,,,,,,13.25,,,,,,,,,,,,,,,,,13.25,,1,0.9998466435185185,7406.9,5245.549999999998,11325.750000000002,15929.73333333333,12042.383333333333,11858.749999999998,8306.25,4844.233333333334,4030.733333333333,4536.9,5224.133333333333,4355.266666666666,5678.6500000000015,5497.816666666665,9708.916666666666,7074.900000000001,16843.383333333335,11606.95,10990.316666666664,33652.816666666666,0,0,0,0,0,0,0,0,0,0,0,0,C4-GRT-04,,,Macro
56,GJR6264,GJR6264__S_JalalPur_JattanRoad_MDGU4171,3,C4-GRT-04,,CP Prime,,,,,,,,,,,,,,,,,,,,,,,,,,,,,,,,,0,,0,1,7406.9,5245.549999999998,11325.750000000002,15929.73333333333,12042.383333333333,11858.749999999998,8306.25,4844.233333333334,4030.733333333333,4536.9,5224.133333333333,4355.266666666666,5678.6500000000015,5497.816666666665,9708.916666666666,7074.900000000001,16843.383333333335,11606.95,10990.316666666664,33652.816666666666,0,0,0,0,0,0,0,0,0,0,0,0,C4-GRT-04,,,Macro
57,GJR9852,GJR9852__Mohalkhalidaba,4,C4-GRT-04,20,Stand by,,,,253.49999999999997,,38.16666666666667,,,,,,,,,,,,254.33333333333334,,,,,,,,,,,,,,,546,,3,0.9952604166666668,7406.9,5245.549999999998,11325.750000000002,15929.73333333333,12042.383333333333,11858.749999999998,8306.25,4844.233333333334,4030.733333333333,4536.9,5224.133333333333,4355.266666666666,5678.6500000000015,5497.816666666665,9708.916666666666,7074.900000000001,16843.383333333335,11606.95,10990.316666666664,33652.816666666666,0,0,0,0,0,0,0,0,0,0,0,0,C4-GRT-04,,,Macro
58,GJR3436,GJR3436__GulshanColonyGujrat,4,C4-GRT-04,27,Stand by,,,,,,,,,,,,,,,,,,,,,,,,,,,,,,,,,0,,0,1,7406.9,5245.549999999998,11325.750000000002,15929.73333333333,12042.383333333333,11858.749999999998,8306.25,4844.233333333334,4030.733333333333,4536.9,5224.133333333333,4355.266666666666,5678.6500000000015,5497.816666666665,9708.916666666666,7074.900000000001,16843.383333333335,11606.95,10990.316666666664,33652.816666666666,0,0,0,0,0,0,0,0,0,0,0,0,C4-GRT-04,,,Macro
59,GJR6286,GJR6286__S_Mohalla_Sultanabad_Main_GT_Rd_MDGU4262,4,C4-GRT-04,20,Stand by,,,,224.33333333333337,,,,14.166666666666664,,,,,,,,,,,,,90.50000000000001,,,,,,,,,,,,329.00000000000006,,3,0.9971440972222223,7406.9,5245.549999999998,11325.750000000002,15929.73333333333,12042.383333333333,11858.749999999998,8306.25,4844.233333333334,4030.733333333333,4536.9,5224.133333333333,4355.266666666666,5678.6500000000015,5497.816666666665,9708.916666666666,7074.900000000001,16843.383333333335,11606.95,10990.316666666664,33652.816666666666,0,0,0,0,0,0,0,0,0,0,0,0,C4-GRT-04,,,Macro
60,JPJ6403,JPJ6403__S_IslamGarh_Ufone1335,3,C4-GRT-04,,Ufone,CI-1335,,,,,,,,,,,,,,,,,,,,,,,,,,,,,,,,0,,0,1,7406.9,5245.549999999998,11325.750000000002,15929.73333333333,12042.383333333333,11858.749999999998,8306.25,4844.233333333334,4030.733333333333,4536.9,5224.133333333333,4355.266666666666,5678.6500000000015,5497.816666666665,9708.916666666666,7074.900000000001,16843.383333333335,11606.95,10990.316666666664,33652.816666666666,0,0,0,0,0,0,0,0,0,0,0,0,,,,Macro
61,RUR0687,RUR0687__Jandal,4,C4-GRT-04,27,Stand by,,20.333333333333332,,4.916666666666667,213.66666666666663,146.4166666666667,103.41666666666669,41.833333333333336,,6.25,,70.25,320.41666666666674,479.4166666666666,972.7166666666667,123.49999999999999,515.8166666666667,271.3,495.83333333333326,,90.58333333333334,,,,,,,,,,,,3876.6666666666665,,16,0.9663483796296296,7406.9,5245.549999999998,11325.750000000002,15929.73333333333,12042.383333333333,11858.749999999998,8306.25,4844.233333333334,4030.733333333333,4536.9,5224.133333333333,4355.266666666666,5678.6500000000015,5497.816666666665,9708.916666666666,7074.900000000001,16843.383333333335,11606.95,10990.316666666664,33652.816666666666,0,0,0,0,0,0,0,0,0,0,0,0,C4-GRT-04,,,Macro
62,GJR0737,GJR0737__shahen_Chow,4,C4-GRT-04,30+30,Stand by,,,,,,,139.36666666666667,,,,,,,,,,,,,,,,,,,,,,,,,,139.36666666666667,,1,0.9987902199074074,7406.9,5245.549999999998,11325.750000000002,15929.73333333333,12042.383333333333,11858.749999999998,8306.25,4844.233333333334,4030.733333333333,4536.9,5224.133333333333,4355.266666666666,5678.6500000000015,5497.816666666665,9708.916666666666,7074.900000000001,16843.383333333335,11606.95,10990.316666666664,33652.816666666666,0,0,0,0,0,0,0,0,0,0,0,0,C4-GRT-04,,,Macro
63,DHN8757,DHN8757__Dhulanwala,3,C4-GRT-04,,CP Prime,,,,,,,,,,,555.1666666666667,,,,,,,1348.0833333333335,,7.250000000000001,,,,,,,,,,,,,1910.5000000000002,,3,0.9778877314814816,7406.9,5245.549999999998,11325.750000000002,15929.73333333333,12042.383333333333,11858.749999999998,8306.25,4844.233333333334,4030.733333333333,4536.9,5224.133333333333,4355.266666666666,5678.6500000000015,5497.816666666665,9708.916666666666,7074.900000000001,16843.383333333335,11606.95,10990.316666666664,33652.816666666666,0,0,0,0,0,0,0,0,0,0,0,0,C4-GRT-04,,,Macro
64,RUR6245,RUR6245__S_Ugowal_MDGU7674,3,C4-GRT-04,,Telenor,LDNR01,,,,41.33333333333333,,,,,,,,,,,,,901.25,53.08333333333334,,,,,,,,,,,,,,995.6666666666667,,3,0.9884760802469136,7406.9,5245.549999999998,11325.750000000002,15929.73333333333,12042.383333333333,11858.749999999998,8306.25,4844.233333333334,4030.733333333333,4536.9,5224.133333333333,4355.266666666666,5678.6500000000015,5497.816666666665,9708.916666666666,7074.900000000001,16843.383333333335,11606.95,10990.316666666664,33652.816666666666,0,0,0,0,0,0,0,0,0,0,0,0,C4-GRT-04,Telenor,LDNR01,Macro
65,GJR6247,GJR6247__S_Kot_Uddu_Wall_MDGU4252,3,C4-GRT-04,20,Stand by,,,,,,,,,,,,,,,,,,,,,,,,,,,,,,,,,0,,0,1,7406.9,5245.549999999998,11325.750000000002,15929.73333333333,12042.383333333333,11858.749999999998,8306.25,4844.233333333334,4030.733333333333,4536.9,5224.133333333333,4355.266666666666,5678.6500000000015,5497.816666666665,9708.916666666666,7074.900000000001,16843.383333333335,11606.95,10990.316666666664,33652.816666666666,0,0,0,0,0,0,0,0,0,0,0,0,C4-GRT-04,,,Macro
66,DIL2202,DIL2202__Rolia,3,C4-GRT-04,20,Stand by,,,,,,,,,,,,,38.49999999999999,,,,,,,,,,,,,,,,,,,,38.49999999999999,,1,0.9995543981481481,7406.9,5245.549999999998,11325.750000000002,15929.73333333333,12042.383333333333,11858.749999999998,8306.25,4844.233333333334,4030.733333333333,4536.9,5224.133333333333,4355.266666666666,5678.6500000000015,5497.816666666665,9708.916666666666,7074.900000000001,16843.383333333335,11606.95,10990.316666666664,33652.816666666666,0,0,0,0,0,0,0,0,0,0,0,0,C4-GRT-04,,,Macro
67,JPJ5565,JPJ5565_H_Nikka Dawara Rd Jalalpur Gujrat,3,C4-GRT-04,,Enfrashare,EC1-GUT-03045,,,,,469,,,,,,,,,,479.0000000000001,,,,,,,,,,,,,,,,,948.0000000000001,,2,0.9890277777777777,7406.9,5245.549999999998,11325.750000000002,15929.73333333333,12042.383333333333,11858.749999999998,8306.25,4844.233333333334,4030.733333333333,4536.9,5224.133333333333,4355.266666666666,5678.6500000000015,5497.816666666665,9708.916666666666,7074.900000000001,16843.383333333335,11606.95,10990.316666666664,33652.816666666666,0,0,0,0,0,0,0,0,0,0,0,0,,,,Macro
68,RUR5649,RUR5649__S_Gidian,3,C4-GRT-04,,Enfrashare,EC1-GUT-01990,492.5000000000001,,,,,,,,,,,,,,,18.25,78.58333333333334,42.99999999999999,8.083333333333334,71.33333333333334,,,,,,,,,,,,711.7500000000002,,6,0.9917621527777777,7406.9,5245.549999999998,11325.750000000002,15929.73333333333,12042.383333333333,11858.749999999998,8306.25,4844.233333333334,4030.733333333333,4536.9,5224.133333333333,4355.266666666666,5678.6500000000015,5497.816666666665,9708.916666666666,7074.900000000001,16843.383333333335,11606.95,10990.316666666664,33652.816666666666,0,0,0,0,0,0,0,0,0,0,0,0,C4-GRT-04,Enfra,EC1-GUT-01990,Macro
69,RUR9208,RUR9208__Chopala,3,C4-GRT-04,20,Stand by,,,,,,,,,,,,,,,,,,,,20.5,,,,,,,,,,,,,20.5,,1,0.9997627314814815,7406.9,5245.549999999998,11325.750000000002,15929.73333333333,12042.383333333333,11858.749999999998,8306.25,4844.233333333334,4030.733333333333,4536.9,5224.133333333333,4355.266666666666,5678.6500000000015,5497.816666666665,9708.916666666666,7074.900000000001,16843.383333333335,11606.95,10990.316666666664,33652.816666666666,0,0,0,0,0,0,0,0,0,0,0,0,C4-GRT-04,,,Macro
70,GJR5729,GJR5729__S_Gillanwala,3,C4-GRT-04,,Enfrashare,EC1-GUT-02342,21.75,177.50000000000003,67.23333333333332,167.41666666666669,173.7833333333333,448.1666666666668,138.70000000000002,49.55,187.39999999999995,249.23333333333332,218.25,289.41666666666663,294.59999999999997,,,,,,,,,,,,,,,,,,,2483,,13,0.9712615740740741,7406.9,5245.549999999998,11325.750000000002,15929.73333333333,12042.383333333333,11858.749999999998,8306.25,4844.233333333334,4030.733333333333,4536.9,5224.133333333333,4355.266666666666,5678.6500000000015,5497.816666666665,9708.916666666666,7074.900000000001,16843.383333333335,11606.95,10990.316666666664,33652.816666666666,0,0,0,0,0,0,0,0,0,0,0,0,,,,Macro
71,GJR6258,GJR6258__S_Star_Colony_Bhimber_Road_MDGU4249,3,C4-GRT-04,30,Stand by,,,6.249999999999999,,,,,,,,,,,,,,,,,,,,,,,,,,,,,,6.249999999999999,,1,0.9999276620370371,7406.9,5245.549999999998,11325.750000000002,15929.73333333333,12042.383333333333,11858.749999999998,8306.25,4844.233333333334,4030.733333333333,4536.9,5224.133333333333,4355.266666666666,5678.6500000000015,5497.816666666665,9708.916666666666,7074.900000000001,16843.383333333335,11606.95,10990.316666666664,33652.816666666666,0,0,0,0,0,0,0,0,0,0,0,0,C4-GRT-04,,,Macro
72,SKL9912,SKL9912__ChakSada,4,C4-GRT-04,30,Stand by,,,,,,,41.249999999999986,,,,,,,,,,,,475.49999999999994,,,,,,,,,,,,,,516.7499999999999,,2,0.9955143229166667,7406.9,5245.549999999998,11325.750000000002,15929.73333333333,12042.383333333333,11858.749999999998,8306.25,4844.233333333334,4030.733333333333,4536.9,5224.133333333333,4355.266666666666,5678.6500000000015,5497.816666666665,9708.916666666666,7074.900000000001,16843.383333333335,11606.95,10990.316666666664,33652.816666666666,0,0,0,0,0,0,0,0,0,0,0,0,C4-GRT-04,,,Macro
73,RUR3844,RUR3844__LLMNadirHospitalJor,3,C4-GRT-04,27,Stand by,,,,625.9999999999999,,,157.16666666666666,,,,,210,,,,,,189.75,,,212.58333333333337,,,,,,,,,,,,1395.5,,5,0.9838483796296296,7406.9,5245.549999999998,11325.750000000002,15929.73333333333,12042.383333333333,11858.749999999998,8306.25,4844.233333333334,4030.733333333333,4536.9,5224.133333333333,4355.266666666666,5678.6500000000015,5497.816666666665,9708.916666666666,7074.900000000001,16843.383333333335,11606.95,10990.316666666664,33652.816666666666,0,0,0,0,0,0,0,0,0,0,0,0,C4-GRT-04,,,Macro
74,FTP6242,FTP6242__S_Fatehpur_MDFP4296,4,C4-GRT-04,27,Stand by,,,,,,242.83333333333331,177.33333333333337,,,,,,,,,,,114.33333333333331,,41.5,2861.4,,,,,,,,,,,,3437.4,,5,0.9701614583333334,7406.9,5245.549999999998,11325.750000000002,15929.73333333333,12042.383333333333,11858.749999999998,8306.25,4844.233333333334,4030.733333333333,4536.9,5224.133333333333,4355.266666666666,5678.6500000000015,5497.816666666665,9708.916666666666,7074.900000000001,16843.383333333335,11606.95,10990.316666666664,33652.816666666666,0,0,0,0,0,0,0,0,0,0,0,0,C4-GRT-04,,,Macro
75,GJR0397,GJR0397__Marghazar,4,C4-GRT-04,30,Stand by,,185.75000000000003,117.74999999999999,110.16666666666666,38.666666666666664,77.16666666666666,144.08333333333331,73.66666666666667,,111.33333333333334,77.33333333333333,38.916666666666664,157.83333333333331,139.58333333333334,,77.75000000000001,138.5,180.75000000000006,128.83333333333331,68,31,,,,,,,,,,,,1897.083333333333,,18,0.9835322627314815,7406.9,5245.549999999998,11325.750000000002,15929.73333333333,12042.383333333333,11858.749999999998,8306.25,4844.233333333334,4030.733333333333,4536.9,5224.133333333333,4355.266666666666,5678.6500000000015,5497.816666666665,9708.916666666666,7074.900000000001,16843.383333333335,11606.95,10990.316666666664,33652.816666666666,0,0,0,0,0,0,0,0,0,0,0,0,C4-GRT-04,,,Macro
76,HWY6462,HWY6462__S_SadiqAbadGTRoad,3,C4-GRT-04,,E.Co,e.coPK019022PU,,,,,,,,,,,,,,,,,,1395.9,,,,,,,,,,,,,,1395.9,,1,0.98384375,7406.9,5245.549999999998,11325.750000000002,15929.73333333333,12042.383333333333,11858.749999999998,8306.25,4844.233333333334,4030.733333333333,4536.9,5224.133333333333,4355.266666666666,5678.6500000000015,5497.816666666665,9708.916666666666,7074.900000000001,16843.383333333335,11606.95,10990.316666666664,33652.816666666666,0,0,0,0,0,0,0,0,0,0,0,0,,,,Macro
77,RUR9210,RUR9210__Dheenda,3,C4-GRT-04,31,Stand by,,,,,,,,,,,,,,,,,,,,,40.58333333333333,,,,,,,,,,,,40.58333333333333,,1,0.9995302854938273,7406.9,5245.549999999998,11325.750000000002,15929.73333333333,12042.383333333333,11858.749999999998,8306.25,4844.233333333334,4030.733333333333,4536.9,5224.133333333333,4355.266666666666,5678.6500000000015,5497.816666666665,9708.916666666666,7074.900000000001,16843.383333333335,11606.95,10990.316666666664,33652.816666666666,0,0,0,0,0,0,0,0,0,0,0,0,C4-GRT-04,,,Macro
78,HWY1576,HWY1576__Langaryal,3,C4-GRT-04,9,Stand by,,157.08333333333334,64.75,27.749999999999996,45.24999999999999,55.583333333333336,91.41666666666669,253.74999999999997,40.583333333333336,48.666666666666664,52.166666666666664,27.749999999999996,105.16666666666667,84.83333333333333,,260.83333333333326,,188.41666666666666,80.24999999999999,101.74999999999997,156.75000000000003,,,,,,,,,,,,1842.7499999999998,,18,0.978671875,7406.9,5245.549999999998,11325.750000000002,15929.73333333333,12042.383333333333,11858.749999999998,8306.25,4844.233333333334,4030.733333333333,4536.9,5224.133333333333,4355.266666666666,5678.6500000000015,5497.816666666665,9708.916666666666,7074.900000000001,16843.383333333335,11606.95,10990.316666666664,33652.816666666666,0,0,0,0,0,0,0,0,0,0,0,0,C4-GRT-04,,,Macro
79,JPJ3534,JPJ3534__MangowalRd,3,C4-GRT-04,20,Stand by,,,,436.4166666666666,,,,,,,,,,,,,,,,,,,,,,,,,,,,,436.4166666666666,,1,0.9949488811728395,7406.9,5245.549999999998,11325.750000000002,15929.73333333333,12042.383333333333,11858.749999999998,8306.25,4844.233333333334,4030.733333333333,4536.9,5224.133333333333,4355.266666666666,5678.6500000000015,5497.816666666665,9708.916666666666,7074.900000000001,16843.383333333335,11606.95,10990.316666666664,33652.816666666666,0,0,0,0,0,0,0,0,0,0,0,0,C4-GRT-04,,,Macro
80,RUR6256,RUR6256__S_Chak_Kala_Jalapurjatan Road_MR1O3562,3,C4-GRT-04,20,Stand by,,,,,,,,,129.65,,,,,,,,,21.25,,,,,,,,,,,,,,,150.9,,2,0.9982534722222222,7406.9,5245.549999999998,11325.750000000002,15929.73333333333,12042.383333333333,11858.749999999998,8306.25,4844.233333333334,4030.733333333333,4536.9,5224.133333333333,4355.266666666666,5678.6500000000015,5497.816666666665,9708.916666666666,7074.900000000001,16843.383333333335,11606.95,10990.316666666664,33652.816666666666,0,0,0,0,0,0,0,0,0,0,0,0,C4-GRT-04,,,Macro
81,RUR0758,RUR0758_BuzargWall,3,C4-GRT-04,27,Stand by,,,,,,,,,,,,,,,,,,,,,,,,,,,,,,,,,0,,0,1,7406.9,5245.549999999998,11325.750000000002,15929.73333333333,12042.383333333333,11858.749999999998,8306.25,4844.233333333334,4030.733333333333,4536.9,5224.133333333333,4355.266666666666,5678.6500000000015,5497.816666666665,9708.916666666666,7074.900000000001,16843.383333333335,11606.95,10990.316666666664,33652.816666666666,0,0,0,0,0,0,0,0,0,0,0,0,C4-GRT-04,,,Macro
82,GJR3428,GJR3428__GarhiAhmedabad,3,C4-GRT-04,20,Stand by,,52.250000000000014,53.16666666666667,52.749999999999986,52.250000000000014,107.91666666666667,109.74999999999999,,104.25,54.999999999999986,52.5,106.74999999999999,,331.7499999999999,,51.249999999999986,104.49999999999999,104.75000000000001,,468.33333333333337,,,,,,,,,,,,,1807.1666666666665,,15,0.9790837191358025,7406.9,5245.549999999998,11325.750000000002,15929.73333333333,12042.383333333333,11858.749999999998,8306.25,4844.233333333334,4030.733333333333,4536.9,5224.133333333333,4355.266666666666,5678.6500000000015,5497.816666666665,9708.916666666666,7074.900000000001,16843.383333333335,11606.95,10990.316666666664,33652.816666666666,0,0,0,0,0,0,0,0,0,0,0,0,C4-GRT-04,,,Macro
83,GJR0766,GJR0766__GJRServiceMoreGujrat,3,C4-GRT-04,27,Stand by,,,,,,,,,,,,,,,,76.08333333333333,,,,,402.58333333333337,,,,,,,,,,,,478.6666666666667,,2,0.9944598765432099,7406.9,5245.549999999998,11325.750000000002,15929.73333333333,12042.383333333333,11858.749999999998,8306.25,4844.233333333334,4030.733333333333,4536.9,5224.133333333333,4355.266666666666,5678.6500000000015,5497.816666666665,9708.916666666666,7074.900000000001,16843.383333333335,11606.95,10990.316666666664,33652.816666666666,0,0,0,0,0,0,0,0,0,0,0,0,C4-GRT-04,,,Macro
84,LLM0360,LLM0360__Lalamusa,3,C4-GRT-04,31+13,Stand by,,,,,,,,,,,,,,,,,,,,,,,,,,,,,,,,,0,,0,1,7406.9,5245.549999999998,11325.750000000002,15929.73333333333,12042.383333333333,11858.749999999998,8306.25,4844.233333333334,4030.733333333333,4536.9,5224.133333333333,4355.266666666666,5678.6500000000015,5497.816666666665,9708.916666666666,7074.900000000001,16843.383333333335,11606.95,10990.316666666664,33652.816666666666,0,0,0,0,0,0,0,0,0,0,0,0,C4-GRT-04,,,Macro
85,GJR3734,GJR3734__RangpuraGujrat,3,C4-GRT-04,20+27,Stand by,,,,,,,,,,,,,,,,,,,,,,,,,,,,,,,,,0,,0,1,7406.9,5245.549999999998,11325.750000000002,15929.73333333333,12042.383333333333,11858.749999999998,8306.25,4844.233333333334,4030.733333333333,4536.9,5224.133333333333,4355.266666666666,5678.6500000000015,5497.816666666665,9708.916666666666,7074.900000000001,16843.383333333335,11606.95,10990.316666666664,33652.816666666666,0,0,0,0,0,0,0,0,0,0,0,0,C4-GRT-04,,,Macro
86,HWY3181,HWY3181__S_Khatala_ChanabWarid_MDGU4248,3,C4-GRT-04,30,Stand by,,,742.3833333333331,,114.36666666666667,92.94999999999999,,54.16666666666666,,,,,26.75,10.08333333333333,,,,13.21666666666667,21.26666666666667,9,6.500000000000001,,,,,,,,,,,,1090.683333333333,,10,0.987376350308642,7406.9,5245.549999999998,11325.750000000002,15929.73333333333,12042.383333333333,11858.749999999998,8306.25,4844.233333333334,4030.733333333333,4536.9,5224.133333333333,4355.266666666666,5678.6500000000015,5497.816666666665,9708.916666666666,7074.900000000001,16843.383333333335,11606.95,10990.316666666664,33652.816666666666,0,0,0,0,0,0,0,0,0,0,0,0,C4-GRT-04,,,Macro
87,RUR5644,RUR5644__S_MariKhokhran,3,C4-GRT-04,,Enfrashare,EC1-GUT-02248,,,,,,,,,,,,,,,,,,,,,,,,,,,,,,,,0,,0,1,7406.9,5245.549999999998,11325.750000000002,15929.73333333333,12042.383333333333,11858.749999999998,8306.25,4844.233333333334,4030.733333333333,4536.9,5224.133333333333,4355.266666666666,5678.6500000000015,5497.816666666665,9708.916666666666,7074.900000000001,16843.383333333335,11606.95,10990.316666666664,33652.816666666666,0,0,0,0,0,0,0,0,0,0,0,0,,,,Macro
88,RUR0456,RUR0456_BarilaSharif_New,3,C4-GRT-04,27,Stand by,,,,,,200.83333333333334,1024.3166666666666,1829.7999999999997,,,,,,,193,33.75,,,,,,,,,,,,,,,,,3281.7,,5,0.9620173611111111,7406.9,5245.549999999998,11325.750000000002,15929.73333333333,12042.383333333333,11858.749999999998,8306.25,4844.233333333334,4030.733333333333,4536.9,5224.133333333333,4355.266666666666,5678.6500000000015,5497.816666666665,9708.916666666666,7074.900000000001,16843.383333333335,11606.95,10990.316666666664,33652.816666666666,0,0,0,0,0,0,0,0,0,0,0,0,C4-GRT-04,,,Macro
89,KRW8773,KRW8773__KarianwalaCity,3,C4-GRT-04,20,Stand by,,,,,,,,,,,,,,,,151.66666666666669,,36.75,313.2500000000001,59.08333333333334,,,,,,,,,,,,,560.7500000000001,,4,0.9935098379629629,7406.9,5245.549999999998,11325.750000000002,15929.73333333333,12042.383333333333,11858.749999999998,8306.25,4844.233333333334,4030.733333333333,4536.9,5224.133333333333,4355.266666666666,5678.6500000000015,5497.816666666665,9708.916666666666,7074.900000000001,16843.383333333335,11606.95,10990.316666666664,33652.816666666666,0,0,0,0,0,0,0,0,0,0,0,0,C4-GRT-04,,,Macro
90,RUR5643,RUR5643__S_Ajnala,3,C4-GRT-04,,Enfrashare,EC1-GUT-02247,,,,,,,,,,,,,,,,,14.083333333333336,,,,,,,,,,,,,,,14.083333333333336,,1,0.9998369984567901,7406.9,5245.549999999998,11325.750000000002,15929.73333333333,12042.383333333333,11858.749999999998,8306.25,4844.233333333334,4030.733333333333,4536.9,5224.133333333333,4355.266666666666,5678.6500000000015,5497.816666666665,9708.916666666666,7074.900000000001,16843.383333333335,11606.95,10990.316666666664,33652.816666666666,0,0,0,0,0,0,0,0,0,0,0,0,,,,Macro
91,Rur3735,Rur3735__Gjrmuhallahkhokhar,3,C4-GRT-04,30,Stand by,,,,,,129.49999999999997,,,404.79999999999995,,,,,49.050000000000004,,,,89.25,,,,,,,,,,,,,,,672.5999999999999,,4,0.9922152777777778,7406.9,5245.549999999998,11325.750000000002,15929.73333333333,12042.383333333333,11858.749999999998,8306.25,4844.233333333334,4030.733333333333,4536.9,5224.133333333333,4355.266666666666,5678.6500000000015,5497.816666666665,9708.916666666666,7074.900000000001,16843.383333333335,11606.95,10990.316666666664,33652.816666666666,0,0,0,0,0,0,0,0,0,0,0,0,C4-GRT-04,,,Macro
92,GJR6281,GJR6281__S_NoorPur_Sharqi_MDGU4241,3,C4-GRT-04,30,Stand by,,111.25000000000003,,,,,,42.16666666666666,,,,44.00000000000001,24.75,,,,,,,25,682.0000000000002,,,,,,,,,,,,929.166666666667,,6,0.9892457561728395,7406.9,5245.549999999998,11325.750000000002,15929.73333333333,12042.383333333333,11858.749999999998,8306.25,4844.233333333334,4030.733333333333,4536.9,5224.133333333333,4355.266666666666,5678.6500000000015,5497.816666666665,9708.916666666666,7074.900000000001,16843.383333333335,11606.95,10990.316666666664,33652.816666666666,0,0,0,0,0,0,0,0,0,0,0,0,C4-GRT-04,,,Macro
93,RUR1581,RUR1581__PindiAwan,4,C4-GRT-04,,GLO,,18.333333333333336,144.74999999999997,1420.0500000000002,1655.4499999999996,,,,,,1.916666666666667,,,,,,,,,,,,,,,,,,,,,,3240.4999999999995,,5,0.9718706597222223,7406.9,5245.549999999998,11325.750000000002,15929.73333333333,12042.383333333333,11858.749999999998,8306.25,4844.233333333334,4030.733333333333,4536.9,5224.133333333333,4355.266666666666,5678.6500000000015,5497.816666666665,9708.916666666666,7074.900000000001,16843.383333333335,11606.95,10990.316666666664,33652.816666666666,0,0,0,0,0,0,0,0,0,0,0,0,C4-GRT-04,,,Macro
94,GJR4902,GJR4902__NewMarghazar,3,C4-GRT-04,33,Stand by,,3.833333333333334,,,,,,,,,,,,,,,,,,,,,,,,,,,,,,,3.833333333333334,,1,0.9999556327160494,7406.9,5245.549999999998,11325.750000000002,15929.73333333333,12042.383333333333,11858.749999999998,8306.25,4844.233333333334,4030.733333333333,4536.9,5224.133333333333,4355.266666666666,5678.6500000000015,5497.816666666665,9708.916666666666,7074.900000000001,16843.383333333335,11606.95,10990.316666666664,33652.816666666666,0,0,0,0,0,0,0,0,0,0,0,0,C4-GRT-04,,,Macro
95,RUR9205,RUR9205__Hazara,3,C4-GRT-04,27,Stand by,,,,,,,,,,,,,,,,,,,,,,,,,,,,,,,,,0,,0,1,7406.9,5245.549999999998,11325.750000000002,15929.73333333333,12042.383333333333,11858.749999999998,8306.25,4844.233333333334,4030.733333333333,4536.9,5224.133333333333,4355.266666666666,5678.6500000000015,5497.816666666665,9708.916666666666,7074.900000000001,16843.383333333335,11606.95,10990.316666666664,33652.816666666666,0,0,0,0,0,0,0,0,0,0,0,0,C4-GRT-04,,,Macro
96,RUR6240,RUR6240__S_ Dolat_Nagar_Chowk_Kotla_BhimberRoad_MR745461,4,C4-GRT-04,27,Stand by,,,,,,,,,,,,,,,,,,,,,,,,,,,,,,,,,0,,0,1,7406.9,5245.549999999998,11325.750000000002,15929.73333333333,12042.383333333333,11858.749999999998,8306.25,4844.233333333334,4030.733333333333,4536.9,5224.133333333333,4355.266666666666,5678.6500000000015,5497.816666666665,9708.916666666666,7074.900000000001,16843.383333333335,11606.95,10990.316666666664,33652.816666666666,0,0,0,0,0,0,0,0,0,0,0,0,C4-GRT-04,,,Macro
97,GJR5647,GJR5647__S_NearIkramHospital,3,C4-GRT-04,,Enfrashare,EC1-GUT-02328,,,,,,,,,,,,,,,77.5,,,,,,,,,,,,,,,,,77.5,,1,0.9991030092592592,7406.9,5245.549999999998,11325.750000000002,15929.73333333333,12042.383333333333,11858.749999999998,8306.25,4844.233333333334,4030.733333333333,4536.9,5224.133333333333,4355.266666666666,5678.6500000000015,5497.816666666665,9708.916666666666,7074.900000000001,16843.383333333335,11606.95,10990.316666666664,33652.816666666666,0,0,0,0,0,0,0,0,0,0,0,0,,,,Macro
98,HWY6909,HWY6909__ChakMurtazaGJR,3,C4-GRT-04,20,Stand by,,221.5,332.7999999999999,,,,,,,,,,,,,,,12.5,,,125.25,,,,,,,,,,,,692.05,,4,0.991990162037037,7406.9,5245.549999999998,11325.750000000002,15929.73333333333,12042.383333333333,11858.749999999998,8306.25,4844.233333333334,4030.733333333333,4536.9,5224.133333333333,4355.266666666666,5678.6500000000015,5497.816666666665,9708.916666666666,7074.900000000001,16843.383333333335,11606.95,10990.316666666664,33652.816666666666,0,0,0,0,0,0,0,0,0,0,0,0,C4-GRT-04,,,Macro
99,JPJ3113,JPJ3113__Kashmirmahaljalalpu,3,C4-GRT-04,27,Stand by,,,,,152.16666666666666,,,,,,,,,,,,,,,,,,,,,,,,,,,,152.16666666666666,,1,0.998238811728395,7406.9,5245.549999999998,11325.750000000002,15929.73333333333,12042.383333333333,11858.749999999998,8306.25,4844.233333333334,4030.733333333333,4536.9,5224.133333333333,4355.266666666666,5678.6500000000015,5497.816666666665,9708.916666666666,7074.900000000001,16843.383333333335,11606.95,10990.316666666664,33652.816666666666,0,0,0,0,0,0,0,0,0,0,0,0,C4-GRT-04,,,Macro
100,GJR5750,RUR5750__S_Mudkey,3,C4-GRT-04,,Enfrashare,EC1-GUT-08182,,,,,,,,,,,,,,539.2500000000002,212,,,,,905.3,,,,,,,,,,,,1656.5500000000002,,3,0.9808269675925927,7406.9,5245.549999999998,11325.750000000002,15929.73333333333,12042.383333333333,11858.749999999998,8306.25,4844.233333333334,4030.733333333333,4536.9,5224.133333333333,4355.266666666666,5678.6500000000015,5497.816666666665,9708.916666666666,7074.900000000001,16843.383333333335,11606.95,10990.316666666664,33652.816666666666,0,0,0,0,0,0,0,0,0,0,0,0,,,,Macro
101,HWY0204,HWY0204__S_KotlaArb_AliKhan_Kharian_MR745460,3,C4-GRT-04,30,Stand by,,,,,,,,,,,,,,,,,,,,,,,,,,,,,,,,,0,,0,1,7406.9,5245.549999999998,11325.750000000002,15929.73333333333,12042.383333333333,11858.749999999998,8306.25,4844.233333333334,4030.733333333333,4536.9,5224.133333333333,4355.266666666666,5678.6500000000015,5497.816666666665,9708.916666666666,7074.900000000001,16843.383333333335,11606.95,10990.316666666664,33652.816666666666,0,0,0,0,0,0,0,0,0,0,0,0,C4-GRT-04,,,Macro
102,GJR9887,GJR9887__MohallaNoorPur,3,C4-GRT-04,20,Stand by,,,,,,171.16666666666663,,152.25,,,,,184.33333333333331,,54.08333333333333,53.750000000000014,54.75,,,154.41666666666666,139.00000000000003,,,,,,,,,,,,963.7499999999999,,8,0.9888454861111111,7406.9,5245.549999999998,11325.750000000002,15929.73333333333,12042.383333333333,11858.749999999998,8306.25,4844.233333333334,4030.733333333333,4536.9,5224.133333333333,4355.266666666666,5678.6500000000015,5497.816666666665,9708.916666666666,7074.900000000001,16843.383333333335,11606.95,10990.316666666664,33652.816666666666,0,0,0,0,0,0,0,0,0,0,0,0,C4-GRT-04,,,Macro
103,RUR5506,RUR5506__S_Jaidpur,3,C4-GRT-04,,E.Co,e.coPK001078PU,,,,,,427.0833333333332,,,,,45.91666666666666,,,,,,,41.25,,,,,,,,,,,,,,514.2499999999999,,3,0.9940480324074075,7406.9,5245.549999999998,11325.750000000002,15929.73333333333,12042.383333333333,11858.749999999998,8306.25,4844.233333333334,4030.733333333333,4536.9,5224.133333333333,4355.266666666666,5678.6500000000015,5497.816666666665,9708.916666666666,7074.900000000001,16843.383333333335,11606.95,10990.316666666664,33652.816666666666,0,0,0,0,0,0,0,0,0,0,0,0,C4-GRT-04,E.Co,,Macro
104,RUR9206,RUR9206__DhaSirihali,3,C4-GRT-04,27,Stand by,,,,,,,,314.91666666666663,92.98333333333333,,,,,,,,,,,,,,,,,,,,,,,,407.9,,2,0.9952789351851853,7406.9,5245.549999999998,11325.750000000002,15929.73333333333,12042.383333333333,11858.749999999998,8306.25,4844.233333333334,4030.733333333333,4536.9,5224.133333333333,4355.266666666666,5678.6500000000015,5497.816666666665,9708.916666666666,7074.900000000001,16843.383333333335,11606.95,10990.316666666664,33652.816666666666,0,0,0,0,0,0,0,0,0,0,0,0,C4-GRT-04,,,Macro
105,RUR8090,RUR8090_University_of_Gujrat,3,C4-GRT-04,,CP Prime,7864,89.06666666666666,114.25000000000003,195.58333333333331,105.91666666666669,47.00000000000001,78.75,62.33333333333333,29.65,,,175.99999999999997,,174.75,,,,,,22.833333333333332,,,,,,,,,,,,,1096.1333333333334,,11,0.9873132716049383,7406.9,5245.549999999998,11325.750000000002,15929.73333333333,12042.383333333333,11858.749999999998,8306.25,4844.233333333334,4030.733333333333,4536.9,5224.133333333333,4355.266666666666,5678.6500000000015,5497.816666666665,9708.916666666666,7074.900000000001,16843.383333333335,11606.95,10990.316666666664,33652.816666666666,0,0,0,0,0,0,0,0,0,0,0,0,C4-GRT-04,UFone,7864,Macro
106,GJR6294,GJR6294__S_UmerPalaza_MirzaAkram_Hospital_MDGU4240,3,C4-GRT-04,27,Stand by,,,,,,,,,,,,,,,,,,,,,819.9999999999999,,,,,,,,,,,,819.9999999999999,,1,0.9905092592592593,7406.9,5245.549999999998,11325.750000000002,15929.73333333333,12042.383333333333,11858.749999999998,8306.25,4844.233333333334,4030.733333333333,4536.9,5224.133333333333,4355.266666666666,5678.6500000000015,5497.816666666665,9708.916666666666,7074.900000000001,16843.383333333335,11606.95,10990.316666666664,33652.816666666666,0,0,0,0,0,0,0,0,0,0,0,0,C4-GRT-04,,,Macro
107,GJR6908,GJR6908__GujratWestBypassGJR,4,C4-GRT-04,30+27,Stand by,,,,,,,179,,,,89,,,,,68.66666666666669,,,,,,,,,,,,,,,,,336.6666666666667,,3,0.9970775462962963,7406.9,5245.549999999998,11325.750000000002,15929.73333333333,12042.383333333333,11858.749999999998,8306.25,4844.233333333334,4030.733333333333,4536.9,5224.133333333333,4355.266666666666,5678.6500000000015,5497.816666666665,9708.916666666666,7074.900000000001,16843.383333333335,11606.95,10990.316666666664,33652.816666666666,0,0,0,0,0,0,0,0,0,0,0,0,C4-GRT-04,,,Macro
108,LLM5926,LLM5926_H_Mohalla Chiraghpura Lalamusa,3,C4-GRT-04,,Enfrashare,EC1-LLM-08113,,,,,,,,,,,,,,,,,,,,,,,,,,,,,,,,0,,0,1,7406.9,5245.549999999998,11325.750000000002,15929.73333333333,12042.383333333333,11858.749999999998,8306.25,4844.233333333334,4030.733333333333,4536.9,5224.133333333333,4355.266666666666,5678.6500000000015,5497.816666666665,9708.916666666666,7074.900000000001,16843.383333333335,11606.95,10990.316666666664,33652.816666666666,0,0,0,0,0,0,0,0,0,0,0,0,,,,Macro
109,SKL9911,SKL9911__PindHasana,3,C4-GRT-04,20,Stand by,,,,,,,,,,,,,,,,,,,,,,,,,,,,,,,,,0,,0,1,7406.9,5245.549999999998,11325.750000000002,15929.73333333333,12042.383333333333,11858.749999999998,8306.25,4844.233333333334,4030.733333333333,4536.9,5224.133333333333,4355.266666666666,5678.6500000000015,5497.816666666665,9708.916666666666,7074.900000000001,16843.383333333335,11606.95,10990.316666666664,33652.816666666666,0,0,0,0,0,0,0,0,0,0,0,0,C4-GRT-04,,,Macro
110,TDA3941,TDA3941__BusStandTanda,3,C4-GRT-04,20,Stand by,,,,,,,,,,,,205.08333333333326,340.83333333333337,,,,,,,,,,,,,,,,,,,,545.9166666666666,,2,0.9936815200617284,7406.9,5245.549999999998,11325.750000000002,15929.73333333333,12042.383333333333,11858.749999999998,8306.25,4844.233333333334,4030.733333333333,4536.9,5224.133333333333,4355.266666666666,5678.6500000000015,5497.816666666665,9708.916666666666,7074.900000000001,16843.383333333335,11606.95,10990.316666666664,33652.816666666666,0,0,0,0,0,0,0,0,0,0,0,0,C4-GRT-04,,,Macro
111,RUR0512,RUR0512__Surukhpur_new,3,C4-GRT-04,,Telenor,LSU002,,,,,,,,,,,189.50000000000003,,,,,,,,,,,,,,,,,,,,,189.50000000000003,,1,0.9978067129629629,7406.9,5245.549999999998,11325.750000000002,15929.73333333333,12042.383333333333,11858.749999999998,8306.25,4844.233333333334,4030.733333333333,4536.9,5224.133333333333,4355.266666666666,5678.6500000000015,5497.816666666665,9708.916666666666,7074.900000000001,16843.383333333335,11606.95,10990.316666666664,33652.816666666666,0,0,0,0,0,0,0,0,0,0,0,0,C4-NRW-05,Telenor,LRA001,Macro
112,DIL2203,DIL2203__KALAS,3,C4-GRT-04,,GLO,,,,32.49999999999999,,,,,,,,,,,,45.75,,,,,,,,,,,,,,,,,78.25,,2,0.9990943287037036,7406.9,5245.549999999998,11325.750000000002,15929.73333333333,12042.383333333333,11858.749999999998,8306.25,4844.233333333334,4030.733333333333,4536.9,5224.133333333333,4355.266666666666,5678.6500000000015,5497.816666666665,9708.916666666666,7074.900000000001,16843.383333333335,11606.95,10990.316666666664,33652.816666666666,0,0,0,0,0,0,0,0,0,0,0,0,C4-GRT-04,,,Macro
113,GJR4909,GJR4909__ChahtotayWalaGJR,3,C4-GRT-04,30,Stand by,,,,,,,,,,,,,,,,,,,,,33,,,,,,,,,,,,33,,1,0.9996180555555556,7406.9,5245.549999999998,11325.750000000002,15929.73333333333,12042.383333333333,11858.749999999998,8306.25,4844.233333333334,4030.733333333333,4536.9,5224.133333333333,4355.266666666666,5678.6500000000015,5497.816666666665,9708.916666666666,7074.900000000001,16843.383333333335,11606.95,10990.316666666664,33652.816666666666,0,0,0,0,0,0,0,0,0,0,0,0,C4-GRT-04,,,Macro
114,GJR6257,GJR6257__S_Shaheen_Chowk_Gujrat_Bypass_MDGU4247,3,C4-GRT-04,27,Stand by,,448.5,83.00000000000001,327,412.5833333333333,76.25000000000001,,,,210,,,,,,,,,,,,,,,,,,,,,,,1557.3333333333333,,6,0.9819753086419754,7406.9,5245.549999999998,11325.750000000002,15929.73333333333,12042.383333333333,11858.749999999998,8306.25,4844.233333333334,4030.733333333333,4536.9,5224.133333333333,4355.266666666666,5678.6500000000015,5497.816666666665,9708.916666666666,7074.900000000001,16843.383333333335,11606.95,10990.316666666664,33652.816666666666,0,0,0,0,0,0,0,0,0,0,0,0,C4-GRT-04,,,Macro
115,GJR3437,GJR3437__DrRabaniRaod,3,C4-GRT-04,30,Stand by,,,,,,,,,,,,,,,,,,,,,33.24999999999999,,,,,,,,,,,,33.24999999999999,,1,0.999615162037037,7406.9,5245.549999999998,11325.750000000002,15929.73333333333,12042.383333333333,11858.749999999998,8306.25,4844.233333333334,4030.733333333333,4536.9,5224.133333333333,4355.266666666666,5678.6500000000015,5497.816666666665,9708.916666666666,7074.900000000001,16843.383333333335,11606.95,10990.316666666664,33652.816666666666,0,0,0,0,0,0,0,0,0,0,0,0,C4-GRT-04,,,Macro
116,GJR9857,GJR9857__S_HashmiColony,3,C4-GRT-04,,E.Co,e.coPK016330PU,,,,,,,,,,,,,,,,,,,,,,,,,,,,,,,,0,,0,1,7406.9,5245.549999999998,0,7693.166666666666,0,0,0,0,0,0,0,0,0,0,0,0,0,0,0,0,0,0,0,0,0,0,0,0,0,0,0,,,,,
117,GJR0841,GJR0841__S_Service Ind_gujrat,2,C4-GRT-04,,Jazz CP Prime,,,,,,,,,,,,,,,,,,,13.25,,,,,,,,,,,,,,13.25,,1,0.9997699652777777,7406.9,5245.549999999998,11325.750000000002,15929.73333333333,12042.383333333333,11858.749999999998,8306.25,4844.233333333334,4030.733333333333,4536.9,5224.133333333333,4355.266666666666,5678.6500000000015,5497.816666666665,9708.916666666666,7074.900000000001,16843.383333333335,11606.95,10990.316666666664,33652.816666666666,0,0,0,0,0,0,0,0,0,0,0,0,C4-GRT-04,,,Micro
118,RUR5698,RUR5698__S_Malikpur,3,C4-GRT-04,,Enfrashare,EC1-GUT-02516,,,,,,58.08333333333333,,,,,,,,,,,16.083333333333332,,,,,,,,,,,,,,,74.16666666666666,,2,0.9991415895061728,7406.9,5245.549999999998,11325.750000000002,15929.73333333333,12042.383333333333,11858.749999999998,8306.25,4844.233333333334,4030.733333333333,4536.9,5224.133333333333,4355.266666666666,5678.6500000000015,5497.816666666665,9708.916666666666,7074.900000000001,16843.383333333335,11606.95,10990.316666666664,33652.816666666666,0,0,0,0,0,0,0,0,0,0,0,0,,,,Macro
119,RUR6254,RUR6254__S_LAKHWAN_WALA_MR1R3577,4,C4-GRT-04,20,Stand by,,248.73333333333338,,36.083333333333336,71.25,36,113.24999999999999,129.83333333333334,34.916666666666664,72,81.81666666666668,60.03333333333334,106.7833333333333,36.083333333333336,,287.0333333333333,93.83333333333334,35.733333333333334,145.58333333333334,72.24999999999999,201.41666666666669,,,,,,,,,,,,1862.6333333333332,,18,0.9838313078703703,7406.9,5245.549999999998,11325.750000000002,15929.73333333333,12042.383333333333,11858.749999999998,8306.25,4844.233333333334,4030.733333333333,4536.9,5224.133333333333,4355.266666666666,5678.6500000000015,5497.816666666665,9708.916666666666,7074.900000000001,16843.383333333335,11606.95,10990.316666666664,33652.816666666666,0,0,0,0,0,0,0,0,0,0,0,0,C4-GRT-04,,,Macro
120,FTP8761,FTP8761__Gs_laravillage,3,C4-GRT-04,,CP Prime,,,,182.7333333333333,,,,,,,,,,,,,,77.75,84.75,21.25,695.1,,,,,,,,,,,,1061.5833333333333,,5,0.9877131558641975,7406.9,5245.549999999998,11325.750000000002,15929.73333333333,12042.383333333333,11858.749999999998,8306.25,4844.233333333334,4030.733333333333,4536.9,5224.133333333333,4355.266666666666,5678.6500000000015,5497.816666666665,9708.916666666666,7074.900000000001,16843.383333333335,11606.95,10990.316666666664,33652.816666666666,0,0,0,0,0,0,0,0,0,0,0,0,C4-GRT-04,,,Macro
121,JPJ5679,JPJ5679__S_QamarAbadRd,3,C4-GRT-04,,CM Pak,Zong |42673,,,,,,,,,,,,,,,,,,,,,,,,,,,,,,,,0,,0,1,7406.9,5245.549999999998,11325.750000000002,15929.73333333333,12042.383333333333,11858.749999999998,8306.25,4844.233333333334,4030.733333333333,4536.9,5224.133333333333,4355.266666666666,5678.6500000000015,5497.816666666665,9708.916666666666,7074.900000000001,16843.383333333335,11606.95,10990.316666666664,33652.816666666666,0,0,0,0,0,0,0,0,0,0,0,0,C4-GRT-04,CMPAK,Zong |42673,Macro
122,LLM4526,LLM4526__MuhallahChaghpura,3,C4-GRT-04,,GLO,,,,,,,,,,,,,,,,,,,,,,,,,,,,,,,,,0,,0,1,7406.9,5245.549999999998,11325.750000000002,15929.73333333333,12042.383333333333,11858.749999999998,8306.25,4844.233333333334,4030.733333333333,4536.9,5224.133333333333,4355.266666666666,5678.6500000000015,5497.816666666665,9708.916666666666,7074.900000000001,16843.383333333335,11606.95,10990.316666666664,33652.816666666666,0,0,0,0,0,0,0,0,0,0,0,0,C4-GRT-04,,,Macro
123,FTP8762,FTP8762__KhakhaChowk,3,C4-GRT-04,,CP Prime,,,,,,,,,,,,,,,,,,,,18.083333333333332,,,,,,,,,,,,,18.083333333333332,,1,0.9997907021604938,7406.9,5245.549999999998,11325.750000000002,15929.73333333333,12042.383333333333,11858.749999999998,8306.25,4844.233333333334,4030.733333333333,4536.9,5224.133333333333,4355.266666666666,5678.6500000000015,5497.816666666665,9708.916666666666,7074.900000000001,16843.383333333335,11606.95,10990.316666666664,33652.816666666666,0,0,0,0,0,0,0,0,0,0,0,0,C4-GRT-04,,,Macro
124,RUR9207,RUR9207__Dhudra,3,C4-GRT-04,30,Stand by,,,,,,,,,,,,,,,,,,,,174.08333333333334,,,,,,,,,,,,,174.08333333333334,,1,0.9979851466049382,7406.9,5245.549999999998,11325.750000000002,15929.73333333333,12042.383333333333,11858.749999999998,8306.25,4844.233333333334,4030.733333333333,4536.9,5224.133333333333,4355.266666666666,5678.6500000000015,5497.816666666665,9708.916666666666,7074.900000000001,16843.383333333335,11606.95,10990.316666666664,33652.816666666666,0,0,0,0,0,0,0,0,0,0,0,0,C4-GRT-04,,,Macro
125,GJR0398,GJR0398__MumtazCenterJinnah,3,C4-GRT-04,,CP Prime,,,,,,,,,,,,,,,,,,,,,1204.6333333333334,,,,,,,,,,,,1204.6333333333334,,1,0.9860574845679012,7406.9,5245.549999999998,11325.750000000002,15929.73333333333,12042.383333333333,11858.749999999998,8306.25,4844.233333333334,4030.733333333333,4536.9,5224.133333333333,4355.266666666666,5678.6500000000015,5497.816666666665,9708.916666666666,7074.900000000001,16843.383333333335,11606.95,10990.316666666664,33652.816666666666,0,0,0,0,0,0,0,0,0,0,0,0,C4-GRT-04,,,Macro
126,GJR4903,GJR4903__FaizabadRialwa,4,C4-GRT-04,20,Stand by,,,,821.1666666666669,210.33333333333337,,,,,,,,,,,,,,,,,,,,,,,,,,,,1031.5000000000002,,2,0.9910460069444444,7406.9,5245.549999999998,11325.750000000002,15929.73333333333,12042.383333333333,11858.749999999998,8306.25,4844.233333333334,4030.733333333333,4536.9,5224.133333333333,4355.266666666666,5678.6500000000015,5497.816666666665,9708.916666666666,7074.900000000001,16843.383333333335,11606.95,10990.316666666664,33652.816666666666,0,0,0,0,0,0,0,0,0,0,0,0,C4-GRT-04,,,Macro
127,TDA3942,TDA3942__SurghPuraRoad,3,C4-GRT-04,,CP Prime,,,,,13.416666666666668,,,,,,,190.49999999999994,,,,,27,,,,,,,,,,,,,,,,230.9166666666666,,3,0.9973273533950617,7406.9,5245.549999999998,11325.750000000002,15929.73333333333,12042.383333333333,11858.749999999998,8306.25,4844.233333333334,4030.733333333333,4536.9,5224.133333333333,4355.266666666666,5678.6500000000015,5497.816666666665,9708.916666666666,7074.900000000001,16843.383333333335,11606.95,10990.316666666664,33652.816666666666,0,0,0,0,0,0,0,0,0,0,0,0,C4-GRT-04,,,Macro
128,RUR2110,RUR2110__KalaraKhasa,3,C4-GRT-04,,UFONE,3619,,,,,,,,,,,,,,,,,,,,,,,,,,,,,,,,0,,0,1,7406.9,5245.549999999998,11325.750000000002,15929.73333333333,12042.383333333333,11858.749999999998,8306.25,4844.233333333334,4030.733333333333,4536.9,5224.133333333333,4355.266666666666,5678.6500000000015,5497.816666666665,9708.916666666666,7074.900000000001,16843.383333333335,11606.95,10990.316666666664,33652.816666666666,0,0,0,0,0,0,0,0,0,0,0,0,C4-GRT-04,,,Macro
129,GJR3433,GJR3433__MuhellaChahBarywall,3,C4-GRT-04,20,Stand by,,,,,,,,,,,,,,,,,,,,,,,,,,,,,,,,,0,,0,1,7406.9,5245.549999999998,11325.750000000002,15929.73333333333,12042.383333333333,11858.749999999998,8306.25,4844.233333333334,4030.733333333333,4536.9,5224.133333333333,4355.266666666666,5678.6500000000015,5497.816666666665,9708.916666666666,7074.900000000001,16843.383333333335,11606.95,10990.316666666664,33652.816666666666,0,0,0,0,0,0,0,0,0,0,0,0,C4-GRT-04,,,Macro
130,HWY0282,HWY0282__ChakSantharia,3,C4-GRT-04,27,Stand by,,,,,,,,,,,,,,,,,,,,,,,,,,,,,,,,,0,,0,1,7406.9,5245.549999999998,11325.750000000002,15929.73333333333,12042.383333333333,11858.749999999998,8306.25,4844.233333333334,4030.733333333333,4536.9,5224.133333333333,4355.266666666666,5678.6500000000015,5497.816666666665,9708.916666666666,7074.900000000001,16843.383333333335,11606.95,10990.316666666664,33652.816666666666,0,0,0,0,0,0,0,0,0,0,0,0,C4-GRT-04,,,Macro
131,HWY1895,HWY1895__Chrirawla,4,C4-GRT-04,27,Stand by,,,,,,293,,,,,187.41666666666669,,,,,,,,,,,,,,,,,,,,,,480.4166666666667,,2,0.9958297164351851,7406.9,5245.549999999998,11325.750000000002,15929.73333333333,12042.383333333333,11858.749999999998,8306.25,4844.233333333334,4030.733333333333,4536.9,5224.133333333333,4355.266666666666,5678.6500000000015,5497.816666666665,9708.916666666666,7074.900000000001,16843.383333333335,11606.95,10990.316666666664,33652.816666666666,0,0,0,0,0,0,0,0,0,0,0,0,C4-GRT-04,,,Macro
132,KRW8772,KRW8772__mohallahShomaliKRW,3,C4-GRT-04,31,Stand by,,,,,,,,,,,,,,,,,,,,,,,,,,,,,,,,,0,,0,1,7406.9,5245.549999999998,11325.750000000002,15929.73333333333,12042.383333333333,11858.749999999998,8306.25,4844.233333333334,4030.733333333333,4536.9,5224.133333333333,4355.266666666666,5678.6500000000015,5497.816666666665,9708.916666666666,7074.900000000001,16843.383333333335,11606.95,10990.316666666664,33652.816666666666,0,0,0,0,0,0,0,0,0,0,0,0,C4-GRT-04,,,Macro
133,GJR0054,GJR0054__GujratC1C2,3,C4-GRT-04,20+30,Stand by,,,,,,,,,,,,,36.66666666666667,,,,,,,,,,,,,,,,,,,,36.66666666666667,,1,0.9995756172839506,7406.9,5245.549999999998,11325.750000000002,15929.73333333333,12042.383333333333,11858.749999999998,8306.25,4844.233333333334,4030.733333333333,4536.9,5224.133333333333,4355.266666666666,5678.6500000000015,5497.816666666665,9708.916666666666,7074.900000000001,16843.383333333335,11606.95,10990.316666666664,33652.816666666666,0,0,0,0,0,0,0,0,0,0,0,0,C4-GRT-04,,,Macro
134,SDL6964,SDL6964__FahadPlazaShadiwal,4,C4-GRT-04,27,Stand by,,,,,,,,,,,,,,,,,,,,,,,,,,,,,,,,,0,,0,1,7406.9,5245.549999999998,11325.750000000002,15929.73333333333,12042.383333333333,11858.749999999998,8306.25,4844.233333333334,4030.733333333333,4536.9,5224.133333333333,4355.266666666666,5678.6500000000015,5497.816666666665,9708.916666666666,7074.900000000001,16843.383333333335,11606.95,10990.316666666664,33652.816666666666,0,0,0,0,0,0,0,0,0,0,0,0,C4-GRT-04,,,Macro
135,GJR5875,GJR5875__T_ServiceIndustriesGujrat ,1,C4-GRT-04,,Jazz CP Prime,,,,,,,,,,,,,,,,,,,,,,,,,,,,,,,,,0,,0,1,7406.9,5245.549999999998,11325.750000000002,15929.73333333333,12042.383333333333,11858.749999999998,8306.25,4844.233333333334,4030.733333333333,4536.9,5224.133333333333,4355.266666666666,5678.6500000000015,5497.816666666665,9708.916666666666,7074.900000000001,16843.383333333335,11606.95,10990.316666666664,33652.816666666666,0,0,0,0,0,0,0,0,0,0,0,0,,,,Micro
136,HJW8769,HJW8769__Hajiwala,4,C4-GRT-04,27,Stand by,,,,,,,,,,,,,,,,,,,,,,,,,,,,,,,,,0,,0,1,7406.9,5245.549999999998,11325.750000000002,15929.73333333333,12042.383333333333,11858.749999999998,8306.25,4844.233333333334,4030.733333333333,4536.9,5224.133333333333,4355.266666666666,5678.6500000000015,5497.816666666665,9708.916666666666,7074.900000000001,16843.383333333335,11606.95,10990.316666666664,33652.816666666666,0,0,0,0,0,0,0,0,0,0,0,0,C4-GRT-04,,,Macro
137,RUR6235,RUR6235__S_Daulat_Nager_road_MDLM3311,4,C4-GRT-04,20,Stand by,,,,,,,,,,,,,,,,,,,,,,,,,,,,,,,,,0,,0,1,7406.9,5245.549999999998,11325.750000000002,15929.73333333333,12042.383333333333,11858.749999999998,8306.25,4844.233333333334,4030.733333333333,4536.9,5224.133333333333,4355.266666666666,5678.6500000000015,5497.816666666665,9708.916666666666,7074.900000000001,16843.383333333335,11606.95,10990.316666666664,33652.816666666666,0,0,0,0,0,0,0,0,0,0,0,0,C4-GRT-04,,,Macro
138,GJR2114,GJR2114__MuhallahChahBeriWala,3,C4-GRT-04,,UFONE,CI-1001,,,,,,,,,,,,,,,,,,,,169.24999999999997,,,,,,,,,,,,169.24999999999997,,1,0.9980410879629629,7406.9,5245.549999999998,11325.750000000002,15929.73333333333,12042.383333333333,11858.749999999998,8306.25,4844.233333333334,4030.733333333333,4536.9,5224.133333333333,4355.266666666666,5678.6500000000015,5497.816666666665,9708.916666666666,7074.900000000001,16843.383333333335,11606.95,10990.316666666664,33652.816666666666,0,0,0,0,0,0,0,0,0,0,0,0,C4-GRT-04,UFone,CI-1001,Macro
139,RUR0077,RUR0077__KakraliVillage_NEW,3,C4-GRT-04,27,Stand by,,,,,,,429.91666666666663,,,147.58333333333331,,,,,,45.50000000000001,,,,,,,,,,,,,,,,,623,,3,0.9927893518518519,7406.9,5245.549999999998,11325.750000000002,15929.73333333333,12042.383333333333,11858.749999999998,8306.25,4844.233333333334,4030.733333333333,4536.9,5224.133333333333,4355.266666666666,5678.6500000000015,5497.816666666665,9708.916666666666,7074.900000000001,16843.383333333335,11606.95,10990.316666666664,33652.816666666666,0,0,0,0,0,0,0,0,0,0,0,0,C4-GRT-04,,,Macro
140,JPJ6301,JPJ6301__S_Qadir_Colony_MDJJ1558,4,C4-GRT-04,"30,30",Stand by,,,,,,,,,,,,,,,,,,,,,,,,,,,,,,,,,0,,0,1,7406.9,5245.549999999998,11325.750000000002,15929.73333333333,12042.383333333333,11858.749999999998,8306.25,4844.233333333334,4030.733333333333,4536.9,5224.133333333333,4355.266666666666,5678.6500000000015,5497.816666666665,9708.916666666666,7074.900000000001,16843.383333333335,11606.95,10990.316666666664,33652.816666666666,0,0,0,0,0,0,0,0,0,0,0,0,C4-GRT-04,,,Macro
141,TDA3548,TDA3548__Bagowal,3,C4-GRT-04,20+30,Stand by,,,,,,,,,,,,,,,,,,,,,,,,,,,,,,,,,0,,0,1,7406.9,5245.549999999998,11325.750000000002,15929.73333333333,12042.383333333333,11858.749999999998,8306.25,4844.233333333334,4030.733333333333,4536.9,5224.133333333333,4355.266666666666,5678.6500000000015,5497.816666666665,9708.916666666666,7074.900000000001,16843.383333333335,11606.95,10990.316666666664,33652.816666666666,0,0,0,0,0,0,0,0,0,0,0,0,C4-GRT-04,,,Macro
142,GJR0796,GJR0796__ZahoorPalace,3,C4-GRT-04,27,Stand by,,,,,,,,,,,,,13.416666666666668,,19.25,,88.16666666666664,910.4666666666668,,,,,,,,,,,,,,,1031.3000000000002,,4,0.9880636574074074,7406.9,5245.549999999998,11325.750000000002,15929.73333333333,12042.383333333333,11858.749999999998,8306.25,4844.233333333334,4030.733333333333,4536.9,5224.133333333333,4355.266666666666,5678.6500000000015,5497.816666666665,9708.916666666666,7074.900000000001,16843.383333333335,11606.95,10990.316666666664,33652.816666666666,0,0,0,0,0,0,0,0,0,0,0,0,C4-GRT-04,,,Macro
143,JPJ6290,JPJ6290__S_Mohallah_Shershah_Circular_Road_MDJJ1559,3,C4-GRT-04,20,Stand by,,,,,,,,,,,,,,,,,,,,,,,,,,,,,,,,,0,,0,1,7406.9,5245.549999999998,11325.750000000002,15929.73333333333,12042.383333333333,11858.749999999998,8306.25,4844.233333333334,4030.733333333333,4536.9,5224.133333333333,4355.266666666666,5678.6500000000015,5497.816666666665,9708.916666666666,7074.900000000001,16843.383333333335,11606.95,10990.316666666664,33652.816666666666,0,0,0,0,0,0,0,0,0,0,0,0,C4-GRT-04,,,Macro
144,GJR8820,GJR8820__ShalimarTowerGJR,4,C4-GRT-04,30,Stand by,,,,,,,,,,,,,,,,,,,,,,,,,,,,,,,,,0,,0,1,7406.9,5245.549999999998,11325.750000000002,15929.73333333333,12042.383333333333,11858.749999999998,8306.25,4844.233333333334,4030.733333333333,4536.9,5224.133333333333,4355.266666666666,5678.6500000000015,5497.816666666665,9708.916666666666,7074.900000000001,16843.383333333335,11606.95,10990.316666666664,33652.816666666666,0,0,0,0,0,0,0,0,0,0,0,0,C4-GRT-04,,,Macro
145,JPS8771,JPS8771__DelavurPur,3,C4-GRT-04,30+20,Stand by,,,,,,,,,,,,,,,,,,,,116.33333333333334,,,,,,,,,,,,,116.33333333333334,,1,0.9986535493827161,7406.9,5245.549999999998,11325.750000000002,15929.73333333333,12042.383333333333,11858.749999999998,8306.25,4844.233333333334,4030.733333333333,4536.9,5224.133333333333,4355.266666666666,5678.6500000000015,5497.816666666665,9708.916666666666,7074.900000000001,16843.383333333335,11606.95,10990.316666666664,33652.816666666666,0,0,0,0,0,0,0,0,0,0,0,0,C4-GRT-04,,,Macro
146,GJR3335,GJR3335__GujratBypassShadiwa,4,C4-GRT-04,30+30+31,Stand by,,14.416666666666664,,,,,,,,,,,,,,,,,,,53.33333333333332,,,,,,,,,,,,67.74999999999999,,2,0.9994118923611112,7406.9,5245.549999999998,11325.750000000002,15929.73333333333,12042.383333333333,11858.749999999998,8306.25,4844.233333333334,4030.733333333333,4536.9,5224.133333333333,4355.266666666666,5678.6500000000015,5497.816666666665,9708.916666666666,7074.900000000001,16843.383333333335,11606.95,10990.316666666664,33652.816666666666,0,0,0,0,0,0,0,0,0,0,0,0,C4-GRT-04,,,Macro
147,GJR3401,GJR3401__JalalpurRdGujrat,3,C4-GRT-04,27,Stand by,,,,,,,,,,,,,,,147.49999999999997,,1013.2833333333335,97.88333333333333,,,,,,,,,,,,,,,1258.666666666667,,3,0.9854320987654321,7406.9,5245.549999999998,11325.750000000002,15929.73333333333,12042.383333333333,11858.749999999998,8306.25,4844.233333333334,4030.733333333333,4536.9,5224.133333333333,4355.266666666666,5678.6500000000015,5497.816666666665,9708.916666666666,7074.900000000001,16843.383333333335,11606.95,10990.316666666664,33652.816666666666,0,0,0,0,0,0,0,0,0,0,0,0,C4-GRT-04,,,Macro
148,GJR3403,GJR3403__RailwayStnGJR,4,C4-GRT-04,9,Stand by,,,,,,,,,,,,,,,,,,,,,,,,,,,,,,,,,0,,0,1,7406.9,5245.549999999998,11325.750000000002,15929.73333333333,12042.383333333333,11858.749999999998,8306.25,4844.233333333334,4030.733333333333,4536.9,5224.133333333333,4355.266666666666,5678.6500000000015,5497.816666666665,9708.916666666666,7074.900000000001,16843.383333333335,11606.95,10990.316666666664,33652.816666666666,0,0,0,0,0,0,0,0,0,0,0,0,C4-GRT-04,,,Macro
149,KNJ3535,KNJ3535__PunghtaTalabKunjah,3,C4-GRT-04,30,Stand by,,,,,,,,,,,13.25,,,,181.16666666666674,,,272.75,78.91666666666664,,,,,,,,,,,,,,546.0833333333334,,4,0.9936795910493826,7406.9,5245.549999999998,11325.750000000002,15929.73333333333,12042.383333333333,11858.749999999998,8306.25,4844.233333333334,4030.733333333333,4536.9,5224.133333333333,4355.266666666666,5678.6500000000015,5497.816666666665,9708.916666666666,7074.900000000001,16843.383333333335,11606.95,10990.316666666664,33652.816666666666,0,0,0,0,0,0,0,0,0,0,0,0,C4-GRT-04,,,Macro
150,SKL9913,SKL9913__RasheedaVillage,3,C4-GRT-04,20,Stand by,,,,,,,,,,,,,,,,,,,,,,,,,,,,,,,,,0,,0,1,7406.9,5245.549999999998,11325.750000000002,15929.73333333333,12042.383333333333,11858.749999999998,8306.25,4844.233333333334,4030.733333333333,4536.9,5224.133333333333,4355.266666666666,5678.6500000000015,5497.816666666665,9708.916666666666,7074.900000000001,16843.383333333335,11606.95,10990.316666666664,33652.816666666666,0,0,0,0,0,0,0,0,0,0,0,0,C4-GRT-04,,,Macro
151,LLM6252,LLM6252__S_Lalamusa_GT_Rd_MDLM4189,3,C4-GRT-04,27,Stand by,,,,,,,,,,,,,,,,,,,,,,,,,,,,,,,,,0,,0,1,7406.9,5245.549999999998,11325.750000000002,15929.73333333333,12042.383333333333,11858.749999999998,8306.25,4844.233333333334,4030.733333333333,4536.9,5224.133333333333,4355.266666666666,5678.6500000000015,5497.816666666665,9708.916666666666,7074.900000000001,16843.383333333335,11606.95,10990.316666666664,33652.816666666666,0,0,0,0,0,0,0,0,0,0,0,0,C4-GRT-04,,,Macro
152,RUR5689,RUR5689__S_GurahMahantan,3,C4-GRT-04,,Enfrashare,EC1-KHR-02512,,,,,,,,,,,,,,,,,47,30,,,,,,,,,,,,,,77,,2,0.9991087962962963,7406.9,5245.549999999998,11325.750000000002,15929.73333333333,12042.383333333333,11858.749999999998,8306.25,4844.233333333334,4030.733333333333,4536.9,5224.133333333333,4355.266666666666,5678.6500000000015,5497.816666666665,9708.916666666666,7074.900000000001,16843.383333333335,11606.95,10990.316666666664,33652.816666666666,0,0,0,0,0,0,0,0,0,0,0,0,C4-GRT-04,Enfra,EC1-KHR-02512,Macro
153,RUR5691,RUR5691__S_SookKalan,3,C4-GRT-04,,E.Co,e.coPK017060PU,104.21666666666667,,,,,16.75,,,,,18.75,,14.25,,,19.25,,,,,,,,,,,,,,,,173.21666666666667,,5,0.9979951774691358,7406.9,5245.549999999998,11325.750000000002,15929.73333333333,12042.383333333333,11858.749999999998,8306.25,4844.233333333334,4030.733333333333,4536.9,5224.133333333333,4355.266666666666,5678.6500000000015,5497.816666666665,9708.916666666666,7074.900000000001,16843.383333333335,11606.95,10990.316666666664,33652.816666666666,0,0,0,0,0,0,0,0,0,0,0,0,,,,Macro
154,RUR5842,RUR5842_H_near graveyard Baba Azeem Doga Sharif Gujrat,3,C4-GRT-04,,Enfrashare,EC1-GUT-07859,,,,,,,,,,,,,,,,,,,,,,,,,,,,,,,,0,,0,1,7406.9,5245.549999999998,11325.750000000002,15929.73333333333,12042.383333333333,11858.749999999998,8306.25,4844.233333333334,4030.733333333333,4536.9,5224.133333333333,4355.266666666666,5678.6500000000015,5497.816666666665,9708.916666666666,7074.900000000001,16843.383333333335,11606.95,10990.316666666664,33652.816666666666,0,0,0,0,0,0,0,0,0,0,0,0,,,,Macro
155,GJR8847,GJR8847__S_Lundpur_CMPak7149,3,C4-GRT-04,,CM Pak,CMPak_7149,,,,437.2500000000001,2965.25,,,,,,,,,,,,,,,,,,,,,,,,,,,3402.5,,2,0.9606192129629629,7406.9,5245.549999999998,11325.750000000002,15929.73333333333,12042.383333333333,11858.749999999998,8306.25,4844.233333333334,4030.733333333333,4536.9,5224.133333333333,4355.266666666666,5678.6500000000015,5497.816666666665,9708.916666666666,7074.900000000001,16843.383333333335,11606.95,10990.316666666664,33652.816666666666,0,0,0,0,0,0,0,0,0,0,0,0,C4-GRT-04,CMPak,CMPak_7149,Macro
156,RUR5948,RUR5948_H_Daulat Nagar Gujrat,3,C4-GRT-04,,Enfrashare,EC1-JPB-07861,,,,,,,,,,,,,,,,,,,,,,,,,,,,,,,,0,,0,1,7406.9,5245.549999999998,11325.750000000002,15929.73333333333,12042.383333333333,11858.749999999998,8306.25,4844.233333333334,4030.733333333333,4536.9,5224.133333333333,4355.266666666666,5678.6500000000015,5497.816666666665,9708.916666666666,7074.900000000001,16843.383333333335,11606.95,10990.316666666664,33652.816666666666,0,0,0,0,0,0,0,0,0,0,0,0,,,,Macro
157,GJR5862,GJR5862_H_Near Sarafa Bazar Main Bazaar ,3,C4-GRT-04,,Enfrashare,EC1-GUT-00411,,,,,,,,,,,,,,,,,,,,,,,,,,,,,,,,0,,0,1,7406.9,5245.549999999998,11325.750000000002,15929.73333333333,12042.383333333333,11858.749999999998,8306.25,4844.233333333334,4030.733333333333,4536.9,5224.133333333333,4355.266666666666,5678.6500000000015,5497.816666666665,9708.916666666666,7074.900000000001,16843.383333333335,11606.95,10990.316666666664,33652.816666666666,0,0,0,0,0,0,0,0,0,0,0,0,,,,Macro
158,KRW6447,KRW6447__S_PoliceStation_CMPak42464,3,C4-GRT-04,,CM Pak,CMPAK-42464,134.66666666666666,177.83333333333331,,,,,,,,,,,,,,,,75.75,807.9666666666666,896.1666666666662,,,,,,,,,,,,2092.3833333333328,,5,0.9757826003086421,7406.9,5245.549999999998,11325.750000000002,15929.73333333333,12042.383333333333,11858.749999999998,8306.25,4844.233333333334,4030.733333333333,4536.9,5224.133333333333,4355.266666666666,5678.6500000000015,5497.816666666665,9708.916666666666,7074.900000000001,16843.383333333335,11606.95,10990.316666666664,33652.816666666666,0,0,0,0,0,0,0,0,0,0,0,0,,,,Macro
159,RUR9062,LTE_RUR9062_S_USF USLK002_SaderainGujrat,3,C4-GRT-04,30,Solar+DG,Solar+DG,,,,,,,932.5999999999999,,,,,,,281.75,,,,,,,,,,,,,,,,,,1214.35,,2,0.9859450231481481,7406.9,5245.549999999998,11325.750000000002,15929.73333333333,12042.383333333333,11858.749999999998,8306.25,4844.233333333334,4030.733333333333,4536.9,5224.133333333333,4355.266666666666,5678.6500000000015,5497.816666666665,9708.916666666666,7074.900000000001,16843.383333333335,11606.95,10990.316666666664,33652.816666666666,0,0,0,0,0,0,0,0,0,0,0,0,C4-GRT-04,Jazz,Solar+DG,Macro
160,SDL9296,SDL9296__S_PTCLExchange_GTRP2168,3,C4-GRT-04,,PTCL,GTRP2168,,,,,,,,,,,,,,,,,,,,,,,,,,,,,,,,0,,0,1,7406.9,5245.549999999998,11325.750000000002,15929.73333333333,12042.383333333333,11858.749999999998,8306.25,4844.233333333334,4030.733333333333,4536.9,5224.133333333333,4355.266666666666,5678.6500000000015,5497.816666666665,9708.916666666666,7074.900000000001,16843.383333333335,11606.95,10990.316666666664,33652.816666666666,0,0,0,0,0,0,0,0,0,0,0,0,C4-GRT-04,PTCL,GTRP2168,Macro
161,RUR5603,RUR5603__S_Hanj_CMPak40819,3,C4-GRT-04,,CM Pak,40819,,,,,2638.116666666667,3727.1999999999994,,,,,,,,,,,11.083333333333334,,,173.33333333333331,,,,,,,,,,,,6549.733333333332,,4,0.9241929012345679,7406.9,5245.549999999998,11325.750000000002,15929.73333333333,12042.383333333333,11858.749999999998,8306.25,4844.233333333334,4030.733333333333,4536.9,5224.133333333333,4355.266666666666,5678.6500000000015,5497.816666666665,9708.916666666666,7074.900000000001,16843.383333333335,11606.95,10990.316666666664,33652.816666666666,0,0,0,0,0,0,0,0,0,0,0,0,,,,Macro
162,RUR9031,LTE_RUR9031__S_Jatria_CMPak43660,3,C4-GRT-04,,CM Pak,43660,,7.333333333333334,,,,,,,,,108,9.5,1135.7333333333333,1470.0999999999997,504.5000000000001,2584.9,,,671.25,37.41666666666667,,,,,,,,,,,,6528.733333333333,,9,0.9244359567901235,7406.9,5245.549999999998,11325.750000000002,15929.73333333333,12042.383333333333,11858.749999999998,8306.25,4844.233333333334,4030.733333333333,4536.9,5224.133333333333,4355.266666666666,5678.6500000000015,5497.816666666665,9708.916666666666,7074.900000000001,16843.383333333335,11606.95,10990.316666666664,33652.816666666666,0,0,0,0,0,0,0,0,0,0,0,0,C4-GRT-04,Zong,43660,Macro
163,GJR9359,GJR9359__S_AminAbadGali3,3,C4-GRT-04,,E.Co,e.coPK016837PU,,28.75,26,,,564.4166666666667,,,,,97.5,,,38.38333333333334,,,185.08333333333331,,,,,,,,,,,,,,,940.1333333333334,,6,0.9891188271604938,7406.9,5245.549999999998,11325.750000000002,15929.73333333333,12042.383333333333,11858.749999999998,8306.25,4844.233333333334,4030.733333333333,4536.9,5224.133333333333,4355.266666666666,5678.6500000000015,5497.816666666665,9708.916666666666,7074.900000000001,16843.383333333335,11606.95,10990.316666666664,33652.816666666666,0,0,0,0,0,0,0,0,0,0,0,0,C4-GRT-04,,,Macro
164,RUR9562,RUR9562__S_Jora,3,C4-GRT-04,,E.Co,e.coPK000985PU,,,,,,,,,,,,,,,,,,,,,,,,,,,,,,,,0,,0,1,7406.9,5245.549999999998,11325.750000000002,15929.73333333333,12042.383333333333,11858.749999999998,8306.25,4844.233333333334,4030.733333333333,4536.9,5224.133333333333,4355.266666666666,5678.6500000000015,5497.816666666665,9708.916666666666,7074.900000000001,16843.383333333335,11606.95,10990.316666666664,33652.816666666666,0,0,0,0,0,0,0,0,0,0,0,0,C4-GRT-04,E.co,e.coPK000985PU,Macro
165,GJR8423,GJR8423__S_DaraGulabShahCemetery,3,C4-GRT-04,,Enfrashare,EC1-GUT-09176,89.00000000000001,,177.75,344.0000000000001,,,,,,,,,,,,,,,,,,,,,,,,,,,,610.7500000000001,,3,0.9929311342592593,7406.9,5245.549999999998,11325.750000000002,15929.73333333333,12042.383333333333,11858.749999999998,8306.25,4844.233333333334,4030.733333333333,4536.9,5224.133333333333,4355.266666666666,5678.6500000000015,5497.816666666665,9708.916666666666,7074.900000000001,16843.383333333335,11606.95,10990.316666666664,33652.816666666666,0,0,0,0,0,0,0,0,0,0,0,0,C4-GRT-04,Enfra,EC1-GUT-09176,Macro
166,RUR8532,RUR8532__S_KhawasPur,3,C4-GRT-04,,Enfrashare,EC1-GUT-07101,,,,,,,,,,,,,,,,,,,,278.9,,,,,,,,,,,,278.9,,1,0.9967719907407406,7406.9,5245.549999999998,11325.750000000002,15929.73333333333,12042.383333333333,11858.749999999998,8306.25,4844.233333333334,4030.733333333333,4536.9,5224.133333333333,4355.266666666666,5678.6500000000015,5497.816666666665,9708.916666666666,7074.900000000001,16843.383333333335,11606.95,10990.316666666664,33652.816666666666,0,0,0,0,0,0,0,0,0,0,0,0,C4-GRT-04,Enfra,EC1-GUT-07101,Macro
167,RUR8394,RUR8394__S_Maranian_Marari,3,C4-GRT-04,,E.Co,e.coPK016391PU,22.25,231.25,453.3333333333332,255.40000000000003,241.25000000000006,172.75000000000003,137.33333333333334,120,87.75,249.5,245.54999999999995,445.3333333333332,306.2333333333333,172.08333333333334,733.233333333333,68.25,332.41666666666663,469.83333333333337,433.75,186.75,,,,,,,,,,,,5364.249999999999,,20,0.9379137731481481,7406.9,5245.549999999998,11325.750000000002,15929.73333333333,12042.383333333333,11858.749999999998,8306.25,4844.233333333334,4030.733333333333,4536.9,5224.133333333333,4355.266666666666,5678.6500000000015,5497.816666666665,9708.916666666666,7074.900000000001,16843.383333333335,11606.95,10990.316666666664,33652.816666666666,0,0,0,0,0,0,0,0,0,0,0,0,C4-GRT-04,E.co,e.coPK016391PU,Macro
168,RUR8521,RUR8521__S_Nindowal,3,C4-GRT-04,,E.Co,e.coPK000983PU,,,,,,,,,,,,,,,,,6.833333333333333,,,10.25,,,,,,,,,,,,17.083333333333332,,2,0.9998022762345679,7406.9,5245.549999999998,11325.750000000002,15929.73333333333,12042.383333333333,11858.749999999998,8306.25,4844.233333333334,4030.733333333333,4536.9,5224.133333333333,4355.266666666666,5678.6500000000015,5497.816666666665,9708.916666666666,7074.900000000001,16843.383333333335,11606.95,10990.316666666664,33652.816666666666,0,0,0,0,0,0,0,0,0,0,0,0,C4-GRT-04,E.co,e.coPK000983PU,Macro
169,LLM8663,LLM8663__S_GraveyardNouGuza_Ufone7923,3,C4-GRT-04,,Ufone,7923,,,,,,,,,,,,,,,,,,,409.2500000000001,116.66666666666666,,,,,,,,,,,,525.9166666666667,,2,0.9939130015432098,7406.9,5245.549999999998,11325.750000000002,15929.73333333333,12042.383333333333,11858.749999999998,8306.25,4844.233333333334,4030.733333333333,4536.9,5224.133333333333,4355.266666666666,5678.6500000000015,5497.816666666665,9708.916666666666,7074.900000000001,16843.383333333335,11606.95,10990.316666666664,33652.816666666666,0,0,0,0,0,0,0,0,0,0,0,0,C4-GRT-04,Ufone,7923,Macro
170,HJW8621,HJW8621__S_GovtGirlsHighSchool_Ufone7884,3,C4-GRT-04,,Ufone,7884,,,,13.833333333333332,89.00000000000001,232,,,,,,,,,,,260.6666666666667,,35.00000000000001,40,,,,,,,,,,,,670.5,,6,0.9922395833333333,7406.9,5245.549999999998,11325.750000000002,15929.73333333333,12042.383333333333,11858.749999999998,8306.25,4844.233333333334,4030.733333333333,4536.9,5224.133333333333,4355.266666666666,5678.6500000000015,5497.816666666665,9708.916666666666,7074.900000000001,16843.383333333335,11606.95,10990.316666666664,33652.816666666666,0,0,0,0,0,0,0,0,0,0,0,0,C4-GRT-04,Ufone,7884,Macro
171,RUR0792,RUR0792_KotlQasin_NEW,3,C4-GRT-04,,CM Pak,C-RUR-4372,,,,,,,,,,,,,,,,,,,,62.499999999999986,,,,,,,,,,,,62.499999999999986,,1,0.9992766203703703,7406.9,5245.549999999998,11325.750000000002,15929.73333333333,12042.383333333333,11858.749999999998,8306.25,4844.233333333334,4030.733333333333,4536.9,5224.133333333333,4355.266666666666,5678.6500000000015,5497.816666666665,9708.916666666666,7074.900000000001,16843.383333333335,11606.95,10990.316666666664,33652.816666666666,0,0,0,0,0,0,0,0,0,0,0,0,C4-GRT-04,CMPAK,C-RUR-4372,Macro
172,GJR5605,GJR5605__S_MadinaSyedan_CMPak3613,3,C4-GRT-04,,CM Pak,3613,,14,,,,,,,,13.666666666666664,,,,,,,672.4166666666665,,15.083333333333332,43.75,,,,,,,,,,,,758.9166666666665,,5,0.9912162422839507,7406.9,5245.549999999998,11325.750000000002,15929.73333333333,12042.383333333333,11858.749999999998,8306.25,4844.233333333334,4030.733333333333,4536.9,5224.133333333333,4355.266666666666,5678.6500000000015,5497.816666666665,9708.916666666666,7074.900000000001,16843.383333333335,11606.95,10990.316666666664,33652.816666666666,0,0,0,0,0,0,0,0,0,0,0,0,,,,Macro
173,GJR5702,GJR5702_H_Jamalpur Syedan Gujrat,3,C4-GRT-04,,CM Pak,40761,,,,,,,,,,8.416666666666666,,,,,,,,,,,,,,,,,,,,,,8.416666666666666,,1,0.9999025848765432,7406.9,5245.549999999998,11325.750000000002,15929.73333333333,12042.383333333333,11858.749999999998,8306.25,4844.233333333334,4030.733333333333,4536.9,5224.133333333333,4355.266666666666,5678.6500000000015,5497.816666666665,9708.916666666666,7074.900000000001,16843.383333333335,11606.95,10990.316666666664,33652.816666666666,0,0,0,0,0,0,0,0,0,0,0,0,,,,Macro
174,GJR8662,GJR8662_S_PaddyRoad_Ufone3608,3,C4-GRT-04,,Ufone,3608,,,1344.6,1943.0499999999997,,,,,,,,,,,,,,,,608.4999999999999,,,,,,,,,,,,3896.1499999999996,,3,0.9549056712962962,7406.9,5245.549999999998,11325.750000000002,15929.73333333333,12042.383333333333,11858.749999999998,8306.25,4844.233333333334,4030.733333333333,4536.9,5224.133333333333,4355.266666666666,5678.6500000000015,5497.816666666665,9708.916666666666,7074.900000000001,16843.383333333335,11606.95,10990.316666666664,33652.816666666666,0,0,0,0,0,0,0,0,0,0,0,0,C4-GRT-04,Ufone,3608,Macro
175,RUR1193,RUR1193__S_Chopala_NEW,3,C4-GRT-04,,ATL,ATGRT3,,,1023,,,,,,,,,,,,,,,,,,,,,,,,,,,,,1023,,1,0.9881597222222223,7406.9,5245.549999999998,11325.750000000002,15929.73333333333,12042.383333333333,11858.749999999998,8306.25,4844.233333333334,4030.733333333333,4536.9,5224.133333333333,4355.266666666666,5678.6500000000015,5497.816666666665,9708.916666666666,7074.900000000001,16843.383333333335,11606.95,10990.316666666664,33652.816666666666,0,0,0,0,0,0,0,0,0,0,0,0,C4-GRT-04,ATL,ATGRT3,Macro
176,HWY5619,HWY5619_H_Lalamusa Gt Rd Kotla Qasim Gujrat,3,C4-GRT-04,,CM Pak,7605,,,,,,,,,,428.0000000000001,,,,,,,12.25,,,55.33333333333333,,,,,,,,,,,,495.5833333333334,,3,0.9942640817901234,7406.9,5245.549999999998,11325.750000000002,15929.73333333333,12042.383333333333,11858.749999999998,8306.25,4844.233333333334,4030.733333333333,4536.9,5224.133333333333,4355.266666666666,5678.6500000000015,5497.816666666665,9708.916666666666,7074.900000000001,16843.383333333335,11606.95,10990.316666666664,33652.816666666666,0,0,0,0,0,0,0,0,0,0,0,0,C4-GRT-04,CMPak,7605,Macro
177,RUR2701,RUR2701__S_KotlaArabAliKhan,3,C4-GRT-04,,E.Co,e.coPK020043PU,,,,,,,,,,,,,,,,,,,,,,,,,,,,,,,,0,,0,1,7406.9,5245.549999999998,11325.750000000002,15929.73333333333,12042.383333333333,11858.749999999998,8306.25,4844.233333333334,4030.733333333333,4536.9,5224.133333333333,4355.266666666666,5678.6500000000015,5497.816666666665,9708.916666666666,7074.900000000001,16843.383333333335,11606.95,10990.316666666664,33652.816666666666,0,0,0,0,0,0,0,0,0,0,0,0,C4-GRT-04,E.Co,e.coPK020043PU,Macro
178,RUR2577,RUR2577__S_Gujgran,3,C4-GRT-04,,ATL,ATGRT8,,,,,,,,,,,23.75,,,,,,,,,,,,,,,,,,,,,23.75,,1,0.9997251157407407,7406.9,5245.549999999998,11325.750000000002,15929.73333333333,12042.383333333333,11858.749999999998,8306.25,4844.233333333334,4030.733333333333,4536.9,5224.133333333333,4355.266666666666,5678.6500000000015,5497.816666666665,9708.916666666666,7074.900000000001,16843.383333333335,11606.95,10990.316666666664,33652.816666666666,0,0,0,0,0,0,0,0,0,0,0,0,C4-GRT-04,ATL,ATGRT8,Macro
179,RUR2476,RUR2476__S_Dhamthal,3,C4-GRT-04,,ATL,ATGRT7,,,,,,,,,,,24,,,,,,,,,,,,,,,,,,,,,24,,1,0.9997222222222223,7406.9,5245.549999999998,11325.750000000002,15929.73333333333,12042.383333333333,11858.749999999998,8306.25,4844.233333333334,4030.733333333333,4536.9,5224.133333333333,4355.266666666666,5678.6500000000015,5497.816666666665,9708.916666666666,7074.900000000001,16843.383333333335,11606.95,10990.316666666664,33652.816666666666,0,0,0,0,0,0,0,0,0,0,0,0,C4-GRT-04,ATL,ATGRT7,Macro
180,HWY1064,HWY1064__S_DeonaMandi,3,C4-GRT-04,,ATL,ATGRT4,,,,,,,37.74999999999999,29,37.08333333333334,84.24999999999999,50.166666666666664,,,,91,83.16666666666667,12.25,981.8833333333332,129.58333333333334,1374.4666666666667,,,,,,,,,,,,2910.6,,11,0.9663124999999999,7406.9,5245.549999999998,11325.750000000002,15929.73333333333,12042.383333333333,11858.749999999998,8306.25,4844.233333333334,4030.733333333333,4536.9,5224.133333333333,4355.266666666666,5678.6500000000015,5497.816666666665,9708.916666666666,7074.900000000001,16843.383333333335,11606.95,10990.316666666664,33652.816666666666,0,0,0,0,0,0,0,0,0,0,0,0,C4-GRT-04,ATL,ATGRT4,Macro
181,RUR2704,RUR2704__S_Chechian_Jhans,3,C4-GRT-04,,ATL,ATGRT11,,,,,,,,,,,635.0000000000001,,,,,,,,665.7499999999997,2520.333333333333,,,,,,,,,,,,3821.083333333333,,3,0.9557744984567901,7406.9,5245.549999999998,11325.750000000002,15929.73333333333,12042.383333333333,11858.749999999998,8306.25,4844.233333333334,4030.733333333333,4536.9,5224.133333333333,4355.266666666666,5678.6500000000015,5497.816666666665,9708.916666666666,7074.900000000001,16843.383333333335,11606.95,10990.316666666664,33652.816666666666,0,0,0,0,0,0,0,0,0,0,0,0,C4-GRT-04,ATGRT11,ATGRT11,Macro
182,RUR2703,RUR2703__S_Ramkay,3,C4-GRT-04,,ATL,ATGRT12,,,,,,,,,,,,,,,,,,,,,,,,,,,,,,,,0,,0,1,7406.9,5245.549999999998,11325.750000000002,15929.73333333333,12042.383333333333,11858.749999999998,8306.25,4844.233333333334,4030.733333333333,4536.9,5224.133333333333,4355.266666666666,5678.6500000000015,5497.816666666665,9708.916666666666,7074.900000000001,16843.383333333335,11606.95,10990.316666666664,33652.816666666666,0,0,0,0,0,0,0,0,0,0,0,0,C4-GRT-04,ATGRT12,ATGRT12,Macro
183,GJR9032,GJR39032__S_RabbitsFarm_CMPak43168,3,C4-GRT-04,,CM Pak,43168,,,,,,,1229.8999999999996,2710.05,1148.3000000000002,,,,,,,,,,,200,,,,,,,,,,,,5288.25,,4,0.9387934027777777,7406.9,5245.549999999998,11325.750000000002,15929.73333333333,12042.383333333333,11858.749999999998,8306.25,4844.233333333334,4030.733333333333,4536.9,5224.133333333333,4355.266666666666,5678.6500000000015,5497.816666666665,9708.916666666666,7074.900000000001,16843.383333333335,11606.95,10990.316666666664,33652.816666666666,0,0,0,0,0,0,0,0,0,0,0,0,C4-GRT-04,CMPak,43168,Macro
184,RUR5137,RUR5137__S_DargaPur_Ufone3943,3,C4-GRT-04,,Ufone,,80.49999999999999,,54.83333333333333,,,,,,,,,,,,,,,,,,,,,,,,,,,,,135.33333333333331,,2,0.9984336419753086,7406.9,5245.549999999998,0,2620.583333333333,0,0,0,0,0,0,0,0,0,0,0,0,0,0,0,0,0,0,0,0,0,0,0,0,0,0,0,,,,,
185,GJR4905,GJR4905__CheemaCly_GJR,3,C4-GRT-04,,CP Prime,,,,,,,,,,,,,,,,,,,,,642.5833333333335,,,,,,,,,,,,642.5833333333335,,1,0.9925626929012346,7406.9,5245.549999999998,11325.750000000002,15929.73333333333,12042.383333333333,11858.749999999998,8306.25,4844.233333333334,4030.733333333333,4536.9,5224.133333333333,4355.266666666666,5678.6500000000015,5497.816666666665,9708.916666666666,7074.900000000001,16843.383333333335,11606.95,10990.316666666664,33652.816666666666,0,0,0,0,0,0,0,0,0,0,0,0,C4-GRT-04,,,Macro
186,GJR9716,GJR9716__Darbar_PandeyShah,3,C4-GRT-04,,GLO,,,,,,,,,,,,,,,,,,,,,,,,,,,,,,,,,0,,0,1,7406.9,5245.549999999998,11325.750000000002,15929.73333333333,12042.383333333333,11858.749999999998,8306.25,4844.233333333334,4030.733333333333,4536.9,5224.133333333333,4355.266666666666,5678.6500000000015,5497.816666666665,9708.916666666666,7074.900000000001,16843.383333333335,11606.95,10990.316666666664,33652.816666666666,0,0,0,0,0,0,0,0,0,0,0,0,C4-GRT-04,,,Macro
187,RUR6255,RUR6255__S_Sheikh_Chogany_MR1R2703,3,C4-GRT-04,,CP Prime,,,,,,,,,,,,,,,,,,,,,,,,,,,,,,,,,0,,0,1,7406.9,5245.549999999998,11325.750000000002,15929.73333333333,12042.383333333333,11858.749999999998,8306.25,4844.233333333334,4030.733333333333,4536.9,5224.133333333333,4355.266666666666,5678.6500000000015,5497.816666666665,9708.916666666666,7074.900000000001,16843.383333333335,11606.95,10990.316666666664,33652.816666666666,0,0,0,0,0,0,0,0,0,0,0,0,C4-GRT-04,,,Macro
188,TDA8306,TDA8306__S_Mota_CMPak41202,3,C4-GRT-04,,CM Pak,41202,,,,,,,,,,,200.25000000000003,,,,,,,,,,,,,,,,,,,,,200.25000000000003,,1,0.9976822916666667,7406.9,5245.549999999998,11325.750000000002,15929.73333333333,12042.383333333333,11858.749999999998,8306.25,4844.233333333334,4030.733333333333,4536.9,5224.133333333333,4355.266666666666,5678.6500000000015,5497.816666666665,9708.916666666666,7074.900000000001,16843.383333333335,11606.95,10990.316666666664,33652.816666666666,0,0,0,0,0,0,0,0,0,0,0,0,C4-GRT-04,CM-PAK,41202,
189,JPJ8263,JPJ8263__S_DarbarPirAhmad_CMPak43008,3,C4-GRT-04,,CM Pak,CMPak_43008,,,,,,,,,,,,,,,,,,,,,,,,,,,,,,,,0,,0,1,7406.9,5245.549999999998,11325.750000000002,15929.73333333333,12042.383333333333,11858.749999999998,8306.25,4844.233333333334,4030.733333333333,4536.9,5224.133333333333,4355.266666666666,5678.6500000000015,5497.816666666665,9708.916666666666,7074.900000000001,16843.383333333335,11606.95,10990.316666666664,33652.816666666666,0,0,0,0,0,0,0,0,0,0,0,0,C4-GRT-04,CM-PAK,CMPak_43008,
190,RRC0049,RRC0049__S_SherGarhHospital,3,C4-GRT-04,,Tawal,TWPGJR0006,,,,,,,,,,,,,,,16,,,,,25.750000000000004,,,,,,,,,,,,41.75,,2,0.9995167824074075,7406.9,5245.549999999998,11325.750000000002,15929.73333333333,12042.383333333333,11858.749999999998,8306.25,4844.233333333334,4030.733333333333,4536.9,5224.133333333333,4355.266666666666,5678.6500000000015,5497.816666666665,9708.916666666666,7074.900000000001,16843.383333333335,11606.95,10990.316666666664,33652.816666666666,0,0,0,0,0,0,0,0,0,0,0,0,C4-GRT-04,Tawal-,TWPGJR0006,Macro
191,FTP8308,FTP8308_S_GPSMatharabad_TPLFP001,3,C4-GRT-04,,Telenor,LFP001,,,,,,,,,,,,,,,,,,,,,,,,,,,,,,,,0,,0,1,7406.9,5245.549999999998,11325.750000000002,15929.73333333333,12042.383333333333,11858.749999999998,8306.25,4844.233333333334,4030.733333333333,4536.9,5224.133333333333,4355.266666666666,5678.6500000000015,5497.816666666665,9708.916666666666,7074.900000000001,16843.383333333335,11606.95,10990.316666666664,33652.816666666666,0,0,0,0,0,0,0,0,0,0,0,,,,,
192,RRC0055,RRC0055__S_Jandala,3,C4-GRT-04,,Enfrashare,EC1-LLM-10232,,,,,,,,,,,,,,,51.500000000000014,,,,,,,,,,,,,,,,,51.500000000000014,,1,0.9994039351851852,7406.9,5245.549999999998,11325.750000000002,15929.73333333333,12042.383333333333,11858.749999999998,8306.25,4844.233333333334,4030.733333333333,4536.9,5224.133333333333,4355.266666666666,5678.6500000000015,5497.816666666665,9708.916666666666,7074.900000000001,16843.383333333335,11606.95,10990.316666666664,33652.816666666666,0,0,0,0,0,0,0,0,0,0,0,,,,,
193,RRC0009,RRC0009__S_Kassoki,3,C4-GRT-04,,Enfrashare,EC1-GUT-10089,,,,,,,,,,,,,502.2500000000001,,,,,,,,,,,,,,,,,,,502.2500000000001,,1,0.9941869212962964,7406.9,5245.549999999998,11325.750000000002,15929.73333333333,12042.383333333333,11858.749999999998,8306.25,4844.233333333334,4030.733333333333,4536.9,5224.133333333333,4355.266666666666,5678.6500000000015,5497.816666666665,9708.916666666666,7074.900000000001,16843.383333333335,11606.95,10990.316666666664,33652.816666666666,0,0,0,0,0,0,0,0,0,0,0,,,,,
194,KNJ9613,KNJ9613_S_ShabbirshareefHospitalKunja,3,C4-GRT-04,,E.Co,e.coPK020374PU,25,255.75,173.25,119.33333333333334,137.0333333333333,136.74999999999997,110.49999999999997,99.99999999999999,249.24999999999994,286.5833333333333,512.7499999999999,222.91666666666669,,59.900000000000006,165.25,78.74999999999999,248.74999999999997,553.0833333333334,1470.5833333333333,320.6666666666666,,,,,,,,,,,,5226.1,,19,0.9395127314814815,7406.9,5245.549999999998,11325.750000000002,15929.73333333333,12042.383333333333,11858.749999999998,8306.25,4844.233333333334,4030.733333333333,4536.9,5224.133333333333,4355.266666666666,5678.6500000000015,5497.816666666665,9708.916666666666,7074.900000000001,16843.383333333335,11606.95,10990.316666666664,33652.816666666666,0,0,0,0,0,0,0,0,0,0,0,,,,,
195,RRC0061,RRC0061_S_Loroy,3,C4-GRT-04,,Enfrashare,EC1-10141,,,,,,,,,,,,,,,,12.75,,,,1364.583333333334,,,,,,,,,,,,1377.333333333334,,2,0.9840586419753086,7406.9,5245.549999999998,11325.750000000002,15929.73333333333,12042.383333333333,11858.749999999998,8306.25,4844.233333333334,4030.733333333333,4536.9,5224.133333333333,4355.266666666666,5678.6500000000015,5497.816666666665,9708.916666666666,7074.900000000001,16843.383333333335,11606.95,10990.316666666664,33652.816666666666,0,0,0,0,0,0,0,0,0,0,0,,,,,
196,GJR9523,,3,C4-GRT-04,,ZONG-,CM-PAK43336,,,,,,,,,,,,,,,,,,,,,,,,,,,,,,,,0,,0,1,7406.9,5245.549999999998,11325.750000000002,15929.73333333333,12042.383333333333,11858.749999999998,8306.25,4844.233333333334,4030.733333333333,4536.9,5224.133333333333,4355.266666666666,5678.6500000000015,5497.816666666665,9708.916666666666,7074.900000000001,16843.383333333335,11606.95,10990.316666666664,33652.816666666666,0,0,0,0,0,0,0,0,0,0,0,0,,,,
197,GJR9530,GJR9530__S_Rescue1122Gujrat,3,C4-GRT-04,,E.Co,e.coPK016329PU,1252.0166666666667,,,,,,,,,330.9999999999999,,684.1666666666669,,41.083333333333336,,,,,,564.9000000000001,,,,,,,,,,,,2873.166666666667,,5,0.9667457561728395,7406.9,5245.549999999998,11325.750000000002,15929.73333333333,12042.383333333333,11858.749999999998,8306.25,4844.233333333334,4030.733333333333,4536.9,5224.133333333333,4355.266666666666,5678.6500000000015,5497.816666666665,9708.916666666666,7074.900000000001,16843.383333333335,11606.95,10990.316666666664,33652.816666666666,0,0,0,0,0,0,0,0,0,0,0,0,,,,
198,LLM9549,,3,C4-GRT-04,,Enfrashare,EC1-LLM-03004,,,,,,,,,,,461.8833333333334,342.65,226.49999999999994,157.05000000000004,345.5,432.23333333333335,967.6666666666666,409.9166666666667,1308.7333333333333,526.2333333333332,,,,,,,,,,,,5178.366666666667,,10,0.9400652006172839,7406.9,5245.549999999998,11325.750000000002,15929.73333333333,12042.383333333333,11858.749999999998,8306.25,4844.233333333334,4030.733333333333,4536.9,5224.133333333333,4355.266666666666,5678.6500000000015,5497.816666666665,9708.916666666666,7074.900000000001,16843.383333333335,11606.95,10990.316666666664,33652.816666666666,0,0,0,0,0,0,0,0,0,0,0,0,C4-GRT-04,Enfrashare,EC1-LLM-03004,Macro
199,RRC0106,LTE_RRC0106__S_DaulatNagar,3,C4-GRT-04,,ENFRA-,EC1-GUT-04555,,,,,,28.75,,,,,,,,,,,,,28.416666666666668,,,,,,,,,,,,,57.16666666666667,,2,0.9993383487654321,7406.9,5245.549999999998,11325.750000000002,15929.73333333333,12042.383333333333,11858.749999999998,8306.25,4844.233333333334,4030.733333333333,4536.9,5224.133333333333,4355.266666666666,5678.6500000000015,5497.816666666665,9708.916666666666,7074.900000000001,16843.383333333335,11606.95,10990.316666666664,33652.816666666666,0,0,0,0,0,0,0,0,0,0,0,0,C4-GRT-04,ENFRA-,EC1-GUT-04555,Macro
200,RUR1769,RUR1769__Sohawa,3,C4-GUJ-01,,Telenor,LSA001,1250.7999999999997,1327.9166666666663,944.9166666666665,,,3148.216666666666,501.46666666666675,849.3333333333333,,69.99999999999999,,,641.0000000000001,,,2910.1333333333337,27.333333333333332,,1165,118.00000000000003,,,,,,,,,,,,12954.116666666667,,12,0.8500680941358024,33251.966666666674,31880.05,33714.849999999984,17702.666666666664,32363.333333333336,38795.566666666666,24745.533333333336,17455.899999999998,8683.283333333333,23576.716666666664,16283.3,22950.033333333336,21475.450000000004,5746.416666666666,14574.983333333334,24744.649999999998,30567.733333333334,28901.6,40849.6,24409.15,0,0,0,0,0,0,0,0,0,0,0,0,C4-GUJ-01,Telenor,LSA001,Macro
201,RUR8156,RUR8156_Koreki,4,C4-GUJ-01,,CP Prime,,,,,219.33333333333331,,,,,121.66666666666666,,1020.5,619.5833333333335,283.4,,,,,,1398.5333333333333,,,,,,,,,,,,,3663.016666666667,,6,0.968202980324074,33251.966666666674,31880.05,33714.849999999984,17702.666666666664,32363.333333333336,38795.566666666666,24745.533333333336,17455.899999999998,8683.283333333333,23576.716666666664,16283.3,22950.033333333336,21475.450000000004,5746.416666666666,14574.983333333334,24744.649999999998,30567.733333333334,28901.6,40849.6,24409.15,0,0,0,0,0,0,0,0,0,0,0,0,C4-GUJ-01,,,Macro
202,HMP9711,HMP9711__Hameedpur_Khurd,3,C4-GUJ-01,27,Stand by,,170.50000000000003,,495.91666666666674,,,130.5,29,,625.5833333333333,144.49999999999997,139.24999999999997,,,56.499999999999986,154.00000000000003,,147.41666666666666,298.5,188.25,358.5,,,,,,,,,,,,2938.4166666666665,,13,0.9659905478395062,33251.966666666674,31880.05,33714.849999999984,17702.666666666664,32363.333333333336,38795.566666666666,24745.533333333336,17455.899999999998,8683.283333333333,23576.716666666664,16283.3,22950.033333333336,21475.450000000004,5746.416666666666,14574.983333333334,24744.649999999998,30567.733333333334,28901.6,40849.6,24409.15,0,0,0,0,0,0,0,0,0,0,0,0,C4-GUJ-01,,,Macro
203,GUJ5479,GUJ5479__S_AllahRakhaTown_CMPak_5624,3,C4-GUJ-01,,CM Pak,5624,,,214.25000000000003,,,,,,,,,,,,,,,,,,,,,,,,,,,,,214.25000000000003,,1,0.9975202546296296,33251.966666666674,31880.05,33714.849999999984,17702.666666666664,32363.333333333336,38795.566666666666,24745.533333333336,17455.899999999998,8683.283333333333,23576.716666666664,16283.3,22950.033333333336,21475.450000000004,5746.416666666666,14574.983333333334,24744.649999999998,30567.733333333334,28901.6,40849.6,24409.15,0,0,0,0,0,0,0,0,0,0,0,0,,,,Macro
204,GUJ9422,GUJ9422__S_Meena bazar Warid_GJ4233,3,C4-GUJ-01,,CP Prime,,399.83333333333337,7.25,,361.5833333333333,,329.08333333333337,,,,,159.25000000000003,,356.08333333333337,38.00000000000001,,932.6,255.33333333333331,,,998.75,,,,,,,,,,,,3837.766666666667,,10,0.9555814043209877,33251.966666666674,31880.05,33714.849999999984,17702.666666666664,32363.333333333336,38795.566666666666,24745.533333333336,17455.899999999998,8683.283333333333,23576.716666666664,16283.3,22950.033333333336,21475.450000000004,5746.416666666666,14574.983333333334,24744.649999999998,30567.733333333334,28901.6,40849.6,24409.15,0,0,0,0,0,0,0,0,0,0,0,0,C4-GUJ-02,,,Macro
205,GUJ5816,GUJ5816_H_Rakh Kikran Gujranwala,3,C4-GUJ-01,,Enfrashare,EC1-GUJ-07836,,25.5,,,,16.75,,,41.08333333333334,,,,,,,,,,,,,,,,,,,,,,,83.33333333333334,,3,0.9990354938271605,33251.966666666674,31880.05,33714.849999999984,17702.666666666664,32363.333333333336,38795.566666666666,24745.533333333336,17455.899999999998,8683.283333333333,23576.716666666664,16283.3,22950.033333333336,21475.450000000004,5746.416666666666,14574.983333333334,24744.649999999998,30567.733333333334,28901.6,40849.6,24409.15,0,0,0,0,0,0,0,0,0,0,0,0,,,,Macro
206,GUJ4658,GUJ4658__Peoplesclnychowk,3,C4-GUJ-01,9,Stand by,,80,876.9666666666667,358.30000000000007,157,187.00000000000003,59.08333333333333,280,70.5,,43.25,42.083333333333336,134.75,184.83333333333331,135.41666666666666,137.91666666666669,74.75000000000001,202.50000000000003,80.00000000000001,179.33333333333334,,,,,,,,,,,,,3283.683333333334,,18,0.9619944058641976,33251.966666666674,31880.05,33714.849999999984,17702.666666666664,32363.333333333336,38795.566666666666,24745.533333333336,17455.899999999998,8683.283333333333,23576.716666666664,16283.3,22950.033333333336,21475.450000000004,5746.416666666666,14574.983333333334,24744.649999999998,30567.733333333334,28901.6,40849.6,24409.15,0,0,0,0,0,0,0,0,0,0,0,0,C4-GUJ-01,,,Macro
207,GUJ9720,GUJ9720__Amir_Plaza,1,C4-GUJ-01,,Jazz CP Prime,,19.333333333333336,113.08333333333334,122.41666666666667,285.6666666666667,193.33333333333334,617.3166666666666,68.55,83.5,2.166666666666667,56.08333333333334,,91.91666666666666,433.51666666666665,78.35,151.25,65.01666666666667,,64.66666666666667,74.16666666666666,494.2666666666667,,,,,,,,,,,,3014.6,,18,0.8953263888888888,33251.966666666674,31880.05,33714.849999999984,17702.666666666664,32363.333333333336,38795.566666666666,24745.533333333336,17455.899999999998,8683.283333333333,23576.716666666664,16283.3,22950.033333333336,21475.450000000004,5746.416666666666,14574.983333333334,24744.649999999998,30567.733333333334,28901.6,40849.6,24409.15,0,0,0,0,0,0,0,0,0,0,0,0,C4-GUJ-02,,,Micro
208,TPL9977,TPL9977__DogalVillage,3,C4-GUJ-01,9,Stand by,,1250.7999999999997,1318.5,,,,125.00000000000001,28.25,374.25,,69.99999999999999,,,,,,,,,,,,,,,,,,,,,,3166.7999999999997,,6,0.9633472222222222,33251.966666666674,31880.05,33714.849999999984,17702.666666666664,32363.333333333336,38795.566666666666,24745.533333333336,17455.899999999998,8683.283333333333,23576.716666666664,16283.3,22950.033333333336,21475.450000000004,5746.416666666666,14574.983333333334,24744.649999999998,30567.733333333334,28901.6,40849.6,24409.15,0,0,0,0,0,0,0,0,0,0,0,0,C4-GUJ-01,,,Macro
209,TMK5823,TMK5823_H_Talwandi Mus Gujranwala,3,C4-GUJ-01,,Enfrashare,EC1-GUJ-07832,,,,,,,,,,196.75,,,,,449.54999999999995,,,,,,,,,,,,,,,,,646.3,,2,0.9925196759259259,33251.966666666674,31880.05,33714.849999999984,17702.666666666664,32363.333333333336,38795.566666666666,24745.533333333336,17455.899999999998,8683.283333333333,23576.716666666664,16283.3,22950.033333333336,21475.450000000004,5746.416666666666,14574.983333333334,24744.649999999998,30567.733333333334,28901.6,40849.6,24409.15,0,0,0,0,0,0,0,0,0,0,0,0,,,,Macro
210,KMK9898,KMK9898__Usman_Town,3,C4-GUJ-01,,CP Prime,,485.0166666666666,480.08333333333337,706.5000000000002,,,,,,,,,,,,,,,,,,,,,,,,,,,,,1671.6000000000001,,3,0.9806527777777778,33251.966666666674,31880.05,33714.849999999984,17702.666666666664,32363.333333333336,38795.566666666666,24745.533333333336,17455.899999999998,8683.283333333333,23576.716666666664,16283.3,22950.033333333336,21475.450000000004,5746.416666666666,14574.983333333334,24744.649999999998,30567.733333333334,28901.6,40849.6,24409.15,0,0,0,0,0,0,0,0,0,0,0,0,C4-GUJ-01,,,Macro
211,TPL9976,TPL9976__ThapNalaVillage,3,C4-GUJ-01,20,Stand by,,,,345,,80.49999999999999,235.25000000000003,27.5,,,69.75,,,,,,,,,,,,,,,,,,,,,,758,,5,0.9912268518518519,33251.966666666674,31880.05,33714.849999999984,17702.666666666664,32363.333333333336,38795.566666666666,24745.533333333336,17455.899999999998,8683.283333333333,23576.716666666664,16283.3,22950.033333333336,21475.450000000004,5746.416666666666,14574.983333333334,24744.649999999998,30567.733333333334,28901.6,40849.6,24409.15,0,0,0,0,0,0,0,0,0,0,0,0,C4-GUJ-01,,,Macro
212,RUR6300,RUR6300__S_Abdal,3,C4-GUJ-01,,E.Co,e.coPK018445PU,,,336.75,,,,558,206.25,,,,,,,,,,,,,,,,,,,,,,,,1101,,3,0.9872569444444445,33251.966666666674,31880.05,33714.849999999984,17702.666666666664,32363.333333333336,38795.566666666666,24745.533333333336,17455.899999999998,8683.283333333333,23576.716666666664,16283.3,22950.033333333336,21475.450000000004,5746.416666666666,14574.983333333334,24744.649999999998,30567.733333333334,28901.6,40849.6,24409.15,0,0,0,0,0,0,0,0,0,0,0,0,,,,Macro
213,RUR3562,RUR3562__GujranwalaNarowalRd,3,C4-GUJ-01,9,Stand by,,797.25,,,,,16.500000000000004,,,,,,,27.416666666666668,,,,,,,,,,,,,,,,,,,841.1666666666666,,3,0.9902642746913579,33251.966666666674,31880.05,33714.849999999984,17702.666666666664,32363.333333333336,38795.566666666666,24745.533333333336,17455.899999999998,8683.283333333333,23576.716666666664,16283.3,22950.033333333336,21475.450000000004,5746.416666666666,14574.983333333334,24744.649999999998,30567.733333333334,28901.6,40849.6,24409.15,0,0,0,0,0,0,0,0,0,0,0,0,C4-GUJ-01,,,Macro
214,RUR6516,RUR6516__S_Mokhal,3,C4-GUJ-01,,E.Co,e.coPK019212PU,739.7833333333334,806.1333333333332,,,,,,,287.33333333333337,202.0833333333333,382.16666666666674,1786.8166666666666,,81.75,212.66666666666669,129.58333333333331,215.03333333333333,256.04999999999995,1467.9,1075.55,,,,,,,,,,,,7642.850000000001,,13,0.911541087962963,33251.966666666674,31880.05,33714.849999999984,17702.666666666664,32363.333333333336,38795.566666666666,24745.533333333336,17455.899999999998,8683.283333333333,23576.716666666664,16283.3,22950.033333333336,21475.450000000004,5746.416666666666,14574.983333333334,24744.649999999998,30567.733333333334,28901.6,40849.6,24409.15,0,0,0,0,0,0,0,0,0,0,0,0,,,,Macro
215,RUR8153,RUR8153_LadhewalaGoraya,3,C4-GUJ-01,,Enfrashare,EC1-GUJ-08589,,,,,,,,,,,,,,260.75,,,,,892.75,,,,,,,,,,,,,1153.5,,2,0.9866493055555555,33251.966666666674,31880.05,33714.849999999984,17702.666666666664,32363.333333333336,38795.566666666666,24745.533333333336,17455.899999999998,8683.283333333333,23576.716666666664,16283.3,22950.033333333336,21475.450000000004,5746.416666666666,14574.983333333334,24744.649999999998,30567.733333333334,28901.6,40849.6,24409.15,0,0,0,0,0,0,0,0,0,0,0,0,C4-GUJ-01,UFone,3946,Macro
216,GUJ9461,GUJ9461__S_Gulzar Colony Warid_MDGJ4235,3,C4-GUJ-01,,CM Pak,5594,1028.5166666666664,178.33333333333331,103.33333333333334,203.33333333333334,340.5,,,124.08333333333334,,302.3333333333333,27.333333333333336,189,23,,77.75000000000001,220.16666666666663,17.75,390.9166666666665,216.50000000000003,257.6666666666667,,,,,,,,,,,,3700.516666666666,,16,0.9571699459876544,33251.966666666674,31880.05,33714.849999999984,17702.666666666664,32363.333333333336,38795.566666666666,24745.533333333336,17455.899999999998,8683.283333333333,23576.716666666664,16283.3,22950.033333333336,21475.450000000004,5746.416666666666,14574.983333333334,24744.649999999998,30567.733333333334,28901.6,40849.6,24409.15,0,0,0,0,0,0,0,0,0,0,0,0,C4-GUJ-01,,,Macro
217,RUR3076,RUR3076__Ottawa,3,C4-GUJ-01,9,Stand by,,,,,,,468.75000000000006,,,208.5,,,,,,,,,,492.1666666666665,,,,,,,,,,,,,1169.4166666666665,,3,0.9864650848765432,33251.966666666674,31880.05,33714.849999999984,17702.666666666664,32363.333333333336,38795.566666666666,24745.533333333336,17455.899999999998,8683.283333333333,23576.716666666664,16283.3,22950.033333333336,21475.450000000004,5746.416666666666,14574.983333333334,24744.649999999998,30567.733333333334,28901.6,40849.6,24409.15,0,0,0,0,0,0,0,0,0,0,0,0,C4-GUJ-01,,,Macro
218,RUR9455,RUR9455__S_Mandiala Warid_MR2I3761,3,C4-GUJ-01,9,Stand by,,145.75,348.28333333333325,638.0833333333334,417.9666666666667,420.25,155.16666666666669,222.66666666666663,79.33333333333334,105.41666666666666,21.083333333333336,70.91666666666666,103.24999999999997,72.16666666666667,66.08333333333334,73.25,47.916666666666664,135.58333333333334,70.33333333333333,116.08333333333334,77.74999999999999,,,,,,,,,,,,3387.3333333333335,,20,0.9607947530864197,33251.966666666674,31880.05,33714.849999999984,17702.666666666664,32363.333333333336,38795.566666666666,24745.533333333336,17455.899999999998,8683.283333333333,23576.716666666664,16283.3,22950.033333333336,21475.450000000004,5746.416666666666,14574.983333333334,24744.649999999998,30567.733333333334,28901.6,40849.6,24409.15,0,0,0,0,0,0,0,0,0,0,0,0,C4-GUJ-01,,,Macro
219,GUJ4715,GUJ4715__S_GUJDairyAndMilkShop,3,C4-GUJ-01,,Enfrashare,EC1-GUJ-00386,,,,,,,,,,,,,,,,,,,,,,,,,,,,,,,,0,,0,1,33251.966666666674,31880.05,33714.849999999984,17702.666666666664,32363.333333333336,38795.566666666666,24745.533333333336,17455.899999999998,8683.283333333333,23576.716666666664,16283.3,22950.033333333336,21475.450000000004,5746.416666666666,14574.983333333334,24744.649999999998,30567.733333333334,28901.6,40849.6,24409.15,0,0,0,0,0,0,0,0,0,0,0,0,,,,Macro
220,RUR9019,RUR9019__S_NewCrescentPublicHighSchool_CMPak4382,3,C4-GUJ-01,,CM Pak,4382,,,358.7499999999999,,277.25,,,,,285,,392.1500000000001,,,,,316.5,,287,,,,,,,,,,,,,1916.65,,6,0.9778165509259259,33251.966666666674,31880.05,33714.849999999984,17702.666666666664,32363.333333333336,38795.566666666666,24745.533333333336,17455.899999999998,8683.283333333333,23576.716666666664,16283.3,22950.033333333336,21475.450000000004,5746.416666666666,14574.983333333334,24744.649999999998,30567.733333333334,28901.6,40849.6,24409.15,0,0,0,0,0,0,0,0,0,0,0,0,C4-GUJ-01,CMPak,4382,Macro
221,GUJ6306,GUJ6306__S_MiranJeTown,3,C4-GUJ-01,,E.Co,e.coPK018455PU,,,456.9999999999999,65.16666666666667,493.2500000000001,,,,,551.9166666666667,,606.4166666666667,7.166666666666667,,,,697.8666666666666,,340.79999999999995,,,,,,,,,,,,,3219.583333333333,,8,0.9627363040123457,33251.966666666674,31880.05,33714.849999999984,17702.666666666664,32363.333333333336,38795.566666666666,24745.533333333336,17455.899999999998,8683.283333333333,23576.716666666664,16283.3,22950.033333333336,21475.450000000004,5746.416666666666,14574.983333333334,24744.649999999998,30567.733333333334,28901.6,40849.6,24409.15,0,0,0,0,0,0,0,0,0,0,0,0,,,,Macro
222,HWY0234,HWY0234__MuhallahAbbasNagar,3,C4-GUJ-01,30,Stand by,,,156.65,202.83333333333331,,,,,,,15.25,,,,,,,,,379.58333333333337,,,,,,,,,,,,,754.3166666666667,,4,0.9912694830246913,33251.966666666674,31880.05,33714.849999999984,17702.666666666664,32363.333333333336,38795.566666666666,24745.533333333336,17455.899999999998,8683.283333333333,23576.716666666664,16283.3,22950.033333333336,21475.450000000004,5746.416666666666,14574.983333333334,24744.649999999998,30567.733333333334,28901.6,40849.6,24409.15,0,0,0,0,0,0,0,0,0,0,0,0,C4-GUJ-01,,,Macro
223,ASH1251,ASH1251__S_AshrafAbad_Ufone_7743,3,C4-GUJ-01,,Ufone,7743,486.08333333333326,,,,1273.2499999999998,,,,,,,,1014,,,,629.1333333333334,60.66666666666667,,634.9166666666667,,,,,,,,,,,,4098.049999999999,,6,0.9525688657407407,33251.966666666674,31880.05,33714.849999999984,17702.666666666664,32363.333333333336,38795.566666666666,24745.533333333336,17455.899999999998,8683.283333333333,23576.716666666664,16283.3,22950.033333333336,21475.450000000004,5746.416666666666,14574.983333333334,24744.649999999998,30567.733333333334,28901.6,40849.6,24409.15,0,0,0,0,0,0,0,0,0,0,0,0,,,,Macro
224,GUJ9449,GUJ9449__S_Saddar Thana Warid_MDGJ4156,3,C4-GUJ-01,27,Stand by,,,,,,,,,,,53.08333333333334,112.44999999999999,642.0333333333333,97.16666666666666,,,,,,481.83333333333326,,,,,,,,,,,,,1386.5666666666666,,5,0.983951774691358,33251.966666666674,31880.05,33714.849999999984,17702.666666666664,32363.333333333336,38795.566666666666,24745.533333333336,17455.899999999998,8683.283333333333,23576.716666666664,16283.3,22950.033333333336,21475.450000000004,5746.416666666666,14574.983333333334,24744.649999999998,30567.733333333334,28901.6,40849.6,24409.15,0,0,0,0,0,0,0,0,0,0,0,0,C4-GUJ-01,,,Macro
225,RUR6299,RUR6299__S_PiruChak,3,C4-GUJ-01,,E.Co,e.coPK018442PU,,89.5,,,424.6666666666665,,164.25,,,,,,,,,,,1294.8999999999996,1608.366666666668,195.40000000000003,,,,,,,,,,,,3777.0833333333344,,6,0.9562837577160493,33251.966666666674,31880.05,33714.849999999984,17702.666666666664,32363.333333333336,38795.566666666666,24745.533333333336,17455.899999999998,8683.283333333333,23576.716666666664,16283.3,22950.033333333336,21475.450000000004,5746.416666666666,14574.983333333334,24744.649999999998,30567.733333333334,28901.6,40849.6,24409.15,0,0,0,0,0,0,0,0,0,0,0,0,,,,Macro
226,RUR5756,RUR5756__S_Aroop Warid,3,C4-GUJ-01,,UFONE,3912,3926.45,2609.4666666666662,427.24999999999983,,534.75,,314.7500000000001,,,,,,,,169.4,310.6,141.41666666666669,279.83333333333337,124.91666666666666,661.6333333333333,,,,,,,,,,,,9500.466666666665,,11,0.8900408950617285,33251.966666666674,31880.05,33714.849999999984,17702.666666666664,32363.333333333336,38795.566666666666,24745.533333333336,17455.899999999998,8683.283333333333,23576.716666666664,16283.3,22950.033333333336,21475.450000000004,5746.416666666666,14574.983333333334,24744.649999999998,30567.733333333334,28901.6,40849.6,24409.15,0,0,0,0,0,0,0,0,0,0,0,0,C4-GUJ-01,,,Macro
227,KMK4469,KMK4469__AlilHospitalGTRd,3,C4-GUJ-01,,CP Prime,,,,,98.41666666666669,2021.3333333333335,,,3,14,,813.3333333333333,,,,,,,,,,,,,,,,,,,,,2950.083333333333,,5,0.9658555169753086,33251.966666666674,31880.05,33714.849999999984,17702.666666666664,32363.333333333336,38795.566666666666,24745.533333333336,17455.899999999998,8683.283333333333,23576.716666666664,16283.3,22950.033333333336,21475.450000000004,5746.416666666666,14574.983333333334,24744.649999999998,30567.733333333334,28901.6,40849.6,24409.15,0,0,0,0,0,0,0,0,0,0,0,0,C4-GUJ-01,,,Macro
228,TMK8993,TMK8993__BhattiBhango,3,C4-GUJ-01,27,Stand by,,317.08333333333337,132.91666666666663,32.833333333333336,33,33.25,18,32.25,49.00000000000001,31.999999999999996,60.16666666666667,67.5,57.71666666666667,25.916666666666664,41.24999999999999,32.5,31.749999999999996,33.083333333333336,77,31.916666666666664,183.33333333333337,,,,,,,,,,,,1322.4666666666667,,20,0.9846936728395062,33251.966666666674,31880.05,33714.849999999984,17702.666666666664,32363.333333333336,38795.566666666666,24745.533333333336,17455.899999999998,8683.283333333333,23576.716666666664,16283.3,22950.033333333336,21475.450000000004,5746.416666666666,14574.983333333334,24744.649999999998,30567.733333333334,28901.6,40849.6,24409.15,0,0,0,0,0,0,0,0,0,0,0,0,C4-GUJ-01,,,Macro
229,GUJ9439,GUJ9439__S_Sec Y-People Cnly Warid_MDGJ4223,5,C4-GUJ-01,30,Stand by,,,,,,,,,,,1397.2833333333333,764.9833333333336,,10.583333333333332,,,,,,,,,,,,,,,,,,,2172.8500000000004,,3,0.9849107638888889,33251.966666666674,31880.05,33714.849999999984,17702.666666666664,32363.333333333336,38795.566666666666,24745.533333333336,17455.899999999998,8683.283333333333,23576.716666666664,16283.3,22950.033333333336,21475.450000000004,5746.416666666666,14574.983333333334,24744.649999999998,30567.733333333334,28901.6,40849.6,24409.15,0,0,0,0,0,0,0,0,0,0,0,0,C4-GUJ-01,,,Macro
230,GUJ9459,GUJ9459__S_usman Colony Warid_MDGJ4239,3,C4-GUJ-01,,CP Prime,,,,,,,558.1666666666665,,,,544.5,,,558.9999999999999,,,,625.8000000000002,,,754.9999999999999,,,,,,,,,,,,3042.4666666666667,,5,0.9647862654320987,33251.966666666674,31880.05,33714.849999999984,17702.666666666664,32363.333333333336,38795.566666666666,24745.533333333336,17455.899999999998,8683.283333333333,23576.716666666664,16283.3,22950.033333333336,21475.450000000004,5746.416666666666,14574.983333333334,24744.649999999998,30567.733333333334,28901.6,40849.6,24409.15,0,0,0,0,0,0,0,0,0,0,0,0,C4-GUJ-01,,,Macro
231,RUR6446,RUR6446_S_ChakMuslim,3,C4-GUJ-01,,Enfrashare,EC1-GUJ-04623,,,,,,,,,,,,,,,,,,,,,,,,,,,,,,,,0,,0,1,33251.966666666674,31880.05,33714.849999999984,17702.666666666664,32363.333333333336,38795.566666666666,24745.533333333336,17455.899999999998,8683.283333333333,23576.716666666664,16283.3,22950.033333333336,21475.450000000004,5746.416666666666,14574.983333333334,24744.649999999998,30567.733333333334,28901.6,40849.6,24409.15,0,0,0,0,0,0,0,0,0,0,0,0,,,,Macro
232,GUJ4144,GUJ4144__BBlockSatteliteTown,3,C4-GUJ-01,9,Stand by,,,,,,,,13.083333333333332,1236.9166666666663,,,639.9000000000001,203.38333333333335,,237.33333333333331,732.9999999999999,,,129.49999999999997,133.08333333333334,,,,,,,,,,,,,3326.2,,8,0.9615023148148149,33251.966666666674,31880.05,33714.849999999984,17702.666666666664,32363.333333333336,38795.566666666666,24745.533333333336,17455.899999999998,8683.283333333333,23576.716666666664,16283.3,22950.033333333336,21475.450000000004,5746.416666666666,14574.983333333334,24744.649999999998,30567.733333333334,28901.6,40849.6,24409.15,0,0,0,0,0,0,0,0,0,0,0,0,C4-GUJ-01,,,Macro
233,GUJ5505,GUJ5505__S_ShadmanColony_Ufone3910,3,C4-GUJ-01,,Ufone,3910,403.26666666666665,,738.1666666666666,,429.9166666666666,630.3833333333334,179.39999999999998,54.999999999999986,,,,463.1666666666667,,,290.08333333333337,252.99999999999997,213.16666666666669,,287.4166666666667,286.55,,,,,,,,,,,,4229.516666666666,,12,0.9510472608024692,33251.966666666674,31880.05,33714.849999999984,17702.666666666664,32363.333333333336,38795.566666666666,24745.533333333336,17455.899999999998,8683.283333333333,23576.716666666664,16283.3,22950.033333333336,21475.450000000004,5746.416666666666,14574.983333333334,24744.649999999998,30567.733333333334,28901.6,40849.6,24409.15,0,0,0,0,0,0,0,0,0,0,0,0,C4-GUJ-01,,,Macro
234,RUR6445,RUR6445__S_AdaRaiGujranwala,3,C4-GUJ-01,,E.Co,e.coPK018664PU,,,,644.4000000000001,,691.8333333333335,,678.9999999999999,,15.75,646.4666666666667,,,,675.4166666666667,,,553.5,,,,,,,,,,,,,,3906.366666666667,,7,0.9547874228395062,33251.966666666674,31880.05,33714.849999999984,17702.666666666664,32363.333333333336,38795.566666666666,24745.533333333336,17455.899999999998,8683.283333333333,23576.716666666664,16283.3,22950.033333333336,21475.450000000004,5746.416666666666,14574.983333333334,24744.649999999998,30567.733333333334,28901.6,40849.6,24409.15,0,0,0,0,0,0,0,0,0,0,0,0,,,,Macro
235,RUR5610,RUR5610__S_Harpoki,3,C4-GUJ-01,,CP Prime,,,,9.25,,1756.25,81.75,,,,,,,681,,357.75,,293.33333333333337,,,208.75,,,,,,,,,,,,3388.0833333333335,,7,0.9607860725308641,33251.966666666674,31880.05,0,7329.083333333333,0,0,0,0,0,0,0,0,0,0,0,0,0,0,0,0,0,0,0,0,0,0,0,0,0,0,0,,,,,
236,GUJ6119,GUJ6119__S_KashmirRdFaridTown_CMPak4266,3,C4-GUJ-01,,CM Pak,CMPak4266,354.16666666666663,389.91666666666663,596.0000000000001,191.50000000000003,227.19999999999996,8.25,,,,136.25,48.749999999999986,192.75,,,99.74999999999999,279.86666666666673,537.7500000000001,197.83333333333331,195.41666666666669,209.69999999999993,,,,,,,,,,,,3665.1000000000004,,15,0.957579861111111,33251.966666666674,31880.05,33714.849999999984,17702.666666666664,32363.333333333336,38795.566666666666,24745.533333333336,17455.899999999998,8683.283333333333,23576.716666666664,16283.3,22950.033333333336,21475.450000000004,5746.416666666666,14574.983333333334,24744.649999999998,30567.733333333334,28901.6,40849.6,24409.15,0,0,0,0,0,0,0,0,0,0,0,0,,,,Macro
237,KNB9979,KNB9979__Machrala,3,C4-GUJ-01,,CP Prime,,,,668.5000000000002,1201.8999999999999,1921.8333333333333,101.50000000000003,,973.75,,,,756.0500000000002,,,514.4000000000001,,,,799.5833333333336,,,,,,,,,,,,,6937.516666666668,,8,0.9197046682098765,33251.966666666674,31880.05,33714.849999999984,17702.666666666664,32363.333333333336,38795.566666666666,24745.533333333336,17455.899999999998,8683.283333333333,23576.716666666664,16283.3,22950.033333333336,21475.450000000004,5746.416666666666,14574.983333333334,24744.649999999998,30567.733333333334,28901.6,40849.6,24409.15,0,0,0,0,0,0,0,0,0,0,0,0,C4-GUJ-01,,,Macro
238,GUJ9417,GUJ9417__S_Chaman Shah Rd Warid_GJ4154,3,C4-GUJ-01,27,Stand by,,121.75000000000003,1160.6666666666665,536.5999999999999,292.84999999999997,,,,458.7500000000001,,,,,,,,,,,,,,,,,,,,,,,,2570.6166666666663,,5,0.9702474922839507,33251.966666666674,31880.05,33714.849999999984,17702.666666666664,32363.333333333336,38795.566666666666,24745.533333333336,17455.899999999998,8683.283333333333,23576.716666666664,16283.3,22950.033333333336,21475.450000000004,5746.416666666666,14574.983333333334,24744.649999999998,30567.733333333334,28901.6,40849.6,24409.15,0,0,0,0,0,0,0,0,0,0,0,0,C4-GUJ-01,,,Macro
239,GUJ9415,GUJ9415__S_Sec Y-People Cnly Warid_GJ4731,3,C4-GUJ-01,27,Stand by,,,,,,,91.75,,,,,,127.08333333333334,1125.6000000000001,464.7999999999999,518.3166666666666,396.6666666666667,364.41666666666663,310.88333333333327,220.79999999999998,278.08333333333337,,,,,,,,,,,,3898.4,,10,0.9548796296296297,33251.966666666674,31880.05,33714.849999999984,17702.666666666664,32363.333333333336,38795.566666666666,24745.533333333336,17455.899999999998,8683.283333333333,23576.716666666664,16283.3,22950.033333333336,21475.450000000004,5746.416666666666,14574.983333333334,24744.649999999998,30567.733333333334,28901.6,40849.6,24409.15,0,0,0,0,0,0,0,0,0,0,0,0,C4-GUJ-01,,,Macro
240,GUJ5468,GUJ5468__S_Waniawala,3,C4-GUJ-01,,Enfrashare,EC1-GUJ-01685,962.3333333333333,835.5,165.49999999999997,,,187.83333333333331,234,,,,,,,,,674.4166666666665,,,,,,,,,,,,,,,,3059.583333333333,,6,0.9645881558641974,33251.966666666674,31880.05,33714.849999999984,17702.666666666664,32363.333333333336,38795.566666666666,24745.533333333336,17455.899999999998,8683.283333333333,23576.716666666664,16283.3,22950.033333333336,21475.450000000004,5746.416666666666,14574.983333333334,24744.649999999998,30567.733333333334,28901.6,40849.6,24409.15,0,0,0,0,0,0,0,0,0,0,0,0,C4-GUJ-01,saddiq sadiq,,Macro
241,GUJ5614,GUJ5614_H_Shadman Town Gujranwala,3,C4-GUJ-01,,CM Pak,42436,,,,,,,,,,,,,,106.08333333333334,,,,,,,,,,,,,,,,,,106.08333333333334,,1,0.9987721836419753,33251.966666666674,31880.05,33714.849999999984,17702.666666666664,32363.333333333336,38795.566666666666,24745.533333333336,17455.899999999998,8683.283333333333,23576.716666666664,16283.3,22950.033333333336,21475.450000000004,5746.416666666666,14574.983333333334,24744.649999999998,30567.733333333334,28901.6,40849.6,24409.15,0,0,0,0,0,0,0,0,0,0,0,0,,,,Macro
242,GUJ9434,GUJ9434__S_Gulzar Colony Warid_MDGJ4162,3,C4-GUJ-01,9,Stand by,,303.4500000000001,827.6833333333332,1226.4,784.4666666666665,139.41666666666666,312.5833333333334,157.3,288.3333333333333,195.58333333333334,173.49999999999997,117.58333333333334,,78.5,196.5,471.0666666666667,1110.25,9.5,362.8833333333333,1739.4166666666663,,,,,,,,,,,,,8494.416666666666,,18,0.9016849922839506,33251.966666666674,31880.05,33714.849999999984,17702.666666666664,32363.333333333336,38795.566666666666,24745.533333333336,17455.899999999998,8683.283333333333,23576.716666666664,16283.3,22950.033333333336,21475.450000000004,5746.416666666666,14574.983333333334,24744.649999999998,30567.733333333334,28901.6,40849.6,24409.15,0,0,0,0,0,0,0,0,0,0,0,0,C4-GUJ-01,,,Macro
243,RUR4796,RUR4796__KMKFerozwala,4,C4-GUJ-01,20,Stand by,,272.3333333333333,,247.91666666666666,429.9999999999999,,,22.666666666666668,,108.7,,,88.66666666666669,,,,,,,,,,,,,,,,,,,,1170.2833333333333,,6,0.9898412905092593,33251.966666666674,31880.05,33714.849999999984,17702.666666666664,32363.333333333336,38795.566666666666,24745.533333333336,17455.899999999998,8683.283333333333,23576.716666666664,16283.3,22950.033333333336,21475.450000000004,5746.416666666666,14574.983333333334,24744.649999999998,30567.733333333334,28901.6,40849.6,24409.15,0,0,0,0,0,0,0,0,0,0,0,0,C4-GUJ-01,,,Macro
244,HWY6907,HWY6907__SuperRiceMillKamonki,3,C4-GUJ-01,20,Stand by,,,,34.75,,,,,,,,,,,,,,,,,,,,,,,,,,,,,34.75,,1,0.999597800925926,33251.966666666674,31880.05,33714.849999999984,17702.666666666664,32363.333333333336,38795.566666666666,24745.533333333336,17455.899999999998,8683.283333333333,23576.716666666664,16283.3,22950.033333333336,21475.450000000004,5746.416666666666,14574.983333333334,24744.649999999998,30567.733333333334,28901.6,40849.6,24409.15,0,0,0,0,0,0,0,0,0,0,0,0,C4-GUJ-01,,,Macro
245,KMK5618,KMK5618__S_PakTown_CMPak40683,3,C4-GUJ-01,,CM Pak,Zong | 40683,,53.41666666666666,45.33333333333333,135,,,105.41666666666667,156.75,,68.58333333333331,85.16666666666667,,567.15,,,160.33333333333331,,389.9,2885.6166666666663,537,,,,,,,,,,,,5189.666666666666,,12,0.939934413580247,33251.966666666674,31880.05,33714.849999999984,17702.666666666664,32363.333333333336,38795.566666666666,24745.533333333336,17455.899999999998,8683.283333333333,23576.716666666664,16283.3,22950.033333333336,21475.450000000004,5746.416666666666,14574.983333333334,24744.649999999998,30567.733333333334,28901.6,40849.6,24409.15,0,0,0,0,0,0,0,0,0,0,0,0,C4-GUJ-01,CMPAK,Zong | 40683,Macro
246,GUJ9427,GUJ9427__S_Chashma Chowk Warid_GJ4730,3,C4-GUJ-01,20,Stand by,,,,,,,309.91666666666674,,2.666666666666667,,,,,763.4,818.7666666666665,,,,,,130.5,,,,,,,,,,,,2025.25,,5,0.9765596064814815,33251.966666666674,31880.05,33714.849999999984,17702.666666666664,32363.333333333336,38795.566666666666,24745.533333333336,17455.899999999998,8683.283333333333,23576.716666666664,16283.3,22950.033333333336,21475.450000000004,5746.416666666666,14574.983333333334,24744.649999999998,30567.733333333334,28901.6,40849.6,24409.15,0,0,0,0,0,0,0,0,0,0,0,0,C4-GUJ-02,,,Macro
247,GUJ5658,GUJ5658_H_Aziz Colony Gujranwala Punjab Pakistan,3,C4-GUJ-01,,E.Co,e.coPK015631PU,,,,,,6.249999999999999,,,,25.75,,,,,,,,,,,,,,,,,,,,,,32,,2,0.9996296296296296,33251.966666666674,31880.05,33714.849999999984,17702.666666666664,32363.333333333336,38795.566666666666,24745.533333333336,17455.899999999998,8683.283333333333,23576.716666666664,16283.3,22950.033333333336,21475.450000000004,5746.416666666666,14574.983333333334,24744.649999999998,30567.733333333334,28901.6,40849.6,24409.15,0,0,0,0,0,0,0,0,0,0,0,0,,,,Macro
248,Guj3745,Guj3745__Mainmktsatellite,3,C4-GUJ-01,,GLO,,,,,152.50000000000003,,,,,,,201.25,,,,145.5,,,,,,,,,,,,,,,,,499.25,,3,0.9942216435185185,33251.966666666674,31880.05,33714.849999999984,17702.666666666664,32363.333333333336,38795.566666666666,24745.533333333336,17455.899999999998,8683.283333333333,23576.716666666664,16283.3,22950.033333333336,21475.450000000004,5746.416666666666,14574.983333333334,24744.649999999998,30567.733333333334,28901.6,40849.6,24409.15,0,0,0,0,0,0,0,0,0,0,0,0,C4-GUJ-01,,,Macro
249,GUJ3305,GUJ3305__Ferozwala,3,C4-GUJ-01,30,Stand by,,253.08333333333331,144.25000000000003,519.4833333333333,,,32.416666666666664,,,,,,,,,,,,,,,,,,,,,,,,,,949.2333333333333,,4,0.9890135030864198,33251.966666666674,31880.05,33714.849999999984,17702.666666666664,32363.333333333336,38795.566666666666,24745.533333333336,17455.899999999998,8683.283333333333,23576.716666666664,16283.3,22950.033333333336,21475.450000000004,5746.416666666666,14574.983333333334,24744.649999999998,30567.733333333334,28901.6,40849.6,24409.15,0,0,0,0,0,0,0,0,0,0,0,0,C4-GUJ-01,,,Macro
250,GUJ1538,GUJ1538__S_IndustrialEstateIIGUJ,4,C4-GUJ-01,20,Stand by,,,,,,105.74999999999999,789.3333333333334,385.74999999999983,,,,43.666666666666664,304.0000000000001,,,,,,,,,,,,,,,,,,,,1628.5,,5,0.9858637152777777,33251.966666666674,31880.05,33714.849999999984,17702.666666666664,32363.333333333336,38795.566666666666,24745.533333333336,17455.899999999998,8683.283333333333,23576.716666666664,16283.3,22950.033333333336,21475.450000000004,5746.416666666666,14574.983333333334,24744.649999999998,30567.733333333334,28901.6,40849.6,24409.15,0,0,0,0,0,0,0,0,0,0,0,0,C4-GUJ-01,,,Macro
251,GUJ9435,GUJ9435__S_khiali Warid_MDGJ4635,3,C4-GUJ-01,,CM Pak,6383,,,,,,,,,,,,,,184.48333333333335,,,,,,,,,,,,,,,,,,184.48333333333335,,1,0.9978647762345679,33251.966666666674,31880.05,33714.849999999984,17702.666666666664,32363.333333333336,38795.566666666666,24745.533333333336,17455.899999999998,8683.283333333333,23576.716666666664,16283.3,22950.033333333336,21475.450000000004,5746.416666666666,14574.983333333334,24744.649999999998,30567.733333333334,28901.6,40849.6,24409.15,0,0,0,0,0,0,0,0,0,0,0,0,C4-GUJ-01,CMPAK,6383,Macro
252,RUR3753,RUR3753__S_MRDGujShkRd,3,C4-GUJ-01,9,Stand by,,314.3333333333333,246.5,189.38333333333335,495.5833333333334,738.5833333333337,109,278.16666666666663,60.099999999999994,278.35,318.6333333333334,260.88333333333344,172.33333333333331,224.66666666666666,600.8333333333335,113.66666666666667,111.24999999999997,62.666666666666664,109.7166666666667,288.66666666666663,468.8666666666667,,,,,,,,,,,,5442.183333333335,,20,0.9370117669753086,33251.966666666674,31880.05,33714.849999999984,17702.666666666664,32363.333333333336,38795.566666666666,24745.533333333336,17455.899999999998,8683.283333333333,23576.716666666664,16283.3,22950.033333333336,21475.450000000004,5746.416666666666,14574.983333333334,24744.649999999998,30567.733333333334,28901.6,40849.6,24409.15,0,0,0,0,0,0,0,0,0,0,0,0,,,,Macro
253,GUJ4656,GUJ4656__BhukhariPlaza,3,C4-GUJ-01,9,Stand by,,39.33333333333333,117.16666666666667,167.16666666666669,39.083333333333336,38.666666666666664,67.41666666666667,39.083333333333336,30.999999999999993,135.5,39.25,39,39.333333333333336,67.75,38.75,71.75000000000001,180.75,79.91666666666666,66.83333333333333,97.08333333333333,61.49999999999999,,,,,,,,,,,,1456.3333333333333,,20,0.9831442901234568,33251.966666666674,31880.05,33714.849999999984,17702.666666666664,32363.333333333336,38795.566666666666,24745.533333333336,17455.899999999998,8683.283333333333,23576.716666666664,16283.3,22950.033333333336,21475.450000000004,5746.416666666666,14574.983333333334,24744.649999999998,30567.733333333334,28901.6,40849.6,24409.15,0,0,0,0,0,0,0,0,0,0,0,0,C4-GUJ-01,,,Macro
254,GUJ5873,GUJ5873__S_Kangniwala_CMPak42617,3,C4-GUJ-01,,CM Pak,CMPak42617,364.0833333333334,850.1666666666666,1390.25,429,1438.2333333333333,18.5,955.7166666666667,55.25,,1557.2333333333333,111.05000000000001,1604.5666666666666,,348.50000000000006,395.75,484.66666666666674,1995.1666666666667,144.83333333333334,1362.0500000000002,,,,,,,,,,,,,13505.016666666666,,17,0.843691936728395,33251.966666666674,31880.05,33714.849999999984,17702.666666666664,32363.333333333336,38795.566666666666,24745.533333333336,17455.899999999998,8683.283333333333,23576.716666666664,16283.3,22950.033333333336,21475.450000000004,5746.416666666666,14574.983333333334,24744.649999999998,30567.733333333334,28901.6,40849.6,24409.15,0,0,0,0,0,0,0,0,0,0,0,0,,,,Macro
255,KMK5929,KMK5929__S_Mohalla Karachi Warid_IK1568,3,C4-GUJ-01,30,Stand by,,,,,,87.24999999999999,,,,39.16666666666666,,,,,,,,,,,,,,,,,,,,,,,126.41666666666664,,2,0.9985368441358026,33251.966666666674,31880.05,33714.849999999984,17702.666666666664,32363.333333333336,38795.566666666666,24745.533333333336,17455.899999999998,8683.283333333333,23576.716666666664,16283.3,22950.033333333336,21475.450000000004,5746.416666666666,14574.983333333334,24744.649999999998,30567.733333333334,28901.6,40849.6,24409.15,0,0,0,0,0,0,0,0,0,0,0,0,C4-GUJ-01,,,Macro
256,TKW9893,TKW9893__Ballay_Wali,3,C4-GUJ-01,9,Stand by,,47.58333333333333,,148.8,106.29999999999998,,,,78,,,,,45.24999999999999,21.5,20.5,132.75,13.25,,16.333333333333336,313,,,,,,,,,,,,943.2666666666667,,11,0.989082561728395,33251.966666666674,31880.05,33714.849999999984,17702.666666666664,32363.333333333336,38795.566666666666,24745.533333333336,17455.899999999998,8683.283333333333,23576.716666666664,16283.3,22950.033333333336,21475.450000000004,5746.416666666666,14574.983333333334,24744.649999999998,30567.733333333334,28901.6,40849.6,24409.15,0,0,0,0,0,0,0,0,0,0,0,0,C4-GUJ-02,,,Macro
257,GUJ3306,GUJ3306__RailwayStation,3,C4-GUJ-01,9,Stand by,,,,,,,,,,,,,,124.5,,,,,99.5,,,,,,,,,,,,,,224,,2,0.9974074074074075,33251.966666666674,31880.05,33714.849999999984,17702.666666666664,32363.333333333336,38795.566666666666,24745.533333333336,17455.899999999998,8683.283333333333,23576.716666666664,16283.3,22950.033333333336,21475.450000000004,5746.416666666666,14574.983333333334,24744.649999999998,30567.733333333334,28901.6,40849.6,24409.15,0,0,0,0,0,0,0,0,0,0,0,0,C4-GUJ-02,,,Macro
258,KMK3244,KMK3244__Kassoki_Road,3,C4-GUJ-01,30,Stand by,,306.91666666666663,,,135.5,,,,,,,,,44.583333333333336,,,,,,,,,,,,,,,,,,,486.99999999999994,,3,0.994363425925926,33251.966666666674,31880.05,33714.849999999984,17702.666666666664,32363.333333333336,38795.566666666666,24745.533333333336,17455.899999999998,8683.283333333333,23576.716666666664,16283.3,22950.033333333336,21475.450000000004,5746.416666666666,14574.983333333334,24744.649999999998,30567.733333333334,28901.6,40849.6,24409.15,0,0,0,0,0,0,0,0,0,0,0,0,C4-GUJ-01,,,Macro
259,WND5005,WND5005__S_Wandoh Warid_MDIK4147,3,C4-GUJ-01,,CP Prime,,1863.6499999999996,1882.233333333333,2042.1833333333327,283.5833333333333,437.58333333333326,1192.1666666666665,,1066.8333333333333,994.6333333333333,,,59.000000000000014,,11.166666666666668,169.6666666666666,43.99999999999999,,1363.3333333333333,388.16666666666663,480.25,,,,,,,,,,,,12278.449999999997,,15,0.8578883101851852,33251.966666666674,31880.05,33714.849999999984,17702.666666666664,32363.333333333336,38795.566666666666,24745.533333333336,17455.899999999998,8683.283333333333,23576.716666666664,16283.3,22950.033333333336,21475.450000000004,5746.416666666666,14574.983333333334,24744.649999999998,30567.733333333334,28901.6,40849.6,24409.15,0,0,0,0,0,0,0,0,0,0,0,0,C4-GUJ-01,,,Macro
260,GUJ9809,GUJ9809__PeopleColonyS2,3,C4-GUJ-01,30,Stand by,,,,178.00000000000003,,,,,,,,,,,,,,,,,,,,,,,,,,,,,178.00000000000003,,1,0.9979398148148149,33251.966666666674,31880.05,33714.849999999984,17702.666666666664,32363.333333333336,38795.566666666666,24745.533333333336,17455.899999999998,8683.283333333333,23576.716666666664,16283.3,22950.033333333336,21475.450000000004,5746.416666666666,14574.983333333334,24744.649999999998,30567.733333333334,28901.6,40849.6,24409.15,0,0,0,0,0,0,0,0,0,0,0,0,C4-GUJ-01,,,Macro
261,RUR6392,RUR6392__S_Tamboli_TPLTI001,3,C4-GUJ-01,,Telenor,TPLTI001,,,455.4999999999999,,16,,,,,44.833333333333336,,,,,,,,,,,,,,,,,,,,,,516.3333333333333,,3,0.9940239197530865,33251.966666666674,31880.05,33714.849999999984,17702.666666666664,32363.333333333336,38795.566666666666,24745.533333333336,17455.899999999998,8683.283333333333,23576.716666666664,16283.3,22950.033333333336,21475.450000000004,5746.416666666666,14574.983333333334,24744.649999999998,30567.733333333334,28901.6,40849.6,24409.15,0,0,0,0,0,0,0,0,0,0,0,0,,,,Macro
262,GUJ3031,GUJ3031__MohwestTower,3,C4-GUJ-01,30,Stand by,,671.75,539.1166666666667,,,47.75000000000001,,91.5,61.08333333333333,,66,358.5,,,,,74.49999999999999,115.41666666666666,361.5,,,,,,,,,,,,,,2387.116666666667,,10,0.9723713348765431,33251.966666666674,31880.05,33714.849999999984,17702.666666666664,32363.333333333336,38795.566666666666,24745.533333333336,17455.899999999998,8683.283333333333,23576.716666666664,16283.3,22950.033333333336,21475.450000000004,5746.416666666666,14574.983333333334,24744.649999999998,30567.733333333334,28901.6,40849.6,24409.15,0,0,0,0,0,0,0,0,0,0,0,0,C4-GUJ-01,,,Macro
263,GUJ6949,GUJ6949__JhangiVillage,3,C4-GUJ-01,30,Stand by,,,,,,,,,,,,,,,,,,,,,,,,,,,,,,,,,0,,0,1,33251.966666666674,31880.05,33714.849999999984,17702.666666666664,32363.333333333336,38795.566666666666,24745.533333333336,17455.899999999998,8683.283333333333,23576.716666666664,16283.3,22950.033333333336,21475.450000000004,5746.416666666666,14574.983333333334,24744.649999999998,30567.733333333334,28901.6,40849.6,24409.15,0,0,0,0,0,0,0,0,0,0,0,0,C4-GUJ-01,,,Macro
264,RUR5945,RUR5945__S_Majo Chak Warid_305298,3,C4-GUJ-01,9,Stand by,,,,,,620.8333333333333,,,,,,,,647.4999999999999,,,,70.5,,,,,,,,,,,,,,,1338.833333333333,,3,0.9845042438271605,33251.966666666674,31880.05,33714.849999999984,17702.666666666664,32363.333333333336,38795.566666666666,24745.533333333336,17455.899999999998,8683.283333333333,23576.716666666664,16283.3,22950.033333333336,21475.450000000004,5746.416666666666,14574.983333333334,24744.649999999998,30567.733333333334,28901.6,40849.6,24409.15,0,0,0,0,0,0,0,0,0,0,0,0,,,,Macro
265,SDK5916,SDK5916__S_GTRDSadhokeWarid_ES4293,3,C4-GUJ-01,20,Stand by,,,,,,,584.1999999999998,,,,,,,,,,536.3333333333333,,,,,,,,,,,,,,,,1120.533333333333,,2,0.9870308641975309,33251.966666666674,31880.05,33714.849999999984,17702.666666666664,32363.333333333336,38795.566666666666,24745.533333333336,17455.899999999998,8683.283333333333,23576.716666666664,16283.3,22950.033333333336,21475.450000000004,5746.416666666666,14574.983333333334,24744.649999999998,30567.733333333334,28901.6,40849.6,24409.15,0,0,0,0,0,0,0,0,0,0,0,0,,,,Macro
266,RUR0995,RUR0995__Gunhor,3,C4-GUJ-01,,UFONE,3732,,,,,,,,,,,,,,,,,,,,,,,,,,,,,,,,0,,0,1,33251.966666666674,31880.05,33714.849999999984,17702.666666666664,32363.333333333336,38795.566666666666,24745.533333333336,17455.899999999998,8683.283333333333,23576.716666666664,16283.3,22950.033333333336,21475.450000000004,5746.416666666666,14574.983333333334,24744.649999999998,30567.733333333334,28901.6,40849.6,24409.15,0,0,0,0,0,0,0,0,0,0,0,0,C4-GUJ-01,UFone,3732,Macro
267,GUJ9878,GUJ9878__OppSocialHosp_Gj,3,C4-GUJ-01,,GLO,,19.5,,,860.5,,893.4166666666667,,,42.5,,850.4666666666668,20.25,783.0833333333333,,,494.3833333333333,39.99999999999999,860.75,,1195.3333333333333,,,,,,,,,,,,6060.183333333333,,11,0.9298589891975308,33251.966666666674,31880.05,33714.849999999984,17702.666666666664,32363.333333333336,38795.566666666666,24745.533333333336,17455.899999999998,8683.283333333333,23576.716666666664,16283.3,22950.033333333336,21475.450000000004,5746.416666666666,14574.983333333334,24744.649999999998,30567.733333333334,28901.6,40849.6,24409.15,0,0,0,0,0,0,0,0,0,0,0,0,C4-GUJ-01,,,Macro
268,KMK5930,KMK5930__S_DaulatPura Warid_IK1569,3,C4-GUJ-01,20,Stand by,,55.24999999999999,36,18.416666666666668,50.91666666666667,49.71666666666666,38.66666666666667,51.666666666666664,25.75,26.166666666666664,48.58333333333333,55.416666666666664,25.833333333333336,25.833333333333336,25.333333333333332,27.083333333333336,25.91666666666667,25.666666666666664,75.49999999999999,78.08333333333334,220.33333333333337,,,,,,,,,,,,986.1333333333334,,20,0.9885864197530865,33251.966666666674,31880.05,33714.849999999984,17702.666666666664,32363.333333333336,38795.566666666666,24745.533333333336,17455.899999999998,8683.283333333333,23576.716666666664,16283.3,22950.033333333336,21475.450000000004,5746.416666666666,14574.983333333334,24744.649999999998,30567.733333333334,28901.6,40849.6,24409.15,0,0,0,0,0,0,0,0,0,0,0,0,C4-GUJ-01,,,Macro
269,Guj3348,Guj3348__Arafatcolony,3,C4-GUJ-01,30,Stand by,,,141.83333333333334,,,,33.99999999999999,,36,,,,226.5,,,,,,,,,,,,,,,,,,,,438.33333333333337,,4,0.9949266975308642,33251.966666666674,31880.05,33714.849999999984,17702.666666666664,32363.333333333336,38795.566666666666,24745.533333333336,17455.899999999998,8683.283333333333,23576.716666666664,16283.3,22950.033333333336,21475.450000000004,5746.416666666666,14574.983333333334,24744.649999999998,30567.733333333334,28901.6,40849.6,24409.15,0,0,0,0,0,0,0,0,0,0,0,0,C4-GUJ-01,,,Macro
270,GUJ9420,GUJ9420__S_Moh Pondawala Warid_GJ4729,3,C4-GUJ-01,,CM Pak,7242,120.49999999999997,1184.5833333333335,620.7833333333334,348.0833333333333,,1740.8333333333335,55.833333333333336,458.25,,,,,,,,,,,190.7166666666666,,,,,,,,,,,,,4719.583333333333,,8,0.9453751929012345,33251.966666666674,31880.05,33714.849999999984,17702.666666666664,32363.333333333336,38795.566666666666,24745.533333333336,17455.899999999998,8683.283333333333,23576.716666666664,16283.3,22950.033333333336,21475.450000000004,5746.416666666666,14574.983333333334,24744.649999999998,30567.733333333334,28901.6,40849.6,24409.15,0,0,0,0,0,0,0,0,0,0,0,0,C4-GUJ-01,CMPAK,7242,Macro
271,RUR4666,RUR4666__GUJButtranwali,3,C4-GUJ-01,30,Stand by,,,,,,,,247.75,,,,,,,,,,,,,,,,,,,,,,,,,247.75,,1,0.997132523148148,33251.966666666674,31880.05,33714.849999999984,17702.666666666664,32363.333333333336,38795.566666666666,24745.533333333336,17455.899999999998,8683.283333333333,23576.716666666664,16283.3,22950.033333333336,21475.450000000004,5746.416666666666,14574.983333333334,24744.649999999998,30567.733333333334,28901.6,40849.6,24409.15,0,0,0,0,0,0,0,0,0,0,0,0,C4-GUJ-01,,,Macro
272,GUJ9949,GUJ9949__Urdu_Bazar,3,C4-GUJ-01,9,Stand by,,,,,,,330.9166666666667,,,,,,,145.00000000000003,38.25,,,,587.05,539.3166666666667,138,,,,,,,,,,,,1778.5333333333333,,6,0.9794151234567902,33251.966666666674,31880.05,33714.849999999984,17702.666666666664,32363.333333333336,38795.566666666666,24745.533333333336,17455.899999999998,8683.283333333333,23576.716666666664,16283.3,22950.033333333336,21475.450000000004,5746.416666666666,14574.983333333334,24744.649999999998,30567.733333333334,28901.6,40849.6,24409.15,0,0,0,0,0,0,0,0,0,0,0,0,C4-GUJ-02,,,Macro
273,HWY9429,HWY9429__S_Emanabad Warid_MDGJ1825,3,C4-GUJ-01,20,Stand by,,,11.75,23,12,220.25,951,512.4166666666665,6.916666666666666,201.08333333333331,308.3333333333333,,360.16666666666663,,,,11.75,360.5,23.75,377.1500000000001,11.583333333333334,,,,,,,,,,,,3391.65,,15,0.9607447916666666,33251.966666666674,31880.05,33714.849999999984,17702.666666666664,32363.333333333336,38795.566666666666,24745.533333333336,17455.899999999998,8683.283333333333,23576.716666666664,16283.3,22950.033333333336,21475.450000000004,5746.416666666666,14574.983333333334,24744.649999999998,30567.733333333334,28901.6,40849.6,24409.15,0,0,0,0,0,0,0,0,0,0,0,0,C4-GUJ-01,,,Macro
274,GUJ3803,GUJ3803__Usman_Colony,3,C4-GUJ-01,,GLO,,60.249999999999986,152.00000000000006,216.99999999999997,,,,294.25,,,,,,,,,,23,1195.1333333333334,153.33333333333334,,,,,,,,,,,,,2094.9666666666667,,7,0.9757527006172839,33251.966666666674,31880.05,33714.849999999984,17702.666666666664,32363.333333333336,38795.566666666666,24745.533333333336,17455.899999999998,8683.283333333333,23576.716666666664,16283.3,22950.033333333336,21475.450000000004,5746.416666666666,14574.983333333334,24744.649999999998,30567.733333333334,28901.6,40849.6,24409.15,0,0,0,0,0,0,0,0,0,0,0,0,C4-GUJ-01,,,Macro
275,RUR4668,RUR4668__GUJMandialaTega,3,C4-GUJ-01,,GLO,,,,,164.25,,,,,91.99999999999999,,841.7499999999999,1469.65,2079.9833333333336,,,,,,,,,,,,,,,,,,,4647.633333333333,,5,0.9462079475308641,33251.966666666674,31880.05,33714.849999999984,17702.666666666664,32363.333333333336,38795.566666666666,24745.533333333336,17455.899999999998,8683.283333333333,23576.716666666664,16283.3,22950.033333333336,21475.450000000004,5746.416666666666,14574.983333333334,24744.649999999998,30567.733333333334,28901.6,40849.6,24409.15,0,0,0,0,0,0,0,0,0,0,0,0,C4-GUJ-01,,,Macro
276,GUJ3744,GUJ3744__Wblkpeoplesclny,3,C4-GUJ-01,30,Stand by,,,,536.5000000000001,,,,,,,,,,,,,,,,,,,,,,,,,,,,,536.5000000000001,,1,0.9937905092592593,33251.966666666674,31880.05,33714.849999999984,17702.666666666664,32363.333333333336,38795.566666666666,24745.533333333336,17455.899999999998,8683.283333333333,23576.716666666664,16283.3,22950.033333333336,21475.450000000004,5746.416666666666,14574.983333333334,24744.649999999998,30567.733333333334,28901.6,40849.6,24409.15,0,0,0,0,0,0,0,0,0,0,0,0,C4-GUJ-01,,,Macro
277,RUR5915,RUR5915__S_GhomaPind-SDKWarid_ES1538,3,C4-GUJ-01,20,Stand by,,,,94.83333333333333,,,,,881.0833333333335,,,,,,,,,,,,,,,,,,,,,,,,975.9166666666669,,2,0.9887046682098766,33251.966666666674,31880.05,33714.849999999984,17702.666666666664,32363.333333333336,38795.566666666666,24745.533333333336,17455.899999999998,8683.283333333333,23576.716666666664,16283.3,22950.033333333336,21475.450000000004,5746.416666666666,14574.983333333334,24744.649999999998,30567.733333333334,28901.6,40849.6,24409.15,0,0,0,0,0,0,0,0,0,0,0,0,,,,Macro
278,GUJ3350,GUJ3350__ShahzadTown,4,C4-GUJ-01,27,Stand by,,,,,,31.83333333333333,,,,,,,28.666666666666668,40.58333333333335,,,25.833333333333336,196.66666666666663,294.6666666666666,235.75000000000003,18.5,,,,,,,,,,,,872.4999999999999,,8,0.9924262152777777,33251.966666666674,31880.05,33714.849999999984,17702.666666666664,32363.333333333336,38795.566666666666,24745.533333333336,17455.899999999998,8683.283333333333,23576.716666666664,16283.3,22950.033333333336,21475.450000000004,5746.416666666666,14574.983333333334,24744.649999999998,30567.733333333334,28901.6,40849.6,24409.15,0,0,0,0,0,0,0,0,0,0,0,0,C4-GUJ-01,,,Macro
279,GUJ9448,GUJ9448__S_Siddiq Colony Warid_MDGJ4646,3,C4-GUJ-01,30,Stand by,,,,,,,,,,,74.08333333333334,574.3166666666666,,,,,,27.166666666666668,,,6.416666666666667,,,,,,,,,,,,681.9833333333332,,4,0.992106674382716,33251.966666666674,31880.05,33714.849999999984,17702.666666666664,32363.333333333336,38795.566666666666,24745.533333333336,17455.899999999998,8683.283333333333,23576.716666666664,16283.3,22950.033333333336,21475.450000000004,5746.416666666666,14574.983333333334,24744.649999999998,30567.733333333334,28901.6,40849.6,24409.15,0,0,0,0,0,0,0,0,0,0,0,0,C4-GUJ-01,,,Macro
280,GUJ4662,GUJ4662__KhyaliBypass,3,C4-GUJ-01,31,Stand by,,,,425.5833333333333,20.166666666666668,25.999999999999996,,166.58333333333334,,,345.50000000000006,32.75,,,,,,,,,,,,,,,,,,,,,1016.5833333333335,,6,0.9882339891975309,33251.966666666674,31880.05,33714.849999999984,17702.666666666664,32363.333333333336,38795.566666666666,24745.533333333336,17455.899999999998,8683.283333333333,23576.716666666664,16283.3,22950.033333333336,21475.450000000004,5746.416666666666,14574.983333333334,24744.649999999998,30567.733333333334,28901.6,40849.6,24409.15,0,0,0,0,0,0,0,0,0,0,0,0,C4-GUJ-01,,,Macro
281,GUJ1644,GUJ1644__SarfarazColony_WP,3,C4-GUJ-01,,CP Prime,,,,,,389.91666666666663,,,,,,,,,,,,599.2166666666666,68.49999999999999,,115.66666666666666,,,,,,,,,,,,1173.3,,4,0.9864201388888888,33251.966666666674,31880.05,33714.849999999984,17702.666666666664,32363.333333333336,38795.566666666666,24745.533333333336,17455.899999999998,8683.283333333333,23576.716666666664,16283.3,22950.033333333336,21475.450000000004,5746.416666666666,14574.983333333334,24744.649999999998,30567.733333333334,28901.6,40849.6,24409.15,0,0,0,0,0,0,0,0,0,0,0,0,C4-GUJ-01,,,Macro
282,GUJ3064,GUJ3064__MadinaColony,3,C4-GUJ-01,20,Stand by,,145.25,224.41666666666669,136.33333333333331,40.25,528.0833333333331,205.3333333333333,,44.75,,59.29999999999999,,194.0833333333333,640.8833333333331,620.5666666666666,178.74999999999997,64.66666666666666,66.41666666666667,76.75,224.48333333333335,26.25,,,,,,,,,,,,3476.5666666666657,,17,0.9597619598765432,33251.966666666674,31880.05,33714.849999999984,17702.666666666664,32363.333333333336,38795.566666666666,24745.533333333336,17455.899999999998,8683.283333333333,23576.716666666664,16283.3,22950.033333333336,21475.450000000004,5746.416666666666,14574.983333333334,24744.649999999998,30567.733333333334,28901.6,40849.6,24409.15,0,0,0,0,0,0,0,0,0,0,0,0,C4-GUJ-01,,,Macro
283,GUJ9406,GUJ9406__S_MujahidPura Warid_GJ4230,3,C4-GUJ-01,30,Stand by,,,6.75,,,57.750000000000014,,132.41666666666666,,,14.75,,,,,,16.5,,,,,,,,,,,,,,,,228.16666666666669,,5,0.9973591820987654,33251.966666666674,31880.05,33714.849999999984,17702.666666666664,32363.333333333336,38795.566666666666,24745.533333333336,17455.899999999998,8683.283333333333,23576.716666666664,16283.3,22950.033333333336,21475.450000000004,5746.416666666666,14574.983333333334,24744.649999999998,30567.733333333334,28901.6,40849.6,24409.15,0,0,0,0,0,0,0,0,0,0,0,0,C4-GUJ-01,,,Macro
284,TMK9457,TMK9457__S_Tarwandi Musa Khan Warid_MDGJ4142,3,C4-GUJ-01,20,Stand by,,308.9,519.9999999999999,,,,26.5,,,,,,,,,,,,,,,,,,,,,,,,,,855.3999999999999,,3,0.990099537037037,33251.966666666674,31880.05,33714.849999999984,17702.666666666664,32363.333333333336,38795.566666666666,24745.533333333336,17455.899999999998,8683.283333333333,23576.716666666664,16283.3,22950.033333333336,21475.450000000004,5746.416666666666,14574.983333333334,24744.649999999998,30567.733333333334,28901.6,40849.6,24409.15,0,0,0,0,0,0,0,0,0,0,0,0,C4-GUJ-01,,,Macro
285,GUJ3741,GUJ3741__SuperAsiaFactory,3,C4-GUJ-01,30,Stand by,,,287.16666666666663,396,,458.1333333333334,,1210.016666666667,,,1061.4166666666672,484.6666666666667,430.83333333333337,278.4166666666667,,6.25,226.25000000000003,1567.9833333333333,286.83333333333337,227.25,147.33333333333334,,,,,,,,,,,,7068.550000000001,,14,0.9181880787037037,33251.966666666674,31880.05,33714.849999999984,17702.666666666664,32363.333333333336,38795.566666666666,24745.533333333336,17455.899999999998,8683.283333333333,23576.716666666664,16283.3,22950.033333333336,21475.450000000004,5746.416666666666,14574.983333333334,24744.649999999998,30567.733333333334,28901.6,40849.6,24409.15,0,0,0,0,0,0,0,0,0,0,0,0,C4-GUJ-01,,,Macro
286,KMK6923,KMK6923__SadruddinKamonki,3,C4-GUJ-01,30,Stand by,,,,,,23,,,,39.24999999999999,,,,,,,,,,,,,,,,,,,,,,,62.24999999999999,,2,0.9992795138888888,33251.966666666674,31880.05,33714.849999999984,17702.666666666664,32363.333333333336,38795.566666666666,24745.533333333336,17455.899999999998,8683.283333333333,23576.716666666664,16283.3,22950.033333333336,21475.450000000004,5746.416666666666,14574.983333333334,24744.649999999998,30567.733333333334,28901.6,40849.6,24409.15,0,0,0,0,0,0,0,0,0,0,0,0,C4-GUJ-01,,,Macro
287,KMK6922,KMK6922__tankiwala,4,C4-GUJ-01,27,Stand by,,,,,180,,,,,,,,,60.666666666666664,,,,,,,,,,,,,,,,,,,240.66666666666666,,2,0.9979108796296297,33251.966666666674,31880.05,33714.849999999984,17702.666666666664,32363.333333333336,38795.566666666666,24745.533333333336,17455.899999999998,8683.283333333333,23576.716666666664,16283.3,22950.033333333336,21475.450000000004,5746.416666666666,14574.983333333334,24744.649999999998,30567.733333333334,28901.6,40849.6,24409.15,0,0,0,0,0,0,0,0,0,0,0,0,C4-GUJ-01,,,Macro
288,GUJ6948,GUJ6948__Jandialabagh,3,C4-GUJ-01,20,Stand by,,,8,,,,8.5,,,,,,,,,,1024.1,3659.4833333333327,330.84999999999997,2223.816666666667,2172.7333333333336,,,,,,,,,,,,9427.483333333334,,7,0.8908856095679012,33251.966666666674,31880.05,33714.849999999984,17702.666666666664,32363.333333333336,38795.566666666666,24745.533333333336,17455.899999999998,8683.283333333333,23576.716666666664,16283.3,22950.033333333336,21475.450000000004,5746.416666666666,14574.983333333334,24744.649999999998,30567.733333333334,28901.6,40849.6,24409.15,0,0,0,0,0,0,0,0,0,0,0,0,C4-GUJ-01,,,Macro
289,GUJ0728,GUJ0728__Jagna,3,C4-GUJ-01,30,Stand by,,60.249999999999986,143.75000000000003,217.58333333333334,,,196,293.83333333333337,,,,,,,,,,23,1195.083333333333,153,,,,,,,,,,,,,2282.5,,8,0.973582175925926,33251.966666666674,31880.05,33714.849999999984,17702.666666666664,32363.333333333336,38795.566666666666,24745.533333333336,17455.899999999998,8683.283333333333,23576.716666666664,16283.3,22950.033333333336,21475.450000000004,5746.416666666666,14574.983333333334,24744.649999999998,30567.733333333334,28901.6,40849.6,24409.15,0,0,0,0,0,0,0,0,0,0,0,0,C4-GUJ-01,,,Macro
290,SDK8856,SDK8856__H_Raja,3,C4-GUJ-01,30,Stand by,,2879.966666666666,25.750000000000004,,,,,,,,39.08333333333332,,,351.5000000000001,,,,,,,,,,,,,,,,,,,3296.2999999999993,,4,0.9618483796296295,33251.966666666674,31880.05,33714.849999999984,17702.666666666664,32363.333333333336,38795.566666666666,24745.533333333336,17455.899999999998,8683.283333333333,23576.716666666664,16283.3,22950.033333333336,21475.450000000004,5746.416666666666,14574.983333333334,24744.649999999998,30567.733333333334,28901.6,40849.6,24409.15,0,0,0,0,0,0,0,0,0,0,0,0,,,,Macro
291,KMK9727,KMK9727,3,C4-GUJ-01,,CP Prime,,,,,,,,128,,,792.166666666667,,,,,,563.7500000000001,,,,,,,,,,,,,,,,1483.916666666667,,3,0.982825038580247,33251.966666666674,31880.05,0,7329.083333333333,0,0,0,0,0,0,0,0,0,0,0,0,0,0,0,0,0,0,0,0,0,0,0,0,0,0,0,0,,,,
292,GUJ0279,GUJ0279__SatelliteTownGujw,3,C4-GUJ-01,9,Stand by,,,,294.8333333333333,189.25000000000003,,23.5,,,,,304.33333333333337,26.250000000000004,,,,,,,,,,,,,,,,,,,,838.1666666666667,,5,0.9902989969135803,33251.966666666674,31880.05,33714.849999999984,17702.666666666664,32363.333333333336,38795.566666666666,24745.533333333336,17455.899999999998,8683.283333333333,23576.716666666664,16283.3,22950.033333333336,21475.450000000004,5746.416666666666,14574.983333333334,24744.649999999998,30567.733333333334,28901.6,40849.6,24409.15,0,0,0,0,0,0,0,0,0,0,0,0,C4-GUJ-01,,,Macro
293,AMN5917,AMN5917__S_AimanabadWarid_GJ1960,3,C4-GUJ-01,9,Stand by,,,,,,760.4000000000001,1239.7499999999995,6.416666666666666,1119.333333333333,1439.983333333333,9.75,,1346.8999999999999,1439.983333333333,,690.5333333333334,,,,544.8,,,,,,,,,,,,,8597.849999999999,,10,0.9004878472222222,33251.966666666674,31880.05,33714.849999999984,17702.666666666664,32363.333333333336,38795.566666666666,24745.533333333336,17455.899999999998,8683.283333333333,23576.716666666664,16283.3,22950.033333333336,21475.450000000004,5746.416666666666,14574.983333333334,24744.649999999998,30567.733333333334,28901.6,40849.6,24409.15,0,0,0,0,0,0,0,0,0,0,0,0,C4-GUJ-01,,,Macro
294,GUJ3346,GUJ3346__KachaFatomand,3,C4-GUJ-01,30,Stand by,,20.25,,,20.25,,20.083333333333336,,,42.5,,194.49999999999997,19.75,20.25,,,40.75,40.16666666666667,161.75,,20.25,,,,,,,,,,,,600.5,,11,0.9930497685185184,33251.966666666674,31880.05,33714.849999999984,17702.666666666664,32363.333333333336,38795.566666666666,24745.533333333336,17455.899999999998,8683.283333333333,23576.716666666664,16283.3,22950.033333333336,21475.450000000004,5746.416666666666,14574.983333333334,24744.649999999998,30567.733333333334,28901.6,40849.6,24409.15,0,0,0,0,0,0,0,0,0,0,0,0,C4-GUJ-02,,,Macro
295,GUJ3885,GUJ3885__ArfatColony,3,C4-GUJ-01,30,Stand by,,,142.75000000000003,,,,,,,,,,27,,,,,,,,,,,,,,,,,,,,169.75000000000003,,2,0.998035300925926,33251.966666666674,31880.05,33714.849999999984,17702.666666666664,32363.333333333336,38795.566666666666,24745.533333333336,17455.899999999998,8683.283333333333,23576.716666666664,16283.3,22950.033333333336,21475.450000000004,5746.416666666666,14574.983333333334,24744.649999999998,30567.733333333334,28901.6,40849.6,24409.15,0,0,0,0,0,0,0,0,0,0,0,0,C4-GUJ-01,,,Macro
296,GUJ3875,GUJ3875__SialkotBypass,3,C4-GUJ-01,30,Stand by,,93.50000000000001,316.83333333333337,412.1333333333333,,113.1666666666667,52.5,399.2499999999999,,,,286.96666666666664,656.4500000000002,,,,,66.75,1439.3833333333334,763.9166666666667,72.50000000000001,,,,,,,,,,,,4673.35,,12,0.9459103009259259,33251.966666666674,31880.05,33714.849999999984,17702.666666666664,32363.333333333336,38795.566666666666,24745.533333333336,17455.899999999998,8683.283333333333,23576.716666666664,16283.3,22950.033333333336,21475.450000000004,5746.416666666666,14574.983333333334,24744.649999999998,30567.733333333334,28901.6,40849.6,24409.15,0,0,0,0,0,0,0,0,0,0,0,0,C4-GUJ-01,,,Macro
297,GUJ0785,GUJ0785__BhuttaMktGujw,3,C4-GUJ-01,30,Stand by,,,,,143.08333333333331,11.75,,,343.4166666666667,,,281.1666666666667,,,,254.16666666666669,,,,,,,,,,,,,,,,,1033.5833333333335,,5,0.9880372299382717,33251.966666666674,31880.05,33714.849999999984,17702.666666666664,32363.333333333336,38795.566666666666,24745.533333333336,17455.899999999998,8683.283333333333,23576.716666666664,16283.3,22950.033333333336,21475.450000000004,5746.416666666666,14574.983333333334,24744.649999999998,30567.733333333334,28901.6,40849.6,24409.15,0,0,0,0,0,0,0,0,0,0,0,0,C4-GUJ-01,,,Macro
298,HWY3362,HWY3362__GUJMoreAimnabad,3,C4-GUJ-01,27,Stand by,,244.16666666666663,827.6499999999999,38.666666666666664,253.66666666666669,190.91666666666669,209.75,167.66666666666666,349.5666666666667,,,411.1666666666667,,,,,,,,,,,,,,,,,,,,,2693.2166666666667,,9,0.9688285108024691,33251.966666666674,31880.05,33714.849999999984,17702.666666666664,32363.333333333336,38795.566666666666,24745.533333333336,17455.899999999998,8683.283333333333,23576.716666666664,16283.3,22950.033333333336,21475.450000000004,5746.416666666666,14574.983333333334,24744.649999999998,30567.733333333334,28901.6,40849.6,24409.15,0,0,0,0,0,0,0,0,0,0,0,0,C4-GUJ-01,,,Macro
299,GUJ3339,GUJ3339__AmnaHospitalGuj,3,C4-GUJ-01,30,Stand by,,19.75,,,20.333333333333332,,20.5,,,43.75,,20.25,19.833333333333332,210.33333333333331,,,41.5,40.25000000000001,172.49999999999997,47.75000000000001,414.0000000000001,,,,,,,,,,,,1070.75,,12,0.9876070601851852,33251.966666666674,31880.05,33714.849999999984,17702.666666666664,32363.333333333336,38795.566666666666,24745.533333333336,17455.899999999998,8683.283333333333,23576.716666666664,16283.3,22950.033333333336,21475.450000000004,5746.416666666666,14574.983333333334,24744.649999999998,30567.733333333334,28901.6,40849.6,24409.15,0,0,0,0,0,0,0,0,0,0,0,0,C4-GUJ-01,,,Macro
300,GUJ4143,GUJ4143__Khokharki,3,C4-GUJ-01,27,Stand by,,,,,,,72.50000000000001,,,,,,,,,,,,,,,,,,,,,,,,,,72.50000000000001,,1,0.9991608796296296,33251.966666666674,31880.05,33714.849999999984,17702.666666666664,32363.333333333336,38795.566666666666,24745.533333333336,17455.899999999998,8683.283333333333,23576.716666666664,16283.3,22950.033333333336,21475.450000000004,5746.416666666666,14574.983333333334,24744.649999999998,30567.733333333334,28901.6,40849.6,24409.15,0,0,0,0,0,0,0,0,0,0,0,0,C4-GUJ-01,,,Macro
301,GUJ9995,GUJ9995__Bank_Colony,3,C4-GUJ-01,9,Stand by,,101.33333333333333,172.8333333333333,,218.9166666666667,64.83333333333333,143.50000000000003,94.08333333333331,,93.83333333333334,46.5,598.4666666666667,136.99999999999997,427.8333333333334,28.33333333333333,92.55000000000001,261.3333333333333,241.00000000000006,318.33333333333337,80.83333333333334,175.83333333333331,,,,,,,,,,,,3297.3500000000013,,18,0.9618362268518519,33251.966666666674,31880.05,33714.849999999984,17702.666666666664,32363.333333333336,38795.566666666666,24745.533333333336,17455.899999999998,8683.283333333333,23576.716666666664,16283.3,22950.033333333336,21475.450000000004,5746.416666666666,14574.983333333334,24744.649999999998,30567.733333333334,28901.6,40849.6,24409.15,0,0,0,0,0,0,0,0,0,0,0,0,C4-GUJ-01,,,Macro
302,GUJ3065,GUJ3065__MuhammadiTown,3,C4-GUJ-01,20,Stand by,,,,,,389.90000000000015,,,,,,,,,27.583333333333332,,75.24999999999999,2048.0499999999997,1538.7833333333333,381.83333333333337,484.1166666666666,,,,,,,,,,,,4945.516666666666,,7,0.9427602237654321,33251.966666666674,31880.05,33714.849999999984,17702.666666666664,32363.333333333336,38795.566666666666,24745.533333333336,17455.899999999998,8683.283333333333,23576.716666666664,16283.3,22950.033333333336,21475.450000000004,5746.416666666666,14574.983333333334,24744.649999999998,30567.733333333334,28901.6,40849.6,24409.15,0,0,0,0,0,0,0,0,0,0,0,0,C4-GUJ-01,,,Macro
303,GUJ5522,GUJ5522_H_Near Aroop Mor Gujranwala,3,C4-GUJ-01,,Enfrashare,EC1-GUJ-05009,756.9999999999999,,186,,94.74999999999999,390.0500000000001,462.8000000000001,,,,,,,,169.35000000000002,1179.8500000000004,240.2333333333333,492.8999999999998,314.5666666666665,52.08333333333333,,,,,,,,,,,,4339.583333333333,,11,0.9497733410493828,33251.966666666674,31880.05,33714.849999999984,17702.666666666664,32363.333333333336,38795.566666666666,24745.533333333336,17455.899999999998,8683.283333333333,23576.716666666664,16283.3,22950.033333333336,21475.450000000004,5746.416666666666,14574.983333333334,24744.649999999998,30567.733333333334,28901.6,40849.6,24409.15,0,0,0,0,0,0,0,0,0,0,0,0,,,,Macro
304,GUJ3945,GUJ3945__SethiPlaza,3,C4-GUJ-01,9,Stand by,,1266.6499999999996,3464.6000000000013,591.8000000000002,,335.4999999999999,193.25,,,,,,,,,,,,,,,,,,,,,,,,,,5851.800000000001,,5,0.9322708333333333,33251.966666666674,31880.05,33714.849999999984,17702.666666666664,32363.333333333336,38795.566666666666,24745.533333333336,17455.899999999998,8683.283333333333,23576.716666666664,16283.3,22950.033333333336,21475.450000000004,5746.416666666666,14574.983333333334,24744.649999999998,30567.733333333334,28901.6,40849.6,24409.15,0,0,0,0,0,0,0,0,0,0,0,0,C4-GUJ-01,,,Macro
305,AMN3902,AMN3902__GUJAimnabadCity,3,C4-GUJ-01,30,Stand by,,,,,,,146.41666666666669,,,,,,,,,,,,,,,,,,,,,,,,,,146.41666666666669,,1,0.998305362654321,33251.966666666674,31880.05,33714.849999999984,17702.666666666664,32363.333333333336,38795.566666666666,24745.533333333336,17455.899999999998,8683.283333333333,23576.716666666664,16283.3,22950.033333333336,21475.450000000004,5746.416666666666,14574.983333333334,24744.649999999998,30567.733333333334,28901.6,40849.6,24409.15,0,0,0,0,0,0,0,0,0,0,0,0,C4-GUJ-01,,,Macro
306,GUJ5712,GUJ35712__S_KohloWala,3,C4-GUJ-01,,Enfrashare,EC1-GUJ-02524,,,830.0833333333334,,,461.0000000000001,,,,48.500000000000014,,,,,,,1020,,,,,,,,,,,,,,,2359.5833333333335,,4,0.9726900077160494,33251.966666666674,31880.05,33714.849999999984,17702.666666666664,32363.333333333336,38795.566666666666,24745.533333333336,17455.899999999998,8683.283333333333,23576.716666666664,16283.3,22950.033333333336,21475.450000000004,5746.416666666666,14574.983333333334,24744.649999999998,30567.733333333334,28901.6,40849.6,24409.15,0,0,0,0,0,0,0,0,0,0,0,0,,,,Macro
307,GUJ9464,GUJ9464__S_Chicherwali Warid_MDGJ4218,3,C4-GUJ-01,30,Stand by,,,,,,417.0666666666668,,,,,,,,,,,,,1150.6333333333337,1433.8333333333333,141.26666666666665,,,,,,,,,,,,3142.8,,4,0.963625,33251.966666666674,31880.05,33714.849999999984,17702.666666666664,32363.333333333336,38795.566666666666,24745.533333333336,17455.899999999998,8683.283333333333,23576.716666666664,16283.3,22950.033333333336,21475.450000000004,5746.416666666666,14574.983333333334,24744.649999999998,30567.733333333334,28901.6,40849.6,24409.15,0,0,0,0,0,0,0,0,0,0,0,0,C4-GUJ-01,,,Macro
308,KMK5925,KMK5925__S_Mandiala RD-KMK Warid_IK1566,3,C4-GUJ-01,30,Stand by,,,,,,,,,,,,,,28.83333333333333,,,,,,,,,,,,,,,,,,,28.83333333333333,,1,0.9996662808641975,33251.966666666674,31880.05,33714.849999999984,17702.666666666664,32363.333333333336,38795.566666666666,24745.533333333336,17455.899999999998,8683.283333333333,23576.716666666664,16283.3,22950.033333333336,21475.450000000004,5746.416666666666,14574.983333333334,24744.649999999998,30567.733333333334,28901.6,40849.6,24409.15,0,0,0,0,0,0,0,0,0,0,0,0,C4-GUJ-01,,,Macro
309,GUJ0727,GUJ0727__MuhammadiTown,3,C4-GUJ-01,27,Stand by,,,41.75000000000001,,,389.5500000000001,,452.0000000000001,,,227.15,,256.08333333333337,,,,53.41666666666666,428,68.16666666666667,204.41666666666669,,,,,,,,,,,,,2120.5333333333338,,9,0.9754567901234568,33251.966666666674,31880.05,33714.849999999984,17702.666666666664,32363.333333333336,38795.566666666666,24745.533333333336,17455.899999999998,8683.283333333333,23576.716666666664,16283.3,22950.033333333336,21475.450000000004,5746.416666666666,14574.983333333334,24744.649999999998,30567.733333333334,28901.6,40849.6,24409.15,0,0,0,0,0,0,0,0,0,0,0,0,C4-GUJ-01,,,Macro
310,GUJ6120,GUJ6120__S_OldTown,3,C4-GUJ-01,,E.Co,e.coPK018508PU,,558.1500000000001,75.65,1111.833333333333,,1266.6000000000004,,,,,1078.5833333333333,,1123.9,38.00000000000001,1754,3376.666666666666,462.75,1432.8333333333333,151.00000000000003,1572.6333333333332,,,,,,,,,,,,14002.6,,13,0.8379328703703703,33251.966666666674,31880.05,33714.849999999984,17702.666666666664,32363.333333333336,38795.566666666666,24745.533333333336,17455.899999999998,8683.283333333333,23576.716666666664,16283.3,22950.033333333336,21475.450000000004,5746.416666666666,14574.983333333334,24744.649999999998,30567.733333333334,28901.6,40849.6,24409.15,0,0,0,0,0,0,0,0,0,0,0,0,,,,Macro
311,GUJ6288,GUJ6288__S_WaniaWala,3,C4-GUJ-01,,E.Co,e.coPK018434PU,1065.5833333333333,206.75,672.4999999999997,88.83333333333333,327.0000000000001,633.4166666666667,527.4166666666667,,,,,,,,26,1156.7833333333333,,14.666666666666664,14.700000000000001,71.10000000000001,,,,,,,,,,,,4804.75,,12,0.9443894675925927,33251.966666666674,31880.05,33714.849999999984,17702.666666666664,32363.333333333336,38795.566666666666,24745.533333333336,17455.899999999998,8683.283333333333,23576.716666666664,16283.3,22950.033333333336,21475.450000000004,5746.416666666666,14574.983333333334,24744.649999999998,30567.733333333334,28901.6,40849.6,24409.15,0,0,0,0,0,0,0,0,0,0,0,0,,,,Macro
312,HMP9712,HMP9712__Kotli_Nagra,3,C4-GUJ-01,31,Stand by,,,,21.166666666666664,,,129.5,29,,,71.5,,,,,,,,,,,,,,,,,,,,,,251.16666666666666,,4,0.9970929783950617,33251.966666666674,31880.05,33714.849999999984,17702.666666666664,32363.333333333336,38795.566666666666,24745.533333333336,17455.899999999998,8683.283333333333,23576.716666666664,16283.3,22950.033333333336,21475.450000000004,5746.416666666666,14574.983333333334,24744.649999999998,30567.733333333334,28901.6,40849.6,24409.15,0,0,0,0,0,0,0,0,0,0,0,0,C4-GUJ-01,,,Macro
313,HWY3266,HWY3266__KaliSubha,3,C4-GUJ-01,,CP Prime,,,,,,,,,,,,,,,,,,,,,,,,,,,,,,,,,0,,0,1,33251.966666666674,31880.05,33714.849999999984,17702.666666666664,32363.333333333336,38795.566666666666,24745.533333333336,17455.899999999998,8683.283333333333,23576.716666666664,16283.3,22950.033333333336,21475.450000000004,5746.416666666666,14574.983333333334,24744.649999999998,30567.733333333334,28901.6,40849.6,24409.15,0,0,0,0,0,0,0,0,0,0,0,0,C4-GUJ-01,,,Macro
314,GUJ9454,GUJ9454__S_OPP Jinah Park Warid_MDGJ4224,3,C4-GUJ-01,30,Stand by,,,,984.5499999999998,,1027.9666666666667,,506.0000000000001,,,1375.2999999999997,,1152,,,,,1115.3333333333333,,962.5,,,,,,,,,,,,,7123.649999999999,,7,0.9175503472222222,33251.966666666674,31880.05,33714.849999999984,17702.666666666664,32363.333333333336,38795.566666666666,24745.533333333336,17455.899999999998,8683.283333333333,23576.716666666664,16283.3,22950.033333333336,21475.450000000004,5746.416666666666,14574.983333333334,24744.649999999998,30567.733333333334,28901.6,40849.6,24409.15,0,0,0,0,0,0,0,0,0,0,0,0,C4-GUJ-01,,,Macro
315,GUJ9999,GUJ9999__MohallIslam_Pura,3,C4-GUJ-01,30,Stand by,,,68.00000000000001,,,,,,,,,,,,81.99999999999999,,,48.999999999999986,,,96.75,,,,,,,,,,,,295.75,,4,0.9965769675925925,33251.966666666674,31880.05,33714.849999999984,17702.666666666664,32363.333333333336,38795.566666666666,24745.533333333336,17455.899999999998,8683.283333333333,23576.716666666664,16283.3,22950.033333333336,21475.450000000004,5746.416666666666,14574.983333333334,24744.649999999998,30567.733333333334,28901.6,40849.6,24409.15,0,0,0,0,0,0,0,0,0,0,0,0,C4-GUJ-01,,,Macro
316,GUJ5490,GUJ5490__T_SiddiqSadiqHospital.,1,C4-GUJ-01,,Jazz CP Prime,,,,,,,,,,,,,,,,,,,,,,,,,,,,,,,,,0,,0,1,33251.966666666674,31880.05,33714.849999999984,17702.666666666664,32363.333333333336,38795.566666666666,24745.533333333336,17455.899999999998,8683.283333333333,23576.716666666664,16283.3,22950.033333333336,21475.450000000004,5746.416666666666,14574.983333333334,24744.649999999998,30567.733333333334,28901.6,40849.6,24409.15,0,0,0,0,0,0,0,0,0,0,0,0,,,,Micro
317,GUJ6380,GUJ6380__S_FeroazewalaRoadChenabParkTowerWalaBazar,3,C4-GUJ-01,,CM Pak,43037,,,,,,,,,,,,,,,,,,,,,,,,,,,,,,,,0,,0,1,33251.966666666674,31880.05,33714.849999999984,17702.666666666664,32363.333333333336,38795.566666666666,24745.533333333336,17455.899999999998,8683.283333333333,23576.716666666664,16283.3,22950.033333333336,21475.450000000004,5746.416666666666,14574.983333333334,24744.649999999998,30567.733333333334,28901.6,40849.6,24409.15,0,0,0,0,0,0,0,0,0,0,0,0,,,,Macro
318,GUJ3778,GUJ3778__HondaSalesCentre,3,C4-GUJ-01,9,Stand by,,60.999999999999986,177.66666666666669,220.75,,,,294.75,,,,,,,,,,24.25,1322.4999999999998,430.49999999999994,,,,,,,,,,,,,2531.4166666666665,,7,0.9707011959876543,33251.966666666674,31880.05,33714.849999999984,17702.666666666664,32363.333333333336,38795.566666666666,24745.533333333336,17455.899999999998,8683.283333333333,23576.716666666664,16283.3,22950.033333333336,21475.450000000004,5746.416666666666,14574.983333333334,24744.649999999998,30567.733333333334,28901.6,40849.6,24409.15,0,0,0,0,0,0,0,0,0,0,0,0,C4-GUJ-01,,,Macro
319,GUJ9463,GUJ9463__S_Canal Pasrur Rd Warid_MDGJ3790,3,C4-GUJ-01,20,Stand by,,236.75000000000006,,,1227.8166666666664,1501.1499999999992,992.4000000000002,1054.8833333333332,935.7166666666668,245.00000000000003,589.5833333333336,,,,,,,202.00000000000003,1299.3,1618.833333333333,395.95000000000005,,,,,,,,,,,,10299.383333333331,,12,0.880794174382716,33251.966666666674,31880.05,33714.849999999984,17702.666666666664,32363.333333333336,38795.566666666666,24745.533333333336,17455.899999999998,8683.283333333333,23576.716666666664,16283.3,22950.033333333336,21475.450000000004,5746.416666666666,14574.983333333334,24744.649999999998,30567.733333333334,28901.6,40849.6,24409.15,0,0,0,0,0,0,0,0,0,0,0,0,C4-GUJ-01,,,Macro
320,KMK5931,KMK5931__S_City Thana Warid_15253,3,C4-GUJ-01,30,Stand by,,,,,,22.5,,,,38.75000000000001,,,,,,,,,,,,,,,,,,,,,,,61.25000000000001,,2,0.999291087962963,33251.966666666674,31880.05,33714.849999999984,17702.666666666664,32363.333333333336,38795.566666666666,24745.533333333336,17455.899999999998,8683.283333333333,23576.716666666664,16283.3,22950.033333333336,21475.450000000004,5746.416666666666,14574.983333333334,24744.649999999998,30567.733333333334,28901.6,40849.6,24409.15,0,0,0,0,0,0,0,0,0,0,0,0,C4-GUJ-01,,,Macro
321,GUJ3887,GUJ3887__ChandDaQila,3,C4-GUJ-01,30,Stand by,,,,145,,365.58333333333337,,312.58333333333337,,,169.5,32.5,,,,,,270.4166666666667,,118.5,148.00000000000003,,,,,,,,,,,,1562.0833333333335,,8,0.9819203317901234,33251.966666666674,31880.05,33714.849999999984,17702.666666666664,32363.333333333336,38795.566666666666,24745.533333333336,17455.899999999998,8683.283333333333,23576.716666666664,16283.3,22950.033333333336,21475.450000000004,5746.416666666666,14574.983333333334,24744.649999999998,30567.733333333334,28901.6,40849.6,24409.15,0,0,0,0,0,0,0,0,0,0,0,0,C4-GUJ-01,,,Macro
322,HWY8837,HWY8837__11KMAttawaStop,5,C4-GUJ-01,30,Stand by,,,,,,33.66666666666667,1200.083333333333,,,588.75,,,,,,,,,,,,,,,,,,,,,,,1822.4999999999998,,3,0.98734375,33251.966666666674,31880.05,33714.849999999984,17702.666666666664,32363.333333333336,38795.566666666666,24745.533333333336,17455.899999999998,8683.283333333333,23576.716666666664,16283.3,22950.033333333336,21475.450000000004,5746.416666666666,14574.983333333334,24744.649999999998,30567.733333333334,28901.6,40849.6,24409.15,0,0,0,0,0,0,0,0,0,0,0,0,C4-GUJ-01,,,Macro
323,RUR6526,RUR6526__S_ShrineSyedSadiqAliShah,3,C4-GUJ-01,,ATL,ATKMK2,260.66666666666663,214.5,394.29999999999995,243.75,255.33333333333331,519.6666666666665,345.83333333333326,471.41666666666674,570.25,191.74999999999997,459.0500000000001,207,442.38333333333327,519.9166666666666,304.25,339.58333333333337,209.16666666666663,185.41666666666669,227.74999999999994,,,,,,,,,,,,,6361.983333333334,,19,0.9263659336419753,33251.966666666674,31880.05,33714.849999999984,17702.666666666664,32363.333333333336,38795.566666666666,24745.533333333336,17455.899999999998,8683.283333333333,23576.716666666664,16283.3,22950.033333333336,21475.450000000004,5746.416666666666,14574.983333333334,24744.649999999998,30567.733333333334,28901.6,40849.6,24409.15,0,0,0,0,0,0,0,0,0,0,0,0,,,,Macro
324,GUJ3195,GUJ3195__BilalPura,3,C4-GUJ-01,9,Stand by,,,,,,32.916666666666664,,,,,,,,,,,,,,,,,,,,,,,,,,,32.916666666666664,,1,0.9996190200617283,33251.966666666674,31880.05,33714.849999999984,17702.666666666664,32363.333333333336,38795.566666666666,24745.533333333336,17455.899999999998,8683.283333333333,23576.716666666664,16283.3,22950.033333333336,21475.450000000004,5746.416666666666,14574.983333333334,24744.649999999998,30567.733333333334,28901.6,40849.6,24409.15,0,0,0,0,0,0,0,0,0,0,0,0,C4-GUJ-01,,,Macro
325,GUJ6260,GUJ6260_S_GMagnoliaPark,3,C4-GUJ-01,,E.Co,e.coPK018339PU,,,,,,8.25,,,,,,,,,,,,,,,,,,,,,,,,,,8.25,,1,0.9999045138888889,33251.966666666674,31880.05,33714.849999999984,17702.666666666664,32363.333333333336,38795.566666666666,24745.533333333336,17455.899999999998,8683.283333333333,23576.716666666664,16283.3,22950.033333333336,21475.450000000004,5746.416666666666,14574.983333333334,24744.649999999998,30567.733333333334,28901.6,40849.6,24409.15,0,0,0,0,0,0,0,0,0,0,0,0,,,,Macro
326,GUJ6809,GUJ6809__S_UniversityOfKotli_CMPak43241,3,C4-GUJ-01,,CM Pak,43241,293,384.25,880.5833333333331,221,267.74999999999994,240.91666666666657,1431.6500000000003,687.5500000000001,168.41666666666669,252.25,61.41666666666667,240.50000000000006,674.0499999999998,245,374.16666666666674,274.48333333333335,520.8333333333333,268.5,294.75,260.24999999999994,,,,,,,,,,,,8041.3166666666675,,20,0.9069292052469136,33251.966666666674,31880.05,33714.849999999984,17702.666666666664,32363.333333333336,38795.566666666666,24745.533333333336,17455.899999999998,8683.283333333333,23576.716666666664,16283.3,22950.033333333336,21475.450000000004,5746.416666666666,14574.983333333334,24744.649999999998,30567.733333333334,28901.6,40849.6,24409.15,0,0,0,0,0,0,0,0,0,0,0,0,,,,
327,KMK4008,KMK4008__SalamatPura,3,C4-GUJ-01,30,Stand by,,767.1333333333334,312.5000000000001,801.8,639.55,,,13.583333333333332,,,,88.33333333333334,,46.166666666666664,,,,,,,,,,,,,,,,,,,2669.066666666667,,7,0.969108024691358,33251.966666666674,31880.05,33714.849999999984,17702.666666666664,32363.333333333336,38795.566666666666,24745.533333333336,17455.899999999998,8683.283333333333,23576.716666666664,16283.3,22950.033333333336,21475.450000000004,5746.416666666666,14574.983333333334,24744.649999999998,30567.733333333334,28901.6,40849.6,24409.15,0,0,0,0,0,0,0,0,0,0,0,0,C4-GUJ-01,,,Macro
328,GUJ5105,GUJ5105__S_Jamal Market Warid_MDGJ4151,3,C4-GUJ-01,27,Stand by,,,135.5,175.1666666666667,532.5833333333334,209,1584.6499999999999,96.13333333333333,,,,961.4999999999999,,987.1666666666667,38.49999999999999,1497.1666666666665,,,,,44.91666666666667,,,,,,,,,,,,6262.283333333334,,11,0.9275198688271605,33251.966666666674,31880.05,33714.849999999984,17702.666666666664,32363.333333333336,38795.566666666666,24745.533333333336,17455.899999999998,8683.283333333333,23576.716666666664,16283.3,22950.033333333336,21475.450000000004,5746.416666666666,14574.983333333334,24744.649999999998,30567.733333333334,28901.6,40849.6,24409.15,0,0,0,0,0,0,0,0,0,0,0,0,C4-GUJ-02,,,Macro
329,GUJ9730,GUJ9730__MozaMaufiwalaGujnwla,4,C4-GUJ-01,30,Stand by,,,,,,,38.333333333333336,,,,480.9,,,,,,,60,,,132.73333333333335,,,,,,,,,,,,711.9666666666667,,4,0.9938197337962963,33251.966666666674,31880.05,33714.849999999984,17702.666666666664,32363.333333333336,38795.566666666666,24745.533333333336,17455.899999999998,8683.283333333333,23576.716666666664,16283.3,22950.033333333336,21475.450000000004,5746.416666666666,14574.983333333334,24744.649999999998,30567.733333333334,28901.6,40849.6,24409.15,0,0,0,0,0,0,0,0,0,0,0,0,C4-GUJ-01,,,Macro
330,KMK8981,KMK8981__MohalaDarveshpura,3,C4-GUJ-01,20,Stand by,,,,,,,102.58333333333334,257.01666666666665,,41.00000000000001,1131.35,,,,,,,,,,,,,,,,,,,,,,1531.9499999999998,,4,0.9822690972222222,33251.966666666674,31880.05,33714.849999999984,17702.666666666664,32363.333333333336,38795.566666666666,24745.533333333336,17455.899999999998,8683.283333333333,23576.716666666664,16283.3,22950.033333333336,21475.450000000004,5746.416666666666,14574.983333333334,24744.649999999998,30567.733333333334,28901.6,40849.6,24409.15,0,0,0,0,0,0,0,0,0,0,0,0,C4-GUJ-01,,,Macro
331,GUJ8794,GUJ8794__S_SalimColony_CMPak6746,3,C4-GUJ-01,,CM Pak,6746,,,248.5,,,,,,,,,,,,,,,,,,,,,,,,,,,,,248.5,,1,0.9971238425925926,33251.966666666674,31880.05,33714.849999999984,17702.666666666664,32363.333333333336,38795.566666666666,24745.533333333336,17455.899999999998,8683.283333333333,23576.716666666664,16283.3,22950.033333333336,21475.450000000004,5746.416666666666,14574.983333333334,24744.649999999998,30567.733333333334,28901.6,40849.6,24409.15,0,0,0,0,0,0,0,0,0,0,0,0,C4-GUJ-01,CMPak,6746,Macro
332,GUJ5482,GUJ5482__S_MohafizTown,3,C4-GUJ-01,,Enfrashare,EC1-GUJ-02584,,,,,,199.16666666666669,84.83333333333334,840.6666666666667,,,,,,,,,1626.7166666666667,1438.1499999999996,392.85000000000014,150.29999999999998,,,,,,,,,,,,4732.683333333333,,7,0.9452235725308643,33251.966666666674,31880.05,33714.849999999984,17702.666666666664,32363.333333333336,38795.566666666666,24745.533333333336,17455.899999999998,8683.283333333333,23576.716666666664,16283.3,22950.033333333336,21475.450000000004,5746.416666666666,14574.983333333334,24744.649999999998,30567.733333333334,28901.6,40849.6,24409.15,0,0,0,0,0,0,0,0,0,0,0,0,,,,Macro
333,GUJ5922,GUJ5922_H_Abdullah Colony Gujranwala,3,C4-GUJ-01,,E.Co,e.coPK019604PU,,,,,,,,,,,,,,,,,,,,,,,,,,,,,,,,0,,0,1,33251.966666666674,31880.05,33714.849999999984,17702.666666666664,32363.333333333336,38795.566666666666,24745.533333333336,17455.899999999998,8683.283333333333,23576.716666666664,16283.3,22950.033333333336,21475.450000000004,5746.416666666666,14574.983333333334,24744.649999999998,30567.733333333334,28901.6,40849.6,24409.15,0,0,0,0,0,0,0,0,0,0,0,0,,,,Macro
334,GUJ6267,GUJ6267__S_MasterCityHousingScheme,3,C4-GUJ-01,,Enfrashare,EC1-GUJ-02839,,19.583333333333336,6.916666666666667,158.21666666666664,,,,,81.99999999999999,,,,,,,,,,,,,,,,,,,,,,,266.71666666666664,,4,0.9969130015432098,33251.966666666674,31880.05,33714.849999999984,17702.666666666664,32363.333333333336,38795.566666666666,24745.533333333336,17455.899999999998,8683.283333333333,23576.716666666664,16283.3,22950.033333333336,21475.450000000004,5746.416666666666,14574.983333333334,24744.649999999998,30567.733333333334,28901.6,40849.6,24409.15,0,0,0,0,0,0,0,0,0,0,0,0,,,,Macro
335,GUJ9437,GUJ9437__S_B3-wapda Town Warid_MDGJ4163,8,C4-GUJ-01,27,Stand by,,68.33333333333334,126.91666666666669,,71.83333333333333,159.33333333333334,193.75000000000003,154.75,58.916666666666664,66.41666666666666,64.66666666666669,,167.56666666666675,69.38333333333333,38.25,65.41666666666667,875.9999999999998,833.483333333333,70,67.08333333333333,125.58333333333334,,,,,,,,,,,,3277.6833333333334,,18,0.9857739438657407,33251.966666666674,31880.05,33714.849999999984,17702.666666666664,32363.333333333336,38795.566666666666,24745.533333333336,17455.899999999998,8683.283333333333,23576.716666666664,16283.3,22950.033333333336,21475.450000000004,5746.416666666666,14574.983333333334,24744.649999999998,30567.733333333334,28901.6,40849.6,24409.15,0,0,0,0,0,0,0,0,0,0,0,0,C4-GUJ-01,,,Macro
336,GUJ5319,GUJ5319__S_JalilTown_CMPak40268,3,C4-GUJ-01,,CM Pak,40286,1633.5499999999984,193.50000000000009,1942.883333333333,625.6333333333333,1605.1333333333334,1342.4666666666665,689.7166666666665,132.39999999999998,104.55,1288.1499999999999,19,1389,60.750000000000014,,,299.3833333333334,1350.7166666666667,110.94999999999999,1240.6666666666667,89.33333333333333,,,,,,,,,,,,14117.783333333331,,18,0.8365997299382717,33251.966666666674,31880.05,33714.849999999984,17702.666666666664,32363.333333333336,38795.566666666666,24745.533333333336,17455.899999999998,8683.283333333333,23576.716666666664,16283.3,22950.033333333336,21475.450000000004,5746.416666666666,14574.983333333334,24744.649999999998,30567.733333333334,28901.6,40849.6,24409.15,0,0,0,0,0,0,0,0,0,0,0,0,C4-GUJ-01,CMPak,CMPak-40268,Macro
337,HWY5796,HWY5796_H_Itwaar bazar more_Eminabad More Gujranwala,3,C4-GUJ-01,,PTCL,GTRP2001,,,,,341.0000000000001,,,239,,,,111,,,235.5,77.66666666666667,,,295.4166666666667,,,,,,,,,,,,,1299.5833333333335,,6,0.9849585262345678,33251.966666666674,31880.05,33714.849999999984,17702.666666666664,32363.333333333336,38795.566666666666,24745.533333333336,17455.899999999998,8683.283333333333,23576.716666666664,16283.3,22950.033333333336,21475.450000000004,5746.416666666666,14574.983333333334,24744.649999999998,30567.733333333334,28901.6,40849.6,24409.15,0,0,0,0,0,0,0,0,0,0,0,0,,,,Macro
338,RUR9550,RUR9550__S_Attawa_CMPak5629,3,C4-GUJ-01,,CM Pak,5629,,,853.8333333333334,,571.2500000000001,1406.6333333333337,,,208.5,408.2499999999999,,516.9999999999999,,,,,398.4999999999999,,407.7500000000001,,,,,,,,,,,,,4771.716666666667,,8,0.9447717978395062,33251.966666666674,31880.05,33714.849999999984,17702.666666666664,32363.333333333336,38795.566666666666,24745.533333333336,17455.899999999998,8683.283333333333,23576.716666666664,16283.3,22950.033333333336,21475.450000000004,5746.416666666666,14574.983333333334,24744.649999999998,30567.733333333334,28901.6,40849.6,24409.15,0,0,0,0,0,0,0,0,0,0,0,0,C4-GUJ-01,CM-PAK,5629,Macro
339,GUJ5194,GUJ5194__T_Gujranwala_FoodIndustries(JOJO),1,C4-GUJ-01,,Jazz CP Prime,,236.05,188.60000000000005,,,,,27.5,17.58333333333333,,19,111.91666666666664,,,,,21.76666666666667,33.333333333333336,117.5833333333333,,,,,,,,,,,,,,773.3333333333334,,9,0.9731481481481481,33251.966666666674,31880.05,33714.849999999984,17702.666666666664,32363.333333333336,38795.566666666666,24745.533333333336,17455.899999999998,8683.283333333333,23576.716666666664,16283.3,22950.033333333336,21475.450000000004,5746.416666666666,14574.983333333334,24744.649999999998,30567.733333333334,28901.6,40849.6,24409.15,0,0,0,0,0,0,0,0,0,0,0,0,C4-GUJ-01,,,Micro
340,GUJ3089,GUJ3089__Satellitetown,4,C4-GUJ-01,9,Stand by,,,209.6,102.83333333333331,,,,22.750000000000004,,,113.91666666666667,,279.5,,,930.0833333333334,956.8333333333334,,1085.7500000000002,573.6666666666667,895.6666666666665,,,,,,,,,,,,5170.6,,10,0.9551163194444444,33251.966666666674,31880.05,33714.849999999984,17702.666666666664,32363.333333333336,38795.566666666666,24745.533333333336,17455.899999999998,8683.283333333333,23576.716666666664,16283.3,22950.033333333336,21475.450000000004,5746.416666666666,14574.983333333334,24744.649999999998,30567.733333333334,28901.6,40849.6,24409.15,0,0,0,0,0,0,0,0,0,0,0,0,C4-GUJ-01,,,Macro
341,GUJ9672,GUJ9672__S_FFQSupportsProgramKhialibranch,3,C4-GUJ-01,,CP Prime,,,,,,,,,,,,,,,,,,,248.5,,,,,,,,,,,,,,248.5,,1,0.9971238425925926,33251.966666666674,31880.05,0,7329.083333333333,0,0,0,0,0,0,0,0,0,0,0,0,0,0,0,0,0,0,0,0,0,0,0,0,0,0,0,,,,,
342,GUJ3742,GUJ3742__HafizPlaza,3,C4-GUJ-01,30,Stand by,,5.750000000000001,,,,,,,,,,,,,,,,,,,,,,,,,,,,,,,5.750000000000001,,1,0.999933449074074,33251.966666666674,31880.05,33714.849999999984,17702.666666666664,32363.333333333336,38795.566666666666,24745.533333333336,17455.899999999998,8683.283333333333,23576.716666666664,16283.3,22950.033333333336,21475.450000000004,5746.416666666666,14574.983333333334,24744.649999999998,30567.733333333334,28901.6,40849.6,24409.15,0,0,0,0,0,0,0,0,0,0,0,0,C4-GUJ-01,,,Macro
343,HWY9044,HWY9044__S_Salar_CMPak7118,3,C4-GUJ-01,,CM Pak,7118,,,,,,,,,,,,,,,,,,,,,,,,,,,,,,,,0,,0,1,33251.966666666674,31880.05,33714.849999999984,17702.666666666664,32363.333333333336,38795.566666666666,24745.533333333336,17455.899999999998,8683.283333333333,,,,,,,,,,,,,,,,,,,,,,0,0,C4-GUJ-01,CMPak,7118,Macro
344,GUJ5469,GUJ5469__S_Jagna,3,C4-GUJ-01,,Enfrashare,EC1-GUJ-01734,,75.05000000000001,22.583333333333336,,,18.75,,,,,,,,,,,,,,,,,,,,,,,,,,116.38333333333335,,3,0.9986529706790124,33251.966666666674,31880.05,33714.849999999984,17702.666666666664,32363.333333333336,38795.566666666666,24745.533333333336,17455.899999999998,8683.283333333333,23576.716666666664,16283.3,22950.033333333336,21475.450000000004,5746.416666666666,14574.983333333334,24744.649999999998,30567.733333333334,28901.6,40849.6,24409.15,0,0,0,0,0,0,0,0,0,0,0,0,,,,Macro
345,GUJ9407,GUJ9407__S_Usman Gill Cnly Warid_GJ4152,3,C4-GUJ-01,27,Stand by,,,,,,,,,,,,,,,,,,,,,,,,,,,,,,,,,0,,0,1,33251.966666666674,31880.05,33714.849999999984,17702.666666666664,32363.333333333336,38795.566666666666,24745.533333333336,17455.899999999998,8683.283333333333,23576.716666666664,16283.3,22950.033333333336,21475.450000000004,5746.416666666666,14574.983333333334,24744.649999999998,30567.733333333334,28901.6,40849.6,24409.15,0,0,0,0,0,0,0,0,0,0,0,0,C4-GUJ-01,,,Macro
346,RUR1051,RUR1051__Nizampur,3,C4-GUJ-01,9,Stand by,,928.65,303.1333333333333,359.4999999999999,,,,,46.25000000000001,375.4166666666667,,,,,,,,,,,,,,,,,,,,,,,2012.95,,5,0.9767019675925925,33251.966666666674,31880.05,33714.849999999984,17702.666666666664,32363.333333333336,38795.566666666666,24745.533333333336,17455.899999999998,8683.283333333333,23576.716666666664,16283.3,22950.033333333336,21475.450000000004,5746.416666666666,14574.983333333334,24744.649999999998,30567.733333333334,28901.6,40849.6,24409.15,0,0,0,0,0,0,0,0,0,0,0,0,C4-GUJ-01,,,Macro
347,GUJ3359,GUJ3359__DeltaRd,3,C4-GUJ-01,9,Stand by,,,,,,,,,,337.66666666666663,,,,,,,,,,,,,,,,,,,,,,,337.66666666666663,,1,0.9960918209876543,33251.966666666674,31880.05,33714.849999999984,17702.666666666664,32363.333333333336,38795.566666666666,24745.533333333336,17455.899999999998,8683.283333333333,23576.716666666664,16283.3,22950.033333333336,21475.450000000004,5746.416666666666,14574.983333333334,24744.649999999998,30567.733333333334,28901.6,40849.6,24409.15,0,0,0,0,0,0,0,0,0,0,0,0,C4-GUJ-01,,,Macro
348,HWY9737,HWY9737__MoreAmenabad2,3,C4-GUJ-01,31+30,Stand by,,,,,,,,,,,,,,,,,,,,,,,,,,,,,,,,,0,,0,1,33251.966666666674,31880.05,33714.849999999984,17702.666666666664,32363.333333333336,38795.566666666666,24745.533333333336,17455.899999999998,8683.283333333333,23576.716666666664,16283.3,22950.033333333336,21475.450000000004,5746.416666666666,14574.983333333334,24744.649999999998,30567.733333333334,28901.6,40849.6,24409.15,0,0,0,0,0,0,0,0,0,0,0,0,C4-GUJ-01,,,Macro
349,GUJ6135,GUJ6135__S_NabiPura_CMPak4087,3,C4-GUJ-01,,CM Pak,CMPak4087,114.5,579.4666666666665,1131.0833333333333,752.0000000000001,1137.5,,459,,,1262.4,15.5,1326.2499999999998,,,135.75,1050.5,2107.8166666666666,,1052.9666666666667,,,,,,,,,,,,,11124.733333333334,,13,0.871241512345679,33251.966666666674,31880.05,33714.849999999984,17702.666666666664,32363.333333333336,38795.566666666666,24745.533333333336,17455.899999999998,8683.283333333333,23576.716666666664,16283.3,22950.033333333336,21475.450000000004,5746.416666666666,14574.983333333334,24744.649999999998,30567.733333333334,28901.6,40849.6,24409.15,0,0,0,0,0,0,0,0,0,0,0,0,,,,Macro
350,GUJ0316,GUJ0316_Thana wala Bazar,1,C4-GUJ-01,,Jazz CP Prime,,,,,178.66666666666669,,151.9166666666667,,,,,,,,,,,,,,17.25,,,,,,,,,,,,347.83333333333337,,3,0.9879224537037037,33251.966666666674,31880.05,33714.849999999984,17702.666666666664,32363.333333333336,38795.566666666666,24745.533333333336,17455.899999999998,8683.283333333333,23576.716666666664,16283.3,22950.033333333336,21475.450000000004,5746.416666666666,14574.983333333334,24744.649999999998,30567.733333333334,28901.6,40849.6,24409.15,0,0,0,0,0,0,0,0,0,0,0,0,C4-GUJ-01,,,Micro
351,GUJ9465,GUJ9465__S_Qasim Town Warid_MDGJ1828,3,C4-GUJ-01,20,Stand by,,492.25,1300.6333333333332,,178.66666666666666,337.66666666666663,2.25,223.9833333333333,145.33333333333334,,209.66666666666666,673.2999999999995,407.49999999999994,809.5499999999994,124.65000000000002,66,180.33333333333331,179.4,262.9166666666667,383.8333333333333,280.3,,,,,,,,,,,,6258.233333333331,,18,0.9275667438271605,33251.966666666674,31880.05,33714.849999999984,17702.666666666664,32363.333333333336,38795.566666666666,24745.533333333336,17455.899999999998,8683.283333333333,23576.716666666664,16283.3,22950.033333333336,21475.450000000004,5746.416666666666,14574.983333333334,24744.649999999998,30567.733333333334,28901.6,40849.6,24409.15,0,0,0,0,0,0,0,0,0,0,0,0,C4-GUJ-01,,,Macro
352,GUJ8945,GUJ8945__WahdatColony,3,C4-GUJ-01,9,Stand by,,,141.66666666666666,,,,28.73333333333333,,,,,,,,,,,,34.66666666666667,,,,,,,,,,,,,,205.06666666666666,,3,0.9976265432098765,33251.966666666674,31880.05,33714.849999999984,17702.666666666664,32363.333333333336,38795.566666666666,24745.533333333336,17455.899999999998,8683.283333333333,23576.716666666664,16283.3,22950.033333333336,21475.450000000004,5746.416666666666,14574.983333333334,24744.649999999998,30567.733333333334,28901.6,40849.6,24409.15,0,0,0,0,0,0,0,0,0,0,0,0,C4-GUJ-01,,,Macro
353,KNB9978,KNB9978__KotliNawab,4,C4-GUJ-01,30,Stand by,,,,50,,583.3333333333331,1594.933333333333,,430.25,,,,79,,,226.24999999999997,207.33333333333334,,,1138.8166666666668,,,,,,,,,,,,,4309.916666666666,,8,0.9625875289351852,33251.966666666674,31880.05,33714.849999999984,17702.666666666664,32363.333333333336,38795.566666666666,24745.533333333336,17455.899999999998,8683.283333333333,23576.716666666664,16283.3,22950.033333333336,21475.450000000004,5746.416666666666,14574.983333333334,24744.649999999998,30567.733333333334,28901.6,40849.6,24409.15,0,0,0,0,0,0,0,0,0,0,0,0,C4-GUJ-01,,,Macro
354,RUR9428,RUR9428__S_Butala Warid_MDGJ4493,3,C4-GUJ-01,,Ufone,3959,,,,,,16.333333333333336,,,,,,,,,,,,,,,,,,,,,,,,,,16.333333333333336,,1,0.9998109567901234,33251.966666666674,31880.05,33714.849999999984,17702.666666666664,32363.333333333336,38795.566666666666,24745.533333333336,17455.899999999998,8683.283333333333,23576.716666666664,16283.3,22950.033333333336,21475.450000000004,5746.416666666666,14574.983333333334,24744.649999999998,30567.733333333334,28901.6,40849.6,24409.15,0,0,0,0,0,0,0,0,0,0,0,0,C4-GUJ-01,UFone,3959,Macro
355,GUJ3349,GUJ3349__FreedTown,3,C4-GUJ-01,,CP Prime,,,,,,,,,,,,,,,,,,,,,,,,,,,,,,,,,0,,0,1,33251.966666666674,31880.05,33714.849999999984,17702.666666666664,32363.333333333336,38795.566666666666,24745.533333333336,17455.899999999998,8683.283333333333,23576.716666666664,16283.3,22950.033333333336,21475.450000000004,5746.416666666666,14574.983333333334,24744.649999999998,30567.733333333334,28901.6,40849.6,24409.15,0,0,0,0,0,0,0,0,0,0,0,0,C4-GUJ-01,,,Macro
356,KMK5928,KMK5928__S_New Model Town Warid_IK1570,3,C4-GUJ-01,,CP Prime,,,,,117.99999999999999,,,,,,153.50000000000003,351.91666666666674,300.78333333333325,334.64999999999986,49.96666666666666,351.3333333333333,,,,,,,,,,,,,,,,,1660.1499999999999,,7,0.9807853009259259,33251.966666666674,31880.05,33714.849999999984,17702.666666666664,32363.333333333336,38795.566666666666,24745.533333333336,17455.899999999998,8683.283333333333,23576.716666666664,16283.3,22950.033333333336,21475.450000000004,5746.416666666666,14574.983333333334,24744.649999999998,30567.733333333334,28901.6,40849.6,24409.15,0,0,0,0,0,0,0,0,0,0,0,0,C4-GUJ-01,,,Macro
357,RUR5919,RUR5919__S_Chandali-KMK Warid_IK5085,3,C4-GUJ-01,,Ufone,3396,,,,,,,,,,,,,,,,,,,,,,,,,,,,,,,,0,,0,1,33251.966666666674,31880.05,33714.849999999984,17702.666666666664,32363.333333333336,38795.566666666666,24745.533333333336,17455.899999999998,8683.283333333333,23576.716666666664,16283.3,22950.033333333336,21475.450000000004,5746.416666666666,14574.983333333334,24744.649999999998,30567.733333333334,28901.6,40849.6,24409.15,0,0,0,0,0,0,0,0,0,0,0,0,C4-GUJ-01,UFone,3396,Macro
358,GUJ9418,GUJ9418__S_Faqirpura Warid_GJ4231,3,C4-GUJ-01,27,Stand by,,153.25,310.5,304.16666666666663,164.58333333333331,224.6666666666667,58.25,588.75,71.58333333333333,,146.33333333333334,283.25,100.50000000000001,104.41666666666666,23.25,119.56666666666665,55.499999999999986,140.25000000000003,22.083333333333332,126.41666666666666,,,,,,,,,,,,,2997.316666666666,,18,0.9653088348765432,33251.966666666674,31880.05,33714.849999999984,17702.666666666664,32363.333333333336,38795.566666666666,24745.533333333336,17455.899999999998,8683.283333333333,23576.716666666664,16283.3,22950.033333333336,21475.450000000004,5746.416666666666,14574.983333333334,24744.649999999998,30567.733333333334,28901.6,40849.6,24409.15,0,0,0,0,0,0,0,0,0,0,0,0,C4-GUJ-01,,,Macro
359,GUJ0470,GUJ0470__WapdaTownGujwl,6,C4-GUJ-01,30,Stand by,,,,,,,,,,353.4,436.75,,,,,,,,,,,,,,,,,,,,,,790.15,,2,0.9954273726851852,33251.966666666674,31880.05,33714.849999999984,17702.666666666664,32363.333333333336,38795.566666666666,24745.533333333336,17455.899999999998,8683.283333333333,23576.716666666664,16283.3,22950.033333333336,21475.450000000004,5746.416666666666,14574.983333333334,24744.649999999998,30567.733333333334,28901.6,40849.6,24409.15,0,0,0,0,0,0,0,0,0,0,0,0,C4-GUJ-01,,,Macro
360,GUJ9849,GUJ9849__Mohallah_Qadri,3,C4-GUJ-01,27,Stand by,,,64.5,217.33333333333331,,,,,81.21666666666667,,,,,,60,,,,,210.8166666666667,,,,,,,,,,,,,633.8666666666667,,5,0.9926635802469136,33251.966666666674,31880.05,33714.849999999984,17702.666666666664,32363.333333333336,38795.566666666666,24745.533333333336,17455.899999999998,8683.283333333333,23576.716666666664,16283.3,22950.033333333336,21475.450000000004,5746.416666666666,14574.983333333334,24744.649999999998,30567.733333333334,28901.6,40849.6,24409.15,0,0,0,0,0,0,0,0,0,0,0,0,C4-GUJ-01,,,Macro
361,KMK4470,KMK4470__AliArcadeGTRoad,4,C4-GUJ-01,20,Stand by,,,,,177.5833333333334,291.35,,,,,,,,,,,,,,,,,,,,,,,,,,,468.9333333333334,,2,0.9959293981481481,33251.966666666674,31880.05,33714.849999999984,17702.666666666664,32363.333333333336,38795.566666666666,24745.533333333336,17455.899999999998,8683.283333333333,23576.716666666664,16283.3,22950.033333333336,21475.450000000004,5746.416666666666,14574.983333333334,24744.649999999998,30567.733333333334,28901.6,40849.6,24409.15,0,0,0,0,0,0,0,0,0,0,0,0,C4-GUJ-01,,,Macro
362,KMK9799,KMK9799__MuhammadPura,3,C4-GUJ-01,20,Stand by,,,,,,22.5,,,,39.24999999999999,,,,167.08333333333334,,,,,,,,,,,,,,,,,,,228.83333333333334,,3,0.9973514660493826,33251.966666666674,31880.05,33714.849999999984,17702.666666666664,32363.333333333336,38795.566666666666,24745.533333333336,17455.899999999998,8683.283333333333,23576.716666666664,16283.3,22950.033333333336,21475.450000000004,5746.416666666666,14574.983333333334,24744.649999999998,30567.733333333334,28901.6,40849.6,24409.15,0,0,0,0,0,0,0,0,0,0,0,0,C4-GUJ-01,,,Macro
363,GUJ0410,GUJ0410__SheranwalaBagh,3,C4-GUJ-01,27,Stand by,,,,,,196.25,178.75000000000003,,,,,,,140.50000000000003,,,,,,,253.58333333333331,,,,,,,,,,,,769.0833333333333,,4,0.9910985725308642,33251.966666666674,31880.05,33714.849999999984,17702.666666666664,32363.333333333336,38795.566666666666,24745.533333333336,17455.899999999998,8683.283333333333,23576.716666666664,16283.3,22950.033333333336,21475.450000000004,5746.416666666666,14574.983333333334,24744.649999999998,30567.733333333334,28901.6,40849.6,24409.15,0,0,0,0,0,0,0,0,0,0,0,0,C4-GUJ-02,,,Macro
364,GUJ9462,GUJ9462__S_DC Rd Warid_MDGJ4212,5,C4-GUJ-01,13,Stand by,,,,,,,,,,,,,,,,,,,117.66666666666667,,520.3333333333331,,,,,,,,,,,,637.9999999999998,,2,0.9955694444444444,33251.966666666674,31880.05,33714.849999999984,17702.666666666664,32363.333333333336,38795.566666666666,24745.533333333336,17455.899999999998,8683.283333333333,23576.716666666664,16283.3,22950.033333333336,21475.450000000004,5746.416666666666,14574.983333333334,24744.649999999998,30567.733333333334,28901.6,40849.6,24409.15,0,0,0,0,0,0,0,0,0,0,0,0,C4-GUJ-02,,,Macro
365,GUJ9414,GUJ9414__S_Sec Y-People Cnly Warid_GJ4197,3,C4-GUJ-01,30,Stand by,,,,,,,,,,,,,,,,,394.1500000000001,60.46666666666666,,,,,,,,,,,,,,,454.61666666666673,,2,0.9947382330246914,33251.966666666674,31880.05,33714.849999999984,17702.666666666664,32363.333333333336,38795.566666666666,24745.533333333336,17455.899999999998,8683.283333333333,23576.716666666664,16283.3,22950.033333333336,21475.450000000004,5746.416666666666,14574.983333333334,24744.649999999998,30567.733333333334,28901.6,40849.6,24409.15,0,0,0,0,0,0,0,0,0,0,0,0,C4-GUJ-01,,,Macro
366,GUJ5444,GUJ5444__S_SehansraGoraya,3,C4-GUJ-01,,E.Co,e.coPK017911PU,1973.083333333333,813.7166666666667,278.25,123.08333333333333,187.83333333333331,57.06666666666668,374.40000000000003,,48.66666666666667,163.00000000000003,313.8333333333333,194.16666666666666,436.8666666666667,,168.91666666666666,350.1666666666667,159.74999999999997,121.25,82.41666666666666,137.41666666666669,,,,,,,,,,,,5983.883333333335,,18,0.9307420910493827,33251.966666666674,31880.05,33714.849999999984,17702.666666666664,32363.333333333336,38795.566666666666,24745.533333333336,17455.899999999998,8683.283333333333,23576.716666666664,16283.3,22950.033333333336,21475.450000000004,5746.416666666666,14574.983333333334,24744.649999999998,30567.733333333334,28901.6,40849.6,24409.15,0,0,0,0,0,0,0,0,0,0,0,0,,,,Macro
367,KMK0969,KMK0969__Ittehad Store,1,C4-GUJ-01,,Jazz CP Prime,,,,,,,,,,,,,,,,,,,,,,,,,,,,,,,,,0,,0,1,33251.966666666674,31880.05,33714.849999999984,17702.666666666664,32363.333333333336,38795.566666666666,24745.533333333336,17455.899999999998,8683.283333333333,23576.716666666664,16283.3,22950.033333333336,21475.450000000004,5746.416666666666,14574.983333333334,24744.649999999998,30567.733333333334,28901.6,40849.6,24409.15,0,0,0,0,0,0,0,0,0,0,0,0,C4-GUJ-01,,,Micro
368,GUJ1501,GUJ1501__GMCnewmuslimColonyGUJ,3,C4-GUJ-01,,CM Pak,5618,,,,,,21.5,,,,,,,,,,,,,,,,,,,,,,,,,,21.5,,1,0.9997511574074075,33251.966666666674,31880.05,33714.849999999984,17702.666666666664,32363.333333333336,38795.566666666666,24745.533333333336,17455.899999999998,8683.283333333333,23576.716666666664,16283.3,22950.033333333336,21475.450000000004,5746.416666666666,14574.983333333334,24744.649999999998,30567.733333333334,28901.6,40849.6,24409.15,0,0,0,0,0,0,0,0,0,0,0,0,C4-GUJ-01,CMPAK,5618,Macro
369,GUJ6134,GUJ6134__S_SectorYPeoplesColony_CMPak5222,3,C4-GUJ-01,,CM Pak,CMPak5222,,,,,,,,,,,,,,,,,,,,,,,,,,,,,,,,0,,0,1,33251.966666666674,31880.05,33714.849999999984,17702.666666666664,32363.333333333336,38795.566666666666,24745.533333333336,17455.899999999998,8683.283333333333,23576.716666666664,16283.3,22950.033333333336,21475.450000000004,5746.416666666666,14574.983333333334,24744.649999999998,30567.733333333334,28901.6,40849.6,24409.15,0,0,0,0,0,0,0,0,0,0,0,0,,,,Macro
370,GUJ6293,GUJ6293_S_PipliwalaGoraya ,3,C4-GUJ-01,,E.Co,e.coPK018438PU,,,66.75,,,,268,,,,,10.25,173.74999999999997,,,,,,,,,,,,,,,,,,,518.75,,4,0.9939959490740741,33251.966666666674,31880.05,33714.849999999984,17702.666666666664,32363.333333333336,38795.566666666666,24745.533333333336,17455.899999999998,8683.283333333333,23576.716666666664,16283.3,22950.033333333336,21475.450000000004,5746.416666666666,14574.983333333334,24744.649999999998,30567.733333333334,28901.6,40849.6,24409.15,0,0,0,0,0,0,0,0,0,0,0,0,,,,Macro
371,RUR0468,RUR0468__S_SalehPur,4,C4-GUJ-01,,Ufone,7744,,,,,,,,,,27,,,,,,,,,,,,,,,,,,,,,,27,,1,0.999765625,33251.966666666674,31880.05,33714.849999999984,17702.666666666664,32363.333333333336,38795.566666666666,24745.533333333336,17455.899999999998,8683.283333333333,23576.716666666664,16283.3,22950.033333333336,21475.450000000004,5746.416666666666,14574.983333333334,24744.649999999998,30567.733333333334,28901.6,40849.6,24409.15,0,0,0,0,0,0,0,0,0,0,0,0,,,,Macro
372,GUJ5755,GUJ5755_H_Park Canal View Sector 2 Canal View,3,C4-GUJ-01,,ATL,ATGJW16,,,,,,,,,,,,,,,,,,,,,,,,,,,,,,,,0,,0,1,33251.966666666674,31880.05,33714.849999999984,17702.666666666664,32363.333333333336,38795.566666666666,24745.533333333336,17455.899999999998,8683.283333333333,23576.716666666664,16283.3,22950.033333333336,21475.450000000004,5746.416666666666,14574.983333333334,24744.649999999998,30567.733333333334,28901.6,40849.6,24409.15,0,0,0,0,0,0,0,0,0,0,0,0,,,,Macro
373,GUJ5569,GUJ5569_H_Sardar Colony Gujranwala,3,C4-GUJ-01,,Enfrashare,EC1-GUJ-07835,,,639.3833333333333,,,,,,,,,,,,,,619.7499999999999,,,,,,,,,,,,,,,1259.1333333333332,,2,0.9854266975308641,33251.966666666674,31880.05,33714.849999999984,17702.666666666664,32363.333333333336,38795.566666666666,24745.533333333336,17455.899999999998,8683.283333333333,23576.716666666664,16283.3,22950.033333333336,21475.450000000004,5746.416666666666,14574.983333333334,24744.649999999998,30567.733333333334,28901.6,40849.6,24409.15,0,0,0,0,0,0,0,0,0,0,0,0,,,,Macro
374,GUJ5900,GUJ5900_H_Mubarak Colony Gujranwala,3,C4-GUJ-01,,E.Co,e.coPK019561PU,,,,,,43.41666666666667,,,,,18.25,,,,,24.583333333333332,,,,,,,,,,,,,,,,86.25,,3,0.9990017361111111,33251.966666666674,31880.05,33714.849999999984,17702.666666666664,32363.333333333336,38795.566666666666,24745.533333333336,17455.899999999998,8683.283333333333,23576.716666666664,16283.3,22950.033333333336,21475.450000000004,5746.416666666666,14574.983333333334,24744.649999999998,30567.733333333334,28901.6,40849.6,24409.15,0,0,0,0,0,0,0,0,0,0,0,0,,,,Macro
375,RUR5727,"RUR5727_H_USF_MOT-M11-U3_Guniaur, Gujranwala",3,C4-GUJ-01,,Tawal,TWPGRW0007U,,,,,,,,51.249999999999986,,,,,,,,,,,221.8,1559.7833333333326,,,,,,,,,,,,1832.8333333333326,,3,0.9787866512345679,33251.966666666674,31880.05,33714.849999999984,17702.666666666664,32363.333333333336,38795.566666666666,24745.533333333336,17455.899999999998,8683.283333333333,23576.716666666664,16283.3,22950.033333333336,21475.450000000004,5746.416666666666,14574.983333333334,24744.649999999998,30567.733333333334,28901.6,40849.6,24409.15,0,0,0,0,0,0,0,0,0,0,0,0,,,,Macro
376,GUJ6042,GUJ6042__S_CitiHousingPhase2,3,C4-GUJ-01,,Enfrashare,EC1-GUJ-02848,,,,,,,,,,,,,18.5,,,,,,,,,,,,,,,,,,,18.5,,1,0.9997858796296296,33251.966666666674,31880.05,33714.849999999984,17702.666666666664,32363.333333333336,38795.566666666666,24745.533333333336,17455.899999999998,8683.283333333333,23576.716666666664,16283.3,22950.033333333336,21475.450000000004,5746.416666666666,14574.983333333334,24744.649999999998,30567.733333333334,28901.6,40849.6,24409.15,0,0,0,0,0,0,0,0,0,0,0,0,,,,Macro
377,RUR9038,RUR9038__S_Mandiala,3,C4-GUJ-01,,Enfrashare,EC1-KMK-09132,,,,,,,,,,,,,,,,,,,,,,,,,,,,,,,,0,,0,1,33251.966666666674,31880.05,33714.849999999984,17702.666666666664,32363.333333333336,38795.566666666666,24745.533333333336,17455.899999999998,8683.283333333333,23576.716666666664,16283.3,22950.033333333336,21475.450000000004,5746.416666666666,14574.983333333334,24744.649999999998,30567.733333333334,28901.6,40849.6,24409.15,0,0,0,0,0,0,0,0,0,0,0,0,C4-GUJ-01,Enfrashare,EC1-KMK-09132,Macro
378,AMN9053,AMN9053__S_Eminabad,3,C4-GUJ-01,,Tawal,TWPGRW0014,,,,,,,,,,,,,,,,,,,,,,,,,,,,,,,,0,,0,1,33251.966666666674,31880.05,33714.849999999984,17702.666666666664,32363.333333333336,38795.566666666666,24745.533333333336,17455.899999999998,8683.283333333333,23576.716666666664,16283.3,22950.033333333336,21475.450000000004,5746.416666666666,14574.983333333334,24744.649999999998,30567.733333333334,28901.6,40849.6,24409.15,0,0,0,0,0,0,0,0,0,0,0,0,C4-GUJ-01,TAWAL,TWPGRW0014,Macro
379,KMK9066,KMK9066__S_BaghdadTown,3,C4-GUJ-01,,E.Co,e.coPK019718PU,,,,,,,,,,,,,,,,,,,,,,,,,,,,,,,,0,,0,1,33251.966666666674,31880.05,33714.849999999984,17702.666666666664,32363.333333333336,38795.566666666666,24745.533333333336,17455.899999999998,8683.283333333333,23576.716666666664,16283.3,22950.033333333336,21475.450000000004,5746.416666666666,14574.983333333334,24744.649999999998,30567.733333333334,28901.6,40849.6,24409.15,0,0,0,0,0,0,0,0,0,0,0,0,C4-GUJ-01,E.co,e.coPK019718PU,Macro
380,HWY9278,HWY9278__S_ Nadala SandhRorhiSharif,3,C4-GUJ-01,,Tawal,TWPGRW0006,,,,,,,,,,,,,,,,,,,586.9999999999999,139.24999999999997,,,,,,,,,,,,726.2499999999999,,2,0.9915943287037037,33251.966666666674,31880.05,33714.849999999984,17702.666666666664,32363.333333333336,38795.566666666666,24745.533333333336,17455.899999999998,8683.283333333333,23576.716666666664,16283.3,22950.033333333336,21475.450000000004,5746.416666666666,14574.983333333334,24744.649999999998,30567.733333333334,28901.6,40849.6,24409.15,0,0,0,0,0,0,0,0,0,0,0,0,C4-GUJ-01,Tawal,TWPGRW0006,Macro
381,KMK9308,KMK9308__S_ImamBargahKashana,3,C4-GUJ-01,,ATL,ATKMK1,,,,,,,,,,,,,209.75,,,,,,,,,,,,,,,,,,,209.75,,1,0.9975723379629629,33251.966666666674,31880.05,33714.849999999984,17702.666666666664,32363.333333333336,38795.566666666666,24745.533333333336,17455.899999999998,8683.283333333333,23576.716666666664,16283.3,22950.033333333336,21475.450000000004,5746.416666666666,14574.983333333334,24744.649999999998,30567.733333333334,28901.6,40849.6,24409.15,0,0,0,0,0,0,0,0,0,0,0,0,C4-GUJ-01,ATL,ATKMK1,Macro
382,GUJ9556,GUJ9556__S_GovtShuhadaEAPSMemorial School,3,C4-GUJ-01,,Enfrashare,EC1-GUJ-08173,,,,,,,,,,,,,,,,,,,,,,,,,,,,,,,,0,,0,1,33251.966666666674,31880.05,33714.849999999984,17702.666666666664,32363.333333333336,38795.566666666666,24745.533333333336,17455.899999999998,8683.283333333333,23576.716666666664,16283.3,22950.033333333336,21475.450000000004,5746.416666666666,14574.983333333334,24744.649999999998,30567.733333333334,28901.6,40849.6,24409.15,0,0,0,0,0,0,0,0,0,0,0,0,C4-GUJ-01,Enfra,EC1-GUJ-08173,Macro
383,KMK8459,KMK8459__S_PuranaChajokiRd,3,C4-GUJ-01,,Tawal,TWPGRW0010,,,,,,,,,,,,,,,,,,,,,,,,,,,,,,,,0,,0,1,33251.966666666674,31880.05,33714.849999999984,17702.666666666664,32363.333333333336,38795.566666666666,24745.533333333336,17455.899999999998,8683.283333333333,23576.716666666664,16283.3,22950.033333333336,21475.450000000004,5746.416666666666,14574.983333333334,24744.649999999998,30567.733333333334,28901.6,40849.6,24409.15,0,0,0,0,0,0,0,0,0,0,0,0,C4-GUJ-01,Tawal,TWPGRW0010,Macro
384,GUJ8388,GUJ8388__S_GMagnoliaPark,3,C4-GUJ-01,,E.Co,e.coPK015629PU,,,,,,,,,,,,,,,,9.25,,,,,,,,,,,,,,,,9.25,,1,0.9998929398148149,33251.966666666674,31880.05,33714.849999999984,17702.666666666664,32363.333333333336,38795.566666666666,24745.533333333336,17455.899999999998,8683.283333333333,23576.716666666664,16283.3,22950.033333333336,21475.450000000004,5746.416666666666,14574.983333333334,24744.649999999998,30567.733333333334,28901.6,40849.6,24409.15,0,0,0,0,0,0,0,0,0,0,0,0,C4-GUJ-01,E.co,e.coPK015629PU,Macro
385,GUJ9561,GUJ9561__S_KotliArbang,3,C4-GUJ-01,,E.Co,e.coPK000979PU,840.2500000000003,1314,,,20.5,,29.5,,,,,,,,169.29999999999998,316.0333333333333,127.66666666666667,385.25,321.36666666666673,1114.25,,,,,,,,,,,,4638.116666666667,,10,0.9463180941358025,33251.966666666674,31880.05,33714.849999999984,17702.666666666664,32363.333333333336,38795.566666666666,24745.533333333336,17455.899999999998,8683.283333333333,23576.716666666664,16283.3,22950.033333333336,21475.450000000004,5746.416666666666,14574.983333333334,24744.649999999998,30567.733333333334,28901.6,40849.6,24409.15,0,0,0,0,0,0,0,0,0,0,0,0,C4-GUJ-01,E.co,e.coPK000979PU,Macro
386,WND8628,WND8628__S_PTCLExchangeWahndo_GTRP2150,3,C4-GUJ-01,,PTCL,GTRP2150,478.25000000000006,328.75,287.45,124.4,655.2833333333333,1444.133333333332,669.9999999999999,1370.9,,,,69.50000000000001,,,266.54999999999995,632.5833333333333,,,796.4166666666667,,,,,,,,,,,,,7124.216666666666,,12,0.917543788580247,33251.966666666674,31880.05,33714.849999999984,17702.666666666664,32363.333333333336,38795.566666666666,24745.533333333336,17455.899999999998,8683.283333333333,23576.716666666664,16283.3,22950.033333333336,21475.450000000004,5746.416666666666,14574.983333333334,24744.649999999998,30567.733333333334,28901.6,40849.6,24409.15,0,0,0,0,0,0,0,0,0,0,0,0,C4-GUJ-01,PTCL,GTRP2150,Macro
387,RUR1165,RUR1165__S_Darajake,3,C4-GUJ-01,,E.Co,e.coPK019896PU,,,,,,,,,,,,,,,,,,,,,,,,,,,,,,,,0,,0,1,33251.966666666674,31880.05,33714.849999999984,17702.666666666664,32363.333333333336,38795.566666666666,24745.533333333336,17455.899999999998,8683.283333333333,23576.716666666664,16283.3,22950.033333333336,21475.450000000004,5746.416666666666,14574.983333333334,24744.649999999998,30567.733333333334,28901.6,40849.6,24409.15,0,0,0,0,0,0,0,0,0,0,0,0,C4-GUJ-01,E.Co,e.coPK019896PU,Macro
388,GUJ8620,GUJ8620__S_ChanDaQilaChowk_Ufone3952,3,C4-GUJ-01,,Ufone,3952,,,834.5499999999998,,792.25,2910.9500000000003,4319.949999999999,,,618,,742.2500000000001,,,,,686.7500000000001,,479.9000000000001,,,,,,,,,,,,,11384.599999999999,,8,0.8682337962962963,33251.966666666674,31880.05,33714.849999999984,17702.666666666664,32363.333333333336,38795.566666666666,24745.533333333336,17455.899999999998,8683.283333333333,23576.716666666664,16283.3,22950.033333333336,21475.450000000004,5746.416666666666,14574.983333333334,24744.649999999998,30567.733333333334,28901.6,40849.6,24409.15,0,0,0,0,0,0,0,0,0,0,0,0,C4-GUJ-01,Ufone,3952,Macro
389,GUJ0101,GUJ0101__S_QaziTown_TPLGW202,3,C4-GUJ-01,,Telenor,LGW202,,,798.75,,828.0500000000002,2547.45,257.5,,,945.5,,932.1333333333334,,,,,916.75,,748.7499999999999,,,,,,,,,,,,,7974.883333333333,,8,0.9076981095679012,33251.966666666674,31880.05,33714.849999999984,17702.666666666664,32363.333333333336,38795.566666666666,24745.533333333336,17455.899999999998,8683.283333333333,23576.716666666664,16283.3,22950.033333333336,21475.450000000004,5746.416666666666,14574.983333333334,24744.649999999998,30567.733333333334,28901.6,40849.6,24409.15,0,0,0,0,0,0,0,0,0,0,0,0,C4-GUJ-01,TP,LGW202,Macro
390,KMK8569,KMK8569_H_ChoudryMktKamonki,3,C4-GUJ-01,30+31,Stand by,,,,180.33333333333331,,,,,,,,,,,,,,,,,,,,,,,,,,,,,180.33333333333331,,1,0.9979128086419753,33251.966666666674,31880.05,33714.849999999984,17702.666666666664,32363.333333333336,38795.566666666666,24745.533333333336,17455.899999999998,8683.283333333333,23576.716666666664,16283.3,22950.033333333336,21475.450000000004,5746.416666666666,14574.983333333334,24744.649999999998,30567.733333333334,28901.6,40849.6,24409.15,0,0,0,0,0,0,0,0,0,0,0,0,C4-GUJ-01,,,Macro
391,SDK1691,SDK1691__S_NearMadniPolyTexPvt,3,C4-GUJ-01,,ATL,ATKMK3,,,,,8.75,,,,,1444.4166666666665,,,,,,,,,,,,,,,,,,,,,,1453.1666666666665,,2,0.9831809413580247,33251.966666666674,31880.05,33714.849999999984,17702.666666666664,32363.333333333336,38795.566666666666,24745.533333333336,17455.899999999998,8683.283333333333,23576.716666666664,16283.3,22950.033333333336,21475.450000000004,5746.416666666666,14574.983333333334,24744.649999999998,30567.733333333334,28901.6,40849.6,24409.15,0,0,0,0,0,0,0,0,0,0,0,0,C4-GUJ-01,ATKMK3,ATKMK3,Macro
392,RUR5532,RUR5532__S_CitiHousing,3,C4-GUJ-01,,Enfrashare,EC1-GUJ-02153,,,,,,,,,,,,,,,,,,,,,,,,,,,,,,,,0,,0,1,33251.966666666674,31880.05,33714.849999999984,17702.666666666664,32363.333333333336,38795.566666666666,24745.533333333336,17455.899999999998,8683.283333333333,23576.716666666664,16283.3,22950.033333333336,21475.450000000004,5746.416666666666,14574.983333333334,24744.649999999998,30567.733333333334,28901.6,40849.6,24409.15,0,0,0,0,0,0,0,0,0,0,0,0,,,,Macro
393,GUJ5226,GUJ5226__T_Imtiaz Store King Mall,1,C4-GUJ-01,,Jazz CP Prime,,,,,,,,,,,,,,,,,,,,,,,,,,,,,,,,,0,,0,1,33251.966666666674,31880.05,33714.849999999984,17702.666666666664,32363.333333333336,38795.566666666666,24745.533333333336,17455.899999999998,8683.283333333333,23576.716666666664,16283.3,22950.033333333336,21475.450000000004,5746.416666666666,14574.983333333334,24744.649999999998,30567.733333333334,28901.6,40849.6,24409.15,0,0,0,0,0,0,0,0,0,0,0,0,C4-GUJ-01,,,Micro
394,KMK4527,KMK4527_S_NRSPMicorfinanceBANK,3,C4-GUJ-01,,Enfrashare,EC1-KMK-09803,,,,,,,,,,,,,,,,,,,,122.19999999999999,,,,,,,,,,,,122.19999999999999,,1,0.9985856481481481,33251.966666666674,31880.05,33714.849999999984,17702.666666666664,32363.333333333336,38795.566666666666,24745.533333333336,17455.899999999998,8683.283333333333,23576.716666666664,16283.3,22950.033333333336,21475.450000000004,5746.416666666666,14574.983333333334,24744.649999999998,30567.733333333334,28901.6,40849.6,24409.15,0,0,0,0,0,0,0,0,0,0,0,0,C4-GUJ-01,,,
395,GUJ6583,"Ariana Wali Gali, Urdu Bazar",1,C4-GUJ-01,,Jazz CP Prime,,,,,,,,1398.333333333333,707.7833333333333,,,,,,,,,,,,,,,,,,,,,,,,2106.1166666666663,,2,0.9268709490740741,33251.966666666674,31880.05,33714.849999999984,17702.666666666664,32363.333333333336,38795.566666666666,24745.533333333336,17455.899999999998,8683.283333333333,23576.716666666664,16283.3,22950.033333333336,21475.450000000004,5746.416666666666,14574.983333333334,24744.649999999998,30567.733333333334,28901.6,40849.6,24409.15,0,0,0,0,0,0,0,0,0,0,0,0,,,,Micro
396,GUJ8284,GUJ8284_S_jamiamasjid muhalla Quaid-e-azam,3,C4-GUJ-01,,E.Co,e.coPK015525PU,,28.08333333333333,,,,,196.79999999999998,,,,,191.41666666666669,,,,,,836.25,591.2499999999999,,,,,,,,,,,,,1843.7999999999997,,5,0.9786597222222223,33251.966666666674,31880.05,33714.849999999984,17702.666666666664,32363.333333333336,38795.566666666666,24745.533333333336,17455.899999999998,8683.283333333333,23576.716666666664,16283.3,22950.033333333336,21475.450000000004,5746.416666666666,14574.983333333334,24744.649999999998,30567.733333333334,28901.6,40849.6,24409.15,0,0,0,0,0,0,0,0,0,0,0,0,C4-GUJ-01,,,
397,GUJ8279,GUJ8279_S_NowshehrasansiGraveyard,3,C4-GUJ-01,,E.Co,e.coPK020181PU,,,137.91666666666666,,,,,,,,,157.99999999999997,,,,,,,,,,,,,,,,,,,,295.91666666666663,,2,0.996575038580247,33251.966666666674,31880.05,33714.849999999984,17702.666666666664,32363.333333333336,38795.566666666666,24745.533333333336,17455.899999999998,8683.283333333333,23576.716666666664,16283.3,22950.033333333336,21475.450000000004,5746.416666666666,14574.983333333334,24744.649999999998,30567.733333333334,28901.6,40849.6,24409.15,0,0,0,0,0,0,0,0,0,0,0,0,C4-GUJ-01,,,
398,GUJ8287,GUJ8287_S_Usmancolony,3,C4-GUJ-01,,E.Co,e.coPK015632PU,16.666666666666664,61.666666666666664,,,,,,,,1612.8000000000002,,,,,,,,702.2166666666666,319.7499999999999,,,,,,,,,,,,,2713.1,,5,0.9685983796296296,33251.966666666674,31880.05,33714.849999999984,17702.666666666664,32363.333333333336,38795.566666666666,24745.533333333336,17455.899999999998,8683.283333333333,23576.716666666664,16283.3,22950.033333333336,21475.450000000004,5746.416666666666,14574.983333333334,24744.649999999998,30567.733333333334,28901.6,40849.6,24409.15,0,0,0,0,0,0,0,0,0,0,0,0,C4-GUJ-01,,,
399,KMK8278,KMK8278_S_Kassuki,3,C4-GUJ-01,,E.Co,e.coPK020221PU,,,,,,,,,,,,,,,,,,,,,,,,,,,,,,,,0,,0,1,33251.966666666674,31880.05,33714.849999999984,17702.666666666664,32363.333333333336,38795.566666666666,24745.533333333336,17455.899999999998,8683.283333333333,23576.716666666664,16283.3,22950.033333333336,21475.450000000004,5746.416666666666,14574.983333333334,24744.649999999998,30567.733333333334,28901.6,40849.6,24409.15,0,0,0,0,0,0,0,0,0,0,0,0,C4-GUJ-01,,,
400,KMK8290,KMK8290__S_JamiaMasjidAkbari,3,C4-GUJ-01,,E.Co,e.coPK020180PU,,,,,,,,,,,,,,,,,,,,,,,,,,,,,,,,0,,0,1,33251.966666666674,31880.05,33714.849999999984,17702.666666666664,32363.333333333336,38795.566666666666,24745.533333333336,17455.899999999998,8683.283333333333,23576.716666666664,16283.3,22950.033333333336,21475.450000000004,5746.416666666666,14574.983333333334,24744.649999999998,30567.733333333334,28901.6,40849.6,24409.15,0,0,0,0,0,0,0,0,0,0,0,0,C4-GUJ-01,E.Co,e.coPK020180PU,
401,RUR7589,RUR7589__S_KhanPiaraEminabadRd,3,C4-GUJ-01,,Enfrashare,EC1-GUJ-09974 ,99.49999999999997,537.75,,,1151.9500000000003,71.49999999999999,,833.3333333333334,,,,,,,,,,,693.8000000000001,,,,,,,,,,,,,3387.833333333334,,6,0.9607889660493827,33251.966666666674,31880.05,33714.849999999984,17702.666666666664,32363.333333333336,38795.566666666666,24745.533333333336,17455.899999999998,8683.283333333333,23576.716666666664,16283.3,22950.033333333336,21475.450000000004,5746.416666666666,14574.983333333334,24744.649999999998,30567.733333333334,28901.6,40849.6,24409.15,0,0,0,0,0,0,0,0,0,0,0,0,C4-GUJ-01,Deodar,EC1-GUJ-09974 ,
402,RRC0016,RRC0016_S_Bhundri,3,C4-GUJ-01,,ATL,ATMDK8,,,,,,23.75,,27,,,,,,,,7.250000000000001,,,,,,,,,,,,,,,,58,,3,0.9993287037037036,33251.966666666674,31880.05,33714.849999999984,17702.666666666664,32363.333333333336,38795.566666666666,24745.533333333336,17455.899999999998,8683.283333333333,23576.716666666664,16283.3,22950.033333333336,21475.450000000004,5746.416666666666,14574.983333333334,24744.649999999998,30567.733333333334,28901.6,40849.6,24409.15,0,0,0,0,0,0,0,0,0,0,0,0,C4-GUJ-01,ATL-,ATMDK8,
403,GUJ9940,GUJ9940__S_GovtGirlsDegreeCollegeTariqAbad,3,C4-GUJ-01,,E.Co,e.coPK015524PU,,,433.2499999999999,1279.8333333333335,,792.0833333333333,,,,,726.75,,793,,,528.2499999999999,,890.75,,918,,,,,,,,,,,,6361.916666666667,,8,0.9263667052469136,33251.966666666674,31880.05,33714.849999999984,17702.666666666664,32363.333333333336,38795.566666666666,24745.533333333336,17455.899999999998,8683.283333333333,23576.716666666664,16283.3,22950.033333333336,21475.450000000004,5746.416666666666,14574.983333333334,24744.649999999998,30567.733333333334,28901.6,40849.6,24409.15,0,0,0,0,0,0,0,0,0,0,0,0,C4-GUJ-01,E.Co-,e.coPK015524PU,
404,GUJ9923,GUJ9923__S_GraveyardKhiyaliNorth,3,C4-GUJ-01,,Enfrashare,EC1-GUJ-10194,,,,,,,,,,,,,,,,,,,,,,,,,,,,,,,,0,,0,1,33251.966666666674,31880.05,33714.849999999984,17702.666666666664,32363.333333333336,38795.566666666666,24745.533333333336,17455.899999999998,8683.283333333333,23576.716666666664,16283.3,22950.033333333336,21475.450000000004,5746.416666666666,14574.983333333334,24744.649999999998,30567.733333333334,28901.6,40849.6,24409.15,0,0,0,0,0,0,0,0,0,0,0,0,C4-GUJ-01,ENFRA-,EC1-GUJ-10194,Macro
405,GUJ9099,GUJ9099__S_GhosiaFlyoverGMagnliaPark,3,C4-GUJ-01,,Tawal,TWPGRWDD13,,,,,,,,,,,,,,,,,,,,,,,,,,,,,,,,0,,0,1,33251.966666666674,31880.05,33714.849999999984,17702.666666666664,32363.333333333336,38795.566666666666,24745.533333333336,17455.899999999998,8683.283333333333,23576.716666666664,16283.3,22950.033333333336,21475.450000000004,5746.416666666666,14574.983333333334,24744.649999999998,30567.733333333334,28901.6,40849.6,24409.15,0,0,0,0,0,0,0,0,0,0,0,0,C4-GUJ-01,Tawal-,TWPGRWDD13,Macro
406,RRC0052,RRC0052__S_HelipadGroundCitiHousing,3,C4-GUJ-01,,Enfrashare,EC1-GUJ-10216,,,,,,,747.1666666666665,,,336.2499999999999,,,245.25,,431.1499999999999,343,91.25000000000001,,,,,,,,,,,,,,,2194.0666666666666,,6,0.9746057098765433,33251.966666666674,31880.05,33714.849999999984,17702.666666666664,32363.333333333336,38795.566666666666,24745.533333333336,17455.899999999998,8683.283333333333,23576.716666666664,16283.3,22950.033333333336,21475.450000000004,5746.416666666666,14574.983333333334,24744.649999999998,30567.733333333334,28901.6,40849.6,24409.15,0,0,0,0,0,0,0,0,0,0,0,,,,,
407,KMK9793,KMK9793__S_TankiWalaRd,3,C4-GUJ-01,,Enfrashare,EC1-KMK-10150,,,,,,,,,,,,,,,,,,,,,,,,,,,,,,,,0,,0,1,33251.966666666674,31880.05,33714.849999999984,17702.666666666664,32363.333333333336,38795.566666666666,24745.533333333336,17455.899999999998,8683.283333333333,23576.716666666664,16283.3,22950.033333333336,21475.450000000004,5746.416666666666,14574.983333333334,24744.649999999998,30567.733333333334,28901.6,40849.6,24409.15,0,0,0,0,0,0,0,0,0,0,0,0,,,,
408,GUJ9699,GUJ9699__S_GhosiaFlyoverGMagnoliaPark,3,C4-GUJ-01,,Tawal-,TWPGRW0013,,,,,,463.80000000000007,,,204.5,,,,,,,,,633.9999999999999,,1166.4000000000003,,,,,,,,,,,,2468.7000000000003,,4,0.9714270833333333,33251.966666666674,31880.05,33714.849999999984,17702.666666666664,32363.333333333336,38795.566666666666,24745.533333333336,17455.899999999998,8683.283333333333,23576.716666666664,16283.3,22950.033333333336,21475.450000000004,5746.416666666666,14574.983333333334,24744.649999999998,30567.733333333334,28901.6,40849.6,24409.15,0,0,0,0,0,0,0,0,0,0,0,0,,,,
409,RRC7589,,3,C4-GUJ-01,,Enfrashare,EC1-GUJ-09974,,,,,,,,,,,,,,,,,,,,,,,,,,,,,,,,0,,0,1,33251.966666666674,31880.05,33714.849999999984,17702.666666666664,32363.333333333336,38795.566666666666,24745.533333333336,17455.899999999998,8683.283333333333,23576.716666666664,16283.3,22950.033333333336,21475.450000000004,5746.416666666666,14574.983333333334,24744.649999999998,30567.733333333334,28901.6,40849.6,24409.15,0,0,0,0,0,0,0,0,0,0,0,0,C4-GUJ-01,Enfrashare,EC1-GUJ-09974,Macro
410,GUJ9533,GUJ9533__S_TaekwondoKarateAcademy_CMPak43038,3,C4-GUJ-01,,ZONG-,CMPAK-43038,,,304.2500000000001,,368.7500000000001,20.75,,,,461.04999999999995,,495.5000000000001,,,,,408,,264.75,,,,,,,,,,,,,2323.05,,7,0.9731128472222222,33251.966666666674,31880.05,33714.849999999984,17702.666666666664,32363.333333333336,38795.566666666666,24745.533333333336,17455.899999999998,8683.283333333333,23576.716666666664,16283.3,22950.033333333336,21475.450000000004,5746.416666666666,14574.983333333334,24744.649999999998,30567.733333333334,28901.6,40849.6,24409.15,0,0,0,0,0,0,0,0,0,0,0,0,C4-WZD-08,ATL-,ATSLK28,Macro
411,GUJ9871,GUJ9871__S_Rehmanabad_CMPak42627,3,C4-GUJ-02,,CM Pak,42627,,,,,,3467.000000000001,,,,,,,,,,,,,,,,,,,,,,,,,,3467.000000000001,,1,0.9598726851851852,14846.299999999997,31003.46666666667,20558.516666666666,19615.2,7707.916666666667,33752.68333333334,8318.1,6610.333333333332,3142.0166666666664,8051.533333333333,13827.483333333335,3290.033333333334,13103.516666666666,6643.349999999998,4315.683333333332,10832.150000000003,15418.966666666667,15505.699999999999,9902.033333333333,20929.6,0,0,0,0,0,0,0,0,0,0,0,0,C4-GUJ-02,ZONG-,42627,Macro
412,GUJ6202,GUJ6202__S_QilaSundarSingh,3,C4-GUJ-02,,E.Co,e.coPK018348PU,,,281,,,165.25000000000003,,,,,,139.24999999999997,,,,,,,,,,,,,,,,,,,,585.5,,3,0.9932233796296296,14846.299999999997,31003.46666666667,20558.516666666666,19615.2,7707.916666666667,33752.68333333334,8318.1,6610.333333333332,3142.0166666666664,8051.533333333333,13827.483333333335,3290.033333333334,13103.516666666666,6643.349999999998,4315.683333333332,10832.150000000003,15418.966666666667,15505.699999999999,9902.033333333333,20929.6,0,0,0,0,0,0,0,0,0,0,0,0,,,,Macro
413,GUJ1456,GUJ1456__ShalimarTownGUJ,4,C4-GUJ-02,,Ufone,CI-1320,98.41666666666667,341.2499999999999,12.75,,,31.333333333333332,,119.16666666666664,,,,,,8.916666666666664,,,,26.333333333333332,,,,,,,,,,,,,,638.1666666666665,,7,0.9944603587962964,14846.299999999997,31003.46666666667,20558.516666666666,19615.2,7707.916666666667,33752.68333333334,8318.1,6610.333333333332,3142.0166666666664,8051.533333333333,13827.483333333335,3290.033333333334,13103.516666666666,6643.349999999998,4315.683333333332,10832.150000000003,15418.966666666667,15505.699999999999,9902.033333333333,20929.6,0,0,0,0,0,0,0,0,0,0,0,0,C4-GUJ-02,UFone,CI-1320,Macro
414,Guj8283,GUJ8283__S_RuryalaWarriach,3,C4-GUJ-02,,E.Co,e.coPK017041PU,,,,,,,,,,86.00000000000001,167.75,,,,,,,,,,,,,,,,,,,,,253.75,,2,0.9970630787037037,14846.299999999997,31003.46666666667,20558.516666666666,19615.2,7707.916666666667,33752.68333333334,8318.1,6610.333333333332,3142.0166666666664,8051.533333333333,13827.483333333335,3290.033333333334,13103.516666666666,6643.349999999998,4315.683333333332,10832.150000000003,15418.966666666667,15505.699999999999,9902.033333333333,20929.6,0,0,0,0,0,0,0,0,0,0,0,0,C4-GUJ-02,,,
415,GUJ9534,GUJ9534__BagdadTownAlamChowkPTCL_EXC,3,C4-GUJ-02,,PTCL,GTRP2052,257.83333333333337,510.5833333333333,865.3333333333331,410.58333333333337,916.0833333333334,427.75,218.74999999999997,,14.166666666666668,303.9999999999999,51.33333333333334,109.41666666666666,156.33333333333334,358,121.00000000000003,143.08333333333337,,192,151.58333333333334,124.74999999999999,,,,,,,,,,,,5332.583333333333,,18,0.9382802854938272,14846.299999999997,31003.46666666667,20558.516666666666,19615.2,7707.916666666667,33752.68333333334,8318.1,6610.333333333332,3142.0166666666664,8051.533333333333,13827.483333333335,3290.033333333334,13103.516666666666,6643.349999999998,4315.683333333332,10832.150000000003,15418.966666666667,15505.699999999999,9902.033333333333,20929.6,0,0,0,0,0,0,0,0,0,0,0,0,C4-GUJ-02,PTCL,GTRP2052,Macro
416,GUJ3816,GUJ3816__Mohallah_Shaheenabad,4,C4-GUJ-02,20,Stand by,,8.833333333333334,,478.24999999999994,1564.5833333333335,,32.33333333333333,315.75,,,333.46666666666664,622.1166666666666,22.333333333333332,642.4166666666665,,,418.6666666666667,31.333333333333332,185.33333333333331,,353.6666666666666,,,,,,,,,,,,5009.083333333334,,13,0.9565183738425925,14846.299999999997,31003.46666666667,20558.516666666666,19615.2,7707.916666666667,33752.68333333334,8318.1,6610.333333333332,3142.0166666666664,8051.533333333333,13827.483333333335,3290.033333333334,13103.516666666666,6643.349999999998,4315.683333333332,10832.150000000003,15418.966666666667,15505.699999999999,9902.033333333333,20929.6,0,0,0,0,0,0,0,0,0,0,0,0,C4-GUJ-02,,,Macro
417,GUJ8150,GUJ8150__GeneralBusStand,2,C4-GUJ-02,,Jazz CP Prime,,301.6666666666667,1212.3666666666666,266.49999999999994,1254.0333333333333,124.83333333333331,1273.8333333333335,112.08333333333334,,79.83333333333331,139.66666666666669,942.5,144.66666666666669,902,77,185.33333333333331,784.0333333333334,,976.5000000000001,121.16666666666666,1064.7,,,,,,,,,,,,9962.716666666667,,18,0.8270361689814814,14846.299999999997,31003.46666666667,20558.516666666666,19615.2,7707.916666666667,33752.68333333334,8318.1,6610.333333333332,3142.0166666666664,8051.533333333333,13827.483333333335,3290.033333333334,13103.516666666666,6643.349999999998,4315.683333333332,10832.150000000003,15418.966666666667,15505.699999999999,9902.033333333333,20929.6,0,0,0,0,0,0,0,0,0,0,0,0,C4-GUJ-02,,,Micro
418,GUJ8152,GUJ8152__BankSquare,2,C4-GUJ-02,,Jazz CP Prime,,,,1766.6666666666667,1834.3333333333335,,,813.6666666666666,,,,,,682.6333333333334,2879.966666666666,,,,1110.7666666666667,2840.233333333334,,,,,,,,,,,,,11928.266666666666,,7,0.792912037037037,14846.299999999997,31003.46666666667,20558.516666666666,19615.2,7707.916666666667,33752.68333333334,8318.1,6610.333333333332,3142.0166666666664,8051.533333333333,13827.483333333335,3290.033333333334,13103.516666666666,6643.349999999998,4315.683333333332,10832.150000000003,15418.966666666667,15505.699999999999,9902.033333333333,20929.6,0,0,0,0,0,0,0,0,0,0,0,0,C4-GUJ-02,,,Micro
419,GUJ9442,GUJ9442__S_Rahmanpura Warid_MDGJ4215,3,C4-GUJ-02,30,Stand by,,133.66666666666669,93.49999999999999,367.8333333333333,169.99999999999997,21.5,,,,,88.74999999999999,99.66666666666667,94.33333333333334,,13.25,,,,145.66666666666669,43.66666666666666,,,,,,,,,,,,,1271.8333333333335,,11,0.9852797067901234,14846.299999999997,31003.46666666667,20558.516666666666,19615.2,7707.916666666667,33752.68333333334,8318.1,6610.333333333332,3142.0166666666664,8051.533333333333,13827.483333333335,3290.033333333334,13103.516666666666,6643.349999999998,4315.683333333332,10832.150000000003,15418.966666666667,15505.699999999999,9902.033333333333,20929.6,0,0,0,0,0,0,0,0,0,0,0,0,C4-GUJ-02,,,Macro
420,GUJ0724,GUJ0724__Garjakh,4,C4-GUJ-02,30,Stand by,,51.16666666666666,48.66666666666667,9,54.166666666666664,68.66666666666666,,,,,,38.333333333333336,17.833333333333332,,17.666666666666668,,,,103.33333333333334,,,,,,,,,,,,,,408.83333333333337,,9,0.9964510995370371,14846.299999999997,31003.46666666667,20558.516666666666,19615.2,7707.916666666667,33752.68333333334,8318.1,6610.333333333332,3142.0166666666664,8051.533333333333,13827.483333333335,3290.033333333334,13103.516666666666,6643.349999999998,4315.683333333332,10832.150000000003,15418.966666666667,15505.699999999999,9902.033333333333,20929.6,0,0,0,0,0,0,0,0,0,0,0,0,C4-GUJ-02,,,Macro
421,GUJ5519,GUJ5519_H_Nowshera Sansi Rd,3,C4-GUJ-02,,ATL,ATGJW11,1434.3333333333323,1715.1666666666665,2941.866666666667,1995.1333333333323,326.00000000000006,,,,,155.41666666666669,,190.5,185.25,,37.83333333333333,53.16666666666668,161.74999999999997,209.55000000000007,215.5833333333333,28.333333333333332,,,,,,,,,,,,9649.883333333331,,14,0.8883115354938272,14846.299999999997,31003.46666666667,20558.516666666666,19615.2,7707.916666666667,33752.68333333334,8318.1,6610.333333333332,3142.0166666666664,8051.533333333333,13827.483333333335,3290.033333333334,13103.516666666666,6643.349999999998,4315.683333333332,10832.150000000003,15418.966666666667,15505.699999999999,9902.033333333333,20929.6,0,0,0,0,0,0,0,0,0,0,0,0,,,,Macro
422,GUJ6549,GUJ6549__S_KotliRustam,3,C4-GUJ-02,,Enfrashare,EC1-GUJ-05054,,,,,,1752.9999999999998,,,,,,,,,,,,,,,,,,,,,,,,,,1752.9999999999998,,1,0.9797106481481481,14846.299999999997,31003.46666666667,20558.516666666666,19615.2,7707.916666666667,33752.68333333334,8318.1,6610.333333333332,3142.0166666666664,8051.533333333333,13827.483333333335,3290.033333333334,13103.516666666666,6643.349999999998,4315.683333333332,10832.150000000003,15418.966666666667,15505.699999999999,9902.033333333333,20929.6,0,0,0,0,0,0,0,0,0,0,0,0,,,,Macro
423,GUJ9733,GUJ9733__SamnabadGuranwala,4,C4-GUJ-02,30,Stand by,,,,,,,769.5833333333337,,,,,,873.0000000000007,390.9999999999999,,,,759.5499999999998,121.2,,191.24999999999997,,,,,,,,,,,,3105.583333333334,,6,0.9730418113425925,14846.299999999997,31003.46666666667,20558.516666666666,19615.2,7707.916666666667,33752.68333333334,8318.1,6610.333333333332,3142.0166666666664,8051.533333333333,13827.483333333335,3290.033333333334,13103.516666666666,6643.349999999998,4315.683333333332,10832.150000000003,15418.966666666667,15505.699999999999,9902.033333333333,20929.6,0,0,0,0,0,0,0,0,0,0,0,0,C4-GUJ-02,,,Macro
424,GUJ0774,GUJ0774__S_ChiraghNagar_CMPak4926,3,C4-GUJ-02,,CM Pak,4926,1302.85,212.16666666666669,,199.91666666666669,205.75,,376.25000000000006,,,162.33333333333334,45.99999999999999,212.75,,,196.33333333333334,348.5,744.9833333333335,1043.7666666666664,,326.7500000000001,,,,,,,,,,,,5378.35,,13,0.9377505787037037,14846.299999999997,31003.46666666667,20558.516666666666,19615.2,7707.916666666667,33752.68333333334,8318.1,6610.333333333332,3142.0166666666664,8051.533333333333,13827.483333333335,3290.033333333334,13103.516666666666,6643.349999999998,4315.683333333332,10832.150000000003,15418.966666666667,15505.699999999999,9902.033333333333,20929.6,0,0,0,0,0,0,0,0,0,0,0,0,C4-GUJ-02,CMPak,4926,Macro
425,Guj3351,Guj3351__Muhallahessayan,3,C4-GUJ-02,27,Stand by,,112.35000000000001,471.8500000000001,16.250000000000004,190.74999999999997,19.833333333333336,58.74999999999999,141.06666666666666,98.93333333333334,23.75,47.25,528.4166666666666,23.25,70.75,35.25,106.4,212.13333333333338,138.25,70.25,118.29999999999998,186.15000000000003,,,,,,,,,,,,2669.933333333334,,20,0.9690979938271604,14846.299999999997,31003.46666666667,20558.516666666666,19615.2,7707.916666666667,33752.68333333334,8318.1,6610.333333333332,3142.0166666666664,8051.533333333333,13827.483333333335,3290.033333333334,13103.516666666666,6643.349999999998,4315.683333333332,10832.150000000003,15418.966666666667,15505.699999999999,9902.033333333333,20929.6,0,0,0,0,0,0,0,0,0,0,0,0,C4-GUJ-02,,,Macro
426,RUR5507,RUR5507__S_AdalGarh,3,C4-GUJ-02,,E.Co,e.coPK001038PU,,39.24999999999999,68.49999999999999,,,1591.7333333333336,41.55,,,35.5,132.75,,,85.74999999999999,,22.416666666666668,,53.83333333333333,2138.3833333333328,271.0333333333333,,,,,,,,,,,,4480.699999999999,,11,0.9481400462962963,14846.299999999997,31003.46666666667,20558.516666666666,19615.2,7707.916666666667,33752.68333333334,8318.1,6610.333333333332,3142.0166666666664,8051.533333333333,13827.483333333335,3290.033333333334,13103.516666666666,6643.349999999998,4315.683333333332,10832.150000000003,15418.966666666667,15505.699999999999,9902.033333333333,20929.6,0,0,0,0,0,0,0,0,0,0,0,0,C4-Guj-02,E.co,,Macro
427,GUJ9425,GUJ9425__S_PTCL Exchange GPO Warid_GJ3804,3,C4-GUJ-02,20,Stand by,,323.4999999999999,503.0000000000001,72.30000000000001,463.81666666666666,196,1767.0833333333333,18.833333333333332,1347.0833333333333,164.50000000000003,,351.9999999999999,,468.83333333333354,,138.38333333333338,1279.416666666667,272.0833333333334,,47.49999999999999,1146.1666666666665,,,,,,,,,,,,8560.5,,16,0.9009201388888889,14846.299999999997,31003.46666666667,20558.516666666666,19615.2,7707.916666666667,33752.68333333334,8318.1,6610.333333333332,3142.0166666666664,8051.533333333333,13827.483333333335,3290.033333333334,13103.516666666666,6643.349999999998,4315.683333333332,10832.150000000003,15418.966666666667,15505.699999999999,9902.033333333333,20929.6,0,0,0,0,0,0,0,0,0,0,0,0,C4-GUJ-02,,,Macro
428,GUJ0317,GUJ0317__Jinnahmarket,1,C4-GUJ-02,,Jazz CP Prime,,,,,,,,,,,,,,,,,,,,,697.0166666666667,,,,,,,,,,,,697.0166666666667,,1,0.9757980324074075,14846.299999999997,31003.46666666667,20558.516666666666,19615.2,7707.916666666667,33752.68333333334,8318.1,6610.333333333332,3142.0166666666664,8051.533333333333,13827.483333333335,3290.033333333334,13103.516666666666,6643.349999999998,4315.683333333332,10832.150000000003,15418.966666666667,15505.699999999999,9902.033333333333,20929.6,0,0,0,0,0,0,0,0,0,0,0,0,C4-GUJ-02,,,Micro
429,GUJ5476,GUJ5476__S_FaizAlamTown,3,C4-GUJ-02,,Enfrashare,EC1-GUJ-01752,,,,812.75,,898.0833333333333,,,,,794.5,,799,,,548.9166666666667,,659.4999999999999,,851,,,,,,,,,,,,5363.75,,7,0.9379195601851852,14846.299999999997,31003.46666666667,20558.516666666666,19615.2,7707.916666666667,33752.68333333334,8318.1,6610.333333333332,3142.0166666666664,8051.533333333333,13827.483333333335,3290.033333333334,13103.516666666666,6643.349999999998,4315.683333333332,10832.150000000003,15418.966666666667,15505.699999999999,9902.033333333333,20929.6,0,0,0,0,0,0,0,0,0,0,0,0,C4-Guj-02,Enfra,,Macro
430,GUJ5483,GUJ5483__S_ShulamMuhammadTown_CMPak5607,3,C4-GUJ-02,,CM Pak,5607,,,69.58333333333334,,,,,,,,,,,,,,,,284.5833333333333,,,,,,,,,,,,,354.16666666666663,,2,0.9959008487654322,14846.299999999997,31003.46666666667,20558.516666666666,19615.2,7707.916666666667,33752.68333333334,8318.1,6610.333333333332,3142.0166666666664,8051.533333333333,13827.483333333335,3290.033333333334,13103.516666666666,6643.349999999998,4315.683333333332,10832.150000000003,15418.966666666667,15505.699999999999,9902.033333333333,20929.6,0,0,0,0,0,0,0,0,0,0,0,0,C4-Guj-02,Enfra,,Macro
431,GUJ9725,GUJ9725__S_AlNoorSchoolLadheWalaWarraich,3,C4-GUJ-02,,Enfrashare,,,,,,,,100.75000000000003,62.999999999999986,,,,,,,,,,,,,,,,,,,,,,,,163.75,,2,0.9981047453703704,14846.299999999997,31003.46666666667,0,9663.716666666669,0,0,0,0,0,0,0,0,0,0,0,0,0,0,0,0,0,0,0,0,0,0,0,0,0,0,0,,,,,
432,GUJ9441,GUJ9441__S_Mominabad Warid_MDGJ4221,3,C4-GUJ-02,30,Stand by,,191.74999999999997,364.49999999999994,102.66666666666664,286.41666666666663,512.6666666666666,223.9166666666667,82.16666666666666,41.083333333333336,40.5,68.33333333333333,22.666666666666668,68.16666666666667,215.45000000000007,86.91666666666667,41.333333333333336,112.66666666666667,122,63.91666666666667,296.25,121.33333333333334,,,,,,,,,,,,3064.7,,20,0.9645289351851852,14846.299999999997,31003.46666666667,20558.516666666666,19615.2,7707.916666666667,33752.68333333334,8318.1,6610.333333333332,3142.0166666666664,8051.533333333333,13827.483333333335,3290.033333333334,13103.516666666666,6643.349999999998,4315.683333333332,10832.150000000003,15418.966666666667,15505.699999999999,9902.033333333333,20929.6,0,0,0,0,0,0,0,0,0,0,0,0,C4-GUJ-02,,,Macro
433,MDK3078,MDK3078__MadoKhail,3,C4-GUJ-02,30,Stand by,,,23.75,27.583333333333336,,14.25,2432.183333333334,2372.7333333333336,108.83333333333334,,,,17.25,,,,,,,,,,,,,,,,,,,,4996.583333333334,,7,0.9421691743827161,14846.299999999997,31003.46666666667,20558.516666666666,19615.2,7707.916666666667,33752.68333333334,8318.1,6610.333333333332,3142.0166666666664,8051.533333333333,13827.483333333335,3290.033333333334,13103.516666666666,6643.349999999998,4315.683333333332,10832.150000000003,15418.966666666667,15505.699999999999,9902.033333333333,20929.6,0,0,0,0,0,0,0,0,0,0,0,0,C4-GUJ-02,,,Macro
434,GUJ5576,GUJ5576_H_Gondlanwala Rd Siddique Akbar Town Gujranwala,3,C4-GUJ-02,,CM Pak,6745_Zong,307.25000000000006,1128.083333333333,703.6666666666667,155.83333333333331,403.1666666666667,33.75,27,573.25,61.33333333333333,18.5,6.916666666666666,57.16666666666666,58.249999999999986,,191.50000000000003,176.99999999999997,26.5,87,201.75,99,,,,,,,,,,,,4316.916666666666,,19,0.9500356867283951,14846.299999999997,31003.46666666667,20558.516666666666,19615.2,7707.916666666667,33752.68333333334,8318.1,6610.333333333332,3142.0166666666664,8051.533333333333,13827.483333333335,3290.033333333334,13103.516666666666,6643.349999999998,4315.683333333332,10832.150000000003,15418.966666666667,15505.699999999999,9902.033333333333,20929.6,0,0,0,0,0,0,0,0,0,0,0,0,,,,Macro
435,GUJ5837,GUJ5837__S_Sharifpura,3,C4-GUJ-02,,Enfrashare,EC1-GUJ-02316,,22.833333333333332,,,,164.75,,,,308.91666666666663,128.08333333333334,,,,,,,,,,,,,,,,,,,,,624.5833333333334,,4,0.9927710262345678,14846.299999999997,31003.46666666667,20558.516666666666,19615.2,7707.916666666667,33752.68333333334,8318.1,6610.333333333332,3142.0166666666664,8051.533333333333,13827.483333333335,3290.033333333334,13103.516666666666,6643.349999999998,4315.683333333332,10832.150000000003,15418.966666666667,15505.699999999999,9902.033333333333,20929.6,0,0,0,0,0,0,0,0,0,0,0,0,,,,Macro
436,GUJ8151,GUJ8151__SikandarKursiHouse,2,C4-GUJ-02,,Jazz CP Prime,,95.66666666666667,141.66666666666669,186,609.7500000000003,293.3666666666667,1001.3166666666662,80.43333333333332,251.33333333333334,125.49999999999999,56.866666666666674,126.50000000000003,67.16666666666666,294.0333333333333,,,,,,,198.83333333333331,,,,,,,,,,,,3528.4333333333334,,14,0.9387424768518519,14846.299999999997,31003.46666666667,20558.516666666666,19615.2,7707.916666666667,33752.68333333334,8318.1,6610.333333333332,3142.0166666666664,8051.533333333333,13827.483333333335,3290.033333333334,13103.516666666666,6643.349999999998,4315.683333333332,10832.150000000003,15418.966666666667,15505.699999999999,9902.033333333333,20929.6,0,0,0,0,0,0,0,0,0,0,0,0,C4-GUJ-02,,,Micro
437,GUJ8233,GUJ8233__Thirty_Feet_Bazar_WP,3,C4-GUJ-02,,GLO,,,27.5,,466.5,,248.75,,,,,,,48.08333333333333,,,,,,,,,,,,,,,,,,,790.8333333333334,,4,0.990846836419753,14846.299999999997,31003.46666666667,20558.516666666666,19615.2,7707.916666666667,33752.68333333334,8318.1,6610.333333333332,3142.0166666666664,8051.533333333333,13827.483333333335,3290.033333333334,13103.516666666666,6643.349999999998,4315.683333333332,10832.150000000003,15418.966666666667,15505.699999999999,9902.033333333333,20929.6,0,0,0,0,0,0,0,0,0,0,0,0,C4-GUJ-02,,,Macro
438,GUJ9829,GUJ9829__S_eKhidmatMarkazPITB,3,C4-GUJ-02,,CP Prime,,,139.24999999999997,,733.2500000000001,,1381.8,,,396,,701.0833333333335,,686.1333333333333,,,454.2500000000001,,745.7499999999999,,901.25,,,,,,,,,,,,6138.766666666667,,9,0.9289494598765432,14846.299999999997,31003.46666666667,0,7329.083333333333,0,0,0,0,396,0,701.0833333333335,0,0,0,0,454.2500000000001,0,745.7499999999999,0,0,0,0,0,0,0,0,0,0,0,0,0,,,,,
439,GUJ3354,GUJ3354__Factoryarea,3,C4-GUJ-02,9,Stand by,,,,,,,,,,,,,,,,,,,,,,,,,,,,,,,,,0,,0,1,14846.299999999997,31003.46666666667,20558.516666666666,19615.2,7707.916666666667,33752.68333333334,8318.1,6610.333333333332,3142.0166666666664,8051.533333333333,13827.483333333335,3290.033333333334,13103.516666666666,6643.349999999998,4315.683333333332,10832.150000000003,15418.966666666667,15505.699999999999,9902.033333333333,20929.6,0,0,0,0,0,0,0,0,0,0,0,0,C4-GUJ-02,,,Macro
440,GUJ9515,GUJ9515__S_Rahwali _GJ4165,3,C4-GUJ-02,20,Stand by,,77.33333333333334,469.50000000000006,439.33333333333303,477.66666666666663,,281.5,371.0000000000001,232.66666666666663,,366.3333333333334,,,167.25000000000003,,,,387.1666666666667,,,15.75,,,,,,,,,,,,3285.4999999999995,,11,0.9619733796296296,14846.299999999997,31003.46666666667,20558.516666666666,19615.2,7707.916666666667,33752.68333333334,8318.1,6610.333333333332,3142.0166666666664,8051.533333333333,13827.483333333335,3290.033333333334,13103.516666666666,6643.349999999998,4315.683333333332,10832.150000000003,15418.966666666667,15505.699999999999,9902.033333333333,20929.6,0,0,0,0,0,0,0,0,0,0,0,0,C4-GUJ-02,,,Macro
441,RUR0181,RUR0181__BankayCheema,4,C4-GUJ-02,,CP Prime,,,,,,,,,,,,,,,12.666666666666668,,,,,,,,,,,,,,,,,,12.666666666666668,,1,0.9998900462962963,14846.299999999997,31003.46666666667,20558.516666666666,19615.2,7707.916666666667,33752.68333333334,8318.1,6610.333333333332,3142.0166666666664,8051.533333333333,13827.483333333335,3290.033333333334,13103.516666666666,6643.349999999998,4315.683333333332,10832.150000000003,15418.966666666667,15505.699999999999,9902.033333333333,20929.6,0,0,0,0,0,0,0,0,0,0,0,0,C4-GUJ-02,,,Macro
442,Guj3355,Guj3355__MuhallahChahaSarfan,3,C4-GUJ-02,9,Stand by,,23.666666666666668,53.58333333333333,192.25000000000003,304.50000000000006,66.08333333333333,26.500000000000004,87.08333333333334,65.08333333333333,62.75000000000001,19.583333333333336,22.083333333333332,70.41666666666667,95.66666666666667,35.333333333333336,71.25,30.166666666666668,46.666666666666664,314.50000000000006,46.08333333333333,27.166666666666668,,,,,,,,,,,,1660.416666666667,,20,0.9807822145061728,14846.299999999997,31003.46666666667,20558.516666666666,19615.2,7707.916666666667,33752.68333333334,8318.1,6610.333333333332,3142.0166666666664,8051.533333333333,13827.483333333335,3290.033333333334,13103.516666666666,6643.349999999998,4315.683333333332,10832.150000000003,15418.966666666667,15505.699999999999,9902.033333333333,20929.6,0,0,0,0,0,0,0,0,0,0,0,0,C4-GUJ-02,,,Macro
443,GUJ9512,GUJ9512__S_Kashmiri_Colony_Rahwali_GJ1905,3,C4-GUJ-02,,CM Pak,5634,679.2,,19.583333333333332,24.000000000000004,,,,,,49,23.333333333333336,,41.16666666666667,,,,,,,,,,,,,,,,,,,836.2833333333334,,6,0.9903207947530865,14846.299999999997,31003.46666666667,20558.516666666666,19615.2,7707.916666666667,33752.68333333334,8318.1,6610.333333333332,3142.0166666666664,8051.533333333333,13827.483333333335,3290.033333333334,13103.516666666666,6643.349999999998,4315.683333333332,10832.150000000003,15418.966666666667,15505.699999999999,9902.033333333333,20929.6,0,0,0,0,0,0,0,0,0,0,0,0,C4-GUJ-02,CMPAK,5634,Macro
444,GUJ4651,GUJ4651__Imranclny,3,C4-GUJ-02,20,Stand by,,,182.55,157.08333333333331,,,178.16666666666666,,,,,,,,,,229.83333333333331,,,,138,,,,,,,,,,,,885.6333333333332,,5,0.9897496141975308,14846.299999999997,31003.46666666667,20558.516666666666,19615.2,7707.916666666667,33752.68333333334,8318.1,6610.333333333332,3142.0166666666664,8051.533333333333,13827.483333333335,3290.033333333334,13103.516666666666,6643.349999999998,4315.683333333332,10832.150000000003,15418.966666666667,15505.699999999999,9902.033333333333,20929.6,0,0,0,0,0,0,0,0,0,0,0,0,C4-GUJ-02,,,Macro
445,GUJ9433,GUJ9433__S_Haider Colony Warid_MDGJ4222,3,C4-GUJ-02,31,Stand by,,,,,,,164.58333333333331,377.5833333333332,,,,1057.6333333333334,,,,151.00000000000003,,,,180.25000000000003,,,,,,,,,,,,,1931.05,,5,0.9776498842592592,14846.299999999997,31003.46666666667,20558.516666666666,19615.2,7707.916666666667,33752.68333333334,8318.1,6610.333333333332,3142.0166666666664,8051.533333333333,13827.483333333335,3290.033333333334,13103.516666666666,6643.349999999998,4315.683333333332,10832.150000000003,15418.966666666667,15505.699999999999,9902.033333333333,20929.6,0,0,0,0,0,0,0,0,0,0,0,0,C4-GUJ-02,,,Macro
446,GUJ8280,GUJ8280__S_GulshanEIyazTown,3,C4-GUJ-02,,E.Co,e.coPK020182PU,,14.75,,665.0000000000001,,707.4999999999999,,,,,637.2500000000001,,619.3333333333335,,,432.5000000000001,,681.5000000000001,,840.5499999999998,,,,,,,,,,,,4598.383333333333,,8,0.9467779706790124,14846.299999999997,31003.46666666667,20558.516666666666,19615.2,7707.916666666667,33752.68333333334,8318.1,6610.333333333332,3142.0166666666664,8051.533333333333,13827.483333333335,3290.033333333334,13103.516666666666,6643.349999999998,4315.683333333332,10832.150000000003,15418.966666666667,15505.699999999999,9902.033333333333,20929.6,0,0,0,0,0,0,0,0,0,0,0,0,C4-GUJ-02,,,
447,GUJ4660,GUJ4660__ClnyKalarAbadi,3,C4-GUJ-02,30,Stand by,,,,34.41666666666667,21.5,186.25000000000003,37.5,55.250000000000014,,,,,,376.9166666666667,365.25,21.333333333333332,,,,,,,,,,,,,,,,,1098.4166666666667,,8,0.9872868441358026,14846.299999999997,31003.46666666667,20558.516666666666,19615.2,7707.916666666667,33752.68333333334,8318.1,6610.333333333332,3142.0166666666664,8051.533333333333,13827.483333333335,3290.033333333334,13103.516666666666,6643.349999999998,4315.683333333332,10832.150000000003,15418.966666666667,15505.699999999999,9902.033333333333,20929.6,0,0,0,0,0,0,0,0,0,0,0,0,C4-GUJ-02,,,Macro
448,GUJ4667,GUJ4667__GujDHA1GujCantt,3,C4-GUJ-02,9,Stand by,,,,,,,,,,,130.99999999999997,,,81.75,5.499999999999999,,,274.75,,,128.25,,,,,,,,,,,,621.25,,5,0.9928096064814815,14846.299999999997,31003.46666666667,20558.516666666666,19615.2,7707.916666666667,33752.68333333334,8318.1,6610.333333333332,3142.0166666666664,8051.533333333333,13827.483333333335,3290.033333333334,13103.516666666666,6643.349999999998,4315.683333333332,10832.150000000003,15418.966666666667,15505.699999999999,9902.033333333333,20929.6,0,0,0,0,0,0,0,0,0,0,0,0,C4-GUJ-02,,,Macro
449,GUJ6295,GUJ6295_S_Yousafpura,3,C4-GUJ-02,,E.Co,e.coPK018440PU,,,,,,165.33333333333331,,,,22.249999999999996,,,,,,,,,,,,,,,,,,,,,,187.58333333333331,,2,0.9978288966049382,14846.299999999997,31003.46666666667,20558.516666666666,19615.2,7707.916666666667,33752.68333333334,8318.1,6610.333333333332,3142.0166666666664,8051.533333333333,13827.483333333335,3290.033333333334,13103.516666666666,6643.349999999998,4315.683333333332,10832.150000000003,15418.966666666667,15505.699999999999,9902.033333333333,20929.6,0,0,0,0,0,0,0,0,0,0,0,0,,,,Macro
450,GUJ6441,GUJ6441__S_KhajoorWaliRd,3,C4-GUJ-02,,Enfrashare,EC1-GUJ-04254,,1667.3333333333335,1619.7499999999998,14.5,,,22.75,110.75,,,312.24999999999994,,,,231.33333333333337,511.8833333333335,,295.4999999999999,,,,,,,,,,,,,,4786.05,,9,0.9446059027777778,14846.299999999997,31003.46666666667,20558.516666666666,19615.2,7707.916666666667,33752.68333333334,8318.1,6610.333333333332,3142.0166666666664,8051.533333333333,13827.483333333335,3290.033333333334,13103.516666666666,6643.349999999998,4315.683333333332,10832.150000000003,15418.966666666667,15505.699999999999,9902.033333333333,20929.6,0,0,0,0,0,0,0,0,0,0,0,0,,,,Macro
451,GUJ9408,GUJ9408__S_Station Park Warid_GJ4202,3,C4-GUJ-02,27,Stand by,,,,,499.41666666666674,578.9666666666666,24,,,,347.58333333333326,93.83333333333334,,779.5500000000003,,66.41666666666667,,176.25,537.3333333333334,,588,,,,,,,,,,,,3691.35,,10,0.9572760416666667,14846.299999999997,31003.46666666667,20558.516666666666,19615.2,7707.916666666667,33752.68333333334,8318.1,6610.333333333332,3142.0166666666664,8051.533333333333,13827.483333333335,3290.033333333334,13103.516666666666,6643.349999999998,4315.683333333332,10832.150000000003,15418.966666666667,15505.699999999999,9902.033333333333,20929.6,0,0,0,0,0,0,0,0,0,0,0,0,C4-GUJ-02,,,Macro
452,GUJ4178,GUJ4178__Mohallah_Zahid,3,C4-GUJ-02,30,Stand by,,21.833333333333332,59.66666666666666,38.833333333333336,12,35.166666666666664,,,,,24.583333333333332,40.24999999999999,25.416666666666664,12.5,21.416666666666668,11.75,19.166666666666664,10,26.249999999999996,12.25,12.416666666666664,,,,,,,,,,,,383.50000000000006,,16,0.9955613425925925,14846.299999999997,31003.46666666667,20558.516666666666,19615.2,7707.916666666667,33752.68333333334,8318.1,6610.333333333332,3142.0166666666664,8051.533333333333,13827.483333333335,3290.033333333334,13103.516666666666,6643.349999999998,4315.683333333332,10832.150000000003,15418.966666666667,15505.699999999999,9902.033333333333,20929.6,0,0,0,0,0,0,0,0,0,0,0,0,C4-GUJ-02,,,Macro
453,GUJ9350,GUJ9350__S_MuhammadPura,3,C4-GUJ-02,,ATL,ATGJW14,,,,,,,,,,,,,,,,,,,,,,,,,,,,,,,,0,,0,1,14846.299999999997,31003.46666666667,20558.516666666666,19615.2,7707.916666666667,33752.68333333334,8318.1,6610.333333333332,3142.0166666666664,8051.533333333333,13827.483333333335,3290.033333333334,13103.516666666666,6643.349999999998,4315.683333333332,10832.150000000003,15418.966666666667,15505.699999999999,9902.033333333333,20929.6,0,0,0,0,0,0,0,0,0,0,0,0,C4-WZD-07,E.co,e.coPK018309PU,Macro
454,RUR9505,RUR9505__S_Gil Wala_GJ7687,3,C4-GUJ-02,,Telenor,LGI001,,,,,,,,,,,12.75,,,,,,1128.25,,,,,,,,,,,,,,,1141,,2,0.9867939814814816,14846.299999999997,31003.46666666667,20558.516666666666,19615.2,7707.916666666667,33752.68333333334,8318.1,6610.333333333332,3142.0166666666664,8051.533333333333,13827.483333333335,3290.033333333334,13103.516666666666,6643.349999999998,4315.683333333332,10832.150000000003,15418.966666666667,15505.699999999999,9902.033333333333,20929.6,0,0,0,0,0,0,0,0,0,0,0,0,C4-HFZ-06,Telenor,LGL001,Macro
455,GUJ9431,GUJ9431__S_Mian Sansi Rd Warid_MDGJ4201,5,C4-GUJ-02,30,Stand by,,,,,,,,,,,,,,,,,,,,,,,,,,,,,,,,,0,,0,1,14846.299999999997,31003.46666666667,20558.516666666666,19615.2,7707.916666666667,33752.68333333334,8318.1,6610.333333333332,3142.0166666666664,8051.533333333333,13827.483333333335,3290.033333333334,13103.516666666666,6643.349999999998,4315.683333333332,10832.150000000003,15418.966666666667,15505.699999999999,9902.033333333333,20929.6,0,0,0,0,0,0,0,0,0,0,0,0,C4-GUJ-02,,,Macro
456,GUJ8921,GUJ8921__princeCinema,3,C4-GUJ-02,9,Stand by,,,475.99999999999994,360,955.5500000000001,196.25,,,,,,,,,,,,,315.5833333333333,,,,,,,,,,,,,,2303.3833333333337,,5,0.9733404706790124,14846.299999999997,31003.46666666667,20558.516666666666,19615.2,7707.916666666667,33752.68333333334,8318.1,6610.333333333332,3142.0166666666664,8051.533333333333,13827.483333333335,3290.033333333334,13103.516666666666,6643.349999999998,4315.683333333332,10832.150000000003,15418.966666666667,15505.699999999999,9902.033333333333,20929.6,0,0,0,0,0,0,0,0,0,0,0,0,C4-GUJ-02,,,Macro
457,GUJ8434,GUJ8434__S_MughalHomeopathicClinic,3,C4-GUJ-02,,Enfrashare,EC1-GUJ-06204,,,,,,,,,,,,,,,,20.833333333333336,,,,,,,,,,,,,,,,20.833333333333336,,1,0.9997588734567902,14846.299999999997,31003.46666666667,20558.516666666666,19615.2,7707.916666666667,33752.68333333334,8318.1,6610.333333333332,3142.0166666666664,8051.533333333333,13827.483333333335,3290.033333333334,13103.516666666666,6643.349999999998,4315.683333333332,10832.150000000003,15418.966666666667,15505.699999999999,9902.033333333333,20929.6,0,0,0,0,0,0,0,0,0,0,0,0,C4-GUJ-02,Enfra,EC1-GUJ-06204,Macro
458,GUJ9945,GUJ9945_S_AlBadarTown,3,C4-GUJ-02,,Tawal,TWPGRW0030,120,,,,,,,,,,,,,,169.29999999999998,318.2,131,291.74999999999994,122.30000000000001,,,,,,,,,,,,,1152.55,,6,0.9866603009259259,14846.299999999997,31003.46666666667,20558.516666666666,19615.2,7707.916666666667,33752.68333333334,8318.1,6610.333333333332,3142.0166666666664,8051.533333333333,13827.483333333335,3290.033333333334,13103.516666666666,6643.349999999998,4315.683333333332,10832.150000000003,15418.966666666667,15505.699999999999,9902.033333333333,20929.6,0,0,0,0,0,0,0,0,0,0,0,0,C4-GUJ-02,Tawal-,TWPGRW0030,
459,TKW9895,TKW9895__kotAsadUllah,3,C4-GUJ-02,9,Stand by,,,,,238.83333333333331,,,,,970.0833333333333,173.08333333333331,,,,,,,,,,51.58333333333333,,,,,,,,,,,,1433.583333333333,,4,0.983407600308642,14846.299999999997,31003.46666666667,20558.516666666666,19615.2,7707.916666666667,33752.68333333334,8318.1,6610.333333333332,3142.0166666666664,8051.533333333333,13827.483333333335,3290.033333333334,13103.516666666666,6643.349999999998,4315.683333333332,10832.150000000003,15418.966666666667,15505.699999999999,9902.033333333333,20929.6,0,0,0,0,0,0,0,0,0,0,0,0,C4-GUJ-02,,,Macro
460,GUJ8512,GUJ8512__S_DBlockGardenTown,3,C4-GUJ-02,,Enfrashare,EC1-GUJ-03908,679.2666666666665,1617.9333333333343,368.0000000000001,,,1348,,,,1169.1666666666663,22.25,,1014.5000000000002,44.58333333333333,197.09999999999997,426.39999999999986,998.75,,,1327.100000000001,,,,,,,,,,,,9213.050000000001,,12,0.8933674768518519,14846.299999999997,31003.46666666667,20558.516666666666,19615.2,7707.916666666667,33752.68333333334,8318.1,6610.333333333332,3142.0166666666664,8051.533333333333,13827.483333333335,3290.033333333334,13103.516666666666,6643.349999999998,4315.683333333332,10832.150000000003,15418.966666666667,15505.699999999999,9902.033333333333,20929.6,0,0,0,0,0,0,0,0,0,0,0,0,C4-GUJ-02,Enfra,EC1-GUJ-03908,Macro
461,GUJ9485,GUJ9485__S_Railway_Track_Rahwali_GJ1600,3,C4-GUJ-02,,CP Prime,,,1394.9666666666665,,291.66666666666663,,,,435.75,,,389.7500000000001,,,,487.6666666666666,26,,23.333333333333332,,,,,,,,,,,,,,3049.133333333333,,7,0.9647091049382717,14846.299999999997,31003.46666666667,20558.516666666666,19615.2,7707.916666666667,33752.68333333334,8318.1,6610.333333333332,3142.0166666666664,8051.533333333333,13827.483333333335,3290.033333333334,13103.516666666666,6643.349999999998,4315.683333333332,10832.150000000003,15418.966666666667,15505.699999999999,9902.033333333333,20929.6,0,0,0,0,0,0,0,0,0,0,0,0,C4-GUJ-02,,,Macro
462,GUJ9596,GUJ9596__S_FunDunyaAmusementPark,3,C4-GUJ-02,,Enfrashare,EC1-GUJ-03649,,,,,,624.2499999999999,,,,643.2500000000001,,,694.7499999999999,,,,530.0000000000001,,,767.25,,,,,,,,,,,,3259.5,,5,0.9622743055555556,14846.299999999997,31003.46666666667,20558.516666666666,19615.2,7707.916666666667,33752.68333333334,8318.1,6610.333333333332,3142.0166666666664,8051.533333333333,13827.483333333335,3290.033333333334,13103.516666666666,6643.349999999998,4315.683333333332,10832.150000000003,15418.966666666667,15505.699999999999,9902.033333333333,20929.6,0,0,0,0,0,0,0,0,0,0,0,,,,,
463,GUJ5819,GUJ5819__S_SharifFarmRahwali_CMPak7210,3,C4-GUJ-02,,CM Pak,CMPak7210,,,,,,627.8,,,,643.7499999999999,,,672.75,,,,460.2500000000001,,,746.0000000000001,,,,,,,,,,,,3150.5499999999997,,5,0.9635353009259259,14846.299999999997,31003.46666666667,20558.516666666666,19615.2,7707.916666666667,33752.68333333334,8318.1,6610.333333333332,3142.0166666666664,8051.533333333333,13827.483333333335,3290.033333333334,13103.516666666666,6643.349999999998,4315.683333333332,10832.150000000003,15418.966666666667,15505.699999999999,9902.033333333333,20929.6,0,0,0,0,0,0,0,0,0,0,0,0,,,,Macro
464,GUJ9843,GUJ9843__MohallaIsbGuran,3,C4-GUJ-02,9,Stand by,,,,,,,5.416666666666667,,,,,,,,,,,,,,,,,,,,,,,,,,5.416666666666667,,1,0.9999373070987655,14846.299999999997,31003.46666666667,20558.516666666666,19615.2,7707.916666666667,33752.68333333334,8318.1,6610.333333333332,3142.0166666666664,8051.533333333333,13827.483333333335,3290.033333333334,13103.516666666666,6643.349999999998,4315.683333333332,10832.150000000003,15418.966666666667,15505.699999999999,9902.033333333333,20929.6,0,0,0,0,0,0,0,0,0,0,0,0,C4-GUJ-02,,,Macro
465,GUJ4147,GUJ4147__arywallaRd,3,C4-GUJ-02,30,Stand by,,621.916666666667,156.25,21.46666666666667,314.50000000000006,163.74999999999997,46.666666666666664,,,,,28.75,,,,,,213.29999999999998,77.08333333333336,71.98333333333333,261.9333333333333,,,,,,,,,,,,1977.6000000000004,,11,0.977111111111111,14846.299999999997,31003.46666666667,20558.516666666666,19615.2,7707.916666666667,33752.68333333334,8318.1,6610.333333333332,3142.0166666666664,8051.533333333333,13827.483333333335,3290.033333333334,13103.516666666666,6643.349999999998,4315.683333333332,10832.150000000003,15418.966666666667,15505.699999999999,9902.033333333333,20929.6,0,0,0,0,0,0,0,0,0,0,0,0,C4-GUJ-02,,,Macro
466,Guj3746,Guj3746__Gulshantown,3,C4-GUJ-02,30,Stand by,,,,87.41666666666669,,,29.5,,,,,,,,,,,44.99999999999999,,,,,,,,,,,,,,,161.91666666666669,,3,0.9981259645061727,14846.299999999997,31003.46666666667,20558.516666666666,19615.2,7707.916666666667,33752.68333333334,8318.1,6610.333333333332,3142.0166666666664,8051.533333333333,13827.483333333335,3290.033333333334,13103.516666666666,6643.349999999998,4315.683333333332,10832.150000000003,15418.966666666667,15505.699999999999,9902.033333333333,20929.6,0,0,0,0,0,0,0,0,0,0,0,0,C4-GUJ-02,,,Macro
467,GUJ0731,GUJ0731__OldDhulayChowk,3,C4-GUJ-02,,CP Prime,,,2093.3833333333328,43.666666666666664,,,,,,,,,,,,,,,,,,,,,,,,,,,,,2137.0499999999993,,2,0.975265625,14846.299999999997,31003.46666666667,20558.516666666666,19615.2,7707.916666666667,33752.68333333334,8318.1,6610.333333333332,3142.0166666666664,8051.533333333333,13827.483333333335,3290.033333333334,13103.516666666666,6643.349999999998,4315.683333333332,10832.150000000003,15418.966666666667,15505.699999999999,9902.033333333333,20929.6,0,0,0,0,0,0,0,0,0,0,0,0,C4-GUJ-02,,,Macro
468,GUJ9511,GUJ9511__S_Gujranawala cantt_GJ4207,4,C4-GUJ-02,27,Stand by,,1439.983333333333,1460.233333333333,501.3333333333333,369.3333333333333,,,,,,,,,,,,,,,,,,,,,,,,,,,,3770.8833333333328,,4,0.9672666377314815,14846.299999999997,31003.46666666667,20558.516666666666,19615.2,7707.916666666667,33752.68333333334,8318.1,6610.333333333332,3142.0166666666664,8051.533333333333,13827.483333333335,3290.033333333334,13103.516666666666,6643.349999999998,4315.683333333332,10832.150000000003,15418.966666666667,15505.699999999999,9902.033333333333,20929.6,0,0,0,0,0,0,0,0,0,0,0,0,C4-GUJ-02,,,Macro
469,GUJ0387,GUJ0387__Model Town,3,C4-GUJ-02,13,Stand by,,591.0000000000001,413.0000000000001,,204.83333333333334,206.08333333333334,173.75000000000003,27.5,49.583333333333336,50.849999999999994,37.76666666666667,53.25000000000001,26.500000000000004,45.58333333333333,35.16666666666667,27.166666666666664,164.8333333333333,85.91666666666664,217.4166666666667,410.28333333333325,48.49999999999999,,,,,,,,,,,,2868.983333333333,,19,0.966794174382716,14846.299999999997,31003.46666666667,20558.516666666666,19615.2,7707.916666666667,33752.68333333334,8318.1,6610.333333333332,3142.0166666666664,8051.533333333333,13827.483333333335,3290.033333333334,13103.516666666666,6643.349999999998,4315.683333333332,10832.150000000003,15418.966666666667,15505.699999999999,9902.033333333333,20929.6,0,0,0,0,0,0,0,0,0,0,0,0,C4-GUJ-02,,,Macro
470,GUJ5783,GUJ5783__S_RajKot,3,C4-GUJ-02,,Enfrashare,EC1-SKT-02154,,,,,,,,,,,,,,,,,,,,,,,,,,,,,,,,0,,0,1,14846.299999999997,31003.46666666667,20558.516666666666,19615.2,7707.916666666667,33752.68333333334,8318.1,6610.333333333332,3142.0166666666664,8051.533333333333,13827.483333333335,3290.033333333334,13103.516666666666,6643.349999999998,4315.683333333332,10832.150000000003,15418.966666666667,15505.699999999999,9902.033333333333,20929.6,0,0,0,0,0,0,0,0,0,0,0,0,,,,Macro
471,GUJ5891,GUJ5891_H_New Gulshan colony bazar New Gulshan colony bazar,3,C4-GUJ-02,,E.Co,e.coPK019564PU,,133.99999999999997,,,,5.000000000000001,,,,,,,,,,241.41666666666666,249,,,,,,,,,,,,,,,629.4166666666666,,4,0.9927150848765431,14846.299999999997,31003.46666666667,0,7693.166666666666,0,0,0,0,0,0,0,0,0,0,0,0,0,0,0,0,0,0,0,0,0,0,0,0,0,0,0,,,,,
472,GUJ6136,GUJ6136__S_JannatTown,3,C4-GUJ-02,,E.Co,e.coPK018507PU,,,,229.08333333333331,,,,,,,,,,,,,,,,,,,,,,,,,,,,229.08333333333331,,1,0.9973485725308642,14846.299999999997,31003.46666666667,20558.516666666666,19615.2,7707.916666666667,33752.68333333334,8318.1,6610.333333333332,3142.0166666666664,8051.533333333333,13827.483333333335,3290.033333333334,13103.516666666666,6643.349999999998,4315.683333333332,10832.150000000003,15418.966666666667,15505.699999999999,9902.033333333333,20929.6,0,0,0,0,0,0,0,0,0,0,0,0,,,,Macro
473,GUJ9993,GUJ9993__Taj_Pura,4,C4-GUJ-02,30,Stand by,,51.08333333333333,47.66666666666667,9,54.33333333333333,29,,,,,,38.00000000000001,,,328.75,,,,103.91666666666667,,,,,,,,,,,,,,661.7499999999999,,8,0.9942556423611112,14846.299999999997,31003.46666666667,20558.516666666666,19615.2,7707.916666666667,33752.68333333334,8318.1,6610.333333333332,3142.0166666666664,8051.533333333333,13827.483333333335,3290.033333333334,13103.516666666666,6643.349999999998,4315.683333333332,10832.150000000003,15418.966666666667,15505.699999999999,9902.033333333333,20929.6,0,0,0,0,0,0,0,0,0,0,0,0,C4-GUJ-02,,,Macro
474,GUJ3338,GUJ3338__ChaudhryPlaza,3,C4-GUJ-02,9,Stand by,,,193.75,,271,195.83333333333331,,,,,,21.5,,164.58333333333334,,,,,259.08333333333337,,318.75,,,,,,,,,,,,1424.5,,7,0.9835127314814816,14846.299999999997,31003.46666666667,20558.516666666666,19615.2,7707.916666666667,33752.68333333334,8318.1,6610.333333333332,3142.0166666666664,8051.533333333333,13827.483333333335,3290.033333333334,13103.516666666666,6643.349999999998,4315.683333333332,10832.150000000003,15418.966666666667,15505.699999999999,9902.033333333333,20929.6,0,0,0,0,0,0,0,0,0,0,0,0,C4-GUJ-02,,,Macro
475,GUJ9445,GUJ9445__S_Mubarak Colony Warid_MDGJ4641,3,C4-GUJ-02,20,Stand by,,45.63333333333333,,1028.5999999999995,31.63333333333334,234.08333333333334,521.0499999999998,20.75,,25.166666666666664,120.91666666666664,152.0833333333333,,23.75,,23.916666666666668,,,,211.5,,,,,,,,,,,,,2439.083333333333,,12,0.9717698688271605,14846.299999999997,31003.46666666667,20558.516666666666,19615.2,7707.916666666667,33752.68333333334,8318.1,6610.333333333332,3142.0166666666664,8051.533333333333,13827.483333333335,3290.033333333334,13103.516666666666,6643.349999999998,4315.683333333332,10832.150000000003,15418.966666666667,15505.699999999999,9902.033333333333,20929.6,0,0,0,0,0,0,0,0,0,0,0,0,C4-GUJ-02,,,Macro
476,GUJ3340,GUJ3340__LohewalaBazar,3,C4-GUJ-02,30,Stand by,,,,,,,,,,,,,,14,,,,,,,,,,,,,,,,,,,14,,1,0.9998379629629629,14846.299999999997,31003.46666666667,20558.516666666666,19615.2,7707.916666666667,33752.68333333334,8318.1,6610.333333333332,3142.0166666666664,8051.533333333333,13827.483333333335,3290.033333333334,13103.516666666666,6643.349999999998,4315.683333333332,10832.150000000003,15418.966666666667,15505.699999999999,9902.033333333333,20929.6,0,0,0,0,0,0,0,0,0,0,0,0,C4-GUJ-02,,,Macro
477,GUJ3616,GUJ3616__Dhullay,3,C4-GUJ-02,,CP Prime,,240.25000000000006,1370.1333333333314,488.91666666666674,83.41666666666666,366.66666666666674,,22.583333333333336,428.05000000000007,453.90000000000003,,28.833333333333336,,,,,,,,,,,,,,,,,,,,,3482.7499999999986,,9,0.9596903935185185,14846.299999999997,31003.46666666667,20558.516666666666,19615.2,7707.916666666667,33752.68333333334,8318.1,6610.333333333332,3142.0166666666664,8051.533333333333,13827.483333333335,3290.033333333334,13103.516666666666,6643.349999999998,4315.683333333332,10832.150000000003,15418.966666666667,15505.699999999999,9902.033333333333,20929.6,0,0,0,0,0,0,0,0,0,0,0,0,C4-GUJ-02,,,Macro
478,GUJ0729,GUJ0729__KalarAbadiNowshera,3,C4-GUJ-02,20,Stand by,,,,33.99999999999999,650.4166666666666,221.58333333333337,5.750000000000001,147.66666666666666,,,,,43.58333333333333,,,20.75,33.25,198.16666666666666,,,150.25000000000003,,,,,,,,,,,,1505.4166666666667,,10,0.9825761959876543,14846.299999999997,31003.46666666667,20558.516666666666,19615.2,7707.916666666667,33752.68333333334,8318.1,6610.333333333332,3142.0166666666664,8051.533333333333,13827.483333333335,3290.033333333334,13103.516666666666,6643.349999999998,4315.683333333332,10832.150000000003,15418.966666666667,15505.699999999999,9902.033333333333,20929.6,0,0,0,0,0,0,0,0,0,0,0,0,C4-GUJ-02,,,Macro
479,SRW9972,SRW9972__KotAnayatKh,3,C4-GUJ-02,30,Stand by,,,,29,41.49999999999999,,,,,,,,57.75000000000001,,,,,,,,,,,,,,,,,,,,128.25,,3,0.998515625,14846.299999999997,31003.46666666667,20558.516666666666,19615.2,7707.916666666667,33752.68333333334,8318.1,6610.333333333332,3142.0166666666664,8051.533333333333,13827.483333333335,3290.033333333334,13103.516666666666,6643.349999999998,4315.683333333332,10832.150000000003,15418.966666666667,15505.699999999999,9902.033333333333,20929.6,0,0,0,0,0,0,0,0,0,0,0,0,C4-GUJ-02,,,Macro
480,Guj3740,Guj3740__SultanPura,3,C4-GUJ-02,30,Stand by,,89.00000000000001,87.33333333333334,75.58333333333334,109.08333333333334,107.58333333333333,20.5,21,,,98.08333333333333,1229.3666666666668,84.03333333333333,118.03333333333336,76.08333333333333,73.25,61.75,27.749999999999996,88.41666666666667,72.16666666666666,54.74999999999999,,,,,,,,,,,,2493.7666666666664,,18,0.9711369598765432,14846.299999999997,31003.46666666667,20558.516666666666,19615.2,7707.916666666667,33752.68333333334,8318.1,6610.333333333332,3142.0166666666664,8051.533333333333,13827.483333333335,3290.033333333334,13103.516666666666,6643.349999999998,4315.683333333332,10832.150000000003,15418.966666666667,15505.699999999999,9902.033333333333,20929.6,0,0,0,0,0,0,0,0,0,0,0,0,C4-GUJ-02,,,Macro
481,GUJ5261,GUJ5261__S_KotSahan_CMPak7593,3,C4-GUJ-02,,CM Pak,7593,,,,,,,775,15.25,,,,,,,,,,,,,,,,,,,,,,,,790.25,,2,0.9908535879629629,14846.299999999997,31003.46666666667,20558.516666666666,19615.2,7707.916666666667,33752.68333333334,8318.1,6610.333333333332,3142.0166666666664,8051.533333333333,13827.483333333335,3290.033333333334,13103.516666666666,6643.349999999998,4315.683333333332,10832.150000000003,15418.966666666667,15505.699999999999,9902.033333333333,20929.6,0,0,0,0,0,0,0,0,0,0,0,0,C4-GUJ-02,CMPak,7593,Macro
482,GUJ0278,GUJ0278__RahwaliAC,4,C4-GUJ-02,30,Stand by,,,,34.916666666666664,378.7333333333334,61.40000000000001,,,,,69.33333333333334,36.583333333333336,,,2.083333333333333,,,,,,,,,,,,,,,,,,583.0500000000002,,6,0.9949388020833334,14846.299999999997,31003.46666666667,20558.516666666666,19615.2,7707.916666666667,33752.68333333334,8318.1,6610.333333333332,3142.0166666666664,8051.533333333333,13827.483333333335,3290.033333333334,13103.516666666666,6643.349999999998,4315.683333333332,10832.150000000003,15418.966666666667,15505.699999999999,9902.033333333333,20929.6,0,0,0,0,0,0,0,0,0,0,0,0,C4-GUJ-02,,,Macro
483,GUJ5771,GUJ5771__S_Fazalpura_CMPak42630,3,C4-GUJ-02,,CM Pak,42630,,,,,,,,,,,,,,,,,,,,,,,,,,,,,,,,0,,0,1,14846.299999999997,31003.46666666667,20558.516666666666,19615.2,7707.916666666667,33752.68333333334,8318.1,6610.333333333332,3142.0166666666664,8051.533333333333,13827.483333333335,3290.033333333334,13103.516666666666,6643.349999999998,4315.683333333332,10832.150000000003,15418.966666666667,15505.699999999999,9902.033333333333,20929.6,0,0,0,0,0,0,0,0,0,0,0,0,,,,Macro
484,Guj4649,Guj4649__Loyawalabazar,3,C4-GUJ-02,30,Stand by,,,,,,,149.5,244.5,,,,134.08333333333331,,,,114.83333333333334,,45.50000000000001,,,,,,,,,,,,,,,688.4166666666666,,5,0.9920322145061727,14846.299999999997,31003.46666666667,20558.516666666666,19615.2,7707.916666666667,33752.68333333334,8318.1,6610.333333333332,3142.0166666666664,8051.533333333333,13827.483333333335,3290.033333333334,13103.516666666666,6643.349999999998,4315.683333333332,10832.150000000003,15418.966666666667,15505.699999999999,9902.033333333333,20929.6,0,0,0,0,0,0,0,0,0,0,0,0,C4-GUJ-02,,,Macro
485,GHK4414,GHK4414__Hanjranwala,3,C4-GUJ-02,20,Stand by,,99.08333333333333,18.166666666666664,220.25,420.7499999999999,,,,,,,,,,,,,,81.8,,,,,,,,,,,,,,840.0499999999998,,5,0.990277199074074,14846.299999999997,31003.46666666667,20558.516666666666,19615.2,7707.916666666667,33752.68333333334,8318.1,6610.333333333332,3142.0166666666664,8051.533333333333,13827.483333333335,3290.033333333334,13103.516666666666,6643.349999999998,4315.683333333332,10832.150000000003,15418.966666666667,15505.699999999999,9902.033333333333,20929.6,0,0,0,0,0,0,0,0,0,0,0,0,C4-GUJ-02,,,Macro
486,GUJ5467,GUJ5467__S_RaviBlockDCColony,3,C4-GUJ-02,,Enfrashare,EC1-GUJ-02110,,,,,,634.5500000000002,,,,627.5833333333335,,,718.1666666666667,,,,529.2500000000001,,,785.25,,,,,,,,,,,,3294.8000000000006,,5,0.9618657407407407,14846.299999999997,31003.46666666667,20558.516666666666,19615.2,7707.916666666667,33752.68333333334,8318.1,6610.333333333332,3142.0166666666664,8051.533333333333,13827.483333333335,3290.033333333334,13103.516666666666,6643.349999999998,4315.683333333332,10832.150000000003,15418.966666666667,15505.699999999999,9902.033333333333,20929.6,0,0,0,0,0,0,0,0,0,0,0,0,,,,Macro
487,GUJ8143,GUJ8143__AsiaMultani,2,C4-GUJ-02,,Jazz CP Prime,,,,,,,,,,,,,,,,125.16666666666669,,365.9,2500.933333333334,,354.41666666666674,,,,,,,,,,,,3346.416666666667,,4,0.9419024884259259,14846.299999999997,31003.46666666667,20558.516666666666,19615.2,7707.916666666667,33752.68333333334,8318.1,6610.333333333332,3142.0166666666664,8051.533333333333,13827.483333333335,3290.033333333334,13103.516666666666,6643.349999999998,4315.683333333332,10832.150000000003,15418.966666666667,15505.699999999999,9902.033333333333,20929.6,0,0,0,0,0,0,0,0,0,0,0,0,C4-GUJ-02,,,Micro
488,GUJ9409,GUJ9409__S_Highway staff clny Warid_GJ4220,3,C4-GUJ-02,20,Stand by,,,,,,517.3,,5.583333333333334,,,192.75,,,6.166666666666666,6.166666666666667,,,,,124.08333333333334,,,,,,,,,,,,,852.05,,6,0.9901383101851852,14846.299999999997,31003.46666666667,20558.516666666666,19615.2,7707.916666666667,33752.68333333334,8318.1,6610.333333333332,3142.0166666666664,8051.533333333333,13827.483333333335,3290.033333333334,13103.516666666666,6643.349999999998,4315.683333333332,10832.150000000003,15418.966666666667,15505.699999999999,9902.033333333333,20929.6,0,0,0,0,0,0,0,0,0,0,0,0,C4-GUJ-02,,,Macro
489,RUR4509,RUR4509__Wzbwaiyanwalapind,3,C4-GUJ-02,20,Stand by,,,,,,,,,,,,13.25,,,9.75,,1071.5000000000002,456.3333333333335,113.91666666666666,808.7833333333331,541.4,,,,,,,,,,,,3014.933333333334,,7,0.9651049382716049,14846.299999999997,31003.46666666667,20558.516666666666,19615.2,7707.916666666667,33752.68333333334,8318.1,6610.333333333332,3142.0166666666664,8051.533333333333,13827.483333333335,3290.033333333334,13103.516666666666,6643.349999999998,4315.683333333332,10832.150000000003,15418.966666666667,15505.699999999999,9902.033333333333,20929.6,0,0,0,0,0,0,0,0,0,0,0,0,C4-GUJ-02,,,Macro
490,GUJ8289,GUJ8289__S_CocaCola WearHosue,3,C4-GUJ-02,,E.Co,e.coPK016311PU,,,,,,,,,,,,,,,,,,,242.75,,,,,,,,,,,,,242.75,,1,0.9971903935185185,14846.299999999997,31003.46666666667,20558.516666666666,19615.2,7707.916666666667,33752.68333333334,8318.1,6610.333333333332,3142.0166666666664,8051.533333333333,13827.483333333335,3290.033333333334,13103.516666666666,6643.349999999998,4315.683333333332,10832.150000000003,15418.966666666667,15505.699999999999,9902.033333333333,20929.6,0,0,0,0,0,0,0,0,0,0,0,0,C4-GUJ-02,,,
491,RUR5932,RUR5932_H_Chaura Gujranwala,3,C4-GUJ-02,,CM Pak,41018,,,,,,,,,,,119.50000000000003,,,,332.0000000000001,,,168.49999999999997,,,,,,,,,,,,,,620.0000000000001,,3,0.992824074074074,14846.299999999997,31003.46666666667,20558.516666666666,19615.2,7707.916666666667,33752.68333333334,8318.1,6610.333333333332,3142.0166666666664,8051.533333333333,13827.483333333335,3290.033333333334,13103.516666666666,6643.349999999998,4315.683333333332,10832.150000000003,15418.966666666667,15505.699999999999,9902.033333333333,20929.6,0,0,0,0,0,0,0,0,0,0,0,0,,,,Macro
492,GUJ9450,GUJ9450__S_Gulshanabad Warid_MDGJ4155,3,C4-GUJ-02,27,Stand by,,143.66666666666669,123.16666666666666,131.74999999999997,,,306.7499999999999,6.416666666666667,,,187,1439.983333333333,3.5,22.916666666666668,11.666666666666668,29,48.16666666666667,4.333333333333333,136.91666666666666,80.33333333333333,61.499999999999986,,,,,,,,,,,,2737.0666666666657,,16,0.968320987654321,14846.299999999997,31003.46666666667,20558.516666666666,19615.2,7707.916666666667,33752.68333333334,8318.1,6610.333333333332,3142.0166666666664,8051.533333333333,13827.483333333335,3290.033333333334,13103.516666666666,6643.349999999998,4315.683333333332,10832.150000000003,15418.966666666667,15505.699999999999,9902.033333333333,20929.6,0,0,0,0,0,0,0,0,0,0,0,0,C4-GUJ-02,,,Macro
493,GUJ1467,GUJ1467__GardenTown ,5,C4-GUJ-02,20,Stand by,,,,,,,,,,,,,,,,282.08333333333326,498.33333333333337,194.58333333333331,438.00000000000006,195.91666666666663,1003.1666666666658,,,,,,,,,,,,2612.083333333332,,6,0.9818605324074074,14846.299999999997,31003.46666666667,20558.516666666666,19615.2,7707.916666666667,33752.68333333334,8318.1,6610.333333333332,3142.0166666666664,8051.533333333333,13827.483333333335,3290.033333333334,13103.516666666666,6643.349999999998,4315.683333333332,10832.150000000003,15418.966666666667,15505.699999999999,9902.033333333333,20929.6,0,0,0,0,0,0,0,0,0,0,0,0,C4-GUJ-02,,,Macro
494,GUJ0318,GUJ0318__LinkKasabanMarket,1,C4-GUJ-02,,Jazz CP Prime,,,,,176.91666666666669,,17.41666666666667,,,,,,,,,,,,,,16.5,,,,,,,,,,,,210.83333333333337,,3,0.9926793981481481,14846.299999999997,31003.46666666667,20558.516666666666,19615.2,7707.916666666667,33752.68333333334,8318.1,6610.333333333332,3142.0166666666664,8051.533333333333,13827.483333333335,3290.033333333334,13103.516666666666,6643.349999999998,4315.683333333332,10832.150000000003,15418.966666666667,15505.699999999999,9902.033333333333,20929.6,0,0,0,0,0,0,0,0,0,0,0,0,C4-GUJ-02,,,Micro
495,GUJ3066,GUJ3066__inkRdMalikPark,3,C4-GUJ-02,9,Stand by,,,48.99999999999999,23.25,96.00000000000001,24.91666666666667,56.499999999999986,,,,3.5,,17.5,,,,,220,25.25,71.25,445.7833333333333,,,,,,,,,,,,1032.95,,11,0.9880445601851853,14846.299999999997,31003.46666666667,20558.516666666666,19615.2,7707.916666666667,33752.68333333334,8318.1,6610.333333333332,3142.0166666666664,8051.533333333333,13827.483333333335,3290.033333333334,13103.516666666666,6643.349999999998,4315.683333333332,10832.150000000003,15418.966666666667,15505.699999999999,9902.033333333333,20929.6,0,0,0,0,0,0,0,0,0,0,0,0,C4-GUJ-02,,,Macro
496,GUJ9452,GUJ9452__S_Janat Town Warid_MDGJ4161,3,C4-GUJ-02,27,Stand by,,,72.16666666666667,137.16666666666666,,143.74999999999997,,,,,,,,,355.8333333333333,,,,,,,,,,,,,,,,,,708.9166666666665,,4,0.9917949459876543,14846.299999999997,31003.46666666667,20558.516666666666,19615.2,7707.916666666667,33752.68333333334,8318.1,6610.333333333332,3142.0166666666664,8051.533333333333,13827.483333333335,3290.033333333334,13103.516666666666,6643.349999999998,4315.683333333332,10832.150000000003,15418.966666666667,15505.699999999999,9902.033333333333,20929.6,0,0,0,0,0,0,0,0,0,0,0,0,C4-GUJ-02,,,Macro
497,GUJ5317,GUJ5317__S_GulabPura_NEW,3,C4-GUJ-02,,Enfrashare,EC1-GUJ-00401,,,122.79999999999998,,,2625.05,,,251.58333333333331,412.7499999999999,,,464.59999999999997,133.48333333333332,,,314.25,,,588.4666666666667,,,,,,,,,,,,4912.983333333334,,8,0.9431367669753087,14846.299999999997,31003.46666666667,20558.516666666666,19615.2,7707.916666666667,33752.68333333334,8318.1,6610.333333333332,3142.0166666666664,8051.533333333333,13827.483333333335,3290.033333333334,13103.516666666666,6643.349999999998,4315.683333333332,10832.150000000003,15418.966666666667,15505.699999999999,9902.033333333333,20929.6,0,0,0,0,0,0,0,0,0,0,0,0,C4-GUJ-02,Enfra,,Macro
498,GUJ0726,GUJ0726_Fatomand,3,C4-GUJ-02,30,Stand by,,,,,,,70.25000000000001,,,,,385.41666666666674,,78.50000000000001,,,,,,,,,,,,,,,,,,,534.1666666666667,,3,0.9938175154320987,14846.299999999997,31003.46666666667,20558.516666666666,19615.2,7707.916666666667,33752.68333333334,8318.1,6610.333333333332,3142.0166666666664,8051.533333333333,13827.483333333335,3290.033333333334,13103.516666666666,6643.349999999998,4315.683333333332,10832.150000000003,15418.966666666667,15505.699999999999,9902.033333333333,20929.6,0,0,0,0,0,0,0,0,0,0,0,0,C4-GUJ-02,,,Macro
499,RUR5385,RUR5385__S_NatKalan,3,C4-GUJ-02,,Enfrashare,EC1-GKR-01659,,,,478.54999999999995,,,,573.7166666666666,,,683.5833333333335,64.00000000000001,,,574.5,,,731.25,,,,,,,,,,,,,,3105.6,,6,0.9640555555555556,14846.299999999997,31003.46666666667,20558.516666666666,19615.2,7707.916666666667,33752.68333333334,8318.1,6610.333333333332,3142.0166666666664,8051.533333333333,13827.483333333335,3290.033333333334,13103.516666666666,6643.349999999998,4315.683333333332,10832.150000000003,15418.966666666667,15505.699999999999,9902.033333333333,20929.6,0,0,0,0,0,0,0,0,0,0,0,0,C4-GUJ-02,Enfra,,Macro
500,GUJ0309,GUJ0309__GhantaGharGUJ,3,C4-GUJ-02,27,Stand by,,,,66.58333333333334,,143.50000000000003,142.25,117.24999999999999,,43.25000000000001,,,107.25,425.00000000000006,353.75000000000006,,,,,,,,,,,,,,,,,,1398.8333333333335,,8,0.9838097993827161,14846.299999999997,31003.46666666667,20558.516666666666,19615.2,7707.916666666667,33752.68333333334,8318.1,6610.333333333332,3142.0166666666664,8051.533333333333,13827.483333333335,3290.033333333334,13103.516666666666,6643.349999999998,4315.683333333332,10832.150000000003,15418.966666666667,15505.699999999999,9902.033333333333,20929.6,0,0,0,0,0,0,0,0,0,0,0,0,C4-GUJ-02,,,Macro
501,GUJ6449,GUJ6449__S_Rasulpura,3,C4-GUJ-02,,Enfrashare,EC1-GUJ-04625,,417.15000000000003,1692.5500000000002,,,,,,,,,,,,,,,,,,,,,,,,,,,,,2109.7000000000003,,2,0.975582175925926,14846.299999999997,31003.46666666667,20558.516666666666,19615.2,7707.916666666667,33752.68333333334,8318.1,6610.333333333332,3142.0166666666664,8051.533333333333,13827.483333333335,3290.033333333334,13103.516666666666,6643.349999999998,4315.683333333332,10832.150000000003,15418.966666666667,15505.699999999999,9902.033333333333,20929.6,0,0,0,0,0,0,0,0,0,0,0,0,,,,Macro
502,GUJ3303,GUJ3303_Mubarak Colony,3,C4-GUJ-02,9,Stand by,,,,34.74999999999999,194.50000000000003,187.00000000000003,6,,,,,,,,,21.25,,,,,,,,,,,,,,,,,443.50000000000006,,5,0.9948668981481481,14846.299999999997,31003.46666666667,20558.516666666666,19615.2,7707.916666666667,33752.68333333334,8318.1,6610.333333333332,3142.0166666666664,8051.533333333333,13827.483333333335,3290.033333333334,13103.516666666666,6643.349999999998,4315.683333333332,10832.150000000003,15418.966666666667,15505.699999999999,9902.033333333333,20929.6,0,0,0,0,0,0,0,0,0,0,0,0,C4-GUJ-02,,,Macro
503,GUJ9453,GUJ9453__S_Chuhanwala Warid_MDGJ1834,3,C4-GUJ-02,,CP Prime,,,,,,,,,,,,,6.500000000000001,,,,,,,,,,,,,,,,,,,,6.500000000000001,,1,0.9999247685185185,14846.299999999997,31003.46666666667,20558.516666666666,19615.2,7707.916666666667,33752.68333333334,8318.1,6610.333333333332,3142.0166666666664,8051.533333333333,13827.483333333335,3290.033333333334,13103.516666666666,6643.349999999998,4315.683333333332,10832.150000000003,15418.966666666667,15505.699999999999,9902.033333333333,20929.6,0,0,0,0,0,0,0,0,0,0,0,0,C4-GUJ-02,,,Macro
504,GHK8940,GHK8940__S_GilWalaRd,3,C4-GUJ-02,,E.Co,e.coPK019873PU,,,,,,,,,,,,,,,,,,,,,,,,,,,,,,,,0,,0,1,14846.299999999997,31003.46666666667,20558.516666666666,19615.2,7707.916666666667,33752.68333333334,8318.1,6610.333333333332,3142.0166666666664,8051.533333333333,13827.483333333335,3290.033333333334,13103.516666666666,6643.349999999998,4315.683333333332,10832.150000000003,15418.966666666667,15505.699999999999,9902.033333333333,20929.6,0,0,0,0,0,0,0,0,0,0,0,0,C4-GUJ-02,E.Co,e.coPK019873PU,Macro
505,GUJ9446,GUJ9446__S_Qaddafi Rd Warid_MDGJ4640,3,C4-GUJ-02,20,Stand by,,133.58333333333331,29.083333333333336,,36.08333333333334,28.91666666666667,,,,,,,,22,,90.83333333333333,27.83333333333333,,53.35,497.59999999999997,42.25,,,,,,,,,,,,961.5333333333333,,10,0.9888711419753087,14846.299999999997,31003.46666666667,20558.516666666666,19615.2,7707.916666666667,33752.68333333334,8318.1,6610.333333333332,3142.0166666666664,8051.533333333333,13827.483333333335,3290.033333333334,13103.516666666666,6643.349999999998,4315.683333333332,10832.150000000003,15418.966666666667,15505.699999999999,9902.033333333333,20929.6,0,0,0,0,0,0,0,0,0,0,0,0,C4-GUJ-02,,,Macro
506,GUJ9416,GUJ9416__S_Muhammad Pura Warid_GJ4216,3,C4-GUJ-02,20,Stand by,,,,,116.74999999999997,4.166666666666667,274.1666666666667,,,,,181.8,,,,,59.08333333333333,,,,,,,,,,,,,,,,635.9666666666667,,5,0.992639274691358,14846.299999999997,31003.46666666667,20558.516666666666,19615.2,7707.916666666667,33752.68333333334,8318.1,6610.333333333332,3142.0166666666664,8051.533333333333,13827.483333333335,3290.033333333334,13103.516666666666,6643.349999999998,4315.683333333332,10832.150000000003,15418.966666666667,15505.699999999999,9902.033333333333,20929.6,0,0,0,0,0,0,0,0,0,0,0,0,C4-GUJ-02,,,Macro
507,GUJ4654,GUJ4654__HaideryMosque,3,C4-GUJ-02,,GLO,,,306.75,,,,,,,,13.25,,,,,,,,,,,,,,,,,,,,,,320,,2,0.9962962962962963,14846.299999999997,31003.46666666667,20558.516666666666,19615.2,7707.916666666667,33752.68333333334,8318.1,6610.333333333332,3142.0166666666664,8051.533333333333,13827.483333333335,3290.033333333334,13103.516666666666,6643.349999999998,4315.683333333332,10832.150000000003,15418.966666666667,15505.699999999999,9902.033333333333,20929.6,0,0,0,0,0,0,0,0,0,0,0,0,C4-GUJ-02,,,Macro
508,TKW9894,TKW9894__TalwandiKhajorWali,4,C4-GUJ-02,30,Stand by,,,,,,,,50.000000000000014,,,,494.58333333333337,,,,37.083333333333336,2,,496.36666666666656,,,,,,,,,,,,,,1080.0333333333333,,5,0.9906247106481482,14846.299999999997,31003.46666666667,20558.516666666666,19615.2,7707.916666666667,33752.68333333334,8318.1,6610.333333333332,3142.0166666666664,8051.533333333333,13827.483333333335,3290.033333333334,13103.516666666666,6643.349999999998,4315.683333333332,10832.150000000003,15418.966666666667,15505.699999999999,9902.033333333333,20929.6,0,0,0,0,0,0,0,0,0,0,0,0,C4-GUJ-02,,,Macro
509,GUJ8149,GUJ8149__SrafaBazar,2,C4-GUJ-02,,Jazz CP Prime,,,,,,,119.33333333333331,,929.7,,,,,92,,,,,,,169.33333333333334,,,,,,,,,,,,1310.3666666666666,,4,0.9772505787037037,14846.299999999997,31003.46666666667,20558.516666666666,19615.2,7707.916666666667,33752.68333333334,8318.1,6610.333333333332,3142.0166666666664,8051.533333333333,13827.483333333335,3290.033333333334,13103.516666666666,6643.349999999998,4315.683333333332,10832.150000000003,15418.966666666667,15505.699999999999,9902.033333333333,20929.6,0,0,0,0,0,0,0,0,0,0,0,0,C4-GUJ-02,,,Micro
510,GUJ9306,GUJ9306__S_BISECricketGround,3,C4-GUJ-02,,Tawal,TWPGRW0016,,,,,,,,,,,,,,,,,,,,,,,,,,,,,,,,0,,0,1,14846.299999999997,31003.46666666667,20558.516666666666,19615.2,7707.916666666667,33752.68333333334,8318.1,6610.333333333332,3142.0166666666664,8051.533333333333,13827.483333333335,3290.033333333334,13103.516666666666,6643.349999999998,4315.683333333332,10832.150000000003,15418.966666666667,15505.699999999999,9902.033333333333,20929.6,0,0,0,0,0,0,0,0,0,0,0,0,C4-GUJ-02,TAWAL,TWPGRW0016,Macro
511,GUJ9451,GUJ9451__S_Mubarak shah RD Warid_MDGJ4157,3,C4-GUJ-02,27,Stand by,,,,,190.25000000000003,615.3000000000001,,,,,,,,,,,,,,,197,,,,,,,,,,,,1002.5500000000001,,3,0.9883964120370371,14846.299999999997,31003.46666666667,20558.516666666666,19615.2,7707.916666666667,33752.68333333334,8318.1,6610.333333333332,3142.0166666666664,8051.533333333333,13827.483333333335,3290.033333333334,13103.516666666666,6643.349999999998,4315.683333333332,10832.150000000003,15418.966666666667,15505.699999999999,9902.033333333333,20929.6,0,0,0,0,0,0,0,0,0,0,0,0,C4-GUJ-02,,,Macro
512,GUJ3304,GUJ3304__IhasanHospNowshera,3,C4-GUJ-02,9,Stand by,,26.25,,33.99999999999999,,,,,,,,,,,,,,,,,,,,,,,,,,,,,60.24999999999999,,2,0.9993026620370371,14846.299999999997,31003.46666666667,20558.516666666666,19615.2,7707.916666666667,33752.68333333334,8318.1,6610.333333333332,3142.0166666666664,8051.533333333333,13827.483333333335,3290.033333333334,13103.516666666666,6643.349999999998,4315.683333333332,10832.150000000003,15418.966666666667,15505.699999999999,9902.033333333333,20929.6,0,0,0,0,0,0,0,0,0,0,0,0,C4-GUJ-02,,,Macro
513,Ghk0384,Ghk0384__Gakkarmandi,3,C4-GUJ-02,30,Stand by,,,,,,,,,,,,,302.25000000000006,,,,18.25,534.5000000000001,,,,,,,,,,,,,,,855.0000000000002,,3,0.9901041666666667,14846.299999999997,31003.46666666667,20558.516666666666,19615.2,7707.916666666667,33752.68333333334,8318.1,6610.333333333332,3142.0166666666664,8051.533333333333,13827.483333333335,3290.033333333334,13103.516666666666,6643.349999999998,4315.683333333332,10832.150000000003,15418.966666666667,15505.699999999999,9902.033333333333,20929.6,0,0,0,0,0,0,0,0,0,0,0,0,C4-GUJ-02,,,Macro
514,GHK6955,GHK6955__Suditown,3,C4-GUJ-02,30,Stand by,,,,,,,,,,,,,,,,,,,,,,,,,,,,,,,,,0,,0,1,14846.299999999997,31003.46666666667,20558.516666666666,19615.2,7707.916666666667,33752.68333333334,8318.1,6610.333333333332,3142.0166666666664,8051.533333333333,13827.483333333335,3290.033333333334,13103.516666666666,6643.349999999998,4315.683333333332,10832.150000000003,15418.966666666667,15505.699999999999,9902.033333333333,20929.6,0,0,0,0,0,0,0,0,0,0,0,0,C4-GUJ-02,,,Macro
515,GUJ5776,GUJ5776__S_Gobandgarh,3,C4-GUJ-02,,Enfrashare,EC1-GUJ-02349,,769.3833333333334,,20.25,,,,,,,,,,,,,,,,,,,,,,,,,,,,789.6333333333334,,2,0.990860725308642,14846.299999999997,31003.46666666667,20558.516666666666,19615.2,7707.916666666667,33752.68333333334,8318.1,6610.333333333332,3142.0166666666664,8051.533333333333,13827.483333333335,3290.033333333334,13103.516666666666,6643.349999999998,4315.683333333332,10832.150000000003,15418.966666666667,15505.699999999999,9902.033333333333,20929.6,0,0,0,0,0,0,0,0,0,0,0,0,,,,Macro
516,GUJ5850,GUJ5850_H_Muslim Town Rehmanpura,3,C4-GUJ-02,,Enfrashare,EC1-GUJ-07827,,,,,,,,,,,,,,,,,,,,,,,,,,,,,,,,0,,0,1,14846.299999999997,31003.46666666667,20558.516666666666,19615.2,7707.916666666667,33752.68333333334,8318.1,6610.333333333332,3142.0166666666664,8051.533333333333,13827.483333333335,3290.033333333334,13103.516666666666,6643.349999999998,4315.683333333332,10832.150000000003,15418.966666666667,15505.699999999999,9902.033333333333,20929.6,0,0,0,0,0,0,0,0,0,0,0,0,,,,Macro
517,GUJ6261,GUJ6261__S_CSDRahwaliCantt,3,C4-GUJ-02,30,Stand by,,,,,,,,,,,25.083333333333336,,,,,,,,,29.5,,,,,,,,,,,,,54.583333333333336,,2,0.9993682484567902,14846.299999999997,31003.46666666667,20558.516666666666,19615.2,7707.916666666667,33752.68333333334,8318.1,6610.333333333332,3142.0166666666664,8051.533333333333,13827.483333333335,3290.033333333334,13103.516666666666,6643.349999999998,4315.683333333332,10832.150000000003,15418.966666666667,15505.699999999999,9902.033333333333,20929.6,0,0,0,0,0,0,0,0,0,0,0,0,,,,Macro
518,GHK5812,GHK5812_H_Pir Kot Gujranwala,3,C4-GUJ-02,,Tawal,TWPGRW0003,,,,,,,,,,,6.833333333333333,,,,,,,,,,,,,,,,,,,,,6.833333333333333,,1,0.9999209104938273,14846.299999999997,31003.46666666667,20558.516666666666,19615.2,7707.916666666667,33752.68333333334,8318.1,6610.333333333332,3142.0166666666664,8051.533333333333,13827.483333333335,3290.033333333334,13103.516666666666,6643.349999999998,4315.683333333332,10832.150000000003,15418.966666666667,15505.699999999999,9902.033333333333,20929.6,0,0,0,0,0,0,0,0,0,0,0,0,,,,Macro
519,GUJ9444,GUJ9444__S_Prince Rd Warid_MDGJ1837,3,C4-GUJ-02,20,Stand by,,,400.83333333333326,,,,,,,,,,,,,,,,,,,,,,,,,,,,,,400.83333333333326,,1,0.9953607253086421,14846.299999999997,31003.46666666667,20558.516666666666,19615.2,7707.916666666667,33752.68333333334,8318.1,6610.333333333332,3142.0166666666664,8051.533333333333,13827.483333333335,3290.033333333334,13103.516666666666,6643.349999999998,4315.683333333332,10832.150000000003,15418.966666666667,15505.699999999999,9902.033333333333,20929.6,0,0,0,0,0,0,0,0,0,0,0,0,C4-GUJ-02,,,Macro
520,GUJ0348,GUJ0348_DC Colony,4,C4-GUJ-02,30,Stand by,,,,745.8,,,502.9333333333332,640.5000000000001,,,,,,,,,,,,,,,,,,,,,,,,,1889.2333333333331,,3,0.9836004050925926,14846.299999999997,31003.46666666667,20558.516666666666,19615.2,7707.916666666667,33752.68333333334,8318.1,6610.333333333332,3142.0166666666664,8051.533333333333,13827.483333333335,3290.033333333334,13103.516666666666,6643.349999999998,4315.683333333332,10832.150000000003,15418.966666666667,15505.699999999999,9902.033333333333,20929.6,0,0,0,0,0,0,0,0,0,0,0,0,C4-GUJ-02,,,Macro
521,GUJ9942,GUJ9942__JamiaHanifa,3,C4-GUJ-02,30,Stand by,,,,,,,15.05,358.3166666666667,,,,,,,,,,,,266,875.5833333333339,,,,,,,,,,,,1514.9500000000007,,4,0.9824658564814814,14846.299999999997,31003.46666666667,20558.516666666666,19615.2,7707.916666666667,33752.68333333334,8318.1,6610.333333333332,3142.0166666666664,8051.533333333333,13827.483333333335,3290.033333333334,13103.516666666666,6643.349999999998,4315.683333333332,10832.150000000003,15418.966666666667,15505.699999999999,9902.033333333333,20929.6,0,0,0,0,0,0,0,0,0,0,0,0,C4-GUJ-02,,,Macro
522,GUJ9443,GUJ9443__S_Sultanpura Warid_MDGJ3916,3,C4-GUJ-02,,Ufone,3304,235.4,2555.35,,,,,,,,,,,,,,,,,,,,,,,,,,,,,,2790.75,,2,0.9676996527777777,14846.299999999997,31003.46666666667,20558.516666666666,19615.2,7707.916666666667,33752.68333333334,8318.1,6610.333333333332,3142.0166666666664,8051.533333333333,13827.483333333335,3290.033333333334,13103.516666666666,6643.349999999998,4315.683333333332,10832.150000000003,15418.966666666667,15505.699999999999,9902.033333333333,20929.6,0,0,0,0,0,0,0,0,0,0,0,0,C4-GUJ-02,UFone,3304,Macro
523,GUJ9509,GUJ9509__S_Sabzi_Mandi_GT_Road_GJ4238,3,C4-GUJ-02,9,Stand by,,,,,,,,,,29,,,,,,,,,,,,,,,,,,,,,,,29,,1,0.9996643518518519,14846.299999999997,31003.46666666667,20558.516666666666,19615.2,7707.916666666667,33752.68333333334,8318.1,6610.333333333332,3142.0166666666664,8051.533333333333,13827.483333333335,3290.033333333334,13103.516666666666,6643.349999999998,4315.683333333332,10832.150000000003,15418.966666666667,15505.699999999999,9902.033333333333,20929.6,0,0,0,0,0,0,0,0,0,0,0,0,C4-GUJ-02,,,Macro
524,RUR6773,RUR6773_S_Derasial,3,C4-GUJ-02,,Enfrashare,EC1-GUJ-06602,,,,,,,,,,,,,,,,,,,,,,,,,,,,,,,,0,,0,1,14846.299999999997,31003.46666666667,20558.516666666666,19615.2,7707.916666666667,33752.68333333334,8318.1,6610.333333333332,3142.0166666666664,8051.533333333333,13827.483333333335,3290.033333333334,13103.516666666666,6643.349999999998,4315.683333333332,10832.150000000003,15418.966666666667,15505.699999999999,9902.033333333333,20929.6,0,0,0,0,0,0,0,0,0,0,0,0,C4-GUJ-02,,,
525,GUJ8145,GUJ8145__MeenaBazar,2,C4-GUJ-02,,Jazz CP Prime,,,,,,,1715.5,,,,,,,,,,,,,,117.66666666666669,,,,,,,,,,,,1833.1666666666667,,2,0.9681741898148148,14846.299999999997,31003.46666666667,20558.516666666666,19615.2,7707.916666666667,33752.68333333334,8318.1,6610.333333333332,3142.0166666666664,8051.533333333333,13827.483333333335,3290.033333333334,13103.516666666666,6643.349999999998,4315.683333333332,10832.150000000003,15418.966666666667,15505.699999999999,9902.033333333333,20929.6,0,0,0,0,0,0,0,0,0,0,0,0,C4-GUJ-02,,,Micro
526,GUJ0723,GUJ0723__ShahinAbad,4,C4-GUJ-02,30+20+20,Stand by,,,,,,,,,,,,36.41666666666667,,,,,,,,,,,,,,,,,,,,,36.41666666666667,,1,0.9996838831018519,14846.299999999997,31003.46666666667,20558.516666666666,19615.2,7707.916666666667,33752.68333333334,8318.1,6610.333333333332,3142.0166666666664,8051.533333333333,13827.483333333335,3290.033333333334,13103.516666666666,6643.349999999998,4315.683333333332,10832.150000000003,15418.966666666667,15505.699999999999,9902.033333333333,20929.6,0,0,0,0,0,0,0,0,0,0,0,0,C4-GUJ-02,,,Macro
527,GUJ8000,GUJ8000_SarafaBazar,2,C4-GUJ-02,,Jazz CP Prime,,,,,,,57.66666666666667,,,,,,,,,,,,44.25,,119,,,,,,,,,,,,220.91666666666669,,3,0.9961646412037036,14846.299999999997,31003.46666666667,20558.516666666666,19615.2,7707.916666666667,33752.68333333334,8318.1,6610.333333333332,3142.0166666666664,8051.533333333333,13827.483333333335,3290.033333333334,13103.516666666666,6643.349999999998,4315.683333333332,10832.150000000003,15418.966666666667,15505.699999999999,9902.033333333333,20929.6,0,0,0,0,0,0,0,0,0,0,0,0,C4-GUJ-02,,,Micro
528,GUJ9410,GUJ9410__S_Baghwala Warid_GJ4214,3,C4-GUJ-02,30,Stand by,,38.75000000000001,39.5,,33.41666666666667,96.24999999999999,,,,,,378.0833333333333,,,,,,,489.5833333333333,,,,,,,,,,,,,,1075.5833333333333,,6,0.9875511188271605,14846.299999999997,31003.46666666667,20558.516666666666,19615.2,7707.916666666667,33752.68333333334,8318.1,6610.333333333332,3142.0166666666664,8051.533333333333,13827.483333333335,3290.033333333334,13103.516666666666,6643.349999999998,4315.683333333332,10832.150000000003,15418.966666666667,15505.699999999999,9902.033333333333,20929.6,0,0,0,0,0,0,0,0,0,0,0,0,C4-GUJ-02,,,Macro
529,GUJ9516,GUJ9516_S_Rail Bazar Warid_GJ0333,2,C4-GUJ-02,,Jazz CP Prime,,261.5,2233.633333333334,,,,69.16666666666666,,,,,,,,,,1226.2,2879.966666666666,,,124.08333333333334,,,,,,,,,,,,6794.55,,6,0.8820390625000001,14846.299999999997,31003.46666666667,20558.516666666666,19615.2,7707.916666666667,33752.68333333334,8318.1,6610.333333333332,3142.0166666666664,8051.533333333333,13827.483333333335,3290.033333333334,13103.516666666666,6643.349999999998,4315.683333333332,10832.150000000003,15418.966666666667,15505.699999999999,9902.033333333333,20929.6,0,0,0,0,0,0,0,0,0,0,0,0,C4-GUJ-02,,,Micro
530,GUJ4838,GUJ4838__S_GujranwalaCantt,3,C4-GUJ-02,20,Stand by,,,,372.9666666666667,,,172.41666666666666,162.99999999999997,,,,,,,162.83333333333334,,1.616666666666667,1114.2166666666662,507.83333333333326,,,,,,,,,,,,,,2494.883333333333,,7,0.9711240354938272,14846.299999999997,31003.46666666667,20558.516666666666,19615.2,7707.916666666667,33752.68333333334,8318.1,6610.333333333332,3142.0166666666664,8051.533333333333,13827.483333333335,3290.033333333334,13103.516666666666,6643.349999999998,4315.683333333332,10832.150000000003,15418.966666666667,15505.699999999999,9902.033333333333,20929.6,0,0,0,0,0,0,0,0,0,0,0,0,C4-GUJ-02,,,Macro
531,GHK5824,GHK5824_H_Ghakhar Gujranwala,3,C4-GUJ-02,,Tawal,TWPGRW0001,,,,,,,,,,,13.999999999999996,,,,,,,,,,,,,,,,,,,,,13.999999999999996,,1,0.9998379629629629,14846.299999999997,31003.46666666667,20558.516666666666,19615.2,7707.916666666667,33752.68333333334,8318.1,6610.333333333332,3142.0166666666664,8051.533333333333,13827.483333333335,3290.033333333334,13103.516666666666,6643.349999999998,4315.683333333332,10832.150000000003,15418.966666666667,15505.699999999999,9902.033333333333,20929.6,0,0,0,0,0,0,0,0,0,0,0,0,,,,Macro
532,GUJ9953,GUJ9953__PearyHouse,2,C4-GUJ-02,,Jazz CP Prime,,,,,,,,,,,,,,,,,,,,,1086.5333333333333,,,,,,,,,,,,1086.5333333333333,,1,0.9811365740740741,14846.299999999997,31003.46666666667,20558.516666666666,19615.2,7707.916666666667,33752.68333333334,8318.1,6610.333333333332,3142.0166666666664,8051.533333333333,13827.483333333335,3290.033333333334,13103.516666666666,6643.349999999998,4315.683333333332,10832.150000000003,15418.966666666667,15505.699999999999,9902.033333333333,20929.6,0,0,0,0,0,0,0,0,0,0,0,0,C4-GUJ-02,,,Micro
533,GUJ9440,GUJ9440__S_Chah Talianwala Warid_MDGJ1832,3,C4-GUJ-02,9,Stand by,,,,,,,69.33333333333334,,,,,,,,,,,,,,,,,,,,,,,,,,69.33333333333334,,1,0.9991975308641975,14846.299999999997,31003.46666666667,20558.516666666666,19615.2,7707.916666666667,33752.68333333334,8318.1,6610.333333333332,3142.0166666666664,8051.533333333333,13827.483333333335,3290.033333333334,13103.516666666666,6643.349999999998,4315.683333333332,10832.150000000003,15418.966666666667,15505.699999999999,9902.033333333333,20929.6,0,0,0,0,0,0,0,0,0,0,0,0,C4-GUJ-02,,,Macro
534,GUJ3344,GUJ3344__MuslimTown,3,C4-GUJ-02,30,Stand by,,,,,,,,,,,,,,,,,,,,,,,,,,,,,,,,,0,,0,1,14846.299999999997,31003.46666666667,20558.516666666666,19615.2,7707.916666666667,33752.68333333334,8318.1,6610.333333333332,3142.0166666666664,8051.533333333333,13827.483333333335,3290.033333333334,13103.516666666666,6643.349999999998,4315.683333333332,10832.150000000003,15418.966666666667,15505.699999999999,9902.033333333333,20929.6,0,0,0,0,0,0,0,0,0,0,0,0,C4-GUJ-02,,,Macro
535,GUJ3019,GUJ3019__TabarakColony,3,C4-GUJ-02,20,Stand by,,72.58333333333334,,14,,,117.75,,,,,,,,,138.58333333333331,12.08333333333333,,,,,,,,,,,,,,,,354.99999999999994,,5,0.9958912037037037,14846.299999999997,31003.46666666667,20558.516666666666,19615.2,7707.916666666667,33752.68333333334,8318.1,6610.333333333332,3142.0166666666664,8051.533333333333,13827.483333333335,3290.033333333334,13103.516666666666,6643.349999999998,4315.683333333332,10832.150000000003,15418.966666666667,15505.699999999999,9902.033333333333,20929.6,0,0,0,0,0,0,0,0,0,0,0,0,C4-GUJ-02,,,Macro
536,GUJ8809,GUJ8809__S_KhalidColony_CMPak7894,3,C4-GUJ-02,,CM Pak,7894,,,,,,,,,,,,23.500000000000007,,1021.9,,106.99999999999997,11.75,,,910.8000000000001,,,,,,,,,,,,2074.9500000000003,,5,0.975984375,14846.299999999997,31003.46666666667,20558.516666666666,19615.2,7707.916666666667,33752.68333333334,8318.1,6610.333333333332,3142.0166666666664,8051.533333333333,13827.483333333335,3290.033333333334,13103.516666666666,6643.349999999998,4315.683333333332,10832.150000000003,15418.966666666667,15505.699999999999,9902.033333333333,20929.6,0,0,0,0,0,0,0,0,0,0,0,0,C4-GUJ-02,CMPak,7894,Macro
537,GHK9864,GHK9864__Muhallahjinnah_Town,3,C4-GUJ-02,30,Stand by,,,,,,,,,,,,473.4999999999999,121.5,,,,77.10000000000001,648.7166666666667,267.75,,,,,,,,,,,,,,1588.5666666666666,,5,0.9816138117283951,14846.299999999997,31003.46666666667,20558.516666666666,19615.2,7707.916666666667,33752.68333333334,8318.1,6610.333333333332,3142.0166666666664,8051.533333333333,13827.483333333335,3290.033333333334,13103.516666666666,6643.349999999998,4315.683333333332,10832.150000000003,15418.966666666667,15505.699999999999,9902.033333333333,20929.6,0,0,0,0,0,0,0,0,0,0,0,0,C4-GUJ-02,,,Macro
538,RUR0346,RUR0346__Gondlanwala,3,C4-GUJ-02,,UFONE,3894,,25,,,,40.08333333333333,,,,,,,,,,,,,,,,,,,,,,,,,,65.08333333333333,,2,0.9992467206790124,14846.299999999997,31003.46666666667,20558.516666666666,19615.2,7707.916666666667,33752.68333333334,8318.1,6610.333333333332,3142.0166666666664,8051.533333333333,13827.483333333335,3290.033333333334,13103.516666666666,6643.349999999998,4315.683333333332,10832.150000000003,15418.966666666667,15505.699999999999,9902.033333333333,20929.6,0,0,0,0,0,0,0,0,0,0,0,0,C4-GUJ-02,UFone,3894,Macro
539,RUR8710,RUR8710__S_Lambanwali_Ufone1319,3,C4-GUJ-02,,Ufone,1319,,742.5,2432.75,36.66666666666667,,,,,,,,,,,,,,,,,,,,,,,,,,,,3211.9166666666665,,3,0.9628250385802469,14846.299999999997,31003.46666666667,20558.516666666666,19615.2,7707.916666666667,33752.68333333334,8318.1,6610.333333333332,3142.0166666666664,8051.533333333333,13827.483333333335,3290.033333333334,13103.516666666666,6643.349999999998,4315.683333333332,10832.150000000003,15418.966666666667,15505.699999999999,9902.033333333333,20929.6,0,0,0,0,0,0,0,0,0,0,0,0,C4-GUJ-02,Ufone,1319,Macro
540,GUJ9789,GUJ9789__MobilinkHouseGUJ,1,C4-GUJ-02,,Jazz CP Prime,,16.91666666666667,,,,,,,,,,,,,,,,,23.58333333333333,,,,,,,,,,,,,,40.5,,2,0.99859375,14846.299999999997,31003.46666666667,20558.516666666666,19615.2,7707.916666666667,33752.68333333334,8318.1,6610.333333333332,3142.0166666666664,8051.533333333333,13827.483333333335,3290.033333333334,13103.516666666666,6643.349999999998,4315.683333333332,10832.150000000003,15418.966666666667,15505.699999999999,9902.033333333333,20929.6,0,0,0,0,0,0,0,0,0,0,0,0,C4-GUJ-02,,,Micro
541,GUJ9760,GUJ9760__S_Gondalanwala RD Gujranwala,3,C4-GUJ-02,,CP Prime,,4319.949999999999,4319.949999999999,,,,702.9999999999999,,,,,,,,,,,,,,,,,,,,,,,,,,9342.899999999998,,3,0.8918645833333333,14846.299999999997,31003.46666666667,0,7329.083333333333,0,702.9999999999999,0,0,0,0,0,0,0,0,0,0,0,0,0,0,0,0,0,0,0,0,0,0,0,0,0,,,,,
542,GUJ3302,GUJ3302__PindiBypass,3,C4-GUJ-02,27,Stand by,,,,,,,,,,,239.75,,,,,,,66,,,,,,,,,,,,,,,305.75,,2,0.9964612268518519,14846.299999999997,31003.46666666667,20558.516666666666,19615.2,7707.916666666667,33752.68333333334,8318.1,6610.333333333332,3142.0166666666664,8051.533333333333,13827.483333333335,3290.033333333334,13103.516666666666,6643.349999999998,4315.683333333332,10832.150000000003,15418.966666666667,15505.699999999999,9902.033333333333,20929.6,0,0,0,0,0,0,0,0,0,0,0,0,C4-GUJ-02,,,Macro
543,GUJ9447,GUJ9447__S_Hafizabad Rd Warid_MDGJ4164,3,C4-GUJ-02,30,Stand by,,,,,,,70.75,,,,,,,,,,,,,,94.91666666666667,,,,,,,,,,,,165.66666666666669,,2,0.998082561728395,14846.299999999997,31003.46666666667,20558.516666666666,19615.2,7707.916666666667,33752.68333333334,8318.1,6610.333333333332,3142.0166666666664,8051.533333333333,13827.483333333335,3290.033333333334,13103.516666666666,6643.349999999998,4315.683333333332,10832.150000000003,15418.966666666667,15505.699999999999,9902.033333333333,20929.6,0,0,0,0,0,0,0,0,0,0,0,0,C4-GUJ-02,,,Macro
544,GUJ9552,GUJ9552__S_GulshanColony,3,C4-GUJ-02,,Enfrashare,EC1-GUJ-09084,,,,,,,,,,,,,,,,,,,,,,,,,,,,,,,,0,,0,1,14846.299999999997,31003.46666666667,20558.516666666666,19615.2,7707.916666666667,33752.68333333334,8318.1,6610.333333333332,3142.0166666666664,8051.533333333333,13827.483333333335,3290.033333333334,13103.516666666666,6643.349999999998,4315.683333333332,10832.150000000003,15418.966666666667,15505.699999999999,9902.033333333333,20929.6,0,0,0,0,0,0,0,0,0,0,0,0,C4-GUJ-02,Enfra,EC1-GUJ-09084,Macro
545,GUJ5575,GUJ5575_H_Gondlan Wala Rd Model Town,3,C4-GUJ-02,,Enfrashare,EC1-GUJ-07834,,14.416666666666666,,,,643.5,,,,,,,,,,,,,,,,,,,,,,,,,,657.9166666666666,,2,0.9923852237654321,14846.299999999997,31003.46666666667,20558.516666666666,19615.2,7707.916666666667,33752.68333333334,8318.1,6610.333333333332,3142.0166666666664,8051.533333333333,13827.483333333335,3290.033333333334,13103.516666666666,6643.349999999998,4315.683333333332,10832.150000000003,15418.966666666667,15505.699999999999,9902.033333333333,20929.6,0,0,0,0,0,0,0,0,0,0,0,0,,,,Macro
546,GUJ9419,GUJ9419__S_Krishan Nagar Warid_GJ4159,3,C4-GUJ-02,27,Stand by,,,,,,,,,,,,,,,,,,525.75,,,,,,,,,,,,,,,525.75,,1,0.9939149305555556,14846.299999999997,31003.46666666667,20558.516666666666,19615.2,7707.916666666667,33752.68333333334,8318.1,6610.333333333332,3142.0166666666664,8051.533333333333,13827.483333333335,3290.033333333334,13103.516666666666,6643.349999999998,4315.683333333332,10832.150000000003,15418.966666666667,15505.699999999999,9902.033333333333,20929.6,0,0,0,0,0,0,0,0,0,0,0,0,C4-GUJ-02,,,Macro
547,GUJ0006,GUJ0006__Ghalla,3,C4-GUJ-02,"30, 20, 27",Stand by,,,,,,,86.25,,,,,,,,,,,,,,,,,,,,,,,,,,86.25,,1,0.9990017361111111,14846.299999999997,31003.46666666667,20558.516666666666,19615.2,7707.916666666667,33752.68333333334,8318.1,6610.333333333332,3142.0166666666664,8051.533333333333,13827.483333333335,3290.033333333334,13103.516666666666,6643.349999999998,4315.683333333332,10832.150000000003,15418.966666666667,15505.699999999999,9902.033333333333,20929.6,0,0,0,0,0,0,0,0,0,0,0,0,C4-GUJ-02,,,Macro
548,GUJ9413,GUJ9413__S_Moh Raitanwala Warid_GJ4234,3,C4-GUJ-02,30,Stand by,,,,,370.7499999999999,,,,,,,,,143.25,,,,,,,,,,,,,,,,,,,513.9999999999999,,2,0.9940509259259259,14846.299999999997,31003.46666666667,20558.516666666666,19615.2,7707.916666666667,33752.68333333334,8318.1,6610.333333333332,3142.0166666666664,8051.533333333333,13827.483333333335,3290.033333333334,13103.516666666666,6643.349999999998,4315.683333333332,10832.150000000003,15418.966666666667,15505.699999999999,9902.033333333333,20929.6,0,0,0,0,0,0,0,0,0,0,0,0,C4-GUJ-02,,,Macro
549,GUJ8736,GUJ8736__S_BartanMarket_CMPak4769_RL_GUJ3738,3,C4-GUJ-02,,CM Pak,4769,,,,,,539.9166666666667,,,,,,,,,,,,,,,,,,,,,,,,,,539.9166666666667,,1,0.9937509645061727,14846.299999999997,31003.46666666667,20558.516666666666,19615.2,7707.916666666667,33752.68333333334,8318.1,6610.333333333332,3142.0166666666664,8051.533333333333,13827.483333333335,3290.033333333334,13103.516666666666,6643.349999999998,4315.683333333332,10832.150000000003,15418.966666666667,15505.699999999999,9902.033333333333,20929.6,0,0,0,0,0,0,0,0,0,0,0,0,C4-GUJ-02,CMPak,4769,Macro
550,GUJ8834,GUJ8834__S_Lohianwala,3,C4-GUJ-02,,Tawal,TWPGRW0018,,,,,,,,,,,246,,331.4166666666667,,,,,400.04999999999995,,636.9999999999999,,,,,,,,,,,,1614.4666666666667,,4,0.9813140432098766,14846.299999999997,31003.46666666667,20558.516666666666,19615.2,7707.916666666667,33752.68333333334,8318.1,6610.333333333332,3142.0166666666664,8051.533333333333,13827.483333333335,3290.033333333334,13103.516666666666,6643.349999999998,4315.683333333332,10832.150000000003,15418.966666666667,15505.699999999999,9902.033333333333,20929.6,0,0,0,0,0,0,0,0,0,0,0,0,C4-GUJ-02,Tawal,TWPGRW0018,Macro
551,GUJ8144,GUJ8144__Baghbnpura,2,C4-GUJ-02,,Jazz CP Prime,,,,,,,,,,,,,,,,,,,,,,,,,,,,,,,,,0,,0,1,14846.299999999997,31003.46666666667,20558.516666666666,19615.2,7707.916666666667,33752.68333333334,8318.1,6610.333333333332,3142.0166666666664,8051.533333333333,13827.483333333335,3290.033333333334,13103.516666666666,6643.349999999998,4315.683333333332,10832.150000000003,15418.966666666667,15505.699999999999,9902.033333333333,20929.6,0,0,0,0,0,0,0,0,0,0,0,0,C4-GUJ-02,,,Micro
552,GUJ3541,GUJ3541__AritilleryMosque,3,C4-GUJ-02,9,Stand by,,,,28.75,,,6.750000000000001,,357.75,,,,,,35.08333333333334,,,,,,,,,,,,,,,,,,428.33333333333337,,4,0.995042438271605,14846.299999999997,31003.46666666667,20558.516666666666,19615.2,7707.916666666667,33752.68333333334,8318.1,6610.333333333332,3142.0166666666664,8051.533333333333,13827.483333333335,3290.033333333334,13103.516666666666,6643.349999999998,4315.683333333332,10832.150000000003,15418.966666666667,15505.699999999999,9902.033333333333,20929.6,0,0,0,0,0,0,0,0,0,0,0,0,C4-GUJ-02,,,Macro
553,GUJ6386,GUJ6386__S_FazalTown,3,C4-GUJ-02,,E.Co,e.coPK018854PU,,,,,,254.5,,,,250.5,,,277.25,,,,289.25,,,721.4666666666667,,,,,,,,,,,,1792.9666666666667,,5,0.9792480709876543,14846.299999999997,31003.46666666667,20558.516666666666,19615.2,7707.916666666667,33752.68333333334,8318.1,6610.333333333332,3142.0166666666664,8051.533333333333,13827.483333333335,3290.033333333334,13103.516666666666,6643.349999999998,4315.683333333332,10832.150000000003,15418.966666666667,15505.699999999999,9902.033333333333,20929.6,0,0,0,0,0,0,0,0,0,0,0,0,,,,Macro
554,RUR0357,RUR0357__S_BadokiGusaiyan_new,4,C4-GUJ-02,30,Stand by,,,,,,,,,,,,,,,12.666666666666668,,,,,,,,,,,,,,,,,,12.666666666666668,,1,0.9998900462962963,14846.299999999997,31003.46666666667,20558.516666666666,19615.2,7707.916666666667,33752.68333333334,8318.1,6610.333333333332,3142.0166666666664,8051.533333333333,13827.483333333335,3290.033333333334,13103.516666666666,6643.349999999998,4315.683333333332,10832.150000000003,15418.966666666667,15505.699999999999,9902.033333333333,20929.6,0,0,0,0,0,0,0,0,0,0,0,0,C4-GUJ-02,,,Macro
555,GUJ0081,GUJ0081__MetalWorks,3,C4-GUJ-02,20,Stand by,,,,,,,340.6666666666667,,,,,,,,,,,,,,,,,,,,,,,,,,340.6666666666667,,1,0.9960570987654321,14846.299999999997,31003.46666666667,20558.516666666666,19615.2,7707.916666666667,33752.68333333334,8318.1,6610.333333333332,3142.0166666666664,8051.533333333333,13827.483333333335,3290.033333333334,13103.516666666666,6643.349999999998,4315.683333333332,10832.150000000003,15418.966666666667,15505.699999999999,9902.033333333333,20929.6,0,0,0,0,0,0,0,0,0,0,0,0,C4-GUJ-02,,,Macro
556,GUJ9421,GUJ9421__S_Bakhteywala Warid_GJ1833,3,C4-GUJ-02,20,Stand by,,85.66666666666667,,,,196,,,,,,,,,,,,,,,,,,,,,,,,,,,281.6666666666667,,2,0.9967399691358025,14846.299999999997,31003.46666666667,20558.516666666666,19615.2,7707.916666666667,33752.68333333334,8318.1,6610.333333333332,3142.0166666666664,8051.533333333333,13827.483333333335,3290.033333333334,13103.516666666666,6643.349999999998,4315.683333333332,10832.150000000003,15418.966666666667,15505.699999999999,9902.033333333333,20929.6,0,0,0,0,0,0,0,0,0,0,0,0,C4-GUJ-02,,,Macro
557,RUR5579,RUR5579__S_RajputTown,3,C4-GUJ-02,,Enfrashare,EC1-GUJ-02585,,,,,,,,,,,,,,,,,,,,,,,,,,,,,,,,0,,0,1,14846.299999999997,31003.46666666667,20558.516666666666,19615.2,7707.916666666667,33752.68333333334,8318.1,6610.333333333332,3142.0166666666664,8051.533333333333,13827.483333333335,3290.033333333334,13103.516666666666,6643.349999999998,4315.683333333332,10832.150000000003,15418.966666666667,15505.699999999999,9902.033333333333,20929.6,0,0,0,0,0,0,0,0,0,0,0,0,,,,Macro
558,GUJ0233,GUJ0233_C2 Water Tank,3,C4-GUJ-02,,CM Pak,C-GRN-5632,113.50000000000003,,28.5,,,4,,270.1333333333333,,,,,,34.66666666666666,,,,,,,,,,,,,,,,,,450.79999999999995,,5,0.9947824074074074,14846.299999999997,31003.46666666667,20558.516666666666,19615.2,7707.916666666667,33752.68333333334,8318.1,6610.333333333332,3142.0166666666664,8051.533333333333,13827.483333333335,3290.033333333334,13103.516666666666,6643.349999999998,4315.683333333332,10832.150000000003,15418.966666666667,15505.699999999999,9902.033333333333,20929.6,0,0,0,0,0,0,0,0,0,0,0,0,C4-GUJ-02,CMPAK,C-GRN-5632,Macro
559,GUJ0662,GUJ0662_T_GIFT_University,2,C4-GUJ-02,,Jazz CP Prime,,,,,,,,,,,,,,,,,,,,,,,,,,,,,,,,,0,,0,1,14846.299999999997,31003.46666666667,20558.516666666666,19615.2,7707.916666666667,33752.68333333334,8318.1,6610.333333333332,3142.0166666666664,8051.533333333333,13827.483333333335,3290.033333333334,13103.516666666666,6643.349999999998,4315.683333333332,10832.150000000003,15418.966666666667,15505.699999999999,9902.033333333333,20929.6,0,0,0,0,0,0,0,0,0,0,0,0,C4-GUJ-02,,,Micro
560,GUJ5757,GUJ5757__S_CMHGujranwala,3,C4-GUJ-02,20,Stand by,,,,,,,221.66666666666666,103.33333333333333,539.2166666666666,349.85000000000014,378.6833333333333,260.0833333333333,299.25,,6.500000000000001,,,,,,,,,,,,,,,,,,2158.583333333333,,8,0.9750163966049382,14846.299999999997,31003.46666666667,20558.516666666666,19615.2,7707.916666666667,33752.68333333334,8318.1,6610.333333333332,3142.0166666666664,8051.533333333333,13827.483333333335,3290.033333333334,13103.516666666666,6643.349999999998,4315.683333333332,10832.150000000003,15418.966666666667,15505.699999999999,9902.033333333333,20929.6,0,0,0,0,0,0,0,0,0,0,0,0,,,,Macro
561,GUJ1188,GUJ1188__OppOfficerColony,3,C4-GUJ-02,,UFONE,3315,,,,,,,,,,,,,,,,,,,,,,,,,,,,,,,,0,,0,1,14846.299999999997,31003.46666666667,20558.516666666666,19615.2,7707.916666666667,33752.68333333334,8318.1,6610.333333333332,3142.0166666666664,8051.533333333333,13827.483333333335,3290.033333333334,13103.516666666666,6643.349999999998,4315.683333333332,10832.150000000003,15418.966666666667,15505.699999999999,9902.033333333333,20929.6,0,0,0,0,0,0,0,0,0,0,0,0,C4-GUJ-02,UFone,3315,Macro
562,GUJ3342,GUJ3342__Chowkniayen,3,C4-GUJ-02,30,Stand by,,,,,,,,,,,,,,,,,,,,,,,,,,,,,,,,,0,,0,1,14846.299999999997,31003.46666666667,20558.516666666666,19615.2,7707.916666666667,33752.68333333334,8318.1,6610.333333333332,3142.0166666666664,8051.533333333333,13827.483333333335,3290.033333333334,13103.516666666666,6643.349999999998,4315.683333333332,10832.150000000003,15418.966666666667,15505.699999999999,9902.033333333333,20929.6,0,0,0,0,0,0,0,0,0,0,0,0,C4-GUJ-02,,,Macro
563,GUJ8579,GUJ8579__S_ MadduKhalilNawabChowk,3,C4-GUJ-02,,ATL, ATGJW25,,,653.75,,,1005.0500000000001,,,,,,,,,,,,,,,,,,,,,,,,,,1658.8000000000002,,2,0.9808009259259259,14846.299999999997,31003.46666666667,20558.516666666666,19615.2,7707.916666666667,33752.68333333334,8318.1,6610.333333333332,3142.0166666666664,8051.533333333333,13827.483333333335,3290.033333333334,13103.516666666666,6643.349999999998,4315.683333333332,10832.150000000003,15418.966666666667,15505.699999999999,9902.033333333333,20929.6,0,0,0,0,0,0,0,0,0,0,0,0,C4-GUJ-02,ATL, ATGJW25,Macro
564,GUJ6808,GUJ6808__S_MianSansi_CMPak43352,3,C4-GUJ-02,,CM Pak,CMPak43352,,,,,,,,,,,,,,,,,,,,,,,,,,,,,,,,0,,0,1,14846.299999999997,31003.46666666667,20558.516666666666,19615.2,7707.916666666667,33752.68333333334,8318.1,6610.333333333332,3142.0166666666664,8051.533333333333,13827.483333333335,3290.033333333334,13103.516666666666,6643.349999999998,4315.683333333332,10832.150000000003,15418.966666666667,15505.699999999999,9902.033333333333,20929.6,0,0,0,0,0,0,0,0,0,0,0,0,C4-GUJ-02,CMPak,CMPak43352,Macro
565,GUJ6582,"Madina, Jamia , Alkaram Market",1,C4-GUJ-02,,Jazz CP Prime,,,,,,,,,,,,,,,,,,,,,,,,,,,,,,,,,0,,0,1,14846.299999999997,31003.46666666667,20558.516666666666,19615.2,7707.916666666667,33752.68333333334,8318.1,6610.333333333332,3142.0166666666664,8051.533333333333,13827.483333333335,3290.033333333334,13103.516666666666,6643.349999999998,4315.683333333332,10832.150000000003,15418.966666666667,15505.699999999999,9902.033333333333,20929.6,0,0,0,0,0,0,0,0,0,0,0,0,,,,Micro
566,RUR7696,RUR7696__S_BhaggatGarahRd,3,C4-GUJ-02,,CP Prime,,,,,,,,,,,,,,,9.5,,612.5000000000001,,,,,,,,,,,,,,,,622.0000000000001,,2,0.992800925925926,14846.299999999997,31003.46666666667,0,7329.083333333333,0,0,0,0,0,0,0,0,0,0,0,0,0,0,0,0,0,0,0,0,0,0,0,0,0,0,0,,,,,
567,GUJ8282,GUJ8282_GulshanColonyGround,3,C4-GUJ-02,,E.Co,e.coPK016357PU,,,,,,,,,,,,,,,,,,,,,,,,,,,,,,,,0,,0,1,14846.299999999997,31003.46666666667,20558.516666666666,19615.2,7707.916666666667,33752.68333333334,8318.1,6610.333333333332,3142.0166666666664,8051.533333333333,13827.483333333335,3290.033333333334,13103.516666666666,6643.349999999998,4315.683333333332,10832.150000000003,15418.966666666667,15505.699999999999,9902.033333333333,20929.6,0,0,0,0,0,0,0,0,0,0,0,0,C4-GUJ-02,E.Co-,e.coPK016357PU,
568,RUR9503,RUR9503__S_Village Khana Bhattian_1M3552,3,C4-HFZ-06,,CP Prime,,,,,,,,,,,,,,,,,,1.833333333333333,,,,,,,,,,,,,,,1.833333333333333,,1,0.9999787808641974,6143.500000000001,6417.400000000001,10479.099999999999,5039.750000000001,7927.816666666666,13130.883333333335,22827.016666666666,7308.249999999999,6310.233333333334,6493.133333333334,6361.783333333335,5999.5,6822.199999999999,17467.93333333333,6873.766666666668,11521.949999999999,12186.366666666665,8628.5,8526.8,10159.649999999994,0,0,0,0,0,0,0,0,0,0,0,0,C4-HFZ-06,,,Macro
569,RUR2262,RUR2262__S_MianwaliPind_TPLKMR02,3,C4-HFZ-06,,Telenor,LKMR02,,,,,,,,,,,,,,,,,352,598.2500000000005,,,,,,,,,,,,,,950.2500000000005,,2,0.9890017361111112,6143.500000000001,6417.400000000001,10479.099999999999,5039.750000000001,7927.816666666666,13130.883333333335,22827.016666666666,7308.249999999999,6310.233333333334,6493.133333333334,6361.783333333335,5999.5,6822.199999999999,17467.93333333333,6873.766666666668,11521.949999999999,12186.366666666665,8628.5,8526.8,10159.649999999994,0,0,0,0,0,0,0,0,0,0,0,0,C4-HFZ-06,Telenor,TPLKMR02,Macro
570,HWY1485,HWY1485__S_MungawalaWarid_25413,3,C4-HFZ-06,,CM Pak,6728,487.05,586.4833333333335,776.9,482.66666666666674,324.08333333333337,1100.883333333334,1161.4166666666665,678.1666666666667,375.66666666666663,208.99999999999997,397.58333333333337,422.56666666666666,192.08333333333331,549.8499999999999,447,208.08333333333331,810.4999999999998,648.7833333333333,340.16666666666674,422.58333333333326,,,,,,,,,,,,10621.516666666666,,20,0.8770657793209877,6143.500000000001,6417.400000000001,10479.099999999999,5039.750000000001,7927.816666666666,13130.883333333335,22827.016666666666,7308.249999999999,6310.233333333334,6493.133333333334,6361.783333333335,5999.5,6822.199999999999,17467.93333333333,6873.766666666668,11521.949999999999,12186.366666666665,8628.5,8526.8,10159.649999999994,0,0,0,0,0,0,0,0,0,0,0,0,C4-HFZ-06,,6728,Macro
571,PND1358,PND1358__P_Fatehke_Burj_WalaWarid_43635,3,C4-HFZ-06,,CP Prime,,,,,,488.58333333333326,,343.1666666666667,,494.1500000000001,,,467.3333333333333,,,,725.6666666666666,,,,,,,,,,,,,,,,2518.9,,5,0.9708460648148148,6143.500000000001,6417.400000000001,10479.099999999999,5039.750000000001,7927.816666666666,13130.883333333335,22827.016666666666,7308.249999999999,6310.233333333334,6493.133333333334,6361.783333333335,5999.5,6822.199999999999,17467.93333333333,6873.766666666668,11521.949999999999,12186.366666666665,8628.5,8526.8,10159.649999999994,0,0,0,0,0,0,0,0,0,0,0,0,C4-HFZ-06,,,Macro
572,RUR6466,RUR6466__SakhiTelenorLHFR16,3,C4-HFZ-06,,Telenor,LHFR16,,,,,,,789.9166666666665,,,,,,,1048.5500000000002,,,,,,,,,,,,,,,,,,1838.4666666666667,,2,0.9787214506172839,6143.500000000001,6417.400000000001,10479.099999999999,5039.750000000001,7927.816666666666,13130.883333333335,22827.016666666666,7308.249999999999,6310.233333333334,6493.133333333334,6361.783333333335,5999.5,6822.199999999999,17467.93333333333,6873.766666666668,11521.949999999999,12186.366666666665,8628.5,8526.8,10159.649999999994,0,0,0,0,0,0,0,0,0,0,0,0,C4-HFZ-06,Telenor,LHFR16,Macro
573,RUR1091,RUR1091__S_KotNaka_Ufone_3849,3,C4-HFZ-06,,UFONE,3849,,,,,,,,,,,,,,,,,,,,,,,,,,,,,,,,0,,0,1,6143.500000000001,6417.400000000001,10479.099999999999,5039.750000000001,7927.816666666666,13130.883333333335,22827.016666666666,7308.249999999999,6310.233333333334,6493.133333333334,6361.783333333335,5999.5,6822.199999999999,17467.93333333333,6873.766666666668,11521.949999999999,12186.366666666665,8628.5,8526.8,10159.649999999994,0,0,0,0,0,0,0,0,0,0,0,0,C4-HFZ-06,,,Macro
574,RUR8864,RUR8864__KotQadarBakshDistrictCourtHafizabad,3,C4-HFZ-06,20,Stand by,,,,,,,,,,,,,,,,,,,,182.04999999999998,308.9166666666667,,,,,,,,,,,,490.9666666666667,,2,0.9943175154320987,6143.500000000001,6417.400000000001,10479.099999999999,5039.750000000001,7927.816666666666,13130.883333333335,22827.016666666666,7308.249999999999,6310.233333333334,6493.133333333334,6361.783333333335,5999.5,6822.199999999999,17467.93333333333,6873.766666666668,11521.949999999999,12186.366666666665,8628.5,8526.8,10159.649999999994,0,0,0,0,0,0,0,0,0,0,0,0,C4-HFZ-06,,,Macro
575,QMZ1528,QMZ1528_S_Qila MirZamanWarid_113519,3,C4-HFZ-06,9,Stand by,,,,,,,,,,,,,,,,,,290.1666666666667,597,,,,,,,,,,,,,,887.1666666666667,,2,0.9897318672839507,6143.500000000001,6417.400000000001,10479.099999999999,5039.750000000001,7927.816666666666,13130.883333333335,22827.016666666666,7308.249999999999,6310.233333333334,6493.133333333334,6361.783333333335,5999.5,6822.199999999999,17467.93333333333,6873.766666666668,11521.949999999999,12186.366666666665,8628.5,8526.8,10159.649999999994,0,0,0,0,0,0,0,0,0,0,0,0,C4-HFZ-06,,,Macro
576,RUR5934,RUR5934__P_Bagga Sharif Warid_HF5099,3,C4-HFZ-06,,Enfrashare,EC1-HFZ-08581,,,189,,,,,,,,,,,1849.5,,,,,,,,,,,,,,,,,,2038.5,,2,0.97640625,6143.500000000001,6417.400000000001,10479.099999999999,5039.750000000001,7927.816666666666,13130.883333333335,22827.016666666666,7308.249999999999,6310.233333333334,6493.133333333334,6361.783333333335,5999.5,6822.199999999999,17467.93333333333,6873.766666666668,11521.949999999999,12186.366666666665,8628.5,8526.8,10159.649999999994,0,0,0,0,0,0,0,0,0,0,0,0,C4-HFZ-06,UFone,3781,Macro
577,HWY1510,HWY1510__S_Aswan BhattianWarid_25342,4,C4-HFZ-06,20,Stand by,,,,686.9166666666665,,,,614.5000000000001,,,,,,42.499999999999986,33.916666666666664,,,,485.73333333333335,,,,,,,,,,,,,,1863.5666666666666,,5,0.9838232060185186,6143.500000000001,6417.400000000001,10479.099999999999,5039.750000000001,7927.816666666666,13130.883333333335,22827.016666666666,7308.249999999999,6310.233333333334,6493.133333333334,6361.783333333335,5999.5,6822.199999999999,17467.93333333333,6873.766666666668,11521.949999999999,12186.366666666665,8628.5,8526.8,10159.649999999994,0,0,0,0,0,0,0,0,0,0,0,0,C4-HFZ-06,,,Macro
578,HFZ9814,HFZ9814__sohnservice_st,3,C4-HFZ-06,,CP Prime,,,,,,,,,,,,,,,720.6666666666667,,,,,,,,,,,,,,,,,,720.6666666666667,,1,0.9916589506172839,6143.500000000001,6417.400000000001,10479.099999999999,5039.750000000001,7927.816666666666,13130.883333333335,22827.016666666666,7308.249999999999,6310.233333333334,6493.133333333334,6361.783333333335,5999.5,6822.199999999999,17467.93333333333,6873.766666666668,11521.949999999999,12186.366666666665,8628.5,8526.8,10159.649999999994,0,0,0,0,0,0,0,0,0,0,0,0,C4-HFZ-06,,,Macro
579,HWY1244,HWY1244__Pindori,3,C4-HFZ-06,,Telenor,LAPR02,,,,,,63.999999999999986,,,,,,,,,13.25,,,,,9.75,,,,,,,,,,,,86.99999999999999,,3,0.9989930555555556,6143.500000000001,6417.400000000001,10479.099999999999,5039.750000000001,7927.816666666666,13130.883333333335,22827.016666666666,7308.249999999999,6310.233333333334,6493.133333333334,6361.783333333335,5999.5,6822.199999999999,17467.93333333333,6873.766666666668,11521.949999999999,12186.366666666665,8628.5,8526.8,10159.649999999994,0,0,0,0,0,0,0,0,0,0,0,0,C4-HFZ-06,Telenor,LAPR02,Macro
580,RUR9398,RUR9398__S_Peelu village Warid_315321,3,C4-HFZ-06,,Telenor,LHFR01,140.6666666666667,297.46666666666664,349.5,350.49999999999994,270.9666666666667,320.29999999999995,673.3166666666665,318.23333333333335,422.66666666666663,293.85,1252.4000000000005,524.2833333333333,271.8833333333334,554.2500000000002,1149.6499999999999,271.38333333333327,289.5333333333333,217.24999999999997,1201.5833333333335,1926.1833333333325,,,,,,,,,,,,11095.866666666665,,20,0.8715756172839506,6143.500000000001,6417.400000000001,10479.099999999999,5039.750000000001,7927.816666666666,13130.883333333335,22827.016666666666,7308.249999999999,6310.233333333334,6493.133333333334,6361.783333333335,5999.5,6822.199999999999,17467.93333333333,6873.766666666668,11521.949999999999,12186.366666666665,8628.5,8526.8,10159.649999999994,0,0,0,0,0,0,0,0,0,0,0,0,C4-HFZ-06,Telenor,LHFR01,Macro
581,RUR2274,RUR2274__S_Bureyala,3,C4-HFZ-06,,CM Pak,7733,,,,,,,,,,,,,,,,,,,,,,,,,,,,,,,,0,,0,1,6143.500000000001,6417.400000000001,10479.099999999999,5039.750000000001,7927.816666666666,13130.883333333335,22827.016666666666,7308.249999999999,6310.233333333334,6493.133333333334,6361.783333333335,5999.5,6822.199999999999,17467.93333333333,6873.766666666668,11521.949999999999,12186.366666666665,8628.5,8526.8,10159.649999999994,0,0,0,0,0,0,0,0,0,0,0,0,C4-HFZ-06,CMPAK,7733,Macro
582,AMG8795,AMG8795__Ludhaywala,4,C4-HFZ-06,27,Stand by,,295.6666666666667,,159.5,270.24999999999994,,499.75,49.750000000000014,,,,,,185.66666666666663,,117.50000000000001,,,,,,,,,,,,,,,,,1578.083333333333,,7,0.9863013599537037,6143.500000000001,6417.400000000001,10479.099999999999,5039.750000000001,7927.816666666666,13130.883333333335,22827.016666666666,7308.249999999999,6310.233333333334,6493.133333333334,6361.783333333335,5999.5,6822.199999999999,17467.93333333333,6873.766666666668,11521.949999999999,12186.366666666665,8628.5,8526.8,10159.649999999994,0,0,0,0,0,0,0,0,0,0,0,0,C4-HFZ-06,,,Macro
583,QMS9703,QMS9703__Dharo_KI,3,C4-HFZ-06,9,Stand by,,,,,,,,,,,,,,,319.9000000000001,,,,,236.5,,,,,,,,,,,,,556.4000000000001,,2,0.9935601851851853,6143.500000000001,6417.400000000001,10479.099999999999,5039.750000000001,7927.816666666666,13130.883333333335,22827.016666666666,7308.249999999999,6310.233333333334,6493.133333333334,6361.783333333335,5999.5,6822.199999999999,17467.93333333333,6873.766666666668,11521.949999999999,12186.366666666665,8628.5,8526.8,10159.649999999994,0,0,0,0,0,0,0,0,0,0,0,0,C4-HFZ-06,,,Macro
584,RUR5595,RUR5595__S_ThathaManak,3,C4-HFZ-06,,Enfrashare,EC1-NSV-02000,,,,,,,,,,,,,,,,,,,,,,,,,,,,,,,,0,,0,1,6143.500000000001,6417.400000000001,10479.099999999999,5039.750000000001,7927.816666666666,13130.883333333335,22827.016666666666,7308.249999999999,6310.233333333334,6493.133333333334,6361.783333333335,5999.5,6822.199999999999,17467.93333333333,6873.766666666668,11521.949999999999,12186.366666666665,8628.5,8526.8,10159.649999999994,0,0,0,0,0,0,0,0,0,0,0,0,,,,Macro
585,RUR4468,RUR4468__MaanVillage,3,C4-HFZ-06,,UFONE,3892,,591.8333333333334,,,,,,,,,,,,,,968.0833333333331,,,,,,,,,,,,,,,,1559.9166666666665,,2,0.9819454089506173,6143.500000000001,6417.400000000001,10479.099999999999,5039.750000000001,7927.816666666666,13130.883333333335,22827.016666666666,7308.249999999999,6310.233333333334,6493.133333333334,6361.783333333335,5999.5,6822.199999999999,17467.93333333333,6873.766666666668,11521.949999999999,12186.366666666665,8628.5,8526.8,10159.649999999994,0,0,0,0,0,0,0,0,0,0,0,0,C4-HFZ-06,UFone,3892,Macro
586,HRW9981,HRW9981__Dinga,3,C4-HFZ-06,09Kva,Stand by,,,,,,,,,,,,,,,,,,,,,,,,,,,,,,,,,0,,0,1,6143.500000000001,6417.400000000001,10479.099999999999,5039.750000000001,7927.816666666666,13130.883333333335,22827.016666666666,7308.249999999999,6310.233333333334,6493.133333333334,6361.783333333335,5999.5,6822.199999999999,17467.93333333333,6873.766666666668,11521.949999999999,12186.366666666665,8628.5,8526.8,10159.649999999994,0,0,0,0,0,0,0,0,0,0,0,0,C4-HFZ-06,,,Macro
587,QMS9704,QMS9704__KotNanakQilaMolSingh,3,C4-HFZ-06,30,Stand by,,,,,,138.25,,38,,,238.25,19.5,,28.5,6.083333333333333,,,60,285.75,,459.3999999999999,,,,,,,,,,,,1273.7333333333331,,9,0.9852577160493827,6143.500000000001,6417.400000000001,10479.099999999999,5039.750000000001,7927.816666666666,13130.883333333335,22827.016666666666,7308.249999999999,6310.233333333334,6493.133333333334,6361.783333333335,5999.5,6822.199999999999,17467.93333333333,6873.766666666668,11521.949999999999,12186.366666666665,8628.5,8526.8,10159.649999999994,0,0,0,0,0,0,0,0,0,0,0,0,C4-HFZ-06,,,Macro
588,HRW9396,HRW9396__S_Kot Hassan Khan Warid_HF5127,3,C4-HFZ-06,20,Stand by,,,,,,,,,,,,,,,,,,,,,243.58333333333326,,,,,,,,,,,,243.58333333333326,,1,0.9971807484567902,6143.500000000001,6417.400000000001,10479.099999999999,5039.750000000001,7927.816666666666,13130.883333333335,22827.016666666666,7308.249999999999,6310.233333333334,6493.133333333334,6361.783333333335,5999.5,6822.199999999999,17467.93333333333,6873.766666666668,11521.949999999999,12186.366666666665,8628.5,8526.8,10159.649999999994,0,0,0,0,0,0,0,0,0,0,0,0,C4-HFZ-06,,,Macro
589,HWY9653,HWY9653__MozaKhattrani,3,C4-HFZ-06,9,Stand by,,,,307.8333333333333,51.500000000000014,360.5,164.3,174.23333333333332,,,,,,,,,,,,,109.83333333333331,,,,,,,,,,,,1168.1999999999998,,6,0.9864791666666666,6143.500000000001,6417.400000000001,10479.099999999999,5039.750000000001,7927.816666666666,13130.883333333335,22827.016666666666,7308.249999999999,6310.233333333334,6493.133333333334,6361.783333333335,5999.5,6822.199999999999,17467.93333333333,6873.766666666668,11521.949999999999,12186.366666666665,8628.5,8526.8,10159.649999999994,0,0,0,0,0,0,0,0,0,0,0,0,C4-HFZ-06,,,Macro
590,HWY1262,HWY1262__S_Adda_Salloki_2J3778,4,C4-HFZ-06,20,Stand by,,,,,,334.1666666666667,49.66666666666668,,,,,,,,,,,,,,,,,,,,,,,,,,383.83333333333337,,2,0.996668113425926,6143.500000000001,6417.400000000001,10479.099999999999,5039.750000000001,7927.816666666666,13130.883333333335,22827.016666666666,7308.249999999999,6310.233333333334,6493.133333333334,6361.783333333335,5999.5,6822.199999999999,17467.93333333333,6873.766666666668,11521.949999999999,12186.366666666665,8628.5,8526.8,10159.649999999994,0,0,0,0,0,0,0,0,0,0,0,0,C4-HFZ-06,,,Macro
591,HFZ5785,HFZ5785 LTE_RUR5785__S_Muridwala,3,C4-HFZ-06,,Enfrashare,EC1-HFZ-00436,,,,,,,,,,,,,,,,,,,,,,,,,,,,,,,,0,,0,1,6143.500000000001,6417.400000000001,10479.099999999999,5039.750000000001,7927.816666666666,13130.883333333335,22827.016666666666,7308.249999999999,6310.233333333334,6493.133333333334,6361.783333333335,5999.5,6822.199999999999,17467.93333333333,6873.766666666668,11521.949999999999,12186.366666666665,8628.5,8526.8,10159.649999999994,0,0,0,0,0,0,0,0,0,0,0,0,,,,Macro
592,RUR4663,RUR4663__GUJAddaQaziKot,3,C4-HFZ-06,,CP Prime,,,16,,,,,100.24999999999997,61.000000000000014,,,,,,,,,,,,,,,,,,,,,,,,177.25,,3,0.9979484953703703,6143.500000000001,6417.400000000001,10479.099999999999,5039.750000000001,7927.816666666666,13130.883333333335,22827.016666666666,7308.249999999999,6310.233333333334,6493.133333333334,6361.783333333335,5999.5,6822.199999999999,17467.93333333333,6873.766666666668,11521.949999999999,12186.366666666665,8628.5,8526.8,10159.649999999994,0,0,0,0,0,0,0,0,0,0,0,0,C4-HFZ-06,,,Macro
593,RUR9397,RUR9397__S_Thatta Jahid Hasanwala Warid_HF5189,4,C4-HFZ-06,,PTCL,GTRP2014,,,,,,,,,,,1471.6666666666667,,,,940.0833333333333,,,,,,,,,,,,,,,,,2411.75,,2,0.9790646701388889,6143.500000000001,6417.400000000001,10479.099999999999,5039.750000000001,7927.816666666666,13130.883333333335,22827.016666666666,7308.249999999999,6310.233333333334,6493.133333333334,6361.783333333335,5999.5,6822.199999999999,17467.93333333333,6873.766666666668,11521.949999999999,12186.366666666665,8628.5,8526.8,10159.649999999994,0,0,0,0,0,0,0,0,0,0,0,0,C4-HFZ-06,PTCL,NA,Macro
594,RUR0813,RUR0813__BhirriShahRehman,4,C4-HFZ-06,,UFONE,3782,,,,,,1.583333333333333,310.9166666666667,,,,,,,1644.6,,9.5,,,639.2,,,,,,,,,,,,,2605.8,,5,0.9773802083333334,6143.500000000001,6417.400000000001,10479.099999999999,5039.750000000001,7927.816666666666,13130.883333333335,22827.016666666666,7308.249999999999,6310.233333333334,6493.133333333334,6361.783333333335,5999.5,6822.199999999999,17467.93333333333,6873.766666666668,11521.949999999999,12186.366666666665,8628.5,8526.8,10159.649999999994,0,0,0,0,0,0,0,0,0,0,0,0,C4-HFZ-06,UFone,3782,Macro
595,RUR0717,RUR0717_Mandrian Wala,3,C4-HFZ-06,9,Stand by,,,,,,,,,,,,,,,,,,,,,,,,,,,,,,,,,0,,0,1,6143.500000000001,6417.400000000001,10479.099999999999,5039.750000000001,7927.816666666666,13130.883333333335,22827.016666666666,7308.249999999999,6310.233333333334,6493.133333333334,6361.783333333335,5999.5,6822.199999999999,17467.93333333333,6873.766666666668,11521.949999999999,12186.366666666665,8628.5,8526.8,10159.649999999994,0,0,0,0,0,0,0,0,0,0,0,0,C4-HFZ-06,,,Macro
596,RUR5933,RUR5933__P_ Olakh Bhai k Warid_HF7562,3,C4-HFZ-06,20,Stand by,,,,,,,5.000000000000001,,,,,,,,303,,,60.999999999999986,,,117.91666666666669,,,,,,,,,,,,486.9166666666667,,4,0.9943643904320987,6143.500000000001,6417.400000000001,10479.099999999999,5039.750000000001,7927.816666666666,13130.883333333335,22827.016666666666,7308.249999999999,6310.233333333334,6493.133333333334,6361.783333333335,5999.5,6822.199999999999,17467.93333333333,6873.766666666668,11521.949999999999,12186.366666666665,8628.5,8526.8,10159.649999999994,0,0,0,0,0,0,0,0,0,0,0,0,C4-HFZ-06,,,Macro
597,HWY8852,HWY8852__S_Bagh9PindiBhatian,3,C4-HFZ-06,31,Stand by,,,,,,58.749999999999986,,207.5,,,,,,,187.08333333333331,,226.41666666666669,,,,,,,,,,,,,,,,679.75,,4,0.9921325231481481,6143.500000000001,6417.400000000001,10479.099999999999,5039.750000000001,7927.816666666666,13130.883333333335,22827.016666666666,7308.249999999999,6310.233333333334,6493.133333333334,6361.783333333335,5999.5,6822.199999999999,17467.93333333333,6873.766666666668,11521.949999999999,12186.366666666665,8628.5,8526.8,10159.649999999994,0,0,0,0,0,0,0,0,0,0,0,0,C4-HFZ-06,,,Macro
598,RUR8091,RUR8091__Pipnakha,4,C4-HFZ-06,9,Stand by,,,77.66666666666669,,,,,131.33333333333337,76.00000000000001,,,,,,,,,,,,,,,,,,,,,,,,285.00000000000006,,3,0.9975260416666667,6143.500000000001,6417.400000000001,10479.099999999999,5039.750000000001,7927.816666666666,13130.883333333335,22827.016666666666,7308.249999999999,6310.233333333334,6493.133333333334,6361.783333333335,5999.5,6822.199999999999,17467.93333333333,6873.766666666668,11521.949999999999,12186.366666666665,8628.5,8526.8,10159.649999999994,0,0,0,0,0,0,0,0,0,0,0,0,C4-HFZ-06,,,Macro
599,HFZ5858,HFZ5858_H_Qila Ram Kou Hafizabad,3,C4-HFZ-06,,Enfrashare,EC1-HFZ-08178,,,,,,,,,,,,,,,,,,,,,,,,,,,,,,,,0,,0,1,6143.500000000001,6417.400000000001,10479.099999999999,5039.750000000001,7927.816666666666,13130.883333333335,22827.016666666666,7308.249999999999,6310.233333333334,6493.133333333334,6361.783333333335,5999.5,6822.199999999999,17467.93333333333,6873.766666666668,11521.949999999999,12186.366666666665,8628.5,8526.8,10159.649999999994,0,0,0,0,0,0,0,0,0,0,0,0,,,,Macro
600,RUR9496,Naiabadi_Jhang_Road_HF4123,4,C4-HFZ-06,20,Stand by,,58.66666666666668,,,,,,85.25,,133.58333333333331,140.41666666666669,,,,70.99999999999999,,138.2,,,,79.91666666666667,,,,,,,,,,,,707.0333333333333,,7,0.9938625578703705,6143.500000000001,6417.400000000001,10479.099999999999,5039.750000000001,7927.816666666666,13130.883333333335,22827.016666666666,7308.249999999999,6310.233333333334,6493.133333333334,6361.783333333335,5999.5,6822.199999999999,17467.93333333333,6873.766666666668,11521.949999999999,12186.366666666665,8628.5,8526.8,10159.649999999994,0,0,0,0,0,0,0,0,0,0,0,0,C4-HFZ-06,,,Macro
601,PND5667,PND5667_H_Near Jamia Masjid,3,C4-HFZ-06,,Enfrashare,EC2-PNB-06475,,,,,,,,,,,,,,,,,,,,,,,,,,,,,,,,0,,0,1,6143.500000000001,6417.400000000001,10479.099999999999,5039.750000000001,7927.816666666666,13130.883333333335,22827.016666666666,7308.249999999999,6310.233333333334,6493.133333333334,6361.783333333335,5999.5,6822.199999999999,17467.93333333333,6873.766666666668,11521.949999999999,12186.366666666665,8628.5,8526.8,10159.649999999994,0,0,0,0,0,0,0,0,0,0,0,0,,,,Macro
602,HWY8851,HWY8851__NauthaSukheki,3,C4-HFZ-06,9,Stand by,,,,,,,,740.9000000000003,172.75000000000003,,,137.58333333333331,,,,,,,,,,,,,,,,,,,,,1051.2333333333336,,3,0.9878329475308643,6143.500000000001,6417.400000000001,10479.099999999999,5039.750000000001,7927.816666666666,13130.883333333335,22827.016666666666,7308.249999999999,6310.233333333334,6493.133333333334,6361.783333333335,5999.5,6822.199999999999,17467.93333333333,6873.766666666668,11521.949999999999,12186.366666666665,8628.5,8526.8,10159.649999999994,0,0,0,0,0,0,0,0,0,0,0,0,C4-HFZ-06,,,Macro
603,RUR8109,RUR8109__P_Machonica_PindWarid_315347,3,C4-HFZ-06,20,Stand by,,,,,,,,,,,,,,,57.75,,273.75,,,,,,,,,,,,,,,,331.5,,2,0.9961631944444445,6143.500000000001,6417.400000000001,10479.099999999999,5039.750000000001,7927.816666666666,13130.883333333335,22827.016666666666,7308.249999999999,6310.233333333334,6493.133333333334,6361.783333333335,5999.5,6822.199999999999,17467.93333333333,6873.766666666668,11521.949999999999,12186.366666666665,8628.5,8526.8,10159.649999999994,0,0,0,0,0,0,0,0,0,0,0,0,C4-HFZ-06,,,Macro
604,ALC3049,ALC3049__JamiaMuhammadia,3,C4-HFZ-06,,CP Prime,,,,,,,112.16666666666666,,,,,,,71.5,,582.75,,,,,,,,,,,,,,,,,766.4166666666666,,3,0.991129436728395,6143.500000000001,6417.400000000001,10479.099999999999,5039.750000000001,7927.816666666666,13130.883333333335,22827.016666666666,7308.249999999999,6310.233333333334,6493.133333333334,6361.783333333335,5999.5,6822.199999999999,17467.93333333333,6873.766666666668,11521.949999999999,12186.366666666665,8628.5,8526.8,10159.649999999994,0,0,0,0,0,0,0,0,0,0,0,0,C4-HFZ-06,,,Macro
605,RUR0434,RUR0434__ ChowkySukhakey,3,C4-HFZ-06,9,Stand by,,,,,,,,,,,,,,,,,,,,,,,,,,,,,,,,,0,,0,1,6143.500000000001,6417.400000000001,10479.099999999999,5039.750000000001,7927.816666666666,13130.883333333335,22827.016666666666,7308.249999999999,6310.233333333334,6493.133333333334,6361.783333333335,5999.5,6822.199999999999,17467.93333333333,6873.766666666668,11521.949999999999,12186.366666666665,8628.5,8526.8,10159.649999999994,0,0,0,0,0,0,0,0,0,0,0,0,C4-HFZ-06,,,Macro
606,RUR9502,RUR9502__S_Bhoman Batth_QD5087,4,C4-HFZ-06,,Ufone,3357,,,,,9.666666666666668,,,,476.16666666666663,964.5000000000002,,,,,,,,,,,,,,,,,,,,,,1450.3333333333335,,3,0.987410300925926,6143.500000000001,6417.400000000001,10479.099999999999,5039.750000000001,7927.816666666666,13130.883333333335,22827.016666666666,7308.249999999999,6310.233333333334,6493.133333333334,6361.783333333335,5999.5,6822.199999999999,17467.93333333333,6873.766666666668,11521.949999999999,12186.366666666665,8628.5,8526.8,10159.649999999994,0,0,0,0,0,0,0,0,0,0,0,0,C4-HFZ-06,UFone,3357,Macro
607,KQD4251,KQD4251__S_Sabzimandikkd,4,C4-HFZ-06,27,Stand by,,,,400.58333333333337,175.16666666666669,,65.58333333333334,99.66666666666669,316.7,,,,,18.666666666666668,,66.83333333333333,,,154.74999999999997,,,,,,,,,,,,,,1297.95,,8,0.9887330729166667,6143.500000000001,6417.400000000001,10479.099999999999,5039.750000000001,7927.816666666666,13130.883333333335,22827.016666666666,7308.249999999999,6310.233333333334,6493.133333333334,6361.783333333335,5999.5,6822.199999999999,17467.93333333333,6873.766666666668,11521.949999999999,12186.366666666665,8628.5,8526.8,10159.649999999994,0,0,0,0,0,0,0,0,0,0,0,0,C4-HFZ-06,,,Macro
608,RUR2061,RUR2061__S_5KMOppBlochWala_Ufone_5592,3,C4-HFZ-06,,UFONE,5592,,,,,,,,,,,,,,71.49999999999999,,,,,,,,,,,,,,,,,,71.49999999999999,,1,0.9991724537037037,6143.500000000001,6417.400000000001,10479.099999999999,5039.750000000001,7927.816666666666,13130.883333333335,22827.016666666666,7308.249999999999,6310.233333333334,6493.133333333334,6361.783333333335,5999.5,6822.199999999999,17467.93333333333,6873.766666666668,11521.949999999999,12186.366666666665,8628.5,8526.8,10159.649999999994,0,0,0,0,0,0,0,0,0,0,0,0,C4-HFZ-06,,,Macro
609,RUR8835,RUR8835__VillageJattanWali,3,C4-HFZ-06,13,Stand by,,,,,,,,,,,,,,,,,,,,,,,,,,,,,,,,,0,,0,1,6143.500000000001,6417.400000000001,10479.099999999999,5039.750000000001,7927.816666666666,13130.883333333335,22827.016666666666,7308.249999999999,6310.233333333334,6493.133333333334,6361.783333333335,5999.5,6822.199999999999,17467.93333333333,6873.766666666668,11521.949999999999,12186.366666666665,8628.5,8526.8,10159.649999999994,0,0,0,0,0,0,0,0,0,0,0,0,C4-HFZ-06,,,Macro
610,RUR0739,RUR0739__Udo-DoneeUddok,3,C4-HFZ-06,9,Stand by,,,,,,,,262.8333333333333,,,123.25000000000003,297.25,,,,,91.5,,,,,,,,,,,,,,,,774.8333333333334,,4,0.9910320216049382,6143.500000000001,6417.400000000001,10479.099999999999,5039.750000000001,7927.816666666666,13130.883333333335,22827.016666666666,7308.249999999999,6310.233333333334,6493.133333333334,6361.783333333335,5999.5,6822.199999999999,17467.93333333333,6873.766666666668,11521.949999999999,12186.366666666665,8628.5,8526.8,10159.649999999994,0,0,0,0,0,0,0,0,0,0,0,0,C4-HFZ-06,,,Macro
611,RUR5242,RUR5242__S_SaydanwalaHFZ_TPLHFR28,3,C4-HFZ-06,,Telenor,LHFR28,,,,,,,446.0000000000001,,,,,,,442.58333333333326,,,,,,,,,,,,,,,,,,888.5833333333334,,2,0.9897154706790124,6143.500000000001,6417.400000000001,10479.099999999999,5039.750000000001,7927.816666666666,13130.883333333335,22827.016666666666,7308.249999999999,6310.233333333334,6493.133333333334,6361.783333333335,5999.5,6822.199999999999,17467.93333333333,6873.766666666668,11521.949999999999,12186.366666666665,8628.5,8526.8,10159.649999999994,0,0,0,0,0,0,0,0,0,0,0,0,C4-HFZ-06,Telenor,LHFR28,Macro
612,HWY6911,HWY6911__S_BhalolPurPindi,3,C4-HFZ-06,20,Stand by,,168.25000000000003,174.75,181.8333333333333,295.4166666666667,90.83333333333333,147.16666666666669,628.4166666666664,202.16666666666663,134.5,297.08333333333337,352.98333333333363,150.5833333333333,208.4999999999999,144.49999999999997,326.0666666666669,252.58333333333334,337.9999999999999,137.25,121.2333333333333,161.91666666666666,,,,,,,,,,,,4514.033333333335,,20,0.9477542438271606,6143.500000000001,6417.400000000001,10479.099999999999,5039.750000000001,7927.816666666666,13130.883333333335,22827.016666666666,7308.249999999999,6310.233333333334,6493.133333333334,6361.783333333335,5999.5,6822.199999999999,17467.93333333333,6873.766666666668,11521.949999999999,12186.366666666665,8628.5,8526.8,10159.649999999994,0,0,0,0,0,0,0,0,0,0,0,0,C4-HFZ-06,,,Macro
613,KLR9492,KLR9492__S_Rahgo_Sayyadan_1M3551,4,C4-HFZ-06,9,Stand by,,,,,,,,,,,357.99999999999994,,509.8666666666667,,812.1499999999997,,,,,,,,,,,,,,,,,,1680.0166666666664,,3,0.9854165219907408,6143.500000000001,6417.400000000001,10479.099999999999,5039.750000000001,7927.816666666666,13130.883333333335,22827.016666666666,7308.249999999999,6310.233333333334,6493.133333333334,6361.783333333335,5999.5,6822.199999999999,17467.93333333333,6873.766666666668,11521.949999999999,12186.366666666665,8628.5,8526.8,10159.649999999994,0,0,0,0,0,0,0,0,0,0,0,0,C4-HFZ-06,,,Macro
614,PND1363,PND1363__P_Purani KeeWarid_295247,3,C4-HFZ-06,,CP Prime,,,,,,,,,,,,,,382.5,,,,,70.58333333333333,,,,,,,,,,,,,,453.0833333333333,,2,0.9947559799382717,6143.500000000001,6417.400000000001,10479.099999999999,5039.750000000001,7927.816666666666,13130.883333333335,22827.016666666666,7308.249999999999,6310.233333333334,6493.133333333334,6361.783333333335,5999.5,6822.199999999999,17467.93333333333,6873.766666666668,11521.949999999999,12186.366666666665,8628.5,8526.8,10159.649999999994,0,0,0,0,0,0,0,0,0,0,0,0,C4-HFZ-06,,,Macro
615,HRW9980,HRW9980__Jorian,3,C4-HFZ-06,9,Stand by,,,,,,,,213.25,,,1.75,,,,,,,,,,521.5833333333335,,,,,,,,,,,,736.5833333333335,,3,0.9914747299382717,6143.500000000001,6417.400000000001,10479.099999999999,5039.750000000001,7927.816666666666,13130.883333333335,22827.016666666666,7308.249999999999,6310.233333333334,6493.133333333334,6361.783333333335,5999.5,6822.199999999999,17467.93333333333,6873.766666666668,11521.949999999999,12186.366666666665,8628.5,8526.8,10159.649999999994,0,0,0,0,0,0,0,0,0,0,0,0,C4-HFZ-06,,,Macro
616,HFZ5586,HFZ5586__S_KassokiRdHFZ_CMPak40674,3,C4-HFZ-06,,CM Pak,40674,,,,,,1539.0000000000005,2753.2666666666682,,,458.3333333333332,515.8333333333333,368.8333333333333,547.7999999999998,508.5,194,258.74999999999994,220.69999999999996,215.08333333333337,261,357.5000000000001,,,,,,,,,,,,8198.6,,13,0.9051087962962963,6143.500000000001,6417.400000000001,10479.099999999999,5039.750000000001,7927.816666666666,13130.883333333335,22827.016666666666,7308.249999999999,6310.233333333334,6493.133333333334,6361.783333333335,5999.5,6822.199999999999,17467.93333333333,6873.766666666668,11521.949999999999,12186.366666666665,8628.5,8526.8,10159.649999999994,0,0,0,0,0,0,0,0,0,0,0,0,,,,Macro
617,HWY6906,HWY6906__H_ShurimanaykaPindi,3,C4-HFZ-06,9,Stand by,,,,,,,,,,,,,,,,,157.05,,,,,,,,,,,,,,,,157.05,,1,0.9981822916666667,6143.500000000001,6417.400000000001,10479.099999999999,5039.750000000001,7927.816666666666,13130.883333333335,22827.016666666666,7308.249999999999,6310.233333333334,6493.133333333334,6361.783333333335,5999.5,6822.199999999999,17467.93333333333,6873.766666666668,11521.949999999999,12186.366666666665,8628.5,8526.8,10159.649999999994,0,0,0,0,0,0,0,0,0,0,0,0,C4-HFZ-06,,,Macro
618,RUR4482,RUR4482__FZQadriColony,4,C4-HFZ-06,30,Stand by,,,,,,,,,,,,38.666666666666664,,,192.99999999999997,,,,,67.66666666666669,,,,,,,,,,,,,299.3333333333333,,3,0.9974016203703704,6143.500000000001,6417.400000000001,10479.099999999999,5039.750000000001,7927.816666666666,13130.883333333335,22827.016666666666,7308.249999999999,6310.233333333334,6493.133333333334,6361.783333333335,5999.5,6822.199999999999,17467.93333333333,6873.766666666668,11521.949999999999,12186.366666666665,8628.5,8526.8,10159.649999999994,0,0,0,0,0,0,0,0,0,0,0,0,C4-HFZ-06,,,Macro
619,RUR0742,RUR0742__ShahJamal,3,C4-HFZ-06,30,Stand by,,,,,,,,,,,,,,,,,,,,,,,,,,,,,,,,,0,,0,1,6143.500000000001,6417.400000000001,10479.099999999999,5039.750000000001,7927.816666666666,13130.883333333335,22827.016666666666,7308.249999999999,6310.233333333334,6493.133333333334,6361.783333333335,5999.5,6822.199999999999,17467.93333333333,6873.766666666668,11521.949999999999,12186.366666666665,8628.5,8526.8,10159.649999999994,0,0,0,0,0,0,0,0,0,0,0,0,C4-HFZ-06,,,Macro
620,RUR5680,RUR5680_H_Mattoo Bhaie Key Gujranwala,3,C4-HFZ-06,,ATL,ATGJW19,,,,,,,,,,,,,,,,,,,,,,,,,,,,,,,,0,,0,1,6143.500000000001,6417.400000000001,10479.099999999999,5039.750000000001,7927.816666666666,13130.883333333335,22827.016666666666,7308.249999999999,6310.233333333334,6493.133333333334,6361.783333333335,5999.5,6822.199999999999,17467.93333333333,6873.766666666668,11521.949999999999,12186.366666666665,8628.5,8526.8,10159.649999999994,0,0,0,0,0,0,0,0,0,0,0,0,,,,Macro
621,PND3552,PND3552__H_CrescentBahuman_NEW,3,C4-HFZ-06,20,Stand by,,,,,,127.75000000000003,,42.50000000000001,,,,,,,,,,,,,,,,,,,,,,,,,170.25000000000003,,2,0.9980295138888888,6143.500000000001,6417.400000000001,10479.099999999999,5039.750000000001,7927.816666666666,13130.883333333335,22827.016666666666,7308.249999999999,6310.233333333334,6493.133333333334,6361.783333333335,5999.5,6822.199999999999,17467.93333333333,6873.766666666668,11521.949999999999,12186.366666666665,8628.5,8526.8,10159.649999999994,0,0,0,0,0,0,0,0,0,0,0,0,C4-HFZ-06,,,Macro
622,QMS9702,QMS9702__JagowalQilaMoolSingh,3,C4-HFZ-06,9,Stand by,,,,53.30000000000001,,,,,,,,,,,,,,,,,40.74999999999999,,,,,,,,,,,,94.05000000000001,,2,0.9989114583333334,6143.500000000001,6417.400000000001,10479.099999999999,5039.750000000001,7927.816666666666,13130.883333333335,22827.016666666666,7308.249999999999,6310.233333333334,6493.133333333334,6361.783333333335,5999.5,6822.199999999999,17467.93333333333,6873.766666666668,11521.949999999999,12186.366666666665,8628.5,8526.8,10159.649999999994,0,0,0,0,0,0,0,0,0,0,0,0,C4-HFZ-06,,,Macro
623,RUR9501,RUR9501__S_KalasKay_1M3547,4,C4-HFZ-06,27,Stand by,,,,,,,,,,,34.333333333333336,,,,,,,,,38,,,,,,,,,,,,,72.33333333333334,,2,0.9993721064814816,6143.500000000001,6417.400000000001,10479.099999999999,5039.750000000001,7927.816666666666,13130.883333333335,22827.016666666666,7308.249999999999,6310.233333333334,6493.133333333334,6361.783333333335,5999.5,6822.199999999999,17467.93333333333,6873.766666666668,11521.949999999999,12186.366666666665,8628.5,8526.8,10159.649999999994,0,0,0,0,0,0,0,0,0,0,0,0,C4-HFZ-06,,,Macro
624,PND3233,PND3233__MirajKey,3,C4-HFZ-06,9,Stand by,,89.16666666666667,,83.00000000000001,,,199,21.5,,,273.75,454.14999999999986,,49.749999999999986,52.83333333333333,,21.75,,,90.75,59.83333333333334,,,,,,,,,,,,1395.4833333333331,,11,0.9838485725308642,6143.500000000001,6417.400000000001,10479.099999999999,5039.750000000001,7927.816666666666,13130.883333333335,22827.016666666666,7308.249999999999,6310.233333333334,6493.133333333334,6361.783333333335,5999.5,6822.199999999999,17467.93333333333,6873.766666666668,11521.949999999999,12186.366666666665,8628.5,8526.8,10159.649999999994,0,0,0,0,0,0,0,0,0,0,0,0,C4-HFZ-06,,,Macro
625,RUR9487,RUR9487__S_Amrao Kalaan_1M3550,3,C4-HFZ-06,27,Stand by,,,,,,,,,,,,,,,,,,,,,,,,,,,,,,,,,0,,0,1,6143.500000000001,6417.400000000001,10479.099999999999,5039.750000000001,7927.816666666666,13130.883333333335,22827.016666666666,7308.249999999999,6310.233333333334,6493.133333333334,6361.783333333335,5999.5,6822.199999999999,17467.93333333333,6873.766666666668,11521.949999999999,12186.366666666665,8628.5,8526.8,10159.649999999994,0,0,0,0,0,0,0,0,0,0,0,0,C4-HFZ-06,,,Macro
626,HFZ3804,HFZ3804__Gulshan_Usman,3,C4-HFZ-06,20,Stand by,,,,161.66666666666666,,39.50000000000001,,,,,,28.75,175.99999999999997,58.16666666666667,,,,,,,,,,,,,,,,,,,464.0833333333333,,5,0.9946286651234568,6143.500000000001,6417.400000000001,10479.099999999999,5039.750000000001,7927.816666666666,13130.883333333335,22827.016666666666,7308.249999999999,6310.233333333334,6493.133333333334,6361.783333333335,5999.5,6822.199999999999,17467.93333333333,6873.766666666668,11521.949999999999,12186.366666666665,8628.5,8526.8,10159.649999999994,0,0,0,0,0,0,0,0,0,0,0,0,C4-HFZ-06,,,Macro
627,AMG9500,AMG9500__S_Masjid_Bilal_2J3779,3,C4-HFZ-06,,CP Prime,,,,,,,,,,,,,,,,,,,,,,,,,,,,,,,,,0,,0,1,6143.500000000001,6417.400000000001,10479.099999999999,5039.750000000001,7927.816666666666,13130.883333333335,22827.016666666666,7308.249999999999,6310.233333333334,6493.133333333334,6361.783333333335,5999.5,6822.199999999999,17467.93333333333,6873.766666666668,11521.949999999999,12186.366666666665,8628.5,8526.8,10159.649999999994,0,0,0,0,0,0,0,0,0,0,0,0,C4-HFZ-06,,,Macro
628,RUR8815,RUR8815__GarmolaVirkan,3,C4-HFZ-06,9,Stand by,,,,,,,,,,,,,,,,,,,,,,,,,,,,,,,,,0,,0,1,6143.500000000001,6417.400000000001,10479.099999999999,5039.750000000001,7927.816666666666,13130.883333333335,22827.016666666666,7308.249999999999,6310.233333333334,6493.133333333334,6361.783333333335,5999.5,6822.199999999999,17467.93333333333,6873.766666666668,11521.949999999999,12186.366666666665,8628.5,8526.8,10159.649999999994,0,0,0,0,0,0,0,0,0,0,0,0,C4-HFZ-06,,,Macro
629,HFZ5803,HFZ5803__S_MuhammadMianDaKot,3,C4-HFZ-06,,Enfrashare,EC1-HFZ-03274,,,,,,,,,,,,,,,,,,,,,,,,,,,,,,,,0,,0,1,6143.500000000001,6417.400000000001,10479.099999999999,5039.750000000001,7927.816666666666,13130.883333333335,22827.016666666666,7308.249999999999,6310.233333333334,6493.133333333334,6361.783333333335,5999.5,6822.199999999999,17467.93333333333,6873.766666666668,11521.949999999999,12186.366666666665,8628.5,8526.8,10159.649999999994,0,0,0,0,0,0,0,0,0,0,0,0,,,,Macro
630,SCK9901,SCK9901__UdhoWali,4,C4-HFZ-06,9,Stand by,,,,,,,,,,,,,,,,,215.66666666666669,,,,,,,,,,,,,,,,215.66666666666669,,1,0.9981278935185185,6143.500000000001,6417.400000000001,10479.099999999999,5039.750000000001,7927.816666666666,13130.883333333335,22827.016666666666,7308.249999999999,6310.233333333334,6493.133333333334,6361.783333333335,5999.5,6822.199999999999,17467.93333333333,6873.766666666668,11521.949999999999,12186.366666666665,8628.5,8526.8,10159.649999999994,0,0,0,0,0,0,0,0,0,0,0,0,C4-HFZ-06,,,Macro
631,JPB1369,JPB1369_Khokhar_Market,3,C4-HFZ-06,20,Stand by,,,,14.25,,,,154.83333333333334,42.75,,,,,,60.916666666666664,,34.75,19.083333333333336,,17.333333333333332,22.833333333333336,,,,,,,,,,,,366.74999999999994,,8,0.9957552083333333,6143.500000000001,6417.400000000001,10479.099999999999,5039.750000000001,7927.816666666666,13130.883333333335,22827.016666666666,7308.249999999999,6310.233333333334,6493.133333333334,6361.783333333335,5999.5,6822.199999999999,17467.93333333333,6873.766666666668,11521.949999999999,12186.366666666665,8628.5,8526.8,10159.649999999994,0,0,0,0,0,0,0,0,0,0,0,0,C4-HFZ-06,,,Macro
632,KSK4269,KSK4269__KassoKe,3,C4-HFZ-06,,Telenor,LHFR06,,,,41.25,,,,,,89.00000000000001,,,,26.549999999999997,,,468.08333333333326,27,870.7999999999997,293.1666666666668,,,,,,,,,,,,1815.8499999999997,,7,0.9789832175925927,6143.500000000001,6417.400000000001,10479.099999999999,5039.750000000001,7927.816666666666,13130.883333333335,22827.016666666666,7308.249999999999,6310.233333333334,6493.133333333334,6361.783333333335,5999.5,6822.199999999999,17467.93333333333,6873.766666666668,11521.949999999999,12186.366666666665,8628.5,8526.8,10159.649999999994,0,0,0,0,0,0,0,0,0,0,0,0,C4-HFZ-06,Telenor,LHFR06,Macro
633,RUR5871,USF_Paiza Thakot,3,C4-HFZ-06,30,Solar+DG,Solar+DG,,,,,,,,,,,,,,,,224.16666666666669,,,,,,,,,,,,,,,,224.16666666666669,,1,0.9974054783950618,6143.500000000001,6417.400000000001,10479.099999999999,5039.750000000001,7927.816666666666,13130.883333333335,22827.016666666666,7308.249999999999,6310.233333333334,6493.133333333334,6361.783333333335,5999.5,6822.199999999999,17467.93333333333,6873.766666666668,11521.949999999999,12186.366666666665,8628.5,8526.8,10159.649999999994,0,0,0,0,0,0,0,0,0,0,0,0,,,,Macro
634,GUJ6461,GUJ6461__S_NawanPind,3,C4-HFZ-06,,E.Co,e.coPK019013PU,,,,,,164,,,,,,,,,,,,,,,,,,,,,,,,,,164,,1,0.9981018518518519,6143.500000000001,6417.400000000001,10479.099999999999,5039.750000000001,7927.816666666666,13130.883333333335,22827.016666666666,7308.249999999999,6310.233333333334,6493.133333333334,6361.783333333335,5999.5,6822.199999999999,17467.93333333333,6873.766666666668,11521.949999999999,12186.366666666665,8628.5,8526.8,10159.649999999994,0,0,0,0,0,0,0,0,0,0,0,0,,,,Macro
635,RTR1365,RTR1365_Rasoolpur_Tarrar_Village,3,C4-HFZ-06,13,Stand by,,,,,,,,,,,,,,,158.74999999999997,,,,,,,,,,,,,,,,,,158.74999999999997,,1,0.9981626157407407,6143.500000000001,6417.400000000001,10479.099999999999,5039.750000000001,7927.816666666666,13130.883333333335,22827.016666666666,7308.249999999999,6310.233333333334,6493.133333333334,6361.783333333335,5999.5,6822.199999999999,17467.93333333333,6873.766666666668,11521.949999999999,12186.366666666665,8628.5,8526.8,10159.649999999994,0,0,0,0,0,0,0,0,0,0,0,0,C4-HFZ-06,,,Macro
636,RUR4795,RUR4795__QDHChuhewali,3,C4-HFZ-06,20,Stand by,,,,,,,,,,,,,,,500.8499999999999,64.26666666666667,,,,,,,,,,,,,,,,,565.1166666666666,,2,0.9934592978395063,6143.500000000001,6417.400000000001,10479.099999999999,5039.750000000001,7927.816666666666,13130.883333333335,22827.016666666666,7308.249999999999,6310.233333333334,6493.133333333334,6361.783333333335,5999.5,6822.199999999999,17467.93333333333,6873.766666666668,11521.949999999999,12186.366666666665,8628.5,8526.8,10159.649999999994,0,0,0,0,0,0,0,0,0,0,0,0,C4-HFZ-06,,,Macro
637,RUR0807,RUR0807__Karyala,4,C4-HFZ-06,9,Stand by,,,,,,,,,,,50.66666666666667,,,,,,,,,,,,,,,,,,,,,,50.66666666666667,,1,0.9995601851851852,6143.500000000001,6417.400000000001,10479.099999999999,5039.750000000001,7927.816666666666,13130.883333333335,22827.016666666666,7308.249999999999,6310.233333333334,6493.133333333334,6361.783333333335,5999.5,6822.199999999999,17467.93333333333,6873.766666666668,11521.949999999999,12186.366666666665,8628.5,8526.8,10159.649999999994,0,0,0,0,0,0,0,0,0,0,0,0,C4-HFZ-06,,,Macro
638,NVK6925,NVK6925__MattoBaikayRd,3,C4-HFZ-06,9,Stand by,,,,,,,,,,,,,,,,,,,,,,,,,,,,,,,,,0,,0,1,6143.500000000001,6417.400000000001,10479.099999999999,5039.750000000001,7927.816666666666,13130.883333333335,22827.016666666666,7308.249999999999,6310.233333333334,6493.133333333334,6361.783333333335,5999.5,6822.199999999999,17467.93333333333,6873.766666666668,11521.949999999999,12186.366666666665,8628.5,8526.8,10159.649999999994,0,0,0,0,0,0,0,0,0,0,0,0,C4-HFZ-06,,,Macro
639,RUR4449,RUR4449__H_PNDPakhiMasjidpnd,3,C4-HFZ-06,31,Stand by,,,,,,,144.49999999999997,328.99999999999994,,,,,,,10.25,,,,,,,,,,,,,,,,,,483.7499999999999,,3,0.9944010416666668,6143.500000000001,6417.400000000001,10479.099999999999,5039.750000000001,7927.816666666666,13130.883333333335,22827.016666666666,7308.249999999999,6310.233333333334,6493.133333333334,6361.783333333335,5999.5,6822.199999999999,17467.93333333333,6873.766666666668,11521.949999999999,12186.366666666665,8628.5,8526.8,10159.649999999994,0,0,0,0,0,0,0,0,0,0,0,0,C4-HFZ-06,,,Macro
640,SCK9900,SCK9900__KotFazal,3,C4-HFZ-06,9,Stand by,,,,,,,,,,,,,,,,248.41666666666669,,,,,,,,,,,,,,,,,248.41666666666669,,1,0.9971248070987655,6143.500000000001,6417.400000000001,10479.099999999999,5039.750000000001,7927.816666666666,13130.883333333335,22827.016666666666,7308.249999999999,6310.233333333334,6493.133333333334,6361.783333333335,5999.5,6822.199999999999,17467.93333333333,6873.766666666668,11521.949999999999,12186.366666666665,8628.5,8526.8,10159.649999999994,0,0,0,0,0,0,0,0,0,0,0,0,C4-HFZ-06,,,Macro
641,JPB1364,JPB1364__P_Pindi Bhattian Road Jalapur BhattianWarid_315320,3,C4-HFZ-06,27,Stand by,,,,,,,,436.85,,,,,,,226.6666666666667,,,,,,,,,,,,,,,,,,663.5166666666668,,2,0.9923204089506172,6143.500000000001,6417.400000000001,10479.099999999999,5039.750000000001,7927.816666666666,13130.883333333335,22827.016666666666,7308.249999999999,6310.233333333334,6493.133333333334,6361.783333333335,5999.5,6822.199999999999,17467.93333333333,6873.766666666668,11521.949999999999,12186.366666666665,8628.5,8526.8,10159.649999999994,0,0,0,0,0,0,0,0,0,0,0,0,C4-HFZ-06,,,Macro
642,RUR5793,RUR5793_H_LR_Village Mouza Jalhan Gujranwala,3,C4-HFZ-06,,CM Pak,4836,370.2500000000001,288.50000000000006,492.3999999999999,440.91666666666674,224.5,349,237.73333333333332,,192.4166666666667,278.41666666666663,343.33333333333337,201.08333333333331,412.5666666666667,1090.0333333333333,231.75,292.83333333333337,147.58333333333334,214,249.16666666666669,364.05,,,,,,,,,,,,6420.533333333333,,19,0.9256882716049383,6143.500000000001,6417.400000000001,10479.099999999999,5039.750000000001,7927.816666666666,13130.883333333335,22827.016666666666,7308.249999999999,6310.233333333334,6493.133333333334,6361.783333333335,5999.5,6822.199999999999,17467.93333333333,6873.766666666668,11521.949999999999,12186.366666666665,8628.5,8526.8,10159.649999999994,0,0,0,0,0,0,0,0,0,0,0,0,C4-HFZ-06,PTCL,NA,Macro
643,NVK3239,NVK3239__KaryalRoad,3,C4-HFZ-06,20,Stand by,,116.75000000000001,146.83333333333331,214.58333333333337,695.5,138.49999999999997,149.63333333333333,358.4166666666667,186.58333333333337,111.00000000000001,163.3333333333334,74.41666666666667,204.9166666666666,113.25,135,255.75000000000006,92.25000000000003,94.50000000000001,151.66666666666669,283.16666666666663,371.4666666666666,,,,,,,,,,,,4057.5166666666664,,20,0.9530380015432098,6143.500000000001,6417.400000000001,10479.099999999999,5039.750000000001,7927.816666666666,13130.883333333335,22827.016666666666,7308.249999999999,6310.233333333334,6493.133333333334,6361.783333333335,5999.5,6822.199999999999,17467.93333333333,6873.766666666668,11521.949999999999,12186.366666666665,8628.5,8526.8,10159.649999999994,0,0,0,0,0,0,0,0,0,0,0,0,C4-HFZ-06,,,Macro
644,RUR3536,RUR3536__AbdullahPur,3,C4-HFZ-06,9,Stand by,,,,,,11.5,,,,,,,,,14.549999999999999,,,,,,,,,,,,,,,,,,26.049999999999997,,2,0.9996984953703704,6143.500000000001,6417.400000000001,10479.099999999999,5039.750000000001,7927.816666666666,13130.883333333335,22827.016666666666,7308.249999999999,6310.233333333334,6493.133333333334,6361.783333333335,5999.5,6822.199999999999,17467.93333333333,6873.766666666668,11521.949999999999,12186.366666666665,8628.5,8526.8,10159.649999999994,0,0,0,0,0,0,0,0,0,0,0,0,C4-HFZ-06,,,Macro
645,RUR8085,RUR8085__P_Tahli_Goraya_Village,3,C4-HFZ-06,20,Stand by,,,,,,,,262.74999999999994,,958.25,,,228,,4,,,,114.4,,,,,,,,,,,,,,1567.4,,5,0.9818587962962962,6143.500000000001,6417.400000000001,10479.099999999999,5039.750000000001,7927.816666666666,13130.883333333335,22827.016666666666,7308.249999999999,6310.233333333334,6493.133333333334,6361.783333333335,5999.5,6822.199999999999,17467.93333333333,6873.766666666668,11521.949999999999,12186.366666666665,8628.5,8526.8,10159.649999999994,0,0,0,0,0,0,0,0,0,0,0,0,C4-HFZ-06,,,Macro
646,RUR8836,RUR8836__JandasingGuj,4,C4-HFZ-06,27,Stand by,,,,,,,,,,514.0833333333334,1012.5833333333333,,,,,,,,,,,,,,,,,,,,,,1526.6666666666665,,2,0.9867476851851852,6143.500000000001,6417.400000000001,10479.099999999999,5039.750000000001,7927.816666666666,13130.883333333335,22827.016666666666,7308.249999999999,6310.233333333334,6493.133333333334,6361.783333333335,5999.5,6822.199999999999,17467.93333333333,6873.766666666668,11521.949999999999,12186.366666666665,8628.5,8526.8,10159.649999999994,0,0,0,0,0,0,0,0,0,0,0,0,C4-HFZ-06,,,Macro
647,SCK9899,SCK9899__Naiwalnew,3,C4-HFZ-06,9,Stand by,,,,,,,15,,,,,,,,,,98.25,,,,,,,,,,,,,,,,113.25,,2,0.9986892361111112,6143.500000000001,6417.400000000001,10479.099999999999,5039.750000000001,7927.816666666666,13130.883333333335,22827.016666666666,7308.249999999999,6310.233333333334,6493.133333333334,6361.783333333335,5999.5,6822.199999999999,17467.93333333333,6873.766666666668,11521.949999999999,12186.366666666665,8628.5,8526.8,10159.649999999994,0,0,0,0,0,0,0,0,0,0,0,0,C4-HFZ-06,,,Macro
648,GUJ6093,GUJ6093__S_IftikharColony_CMPak42918,3,C4-HFZ-06,,CM Pak,CMPak42918,379.4000000000001,612.4166666666666,1476.4166666666663,68.33333333333333,497.3166666666667,434.8333333333335,141.66666666666663,408.16666666666663,82.50000000000001,113.91666666666667,29.750000000000004,191.48333333333335,231.66666666666666,215.24999999999997,320.25,514.2833333333332,1697.5833333333333,521.5833333333331,203.0166666666667,563.5166666666665,,,,,,,,,,,,8703.35,,20,0.8992667824074074,6143.500000000001,6417.400000000001,10479.099999999999,5039.750000000001,7927.816666666666,13130.883333333335,22827.016666666666,7308.249999999999,6310.233333333334,6493.133333333334,6361.783333333335,5999.5,6822.199999999999,17467.93333333333,6873.766666666668,11521.949999999999,12186.366666666665,8628.5,8526.8,10159.649999999994,0,0,0,0,0,0,0,0,0,0,0,0,,,,Macro
649,RUR4481,RUR4481__HFZWanikayTarrar,4,C4-HFZ-06,9,Stand by,,,,,,,,,,,,,,,,,27.333333333333332,,,,,,,,,,,,,,,,27.333333333333332,,1,0.9997627314814815,6143.500000000001,6417.400000000001,10479.099999999999,5039.750000000001,7927.816666666666,13130.883333333335,22827.016666666666,7308.249999999999,6310.233333333334,6493.133333333334,6361.783333333335,5999.5,6822.199999999999,17467.93333333333,6873.766666666668,11521.949999999999,12186.366666666665,8628.5,8526.8,10159.649999999994,0,0,0,0,0,0,0,0,0,0,0,0,C4-HFZ-06,,,Macro
650,RUR0741,RUR0741__ChakBhatii_NEW,4,C4-HFZ-06,9,Stand by,,,,,,,,,,274.8333333333333,,,,,,,,,,,,,,,,,,,,,,,274.8333333333333,,1,0.9976142939814815,6143.500000000001,6417.400000000001,10479.099999999999,5039.750000000001,7927.816666666666,13130.883333333335,22827.016666666666,7308.249999999999,6310.233333333334,6493.133333333334,6361.783333333335,5999.5,6822.199999999999,17467.93333333333,6873.766666666668,11521.949999999999,12186.366666666665,8628.5,8526.8,10159.649999999994,0,0,0,0,0,0,0,0,0,0,0,0,C4-HFZ-06,,,Macro
651,RUR8863,RUR8863_Kalianwala,3,C4-HFZ-06,9,Stand by,,16.75,,,,,,,,,,,,,,,,,,,,,,,,,,,,,,,16.75,,1,0.9998061342592592,6143.500000000001,6417.400000000001,10479.099999999999,5039.750000000001,7927.816666666666,13130.883333333335,22827.016666666666,7308.249999999999,6310.233333333334,6493.133333333334,6361.783333333335,5999.5,6822.199999999999,17467.93333333333,6873.766666666668,11521.949999999999,12186.366666666665,8628.5,8526.8,10159.649999999994,0,0,0,0,0,0,0,0,0,0,0,0,C4-HFZ-06,,,Macro
652,JPB3533,JPB3533__MohallahMustfabad,3,C4-HFZ-06,30,Stand by,,,,,,,,,,,,,,,,,,,,,,,,,,,,,,,,,0,,0,1,6143.500000000001,6417.400000000001,10479.099999999999,5039.750000000001,7927.816666666666,13130.883333333335,22827.016666666666,7308.249999999999,6310.233333333334,6493.133333333334,6361.783333333335,5999.5,6822.199999999999,17467.93333333333,6873.766666666668,11521.949999999999,12186.366666666665,8628.5,8526.8,10159.649999999994,0,0,0,0,0,0,0,0,0,0,0,0,C4-HFZ-06,,,Macro
653,KLR9491,KLR9491__S_Kolo_Tarrar_HF1983,3,C4-HFZ-06,20,Stand by,,,,,,,,767.7500000000001,,,,,,,,,,,,,,,,,,,,,,,,,767.7500000000001,,1,0.9911140046296296,6143.500000000001,6417.400000000001,10479.099999999999,5039.750000000001,7927.816666666666,13130.883333333335,22827.016666666666,7308.249999999999,6310.233333333334,6493.133333333334,6361.783333333335,5999.5,6822.199999999999,17467.93333333333,6873.766666666668,11521.949999999999,12186.366666666665,8628.5,8526.8,10159.649999999994,0,0,0,0,0,0,0,0,0,0,0,0,C4-HFZ-06,,,Macro
654,HFZ5759,HFZ35759__S_Jeelanipura,3,C4-HFZ-06,,Enfrashare,EC1-HFZ-02335,,,,,,,,,,,,,,,,,,,,,,,,,,,,,,,,0,,0,1,6143.500000000001,6417.400000000001,10479.099999999999,5039.750000000001,7927.816666666666,13130.883333333335,22827.016666666666,7308.249999999999,6310.233333333334,6493.133333333334,6361.783333333335,5999.5,6822.199999999999,17467.93333333333,6873.766666666668,11521.949999999999,12186.366666666665,8628.5,8526.8,10159.649999999994,0,0,0,0,0,0,0,0,0,0,0,0,,,,Macro
655,HFZ5343,HFZ5343__S_DefenceColony,3,C4-HFZ-06,,E.Co,e.coPK016490PU,,,,,,,,,,,,,,671.9000000000001,,,,,,,,,,,,,,,,,,671.9000000000001,,1,0.9922233796296297,6143.500000000001,6417.400000000001,10479.099999999999,5039.750000000001,7927.816666666666,13130.883333333335,22827.016666666666,7308.249999999999,6310.233333333334,6493.133333333334,6361.783333333335,5999.5,6822.199999999999,17467.93333333333,6873.766666666668,11521.949999999999,12186.366666666665,8628.5,8526.8,10159.649999999994,0,0,0,0,0,0,0,0,0,0,0,0,C4-HFZ-06,E.Co,,Macro
656,HFZ5814,HFZ5814_H_Thatta Khokharan Hafizabad,3,C4-HFZ-06,,Enfrashare,EC1-HFZ-04554,,,,,,,,,,,,,,,,,,,,,,,,,,,,,,,,0,,0,1,6143.500000000001,6417.400000000001,10479.099999999999,5039.750000000001,7927.816666666666,13130.883333333335,22827.016666666666,7308.249999999999,6310.233333333334,6493.133333333334,6361.783333333335,5999.5,6822.199999999999,17467.93333333333,6873.766666666668,11521.949999999999,12186.366666666665,8628.5,8526.8,10159.649999999994,0,0,0,0,0,0,0,0,0,0,0,0,,,,Macro
657,RUR9490,RUR9490__S_Vilage_Dhilwan_Wazirabad_Distt._1P3563,3,C4-HFZ-06,9,Stand by,,,,,,,,,,,,,,,46.91666666666667,,,,,,,,,,,,,,,,,,46.91666666666667,,1,0.9994569830246914,6143.500000000001,6417.400000000001,10479.099999999999,5039.750000000001,7927.816666666666,13130.883333333335,22827.016666666666,7308.249999999999,6310.233333333334,6493.133333333334,6361.783333333335,5999.5,6822.199999999999,17467.93333333333,6873.766666666668,11521.949999999999,12186.366666666665,8628.5,8526.8,10159.649999999994,0,0,0,0,0,0,0,0,0,0,0,0,C4-HFZ-06,,,Macro
658,RUR9392,RUR9392__S_Shori Chatta Warid_1P3564,3,C4-HFZ-06,9,Stand by,,,,,,,,,,,,,,,,,,,,,,,,,,,,,,,,,0,,0,1,6143.500000000001,6417.400000000001,10479.099999999999,5039.750000000001,7927.816666666666,13130.883333333335,22827.016666666666,7308.249999999999,6310.233333333334,6493.133333333334,6361.783333333335,5999.5,6822.199999999999,17467.93333333333,6873.766666666668,11521.949999999999,12186.366666666665,8628.5,8526.8,10159.649999999994,0,0,0,0,0,0,0,0,0,0,0,0,C4-HFZ-06,,,Macro
659,RUR3529,RUR3529__MozaJalalpurChatha,3,C4-HFZ-06,9,Stand by,,138.75000000000003,,,,,20.75,277.9166666666667,,,,74.99999999999999,,,,,401.7500000000001,,,,,,,,,,,,,,,,914.1666666666669,,5,0.9894193672839506,6143.500000000001,6417.400000000001,10479.099999999999,5039.750000000001,7927.816666666666,13130.883333333335,22827.016666666666,7308.249999999999,6310.233333333334,6493.133333333334,6361.783333333335,5999.5,6822.199999999999,17467.93333333333,6873.766666666668,11521.949999999999,12186.366666666665,8628.5,8526.8,10159.649999999994,0,0,0,0,0,0,0,0,0,0,0,0,C4-HFZ-06,,,Macro
660,KQD5526,KQD5526_H_Khanqah Dogran Nankana Sahib,3,C4-HFZ-06,,Enfrashare,EC1-KQD-06448,214.24999999999997,254.90000000000003,446.25,403.5333333333334,149.74999999999997,,683.2499999999998,398.0833333333333,168.93333333333334,155.34999999999997,144.75,227.24999999999997,63.75,45.75,37.33333333333334,,,1274.3000000000004,183.16666666666669,224.88333333333333,,,,,,,,,,,,5075.4833333333345,,17,0.9412559799382716,6143.500000000001,6417.400000000001,10479.099999999999,5039.750000000001,7927.816666666666,13130.883333333335,22827.016666666666,7308.249999999999,6310.233333333334,6493.133333333334,6361.783333333335,5999.5,6822.199999999999,17467.93333333333,6873.766666666668,11521.949999999999,12186.366666666665,8628.5,8526.8,10159.649999999994,0,0,0,0,0,0,0,0,0,0,0,0,,,,Macro
661,RUR3107,RUR3107__ThakarkayWarraich,3,C4-HFZ-06,,GLO,,,,,,,,,,,,,,,,,,,,,,,,,,,,,,,,,0,,0,1,6143.500000000001,6417.400000000001,10479.099999999999,5039.750000000001,7927.816666666666,13130.883333333335,22827.016666666666,7308.249999999999,6310.233333333334,6493.133333333334,6361.783333333335,5999.5,6822.199999999999,17467.93333333333,6873.766666666668,11521.949999999999,12186.366666666665,8628.5,8526.8,10159.649999999994,0,0,0,0,0,0,0,0,0,0,0,0,C4-HFZ-06,,,Macro
662,RUR0803,RUR0803__Khar,3,C4-HFZ-06,,CP Prime,,,,,,,,,,,,,,,,,,,,,,,,,,,,,,,,,0,,0,1,6143.500000000001,6417.400000000001,10479.099999999999,5039.750000000001,7927.816666666666,13130.883333333335,22827.016666666666,7308.249999999999,6310.233333333334,6493.133333333334,6361.783333333335,5999.5,6822.199999999999,17467.93333333333,6873.766666666668,11521.949999999999,12186.366666666665,8628.5,8526.8,10159.649999999994,0,0,0,0,0,0,0,0,0,0,0,0,C4-HFZ-06,,,Macro
663,QMZ1531,QMZ1531_S_MangatWarid_113520,4,C4-HFZ-06,20,Stand by,,,,,78.58333333333334,,17.416666666666668,,,,,,,,,226.5,395.7833333333334,561.3166666666667,1094.933333333333,119.58333333333334,,,,,,,,,,,,,2494.1166666666663,,7,0.978349681712963,6143.500000000001,6417.400000000001,10479.099999999999,5039.750000000001,7927.816666666666,13130.883333333335,22827.016666666666,7308.249999999999,6310.233333333334,6493.133333333334,6361.783333333335,5999.5,6822.199999999999,17467.93333333333,6873.766666666668,11521.949999999999,12186.366666666665,8628.5,8526.8,10159.649999999994,0,0,0,0,0,0,0,0,0,0,0,0,C4-HFZ-06,,,Macro
664,RUR5291,RUR5291__S_UggoChak,3,C4-HFZ-06,,CP Prime,,,,,,,,,,,,,,,,,,,,,,,,,,,,,,,,,0,,0,1,6143.500000000001,6417.400000000001,0,7329.083333333333,0,0,0,0,0,0,0,0,0,0,0,0,0,0,0,0,0,0,0,0,0,0,0,0,0,0,0,,,,,
665,ALC6522,ALC6522__S_NearSaidNagar,3,C4-HFZ-06,,E.Co,e.coPK019336PU,873.2333333333332,1142.2333333333336,1152.0833333333335,,,,,,,,,,,,,,,,,,,,,,,,,,,,,3167.55,,3,0.9633385416666667,6143.500000000001,6417.400000000001,10479.099999999999,5039.750000000001,7927.816666666666,13130.883333333335,22827.016666666666,7308.249999999999,6310.233333333334,6493.133333333334,6361.783333333335,5999.5,6822.199999999999,17467.93333333333,6873.766666666668,11521.949999999999,12186.366666666665,8628.5,8526.8,10159.649999999994,0,0,0,0,0,0,0,0,0,0,0,0,,,,Macro
666,RUR1061,RUR1061__Dhunni,3,C4-HFZ-06,9,Stand by,,,,,,,,,,,,,,,169.75,131.41666666666669,,,,,,,,,,,,,,,,,301.1666666666667,,2,0.996514274691358,6143.500000000001,6417.400000000001,10479.099999999999,5039.750000000001,7927.816666666666,13130.883333333335,22827.016666666666,7308.249999999999,6310.233333333334,6493.133333333334,6361.783333333335,5999.5,6822.199999999999,17467.93333333333,6873.766666666668,11521.949999999999,12186.366666666665,8628.5,8526.8,10159.649999999994,0,0,0,0,0,0,0,0,0,0,0,0,C4-HFZ-06,,,Macro
667,GUJ9728,GUJ9728__Khyali_BypassGujwala,4,C4-HFZ-06,20,Stand by,,,,,,,,93.81666666666666,216.33333333333337,,,43.666666666666664,,37.833333333333336,,,,53.58333333333334,,2,148.50000000000003,,,,,,,,,,,,595.7333333333333,,7,0.9948287037037037,6143.500000000001,6417.400000000001,10479.099999999999,5039.750000000001,7927.816666666666,13130.883333333335,22827.016666666666,7308.249999999999,6310.233333333334,6493.133333333334,6361.783333333335,5999.5,6822.199999999999,17467.93333333333,6873.766666666668,11521.949999999999,12186.366666666665,8628.5,8526.8,10159.649999999994,0,0,0,0,0,0,0,0,0,0,0,0,C4-HFZ-06,,,Macro
668,HFZ9797,HFZ9797__Mohalah_pir_kaly,3,C4-HFZ-06,27,Stand by,,,,45.33333333333333,,,140,,,,153.75,169.83333333333334,,,226.24999999999997,,,,,22.75,,,,,,,,,,,,,757.9166666666666,,6,0.9912278163580247,6143.500000000001,6417.400000000001,10479.099999999999,5039.750000000001,7927.816666666666,13130.883333333335,22827.016666666666,7308.249999999999,6310.233333333334,6493.133333333334,6361.783333333335,5999.5,6822.199999999999,17467.93333333333,6873.766666666668,11521.949999999999,12186.366666666665,8628.5,8526.8,10159.649999999994,0,0,0,0,0,0,0,0,0,0,0,0,C4-HFZ-06,,,Macro
669,HFZ9402,HFZ9402__S_City Police Station Warid_HF4298,3,C4-HFZ-06,30,Stand by,,,,,,,,,,,,,,,191.74999999999997,,,,,,,,,,,,,,,,,,191.74999999999997,,1,0.9977806712962963,6143.500000000001,6417.400000000001,10479.099999999999,5039.750000000001,7927.816666666666,13130.883333333335,22827.016666666666,7308.249999999999,6310.233333333334,6493.133333333334,6361.783333333335,5999.5,6822.199999999999,17467.93333333333,6873.766666666668,11521.949999999999,12186.366666666665,8628.5,8526.8,10159.649999999994,0,0,0,0,0,0,0,0,0,0,0,0,C4-HFZ-06,,,Macro
670,RUR3737,RUR3737__GUJThakarkay,3,C4-HFZ-06,9,Stand by,,,,,118.08333333333336,,,,,,246.00000000000009,,,,,,,,,675.8333333333336,,,,,,,,,,,,,1039.916666666667,,3,0.9879639274691359,6143.500000000001,6417.400000000001,10479.099999999999,5039.750000000001,7927.816666666666,13130.883333333335,22827.016666666666,7308.249999999999,6310.233333333334,6493.133333333334,6361.783333333335,5999.5,6822.199999999999,17467.93333333333,6873.766666666668,11521.949999999999,12186.366666666665,8628.5,8526.8,10159.649999999994,0,0,0,0,0,0,0,0,0,0,0,0,C4-HFZ-06,,,Macro
671,RUR0756,RUR0756__DehlaChattah,3,C4-HFZ-06,,UFONE,3996,,,,,,53.5,,,,,,,,,,,,,,,,,,,,,,,,,,53.5,,1,0.9993807870370371,6143.500000000001,6417.400000000001,10479.099999999999,5039.750000000001,7927.816666666666,13130.883333333335,22827.016666666666,7308.249999999999,6310.233333333334,6493.133333333334,6361.783333333335,5999.5,6822.199999999999,17467.93333333333,6873.766666666668,11521.949999999999,12186.366666666665,8628.5,8526.8,10159.649999999994,0,0,0,0,0,0,0,0,0,0,0,0,C4-HFZ-06,UFone,3996,Macro
672,ALC9648,ALC9648__MuhallaHaiderabad,3,C4-HFZ-06,30,Stand by,,137.74999999999997,154.74999999999997,150.75,60.24999999999999,191.74999999999997,158.66666666666666,93.75000000000001,147.49999999999997,29.916666666666668,48.41666666666667,130.41666666666669,90.08333333333331,85.41666666666667,60.49999999999999,83.75,80.08333333333331,184.25000000000006,87.08333333333334,77.25000000000001,101.08333333333336,,,,,,,,,,,,2153.416666666667,,20,0.9750761959876543,6143.500000000001,6417.400000000001,10479.099999999999,5039.750000000001,7927.816666666666,13130.883333333335,22827.016666666666,7308.249999999999,6310.233333333334,6493.133333333334,6361.783333333335,5999.5,6822.199999999999,17467.93333333333,6873.766666666668,11521.949999999999,12186.366666666665,8628.5,8526.8,10159.649999999994,0,0,0,0,0,0,0,0,0,0,0,0,C4-HFZ-06,,,Macro
673,KAH9488,KAH9488__S_Village_Kot_Hara_1M3549,3,C4-HFZ-06,30,Stand by,,,,,,,,,,,,,,,,,,,,,,,,,,,,,,,,,0,,0,1,6143.500000000001,6417.400000000001,10479.099999999999,5039.750000000001,7927.816666666666,13130.883333333335,22827.016666666666,7308.249999999999,6310.233333333334,6493.133333333334,6361.783333333335,5999.5,6822.199999999999,17467.93333333333,6873.766666666668,11521.949999999999,12186.366666666665,8628.5,8526.8,10159.649999999994,0,0,0,0,0,0,0,0,0,0,0,0,C4-HFZ-06,,,Macro
674,RUR0719,RUR0719_Qadirabad_colony_NEW,3,C4-HFZ-06,13,Stand by,,,,,,,,,,,,,,,,,,,,,,,,,,,,,,,,,0,,0,1,6143.500000000001,6417.400000000001,10479.099999999999,5039.750000000001,7927.816666666666,13130.883333333335,22827.016666666666,7308.249999999999,6310.233333333334,6493.133333333334,6361.783333333335,5999.5,6822.199999999999,17467.93333333333,6873.766666666668,11521.949999999999,12186.366666666665,8628.5,8526.8,10159.649999999994,0,0,0,0,0,0,0,0,0,0,0,0,C4-HFZ-06,,,Macro
675,HFZ9634,HFZ9634__MadinaClnyHafizabad,3,C4-HFZ-06,,Enfrashare,EC1-HFZ-00442,,,,,,,,,,,,,,,,,,,,,,,,,,,,,,,,0,,0,1,6143.500000000001,6417.400000000001,10479.099999999999,5039.750000000001,7927.816666666666,13130.883333333335,22827.016666666666,7308.249999999999,6310.233333333334,6493.133333333334,6361.783333333335,5999.5,6822.199999999999,17467.93333333333,6873.766666666668,11521.949999999999,12186.366666666665,8628.5,8526.8,10159.649999999994,0,0,0,0,0,0,0,0,0,0,0,0,C4-HFZ-06,,,Macro
676,QDS4170,QDS4170__HFZRdQilaDidarSingh,3,C4-HFZ-06,20,Stand by,,156.8166666666667,143.2333333333333,45.75,,125.00000000000001,389.0833333333333,426.5166666666666,382.85,36.99999999999999,100.2,,,,,,356.3333333333333,,,,,,,,,,,,,,,,2162.7833333333333,,10,0.9749677854938271,6143.500000000001,6417.400000000001,10479.099999999999,5039.750000000001,7927.816666666666,13130.883333333335,22827.016666666666,7308.249999999999,6310.233333333334,6493.133333333334,6361.783333333335,5999.5,6822.199999999999,17467.93333333333,6873.766666666668,11521.949999999999,12186.366666666665,8628.5,8526.8,10159.649999999994,0,0,0,0,0,0,0,0,0,0,0,0,C4-HFZ-06,,,Macro
677,QDS9513,QDS9513__S_Qila Didar Singh_315322,3,C4-HFZ-06,27,Stand by,,,,,,26.25,,,,15.25,15.25,,17.5,,,,,,,,,,,,,,,,,,,,74.25,,4,0.999140625,6143.500000000001,6417.400000000001,10479.099999999999,5039.750000000001,7927.816666666666,13130.883333333335,22827.016666666666,7308.249999999999,6310.233333333334,6493.133333333334,6361.783333333335,5999.5,6822.199999999999,17467.93333333333,6873.766666666668,11521.949999999999,12186.366666666665,8628.5,8526.8,10159.649999999994,0,0,0,0,0,0,0,0,0,0,0,0,C4-HFZ-06,,,Macro
678,RUR0178,RUR0178__Sharakot,3,C4-HFZ-06,30,Stand by,,46.16666666666667,233.33333333333337,,,,,7.5,49.91666666666668,,6.999999999999999,6.916666666666667,7.250000000000001,9,,7.250000000000001,14.750000000000004,37,7.250000000000001,7.250000000000001,6.749999999999999,,,,,,,,,,,,447.3333333333334,,14,0.9948225308641975,6143.500000000001,6417.400000000001,10479.099999999999,5039.750000000001,7927.816666666666,13130.883333333335,22827.016666666666,7308.249999999999,6310.233333333334,6493.133333333334,6361.783333333335,5999.5,6822.199999999999,17467.93333333333,6873.766666666668,11521.949999999999,12186.366666666665,8628.5,8526.8,10159.649999999994,0,0,0,0,0,0,0,0,0,0,0,0,C4-HFZ-06,,,Macro
679,GUJ9430,GUJ9430__S_Nusrat Colony Warid_MDGJ4642,3,C4-HFZ-06,,Ufone,3904,,,535.3833333333333,,,2773.3500000000004,4310.033333333333,2284.333333333333,,,,,,,,1816.7499999999995,2561.283333333333,,,6.833333333333333,,,,,,,,,,,,14287.966666666665,,7,0.8346300154320988,6143.500000000001,6417.400000000001,10479.099999999999,5039.750000000001,7927.816666666666,13130.883333333335,22827.016666666666,7308.249999999999,6310.233333333334,6493.133333333334,6361.783333333335,5999.5,6822.199999999999,17467.93333333333,6873.766666666668,11521.949999999999,12186.366666666665,8628.5,8526.8,10159.649999999994,0,0,0,0,0,0,0,0,0,0,0,0,C4-HFZ-06,Ufone,Ufone 3904,Macro
680,RUR9494,RUR9494__S_DhareneKay_MeerDaadKay_VT4146,3,C4-HFZ-06,20,Stand by,,,,,,,,,,,,,,,,,,,,,,,,,,,,,,,,,0,,0,1,6143.500000000001,6417.400000000001,10479.099999999999,5039.750000000001,7927.816666666666,13130.883333333335,22827.016666666666,7308.249999999999,6310.233333333334,6493.133333333334,6361.783333333335,5999.5,6822.199999999999,17467.93333333333,6873.766666666668,11521.949999999999,12186.366666666665,8628.5,8526.8,10159.649999999994,0,0,0,0,0,0,0,0,0,0,0,0,C4-HFZ-06,,,Macro
681,HWY0112,HWY0112__P_Pindi_Bhattian_M2Warid_25262,4,C4-HFZ-06,30,Stand by,,,,,,,,,,140.16666666666666,,143.73333333333332,59.7,18.25,129.33333333333337,,,,,,,,,,,,,,,,,,491.18333333333334,,5,0.995736255787037,6143.500000000001,6417.400000000001,10479.099999999999,5039.750000000001,7927.816666666666,13130.883333333335,22827.016666666666,7308.249999999999,6310.233333333334,6493.133333333334,6361.783333333335,5999.5,6822.199999999999,17467.93333333333,6873.766666666668,11521.949999999999,12186.366666666665,8628.5,8526.8,10159.649999999994,0,0,0,0,0,0,0,0,0,0,0,0,C4-HFZ-06,,,Macro
682,HFZ9399,HFZ9399_Ghora_Chowk_Hafizabad,3,C4-HFZ-06,20,Stand by,,,,,,,,,,,,,370.4666666666667,,,,,,,,,,,,,,,,,,,,370.4666666666667,,1,0.9957121913580247,6143.500000000001,6417.400000000001,10479.099999999999,5039.750000000001,7927.816666666666,13130.883333333335,22827.016666666666,7308.249999999999,6310.233333333334,6493.133333333334,6361.783333333335,5999.5,6822.199999999999,17467.93333333333,6873.766666666668,11521.949999999999,12186.366666666665,8628.5,8526.8,10159.649999999994,0,0,0,0,0,0,0,0,0,0,0,0,C4-HFZ-06,,,Macro
683,RUR0716,RUR0716__MarrhChatta,4,C4-HFZ-06,20,Stand by,,,,,,,,,,,,,,,,,,,,,,,,,,,,,,,,,0,,0,1,6143.500000000001,6417.400000000001,10479.099999999999,5039.750000000001,7927.816666666666,13130.883333333335,22827.016666666666,7308.249999999999,6310.233333333334,6493.133333333334,6361.783333333335,5999.5,6822.199999999999,17467.93333333333,6873.766666666668,11521.949999999999,12186.366666666665,8628.5,8526.8,10159.649999999994,0,0,0,0,0,0,0,0,0,0,0,0,C4-HFZ-06,,,Macro
684,RGA9707,RGA9707__BudhGoraya,3,C4-HFZ-06,9,Stand by,,35.49999999999999,62.99999999999999,,,,,,33,9.75,,,,,10,,10,19.999999999999996,19.749999999999996,18,19.5,,,,,,,,,,,,238.5,,10,0.9972395833333333,6143.500000000001,6417.400000000001,10479.099999999999,5039.750000000001,7927.816666666666,13130.883333333335,22827.016666666666,7308.249999999999,6310.233333333334,6493.133333333334,6361.783333333335,5999.5,6822.199999999999,17467.93333333333,6873.766666666668,11521.949999999999,12186.366666666665,8628.5,8526.8,10159.649999999994,0,0,0,0,0,0,0,0,0,0,0,0,C4-HFZ-06,,,Macro
685,PND9859,PND9859__P_Pattan_Road,3,C4-HFZ-06,30,Stand by,,,,,,,,,,,,,,,,,67.74999999999999,,,,,,,,,,,,,,,,67.74999999999999,,1,0.9992158564814815,6143.500000000001,6417.400000000001,10479.099999999999,5039.750000000001,7927.816666666666,13130.883333333335,22827.016666666666,7308.249999999999,6310.233333333334,6493.133333333334,6361.783333333335,5999.5,6822.199999999999,17467.93333333333,6873.766666666668,11521.949999999999,12186.366666666665,8628.5,8526.8,10159.649999999994,0,0,0,0,0,0,0,0,0,0,0,0,C4-HFZ-06,,,Macro
686,QDS9645,QDS9645__BohktlaRd,4,C4-HFZ-06,30,Stand by,,,,27.666666666666668,,,,,,,,,,,,,,,,,,,,,,,,,,,,,27.666666666666668,,1,0.9997598379629629,6143.500000000001,6417.400000000001,10479.099999999999,5039.750000000001,7927.816666666666,13130.883333333335,22827.016666666666,7308.249999999999,6310.233333333334,6493.133333333334,6361.783333333335,5999.5,6822.199999999999,17467.93333333333,6873.766666666668,11521.949999999999,12186.366666666665,8628.5,8526.8,10159.649999999994,0,0,0,0,0,0,0,0,0,0,0,0,C4-HFZ-06,,,Macro
687,RUR5937,RUR5937__S_Karial-NVKWarid_SH7649,3,C4-HFZ-06,,CM Pak,4332,,56.25,,,,,,394.7499999999999,,,,,354.9999999999999,,,,,,,320.0000000000001,,,,,,,,,,,,1126,,4,0.9869675925925925,6143.500000000001,6417.400000000001,10479.099999999999,5039.750000000001,7927.816666666666,13130.883333333335,22827.016666666666,7308.249999999999,6310.233333333334,6493.133333333334,6361.783333333335,5999.5,6822.199999999999,17467.93333333333,6873.766666666668,11521.949999999999,12186.366666666665,8628.5,8526.8,10159.649999999994,0,0,0,0,0,0,0,0,0,0,0,0,C4-HFZ-06,CMPAK,4220,Macro
688,RUR4794,RUR4794__QDHPFBaseChamber,4,C4-HFZ-06,9,Stand by,,,,,,,,,,,,,,,485.5833333333335,96.50000000000001,,,,,,,,,,,,,,,,,582.0833333333335,,2,0.9949471932870371,6143.500000000001,6417.400000000001,10479.099999999999,5039.750000000001,7927.816666666666,13130.883333333335,22827.016666666666,7308.249999999999,6310.233333333334,6493.133333333334,6361.783333333335,5999.5,6822.199999999999,17467.93333333333,6873.766666666668,11521.949999999999,12186.366666666665,8628.5,8526.8,10159.649999999994,0,0,0,0,0,0,0,0,0,0,0,0,C4-HFZ-06,,,Macro
689,HFZ9401,HFZ9401_Mubarak_Colony,3,C4-HFZ-06,20,Stand by,,,,,,,,,,,,,,,87.83333333333333,,,,,,,,,,,,,,,,,,87.83333333333333,,1,0.9989834104938272,6143.500000000001,6417.400000000001,10479.099999999999,5039.750000000001,7927.816666666666,13130.883333333335,22827.016666666666,7308.249999999999,6310.233333333334,6493.133333333334,6361.783333333335,5999.5,6822.199999999999,17467.93333333333,6873.766666666668,11521.949999999999,12186.366666666665,8628.5,8526.8,10159.649999999994,0,0,0,0,0,0,0,0,0,0,0,0,C4-HFZ-06,,,Macro
690,NVK4974,NVK4974__Dtenosheravirkan,3,C4-HFZ-06,,CP Prime,,,,,,,,,,,,,,,,,,,,,,,,,,,,,,,,,0,,0,1,6143.500000000001,6417.400000000001,10479.099999999999,5039.750000000001,7927.816666666666,13130.883333333335,22827.016666666666,7308.249999999999,6310.233333333334,6493.133333333334,6361.783333333335,5999.5,6822.199999999999,17467.93333333333,6873.766666666668,11521.949999999999,12186.366666666665,8628.5,8526.8,10159.649999999994,0,0,0,0,0,0,0,0,0,0,0,0,C4-HFZ-06,,,Macro
691,RUR8805,RUR8805__QilaMian,4,C4-HFZ-06,9,Stand by,,,,,,,,,,,,,,,,,,,,,,,,,,,,,,,,,0,,0,1,6143.500000000001,6417.400000000001,10479.099999999999,5039.750000000001,7927.816666666666,13130.883333333335,22827.016666666666,7308.249999999999,6310.233333333334,6493.133333333334,6361.783333333335,5999.5,6822.199999999999,17467.93333333333,6873.766666666668,11521.949999999999,12186.366666666665,8628.5,8526.8,10159.649999999994,0,0,0,0,0,0,0,0,0,0,0,0,C4-HFZ-06,,,Macro
692,RUR0786,RUR0786__BaddoRattan,3,C4-HFZ-06,9,Stand by,,,,,,,,,,,,,,,,,,,,,,,,,,,,,,,,,0,,0,1,6143.500000000001,6417.400000000001,10479.099999999999,5039.750000000001,7927.816666666666,13130.883333333335,22827.016666666666,7308.249999999999,6310.233333333334,6493.133333333334,6361.783333333335,5999.5,6822.199999999999,17467.93333333333,6873.766666666668,11521.949999999999,12186.366666666665,8628.5,8526.8,10159.649999999994,0,0,0,0,0,0,0,0,0,0,0,0,C4-HFZ-06,,,Macro
693,HFZ9403,HFZ9403__S_Alipur Rd Warid_HF4172,3,C4-HFZ-06,27,Stand by,,,,,,,,,,,,,,,457.9999999999999,,,,,,,,,,,,,,,,,,457.9999999999999,,1,0.9946990740740741,6143.500000000001,6417.400000000001,10479.099999999999,5039.750000000001,7927.816666666666,13130.883333333335,22827.016666666666,7308.249999999999,6310.233333333334,6493.133333333334,6361.783333333335,5999.5,6822.199999999999,17467.93333333333,6873.766666666668,11521.949999999999,12186.366666666665,8628.5,8526.8,10159.649999999994,0,0,0,0,0,0,0,0,0,0,0,0,C4-HFZ-06,,,Macro
694,HFZ3892,HFZ3892__MuhalahuzafrKhn,3,C4-HFZ-06,31,Stand by,,,,,,,,,,,162.91666666666666,,,,,,,,,62.33333333333332,70.16666666666667,,,,,,,,,,,,295.41666666666663,,3,0.9965808256172839,6143.500000000001,6417.400000000001,10479.099999999999,5039.750000000001,7927.816666666666,13130.883333333335,22827.016666666666,7308.249999999999,6310.233333333334,6493.133333333334,6361.783333333335,5999.5,6822.199999999999,17467.93333333333,6873.766666666668,11521.949999999999,12186.366666666665,8628.5,8526.8,10159.649999999994,0,0,0,0,0,0,0,0,0,0,0,0,C4-HFZ-06,,,Macro
695,RUR8874,RUR8874__HazratKelainWala,3,C4-HFZ-06,9,Stand by,,,,,,,,,,,,,,,,,,,,,,,,,,,,,,,,,0,,0,1,6143.500000000001,6417.400000000001,10479.099999999999,5039.750000000001,7927.816666666666,13130.883333333335,22827.016666666666,7308.249999999999,6310.233333333334,6493.133333333334,6361.783333333335,5999.5,6822.199999999999,17467.93333333333,6873.766666666668,11521.949999999999,12186.366666666665,8628.5,8526.8,10159.649999999994,0,0,0,0,0,0,0,0,0,0,0,0,C4-HFZ-06,,,Macro
696,RUR9486,RUR9486__S_Warpal_Khurd_1M3548,4,C4-HFZ-06,20,Stand by,,189.83333333333331,,,,338.41666666666663,,211.9166666666666,,,157.25,,110.66666666666667,100.49999999999999,72.41666666666667,,130.00000000000003,186,,,84.88333333333333,,,,,,,,,,,,1581.8833333333332,,10,0.9862683738425926,6143.500000000001,6417.400000000001,10479.099999999999,5039.750000000001,7927.816666666666,13130.883333333335,22827.016666666666,7308.249999999999,6310.233333333334,6493.133333333334,6361.783333333335,5999.5,6822.199999999999,17467.93333333333,6873.766666666668,11521.949999999999,12186.366666666665,8628.5,8526.8,10159.649999999994,0,0,0,0,0,0,0,0,0,0,0,0,C4-HFZ-06,,,Macro
697,HFZ5863,HFZ5863_H_Ali Town Hafizabad,3,C4-HFZ-06,,Enfrashare,EC1-HFZ-08176,,,,,,,,,,,,,,,,,,,,,,,,,,,,,,,,0,,0,1,6143.500000000001,6417.400000000001,10479.099999999999,5039.750000000001,7927.816666666666,13130.883333333335,22827.016666666666,7308.249999999999,6310.233333333334,6493.133333333334,6361.783333333335,5999.5,6822.199999999999,17467.93333333333,6873.766666666668,11521.949999999999,12186.366666666665,8628.5,8526.8,10159.649999999994,0,0,0,0,0,0,0,0,0,0,0,0,,,,Macro
698,RUR9992,RUR9992__HafizabadRoad,3,C4-HFZ-06,30,Stand by,,,5.916666666666667,,,,,341.1666666666667,,,,,,,,,93.24999999999999,,,148.00000000000003,,,,,,,,,,,,,588.3333333333334,,4,0.993190586419753,6143.500000000001,6417.400000000001,10479.099999999999,5039.750000000001,7927.816666666666,13130.883333333335,22827.016666666666,7308.249999999999,6310.233333333334,6493.133333333334,6361.783333333335,5999.5,6822.199999999999,17467.93333333333,6873.766666666668,11521.949999999999,12186.366666666665,8628.5,8526.8,10159.649999999994,0,0,0,0,0,0,0,0,0,0,0,0,C4-HFZ-06,,,Macro
699,RUR2333,RUR2333__S_Philoki,3,C4-HFZ-06,,CP Prime,,,,,,369.4166666666667,,,,143.58333333333334,,,,,,,283,,,508.1333333333333,,,,,,,,,,,,,1304.1333333333332,,4,0.9849058641975309,6143.500000000001,6417.400000000001,0,7329.083333333333,0,0,0,0,0,0,0,0,0,0,0,0,0,0,0,0,0,0,0,0,0,0,0,0,0,0,0,,,,,
700,HFZ3846,HFZ3846__AddaShahJamalJalalP,3,C4-HFZ-06,20,Stand by,,9.333333333333334,,,,,,,9.333333333333334,,,9.333333333333334,,,,9,,,,,9.583333333333334,,,,,,,,,,,,46.583333333333336,,5,0.9994608410493826,6143.500000000001,6417.400000000001,10479.099999999999,5039.750000000001,7927.816666666666,13130.883333333335,22827.016666666666,7308.249999999999,6310.233333333334,6493.133333333334,6361.783333333335,5999.5,6822.199999999999,17467.93333333333,6873.766666666668,11521.949999999999,12186.366666666665,8628.5,8526.8,10159.649999999994,0,0,0,0,0,0,0,0,0,0,0,0,C4-HFZ-06,,,Macro
701,HFZ4067,HFZ4067__RailwayHafizabad,3,C4-HFZ-06,30+20,Stand by,,,,,,18.583333333333332,,,,,,,,,,,,,,,,,,,,,,,,,,,18.583333333333332,,1,0.9997849151234568,6143.500000000001,6417.400000000001,10479.099999999999,5039.750000000001,7927.816666666666,13130.883333333335,22827.016666666666,7308.249999999999,6310.233333333334,6493.133333333334,6361.783333333335,5999.5,6822.199999999999,17467.93333333333,6873.766666666668,11521.949999999999,12186.366666666665,8628.5,8526.8,10159.649999999994,0,0,0,0,0,0,0,0,0,0,0,0,C4-HFZ-06,,,Macro
702,HFZ9826,HFZ9826__Hakim_Colony,3,C4-HFZ-06,20,Stand by,,146.08333333333331,178.25,,,,,,,,59.750000000000014,,,,,,,78,101.91666666666666,,81.50000000000001,,,,,,,,,,,,645.5,,6,0.9925289351851851,6143.500000000001,6417.400000000001,10479.099999999999,5039.750000000001,7927.816666666666,13130.883333333335,22827.016666666666,7308.249999999999,6310.233333333334,6493.133333333334,6361.783333333335,5999.5,6822.199999999999,17467.93333333333,6873.766666666668,11521.949999999999,12186.366666666665,8628.5,8526.8,10159.649999999994,0,0,0,0,0,0,0,0,0,0,0,0,C4-HFZ-06,,,Macro
703,RUR9498,RUR9498__S_Abadi_Ramgarh_Gujranwala_Road_313556,4,C4-HFZ-06,30,Stand by,,,,,,,,,,,,,,,,,,,,445.5333333333332,,,,,,,,,,,,,445.5333333333332,,1,0.9961325231481482,6143.500000000001,6417.400000000001,10479.099999999999,5039.750000000001,7927.816666666666,13130.883333333335,22827.016666666666,7308.249999999999,6310.233333333334,6493.133333333334,6361.783333333335,5999.5,6822.199999999999,17467.93333333333,6873.766666666668,11521.949999999999,12186.366666666665,8628.5,8526.8,10159.649999999994,0,0,0,0,0,0,0,0,0,0,0,0,C4-HFZ-06,,,Macro
704,RUR5661,RUR5661_S__ JarChikah,3,C4-HFZ-06,,Enfrashare,EUC-NKN-06893,1231.7333333333331,262.5,,173.50000000000003,,,,,26.416666666666668,,,,,164.33333333333337,,,82.66666666666669,,,156,,,,,,,,,,,,2097.1499999999996,,7,0.9757274305555554,6143.500000000001,6417.400000000001,10479.099999999999,5039.750000000001,7927.816666666666,13130.883333333335,22827.016666666666,7308.249999999999,6310.233333333334,6493.133333333334,6361.783333333335,5999.5,6822.199999999999,17467.93333333333,6873.766666666668,11521.949999999999,12186.366666666665,8628.5,8526.8,10159.649999999994,0,0,0,0,0,0,0,0,0,0,0,0,,,,Macro
705,HWY5970,HWY5970_H_Qila Ram Kaur Hafizabad,3,C4-HFZ-06,,Enfrashare,EC1-HFZ-08177,,,,,,,,,,,,,,,,,,,44.75000000000001,,,,,,,,,,,,,44.75000000000001,,1,0.9994820601851852,6143.500000000001,6417.400000000001,10479.099999999999,5039.750000000001,7927.816666666666,13130.883333333335,22827.016666666666,7308.249999999999,6310.233333333334,6493.133333333334,6361.783333333335,5999.5,6822.199999999999,17467.93333333333,6873.766666666668,11521.949999999999,12186.366666666665,8628.5,8526.8,10159.649999999994,0,0,0,0,0,0,0,0,0,0,0,0,,,,Macro
706,AMG8797,AMG8797__KaluCheema,4,C4-HFZ-06,,CP Prime,,,557,,,,104.5,,,,,,,,,,,,56.5,,,,,,,,,,,,,,718,,3,0.9937673611111112,6143.500000000001,6417.400000000001,10479.099999999999,5039.750000000001,7927.816666666666,13130.883333333335,22827.016666666666,7308.249999999999,6310.233333333334,6493.133333333334,6361.783333333335,5999.5,6822.199999999999,17467.93333333333,6873.766666666668,11521.949999999999,12186.366666666665,8628.5,8526.8,10159.649999999994,0,0,0,0,0,0,0,0,0,0,0,0,C4-HFZ-06,,,Macro
707,ALC3447,ALC3447__IkalGarhAlipurChat,4,C4-HFZ-06,30+31,Stand by,,,,,,,,,,,,,,,,,,,,,,,,,,,,,,,,,0,,0,1,6143.500000000001,6417.400000000001,10479.099999999999,5039.750000000001,7927.816666666666,13130.883333333335,22827.016666666666,7308.249999999999,6310.233333333334,6493.133333333334,6361.783333333335,5999.5,6822.199999999999,17467.93333333333,6873.766666666668,11521.949999999999,12186.366666666665,8628.5,8526.8,10159.649999999994,0,0,0,0,0,0,0,0,0,0,0,0,C4-HFZ-06,,,Macro
708,RGA9706,RGA9706__Sadu_Goraya,3,C4-HFZ-06,9,Stand by,,,,,,395.6666666666667,,,,396.9999999999999,,,,,,,4.833333333333333,,,169.75000000000003,,,,,,,,,,,,,967.2499999999999,,4,0.9888049768518519,6143.500000000001,6417.400000000001,10479.099999999999,5039.750000000001,7927.816666666666,13130.883333333335,22827.016666666666,7308.249999999999,6310.233333333334,6493.133333333334,6361.783333333335,5999.5,6822.199999999999,17467.93333333333,6873.766666666668,11521.949999999999,12186.366666666665,8628.5,8526.8,10159.649999999994,0,0,0,0,0,0,0,0,0,0,0,0,C4-HFZ-06,,,Macro
709,GUJ9856,GUJ9856__S_IllyasColony,3,C4-HFZ-06,,Enfrashare,EC1-GUJ-09462,,,525.2499999999999,,,2595.9500000000003,,,,,,,,,,,558.2499999999999,,,,,,,,,,,,,,,3679.4500000000003,,3,0.9574137731481481,6143.500000000001,6417.400000000001,0,9663.716666666669,0,0,0,0,0,0,0,0,0,0,0,0,0,0,0,0,0,0,0,0,0,0,0,0,0,0,0,,,,,
710,ALC8810,ALC8810__ChoriGali,3,C4-HFZ-06,9,Stand by,,,,,,,,,,,,,,,,175.24999999999997,,,,,,,,,,,,,,,,,175.24999999999997,,1,0.9979716435185185,6143.500000000001,6417.400000000001,10479.099999999999,5039.750000000001,7927.816666666666,13130.883333333335,22827.016666666666,7308.249999999999,6310.233333333334,6493.133333333334,6361.783333333335,5999.5,6822.199999999999,17467.93333333333,6873.766666666668,11521.949999999999,12186.366666666665,8628.5,8526.8,10159.649999999994,0,0,0,0,0,0,0,0,0,0,0,0,C4-HFZ-06,,,Macro
711,MBI9714,MBI9714__Marri_Khurd,3,C4-HFZ-06,9,Stand by,,,,,,,,,,,,,,,,,,,,,,,,,,,,,,,,,0,,0,1,6143.500000000001,6417.400000000001,10479.099999999999,5039.750000000001,7927.816666666666,13130.883333333335,22827.016666666666,7308.249999999999,6310.233333333334,6493.133333333334,6361.783333333335,5999.5,6822.199999999999,17467.93333333333,6873.766666666668,11521.949999999999,12186.366666666665,8628.5,8526.8,10159.649999999994,0,0,0,0,0,0,0,0,0,0,0,0,C4-HFZ-06,,,Macro
712,JPB4945,JPB4945__Pindibhatianrd,3,C4-HFZ-06,30+30,Stand by,,,,,,,,,,,,,,,,,,,,,118.16666666666666,,,,,,,,,,,,118.16666666666666,,1,0.9986323302469136,6143.500000000001,6417.400000000001,10479.099999999999,5039.750000000001,7927.816666666666,13130.883333333335,22827.016666666666,7308.249999999999,6310.233333333334,6493.133333333334,6361.783333333335,5999.5,6822.199999999999,17467.93333333333,6873.766666666668,11521.949999999999,12186.366666666665,8628.5,8526.8,10159.649999999994,0,0,0,0,0,0,0,0,0,0,0,0,C4-HFZ-06,,,Macro
713,SKK3610,SKK3610__InayatpuraHafiz,3,C4-HFZ-06,9,Stand by,,128.45000000000002,37.5,108.16666666666669,,,,,,,,,261.05,71.23333333333333,145.60000000000002,301.34999999999997,171.95,68.00000000000001,,,,,,,,,,,,,,,1293.3000000000002,,9,0.98503125,6143.500000000001,6417.400000000001,10479.099999999999,5039.750000000001,7927.816666666666,13130.883333333335,22827.016666666666,7308.249999999999,6310.233333333334,6493.133333333334,6361.783333333335,5999.5,6822.199999999999,17467.93333333333,6873.766666666668,11521.949999999999,12186.366666666665,8628.5,8526.8,10159.649999999994,0,0,0,0,0,0,0,0,0,0,0,0,C4-HFZ-06,,,Macro
714,KQD1726,KQD1726__S_Adda Wali MasjidWarid_295293,3,C4-HFZ-06,27,Stand by,,,,,,475,,,,,,,,,,,,,100.24999999999997,,422.83333333333337,,,,,,,,,,,,998.0833333333334,,3,0.9884481095679013,6143.500000000001,6417.400000000001,10479.099999999999,5039.750000000001,7927.816666666666,13130.883333333335,22827.016666666666,7308.249999999999,6310.233333333334,6493.133333333334,6361.783333333335,5999.5,6822.199999999999,17467.93333333333,6873.766666666668,11521.949999999999,12186.366666666665,8628.5,8526.8,10159.649999999994,0,0,0,0,0,0,0,0,0,0,0,0,C4-HFZ-06,,,Macro
715,QDS9514,QDS9514__S_Mian Sahab_Riaz Hospital_QD1535,3,C4-HFZ-06,20,Stand by,,178.8166666666667,190.75,163.83333333333334,236.41666666666657,249.40000000000003,366.63333333333327,230.2166666666667,130,86.99999999999999,124.16666666666666,,141.25000000000003,292.6666666666666,83.25,55.25,339.41666666666674,116.83333333333334,90.08333333333334,191.25,29.41666666666667,,,,,,,,,,,,3296.65,,19,0.9618443287037037,6143.500000000001,6417.400000000001,10479.099999999999,5039.750000000001,7927.816666666666,13130.883333333335,22827.016666666666,7308.249999999999,6310.233333333334,6493.133333333334,6361.783333333335,5999.5,6822.199999999999,17467.93333333333,6873.766666666668,11521.949999999999,12186.366666666665,8628.5,8526.8,10159.649999999994,0,0,0,0,0,0,0,0,0,0,0,0,C4-HFZ-06,,,Macro
716,SKK3103,SKK3103__SHKSukheki,3,C4-HFZ-06,20,Stand by,,,,17.5,,,,,,,,,,,159.16666666666669,,,,,,,,,,,,,,,,,,176.66666666666669,,2,0.9979552469135803,6143.500000000001,6417.400000000001,10479.099999999999,5039.750000000001,7927.816666666666,13130.883333333335,22827.016666666666,7308.249999999999,6310.233333333334,6493.133333333334,6361.783333333335,5999.5,6822.199999999999,17467.93333333333,6873.766666666668,11521.949999999999,12186.366666666665,8628.5,8526.8,10159.649999999994,0,0,0,0,0,0,0,0,0,0,0,0,C4-HFZ-06,,,Macro
717,QDS5492,                                  QDS35492__S_NearBilalMasjid,3,C4-HFZ-06,,Enfrashare,EC1-GUJ-01750,,,,,,,244.08333333333337,,,,,,,,,5.666666666666666,,,,,,,,,,,,,,,,249.75000000000003,,2,0.997109375,6143.500000000001,6417.400000000001,10479.099999999999,5039.750000000001,7927.816666666666,13130.883333333335,22827.016666666666,7308.249999999999,6310.233333333334,6493.133333333334,6361.783333333335,5999.5,6822.199999999999,17467.93333333333,6873.766666666668,11521.949999999999,12186.366666666665,8628.5,8526.8,10159.649999999994,0,0,0,0,0,0,0,0,0,0,0,0,C4-HFZ-06,Enfra,,Macro
718,RUR8824,RUR8824__LadhaWalaGUJ,3,C4-HFZ-06,30,Stand by,,352.1666666666667,125.58333333333334,37.66666666666666,,592.4166666666667,,,,,,,,,,,,,,,,,,,,,,,,,,,1107.8333333333335,,4,0.9871778549382717,6143.500000000001,6417.400000000001,10479.099999999999,5039.750000000001,7927.816666666666,13130.883333333335,22827.016666666666,7308.249999999999,6310.233333333334,6493.133333333334,6361.783333333335,5999.5,6822.199999999999,17467.93333333333,6873.766666666668,11521.949999999999,12186.366666666665,8628.5,8526.8,10159.649999999994,0,0,0,0,0,0,0,0,0,0,0,0,C4-HFZ-06,,,Macro
719,SKK4727,SKK4727__KKDSukhikirailwayrd,3,C4-HFZ-06,30+30,Stand by,,,,,,,,,,,,,,,,,,,,,,,,,,,,,,,,,0,,0,1,6143.500000000001,6417.400000000001,10479.099999999999,5039.750000000001,7927.816666666666,13130.883333333335,22827.016666666666,7308.249999999999,6310.233333333334,6493.133333333334,6361.783333333335,5999.5,6822.199999999999,17467.93333333333,6873.766666666668,11521.949999999999,12186.366666666665,8628.5,8526.8,10159.649999999994,0,0,0,0,0,0,0,0,0,0,0,0,C4-HFZ-06,,,Macro
720,QDS8933,QDS8933__NoorPurRdQilaDedarS,3,C4-HFZ-06,"30, 9",Stand by,,,,,,,,,,,,,,,,,,,,,,,,,,,,,,,,,0,,0,1,6143.500000000001,6417.400000000001,10479.099999999999,5039.750000000001,7927.816666666666,13130.883333333335,22827.016666666666,7308.249999999999,6310.233333333334,6493.133333333334,6361.783333333335,5999.5,6822.199999999999,17467.93333333333,6873.766666666668,11521.949999999999,12186.366666666665,8628.5,8526.8,10159.649999999994,0,0,0,0,0,0,0,0,0,0,0,0,C4-HFZ-06,,,Macro
721,QDS5748,QDS5748__S_LarriAdda,3,C4-HFZ-06,,Enfrashare,EC1-QDS-01335,,,,,,,,,,,,,,,,,,,,,,,,,,,,,,,,0,,0,1,6143.500000000001,6417.400000000001,10479.099999999999,5039.750000000001,7927.816666666666,13130.883333333335,22827.016666666666,7308.249999999999,6310.233333333334,6493.133333333334,6361.783333333335,5999.5,6822.199999999999,17467.93333333333,6873.766666666668,11521.949999999999,12186.366666666665,8628.5,8526.8,10159.649999999994,0,0,0,0,0,0,0,0,0,0,0,0,C4-HFZ-06,Enfra,,Macro
722,NVK3537,NVK3537__BaduRataRd,3,C4-HFZ-06,9,Stand by,,,,,,,,,,,,,,,,,,,,,45,,,,,,,,,,,,45,,1,0.9994791666666667,6143.500000000001,6417.400000000001,10479.099999999999,5039.750000000001,7927.816666666666,13130.883333333335,22827.016666666666,7308.249999999999,6310.233333333334,6493.133333333334,6361.783333333335,5999.5,6822.199999999999,17467.93333333333,6873.766666666668,11521.949999999999,12186.366666666665,8628.5,8526.8,10159.649999999994,0,0,0,0,0,0,0,0,0,0,0,0,C4-HFZ-06,,,Macro
723,NVK4973,NVK4973__KarialRd,3,C4-HFZ-06,20+30,Stand by,,,,,,,255.41666666666669,,,,,,,,,,,,1.833333333333333,,1.916666666666667,,,,,,,,,,,,259.1666666666667,,3,0.9970003858024691,6143.500000000001,6417.400000000001,10479.099999999999,5039.750000000001,7927.816666666666,13130.883333333335,22827.016666666666,7308.249999999999,6310.233333333334,6493.133333333334,6361.783333333335,5999.5,6822.199999999999,17467.93333333333,6873.766666666668,11521.949999999999,12186.366666666665,8628.5,8526.8,10159.649999999994,0,0,0,0,0,0,0,0,0,0,0,0,C4-HFZ-06,,,Macro
724,GMW9713,GMW9713__Ghumawala,3,C4-HFZ-06,9,Stand by,,,6.500000000000001,30.33333333333334,,,208.83333333333337,62.83333333333333,21.75,,,,,,23.75,,,,,,,,,,,,,,,,,,354.00000000000006,,6,0.9959027777777777,6143.500000000001,6417.400000000001,10479.099999999999,5039.750000000001,7927.816666666666,13130.883333333335,22827.016666666666,7308.249999999999,6310.233333333334,6493.133333333334,6361.783333333335,5999.5,6822.199999999999,17467.93333333333,6873.766666666668,11521.949999999999,12186.366666666665,8628.5,8526.8,10159.649999999994,0,0,0,0,0,0,0,0,0,0,0,0,C4-HFZ-06,,,Macro
725,HWY9394,HWY9394_Husayki_Pindi Bhattian,3,C4-HFZ-06,20+20,Stand by,,,,,,,,,,,,,,,,,,,,,,,,,,,,,,,,,0,,0,1,6143.500000000001,6417.400000000001,10479.099999999999,5039.750000000001,7927.816666666666,13130.883333333335,22827.016666666666,7308.249999999999,6310.233333333334,6493.133333333334,6361.783333333335,5999.5,6822.199999999999,17467.93333333333,6873.766666666668,11521.949999999999,12186.366666666665,8628.5,8526.8,10159.649999999994,0,0,0,0,0,0,0,0,0,0,0,0,C4-HFZ-06,,,Macro
726,KAH9974,KAH9974__Chak_Ghazi_D_new,4,C4-HFZ-06,9,Stand by,,,,,,,228.50000000000006,,,,50.00000000000001,,313.9999999999999,23.5,167.66666666666663,,603.3333333333334,22.249999999999996,261.06666666666666,,236.66666666666663,,,,,,,,,,,,1906.9833333333331,,9,0.9834463252314815,6143.500000000001,6417.400000000001,10479.099999999999,5039.750000000001,7927.816666666666,13130.883333333335,22827.016666666666,7308.249999999999,6310.233333333334,6493.133333333334,6361.783333333335,5999.5,6822.199999999999,17467.93333333333,6873.766666666668,11521.949999999999,12186.366666666665,8628.5,8526.8,10159.649999999994,0,0,0,0,0,0,0,0,0,0,0,0,C4-HFZ-06,,,Macro
727,RUR0780,RUR0780_MangokiVirkan,3,C4-HFZ-06,9,Stand by,,10.91666666666667,,,170.99999999999997,108.11666666666667,,,196.6666666666667,,10.91666666666667,,32.58333333333333,95.91666666666667,10.83333333333333,,10.91666666666667,10.91666666666667,10.83333333333333,,21.91666666666667,,,,,,,,,,,,691.5333333333333,,12,0.9919961419753086,6143.500000000001,6417.400000000001,10479.099999999999,5039.750000000001,7927.816666666666,13130.883333333335,22827.016666666666,7308.249999999999,6310.233333333334,6493.133333333334,6361.783333333335,5999.5,6822.199999999999,17467.93333333333,6873.766666666668,11521.949999999999,12186.366666666665,8628.5,8526.8,10159.649999999994,0,0,0,0,0,0,0,0,0,0,0,0,C4-HFZ-06,,,Macro
728,RUR5942,RUR5942__S_Tatlay Ali-KMK Warid_305407,3,C4-HFZ-06,20,Stand by,,,,111.91666666666666,,,128.16666666666666,,,,,,,,,,,,,,169.99999999999997,,,,,,,,,,,,410.08333333333326,,3,0.9952536651234568,6143.500000000001,6417.400000000001,10479.099999999999,5039.750000000001,7927.816666666666,13130.883333333335,22827.016666666666,7308.249999999999,6310.233333333334,6493.133333333334,6361.783333333335,5999.5,6822.199999999999,17467.93333333333,6873.766666666668,11521.949999999999,12186.366666666665,8628.5,8526.8,10159.649999999994,0,0,0,0,0,0,0,0,0,0,0,0,C4-HFZ-06,,,Macro
729,PND1615,PND1615__P_Hussain_AbadWarid_PB1543,3,C4-HFZ-06,20,Stand by,,,,,,,,,,,,,,,377.3333333333333,,,,,,,,,,,,,,,,,,377.3333333333333,,1,0.9956327160493826,6143.500000000001,6417.400000000001,10479.099999999999,5039.750000000001,7927.816666666666,13130.883333333335,22827.016666666666,7308.249999999999,6310.233333333334,6493.133333333334,6361.783333333335,5999.5,6822.199999999999,17467.93333333333,6873.766666666668,11521.949999999999,12186.366666666665,8628.5,8526.8,10159.649999999994,0,0,0,0,0,0,0,0,0,0,0,0,C4-HFZ-06,,,Macro
730,KQD1725,KQD1725_S_NearmandiWarid_KD1612,3,C4-HFZ-06,20,Stand by,,,,,120.75,,,,,,,,,,,,,,101.74999999999997,,,,,,,,,,,,,,222.49999999999997,,2,0.9974247685185185,6143.500000000001,6417.400000000001,10479.099999999999,5039.750000000001,7927.816666666666,13130.883333333335,22827.016666666666,7308.249999999999,6310.233333333334,6493.133333333334,6361.783333333335,5999.5,6822.199999999999,17467.93333333333,6873.766666666668,11521.949999999999,12186.366666666665,8628.5,8526.8,10159.649999999994,0,0,0,0,0,0,0,0,0,0,0,0,C4-HFZ-06,,,Macro
731,PND1614,PND1614__P_Aqqal_wala,3,C4-HFZ-06,20,Stand by,,,,,,,,,,,,,,,,,,114.50000000000001,,,,,,,,,,,,,,,114.50000000000001,,1,0.9986747685185184,6143.500000000001,6417.400000000001,10479.099999999999,5039.750000000001,7927.816666666666,13130.883333333335,22827.016666666666,7308.249999999999,6310.233333333334,6493.133333333334,6361.783333333335,5999.5,6822.199999999999,17467.93333333333,6873.766666666668,11521.949999999999,12186.366666666665,8628.5,8526.8,10159.649999999994,0,0,0,0,0,0,0,0,0,0,0,0,C4-HFZ-06,,,Macro
732,HJN0014,HJN0014__P_Mustafaabad,3,C4-HFZ-06,9,Stand by,,,,,,,,,,,,,,,,,,,,,,,,,,,,,,,,,0,,0,1,6143.500000000001,6417.400000000001,10479.099999999999,5039.750000000001,7927.816666666666,13130.883333333335,22827.016666666666,7308.249999999999,6310.233333333334,6493.133333333334,6361.783333333335,5999.5,6822.199999999999,17467.93333333333,6873.766666666668,11521.949999999999,12186.366666666665,8628.5,8526.8,10159.649999999994,0,0,0,0,0,0,0,0,0,0,0,0,C4-HFZ-06,,,Macro
733,GUJ5481,GUJ5481__S_AwanChowk,3,C4-HFZ-06,,Enfrashare,EC1-GUJ-01755,,,,,,164.74999999999997,,,,21.333333333333332,,,,,,,,,,,,,,,,,,,,,,186.08333333333331,,2,0.9978462577160494,6143.500000000001,6417.400000000001,10479.099999999999,5039.750000000001,7927.816666666666,13130.883333333335,22827.016666666666,7308.249999999999,6310.233333333334,6493.133333333334,6361.783333333335,5999.5,6822.199999999999,17467.93333333333,6873.766666666668,11521.949999999999,12186.366666666665,8628.5,8526.8,10159.649999999994,0,0,0,0,0,0,0,0,0,0,0,0,C4-Guj-02,Enfra,,Macro
734,RUR3101,RUR3101__S_Kassesy,3,C4-HFZ-06,,Enfrashare,EC1-HFZ-00443,,,,,,,,,,,,,,,,,,,,,,,,,,,,,,,,0,,0,1,6143.500000000001,6417.400000000001,10479.099999999999,5039.750000000001,7927.816666666666,13130.883333333335,22827.016666666666,7308.249999999999,6310.233333333334,6493.133333333334,6361.783333333335,5999.5,6822.199999999999,17467.93333333333,6873.766666666668,11521.949999999999,12186.366666666665,8628.5,8526.8,10159.649999999994,0,0,0,0,0,0,0,0,0,0,0,0,C4-HFZ-06,,,Macro
735,HJN1205,HJN1205__S_Hujan_ M3_CMPAK_7058,3,C4-HFZ-06,,CM Pak,7058,,,,,,,,,,,,,,33.75,,,,,,,,,,,,,,,,,,33.75,,1,0.999609375,6143.500000000001,6417.400000000001,10479.099999999999,5039.750000000001,7927.816666666666,13130.883333333335,22827.016666666666,7308.249999999999,6310.233333333334,6493.133333333334,6361.783333333335,5999.5,6822.199999999999,17467.93333333333,6873.766666666668,11521.949999999999,12186.366666666665,8628.5,8526.8,10159.649999999994,0,0,0,0,0,0,0,0,0,0,0,0,C4-HFZ-06,CMPAK,7058,Macro
736,RUR6617,RUR6617_H_USF_MOT_M2_U5_Kot Sarwar Hafizabad,4,C4-HFZ-06,,Enfrashare,EUC-HFZ-08891,,,,,,,202.86666666666667,,,,,,,,508,,1402.9166666666665,,,,,,,,,,,,,,,2113.7833333333333,,3,0.9816511863425926,6143.500000000001,6417.400000000001,10479.099999999999,5039.750000000001,7927.816666666666,13130.883333333335,22827.016666666666,7308.249999999999,6310.233333333334,6493.133333333334,6361.783333333335,5999.5,6822.199999999999,17467.93333333333,6873.766666666668,11521.949999999999,12186.366666666665,8628.5,8526.8,10159.649999999994,0,0,0,0,0,0,0,0,0,0,0,0,,,,Macro
737,RUR6618,RUR6618_H_USF_MOT_M2_U6_Nauthen Hafizabad,3,C4-HFZ-06,,Enfrashare,EUC-HFZ-08892,,,,,,,,,,,,,,,,,,,,,,,,,,,,,,,,0,,0,1,6143.500000000001,6417.400000000001,10479.099999999999,5039.750000000001,7927.816666666666,13130.883333333335,22827.016666666666,7308.249999999999,6310.233333333334,6493.133333333334,6361.783333333335,5999.5,6822.199999999999,17467.93333333333,6873.766666666668,11521.949999999999,12186.366666666665,8628.5,8526.8,10159.649999999994,0,0,0,0,0,0,0,0,0,0,0,0,,,,Macro
738,NVK6051,NVK6051__S_KidsPlanetMontessori,3,C4-HFZ-06,,Enfrashare,EC1-GUJ-05919,,,,,,,,,,,,,370.55000000000007,,,,,,,375.05000000000007,,,,,,,,,,,,745.6000000000001,,2,0.9913703703703703,6143.500000000001,6417.400000000001,10479.099999999999,5039.750000000001,7927.816666666666,13130.883333333335,22827.016666666666,7308.249999999999,6310.233333333334,6493.133333333334,6361.783333333335,5999.5,6822.199999999999,17467.93333333333,6873.766666666668,11521.949999999999,12186.366666666665,8628.5,8526.8,10159.649999999994,0,0,0,0,0,0,0,0,0,0,0,0,,,,Macro
739,HWY0740,HWY0740__KotSarwar,3,C4-HFZ-06,,CM Pak,C-HWY-4440,,,,,,,,,,,,,,,,,,,,,,,,,,,,,,,,0,,0,1,6143.500000000001,6417.400000000001,10479.099999999999,5039.750000000001,7927.816666666666,13130.883333333335,22827.016666666666,7308.249999999999,6310.233333333334,6493.133333333334,6361.783333333335,5999.5,6822.199999999999,17467.93333333333,6873.766666666668,11521.949999999999,12186.366666666665,8628.5,8526.8,10159.649999999994,0,0,0,0,0,0,0,0,0,0,0,0,C4-HFZ-06,CMPAK,C-HWY-4440,Macro
740,PND9055,PND9055__S_DarbarSufiMuhammadInayatHajvery,3,C4-HFZ-06,,Tawal,TWPOKR0007,,,,,,,,,175.75000000000003,,,,,,,,,,,,,,,,,,,,,,,175.75000000000003,,1,0.9979658564814815,6143.500000000001,6417.400000000001,10479.099999999999,5039.750000000001,7927.816666666666,13130.883333333335,22827.016666666666,7308.249999999999,6310.233333333334,6493.133333333334,6361.783333333335,5999.5,6822.199999999999,17467.93333333333,6873.766666666668,11521.949999999999,12186.366666666665,8628.5,8526.8,10159.649999999994,0,0,0,0,0,0,0,0,0,0,0,0,C4-HFZ-06,TAWAL,TWPOKR0007,Macro
741,JPB9368,LTE_JPB9368__S_UtilityStore,3,C4-HFZ-06,,Enfrashare,HFZ00431,,,,,,,342.2499999999999,,,,,,,,,,,,,,,,,,,,,,,,,342.2499999999999,,1,0.9960387731481481,6143.500000000001,6417.400000000001,10479.099999999999,5039.750000000001,7927.816666666666,13130.883333333335,22827.016666666666,7308.249999999999,6310.233333333334,6493.133333333334,6361.783333333335,5999.5,6822.199999999999,17467.93333333333,6873.766666666668,11521.949999999999,12186.366666666665,8628.5,8526.8,10159.649999999994,0,0,0,0,0,0,0,0,0,0,0,0,C4-HFZ-06,ENFRA,HFZ00431,Macro
742,RUR9361,RUR9361__S_ThattaKhairoMatmal,3,C4-HFZ-06,,E.Co,E.coPK001083PU,,,,,725.6499999999997,,327.0833333333333,,597.5000000000001,,,680.4999999999999,,140.74999999999997,,842.3000000000002,,,,,,,,,,,,,,,,3313.7833333333333,,6,0.9616460262345679,6143.500000000001,6417.400000000001,10479.099999999999,5039.750000000001,7927.816666666666,13130.883333333335,22827.016666666666,7308.249999999999,6310.233333333334,6493.133333333334,6361.783333333335,5999.5,6822.199999999999,17467.93333333333,6873.766666666668,11521.949999999999,12186.366666666665,8628.5,8526.8,10159.649999999994,0,0,0,0,0,0,0,0,0,0,0,0,C4-HFZ-06,E.co,e.coPK001083PU,Macro
743,RUR9357,RUR9357__S_TatlayAali,3,C4-HFZ-06,,E.Co,E.coPK016479PU,,213.75,320.16666666666663,,,,,,,,,,209.25,,,,,,48.249999999999986,,,,,,,,,,,,,791.4166666666666,,4,0.9908400848765432,6143.500000000001,6417.400000000001,10479.099999999999,5039.750000000001,7927.816666666666,13130.883333333335,22827.016666666666,7308.249999999999,6310.233333333334,6493.133333333334,6361.783333333335,5999.5,6822.199999999999,17467.93333333333,6873.766666666668,11521.949999999999,12186.366666666665,8628.5,8526.8,10159.649999999994,0,0,0,0,0,0,0,0,0,0,0,0,C4-HFZ-06,E.co,e.coPK016479PU,Macro
744,SKK8435,SKK8435__S_MarkaziImamBargah,3,C4-HFZ-06,,Enfrashare,EC1-PNB-05070,,,,,,,,,,,,,,,,,,,,,,,,,,,,,,,,0,,0,1,6143.500000000001,6417.400000000001,10479.099999999999,5039.750000000001,7927.816666666666,13130.883333333335,22827.016666666666,7308.249999999999,6310.233333333334,6493.133333333334,6361.783333333335,5999.5,6822.199999999999,17467.93333333333,6873.766666666668,11521.949999999999,12186.366666666665,8628.5,8526.8,10159.649999999994,0,0,0,0,0,0,0,0,0,0,0,0,C4-HFZ-06,Enfra,EC1-PNB-05070,Macro
745,QDS8414,QDS8414__S_AlliedSchool,3,C4-HFZ-06,,E.Co,e.coPK016199PU,,,,,,,651.55,,,,,,,,,215.5,,,,,,,,,,,,,,,,867.05,,2,0.989964699074074,6143.500000000001,6417.400000000001,10479.099999999999,5039.750000000001,7927.816666666666,13130.883333333335,22827.016666666666,7308.249999999999,6310.233333333334,6493.133333333334,6361.783333333335,5999.5,6822.199999999999,17467.93333333333,6873.766666666668,11521.949999999999,12186.366666666665,8628.5,8526.8,10159.649999999994,0,0,0,0,0,0,0,0,0,0,0,0,C4-HFZ-06,E.co,e.coPK016199PU,Macro
746,RUR8491,RUR8491__S_SaharanChatha,3,C4-HFZ-06,,E.Co,e.coPK000981PU,,,,,,,,,,,,,,,,,,,,,,,,,,,,,,,,0,,0,1,6143.500000000001,6417.400000000001,10479.099999999999,5039.750000000001,7927.816666666666,13130.883333333335,22827.016666666666,7308.249999999999,6310.233333333334,6493.133333333334,6361.783333333335,5999.5,6822.199999999999,17467.93333333333,6873.766666666668,11521.949999999999,12186.366666666665,8628.5,8526.8,10159.649999999994,0,0,0,0,0,0,0,0,0,0,0,0,C4-HFZ-06,E.co,e.coPK000981PU,Macro
747,NVK8507,NVK8507__S_GoheerRoad,3,C4-HFZ-06,,Enfrashare,EC1-GUJ-04004,,,604.8666666666667,101.75000000000001,,,,,,,,,693.5833333333335,,,,,,,693.0500000000002,,,,,,,,,,,,2093.2500000000005,,4,0.9757725694444445,6143.500000000001,6417.400000000001,10479.099999999999,5039.750000000001,7927.816666666666,13130.883333333335,22827.016666666666,7308.249999999999,6310.233333333334,6493.133333333334,6361.783333333335,5999.5,6822.199999999999,17467.93333333333,6873.766666666668,11521.949999999999,12186.366666666665,8628.5,8526.8,10159.649999999994,0,0,0,0,0,0,0,0,0,0,0,0,C4-HFZ-06,Enfra,EC1-GUJ-04004,Macro
748,RUR0433,RUR0433_Marali Wala,4,C4-HFZ-06,20,Stand by,,,,,,,,,,,,,,,,,,,67.58333333333334,,,,,,,,,,,,,,67.58333333333334,,1,0.9994133391203703,6143.500000000001,6417.400000000001,10479.099999999999,5039.750000000001,7927.816666666666,13130.883333333335,22827.016666666666,7308.249999999999,6310.233333333334,6493.133333333334,6361.783333333335,5999.5,6822.199999999999,17467.93333333333,6873.766666666668,11521.949999999999,12186.366666666665,8628.5,8526.8,10159.649999999994,0,0,0,0,0,0,0,0,0,0,0,0,C4-HFZ-06,,,Macro
749,RUR8653,RUR8653__S_MangatNeech_Ufone3757,3,C4-HFZ-06,,Ufone,3757,,,,,,,,,,,,242.25,,,,,,,,,,,,,,,,,,,,242.25,,1,0.9971961805555556,6143.500000000001,6417.400000000001,10479.099999999999,5039.750000000001,7927.816666666666,13130.883333333335,22827.016666666666,7308.249999999999,6310.233333333334,6493.133333333334,6361.783333333335,5999.5,6822.199999999999,17467.93333333333,6873.766666666668,11521.949999999999,12186.366666666665,8628.5,8526.8,10159.649999999994,0,0,0,0,0,0,0,0,0,0,0,0,C4-HFZ-06,Ufone,3757,Macro
750,RUR8633,RUR8633__S_PTCLExchangeTatlayAali_GTRP2060,3,C4-HFZ-06,,PTCL,GTRP2060,,,317.0000000000001,,,,,,,,,,,,,,,,,69.50000000000001,,,,,,,,,,,,386.5000000000001,,2,0.9955266203703704,6143.500000000001,6417.400000000001,10479.099999999999,5039.750000000001,7927.816666666666,13130.883333333335,22827.016666666666,7308.249999999999,6310.233333333334,6493.133333333334,6361.783333333335,5999.5,6822.199999999999,17467.93333333333,6873.766666666668,11521.949999999999,12186.366666666665,8628.5,8526.8,10159.649999999994,0,0,0,0,0,0,0,0,0,0,0,0,C4-HFZ-06,PTCL,GTRP2060,Macro
751,RUR1140,RUR1140__S_ChahalKalan,3,C4-HFZ-06,,ATL,ATGJW29,,,,,,,,,,,,,,,,,,,,,,,,,,,,,,,,0,,0,1,6143.500000000001,6417.400000000001,10479.099999999999,5039.750000000001,7927.816666666666,13130.883333333335,22827.016666666666,7308.249999999999,6310.233333333334,6493.133333333334,6361.783333333335,5999.5,6822.199999999999,17467.93333333333,6873.766666666668,11521.949999999999,12186.366666666665,8628.5,8526.8,10159.649999999994,0,0,0,0,0,0,0,0,0,0,0,0,C4-HFZ-06,ATL,ATGJW29,Macro
752,HWY0394,HWY0394__H_PindiBhattian,3,C4-HFZ-06,"30, 30 , 31 , 31",Stand by,,,,,,,,,,,,,,,,,,,,,,,,,,,,,,,,,0,,0,1,6143.500000000001,6417.400000000001,10479.099999999999,5039.750000000001,7927.816666666666,13130.883333333335,22827.016666666666,7308.249999999999,6310.233333333334,6493.133333333334,6361.783333333335,5999.5,6822.199999999999,17467.93333333333,6873.766666666668,11521.949999999999,12186.366666666665,8628.5,8526.8,10159.649999999994,0,0,0,0,0,0,0,0,0,0,0,0,C4-HFZ-06,,,Macro
753,HFZ1525,HFZ1525__S_HafizabadCourt,3,C4-HFZ-06,,ATL,ATHFZ4,,,,,,,,,,,,,,,,,,,,213.75,,,,,,,,,,,,213.75,,1,0.9975260416666667,6143.500000000001,6417.400000000001,10479.099999999999,5039.750000000001,7927.816666666666,13130.883333333335,22827.016666666666,7308.249999999999,6310.233333333334,6493.133333333334,6361.783333333335,5999.5,6822.199999999999,17467.93333333333,6873.766666666668,11521.949999999999,12186.366666666665,8628.5,8526.8,10159.649999999994,0,0,0,0,0,0,0,0,0,0,0,0,C4-HFZ-06,ATL,ATHFZ4,Macro
754,JPB8846,JPB8846__S_FarrukhSattarRiceMills,3,C4-HFZ-06,,ATL,ATHFZ5,,,,,,,54.999999999999986,,,,,,,,,,,,,,,,,,,,,,,,,54.999999999999986,,1,0.999363425925926,6143.500000000001,6417.400000000001,10479.099999999999,5039.750000000001,7927.816666666666,13130.883333333335,22827.016666666666,7308.249999999999,6310.233333333334,6493.133333333334,6361.783333333335,5999.5,6822.199999999999,17467.93333333333,6873.766666666668,11521.949999999999,12186.366666666665,8628.5,8526.8,10159.649999999994,0,0,0,0,0,0,0,0,0,0,0,0,C4-HFZ-06,ATL,ATHFZ5,Macro
755,RUR3933,RUR3933__S_AbidAbad,3,C4-HFZ-06,,ATL,ATGJW32,,,,,,,,,,,,,,,,,,,,,,,,,,,,,,,,0,,0,1,6143.500000000001,6417.400000000001,10479.099999999999,5039.750000000001,7927.816666666666,13130.883333333335,22827.016666666666,7308.249999999999,6310.233333333334,6493.133333333334,6361.783333333335,5999.5,6822.199999999999,17467.93333333333,6873.766666666668,11521.949999999999,12186.366666666665,8628.5,8526.8,10159.649999999994,0,0,0,0,0,0,0,0,0,0,0,0,C4-HFZ-06,ATL,ATGJW32,Macro
756,ALC4371,ALC4371__S_OldTempleAlipurChatha,3,C4-HFZ-06,,Enfrashare,EC2-APR-09776,,,,,,,,,,,,,,,,,,,,,,,,,,,,,,,,0,,0,1,6143.500000000001,6417.400000000001,10479.099999999999,5039.750000000001,7927.816666666666,13130.883333333335,22827.016666666666,7308.249999999999,6310.233333333334,6493.133333333334,6361.783333333335,5999.5,6822.199999999999,17467.93333333333,6873.766666666668,11521.949999999999,12186.366666666665,8628.5,8526.8,10159.649999999994,0,0,0,0,0,0,0,0,0,0,0,0,C4-HFZ-06,EC2-APR-09776,EC2-APR-09776,Macro
757,HFZ9755,HFZ9755__S_VanikeChowk,3,C4-HFZ-06,,Enfrashare,,,,,,,,,,,,,,,52.250000000000014,,,,,,,,,,,,,,,,,,52.250000000000014,,1,0.9993952546296296,6143.500000000001,6417.400000000001,0,9663.716666666669,0,0,0,0,0,0,0,0,0,0,0,0,0,0,0,0,0,0,0,0,0,0,0,0,0,0,0,,,,,
758,RUR7159,RUR7159_S_PTCL EXCHANGE LOUDHARY ROAD,3,C4-HFZ-06,,ATL,ATP-BT3,,,,,86,,592.4000000000001,,,,,,,268.3333333333333,,317.33333333333337,,,,,,,,,,,,,,,,1264.0666666666666,,4,0.9853695987654321,6143.500000000001,6417.400000000001,10479.099999999999,5039.750000000001,7927.816666666666,13130.883333333335,22827.016666666666,7308.249999999999,6310.233333333334,6493.133333333334,6361.783333333335,5999.5,6822.199999999999,17467.93333333333,6873.766666666668,11521.949999999999,12186.366666666665,8628.5,8526.8,10159.649999999994,0,0,0,0,0,0,0,0,0,0,0,0,C4-HFZ-06,,,
759,RUR7008,RUR7008_S_solgin,3,C4-HFZ-06,,Enfrashare,EC1-PNB-03880,,,,,,,,,,,,,,254.10000000000005,284.59999999999997,,,,,,,,,,,,,,,,,538.7,,2,0.9937650462962964,6143.500000000001,6417.400000000001,10479.099999999999,5039.750000000001,7927.816666666666,13130.883333333335,22827.016666666666,7308.249999999999,6310.233333333334,6493.133333333334,6361.783333333335,5999.5,6822.199999999999,17467.93333333333,6873.766666666668,11521.949999999999,12186.366666666665,8628.5,8526.8,10159.649999999994,0,0,0,0,0,0,0,0,0,0,0,0,C4-HFZ-06,,,
760,RUR9493,RUR9493__S_Ghalla_Mandi_QD1595,4,C4-HFZ-06,,CP Prime,,,,,,360.0833333333333,,,,,,,,,,,259,,,317.0833333333333,,,,,,,,,,,,,936.1666666666665,,3,0.9918735532407408,6143.500000000001,6417.400000000001,10479.099999999999,5039.750000000001,7927.816666666666,13130.883333333335,22827.016666666666,7308.249999999999,6310.233333333334,6493.133333333334,6361.783333333335,5999.5,6822.199999999999,17467.93333333333,6873.766666666668,11521.949999999999,12186.366666666665,8628.5,8526.8,10159.649999999994,0,0,0,0,0,0,0,0,0,0,0,0,C4-HFZ-06,,,Macro
761,RUR1517,RUR1517__S_KotBilal,3,C4-HFZ-06,,ATL,ATGJW30,,,291.5,,,,,,,,,,,,,,,,,,,,,,,,,,,,,291.5,,1,0.9966261574074075,6143.500000000001,6417.400000000001,10479.099999999999,5039.750000000001,7927.816666666666,13130.883333333335,22827.016666666666,7308.249999999999,6310.233333333334,6493.133333333334,6361.783333333335,5999.5,6822.199999999999,17467.93333333333,6873.766666666668,11521.949999999999,12186.366666666665,8628.5,8526.8,10159.649999999994,0,0,0,0,0,0,0,0,0,0,0,0,C4-HFZ-06,ATL,ATGJW30,Macro
762,RUR2734,RUR2734__S_BhuppraGuraya,3,C4-HFZ-06,,ATL,ATHFZ4,,,,,,,,,,,,,,,,,,,,,,,,,,,,,,,,0,,0,1,6143.500000000001,6417.400000000001,10479.099999999999,5039.750000000001,7927.816666666666,13130.883333333335,22827.016666666666,7308.249999999999,6310.233333333334,6493.133333333334,6361.783333333335,5999.5,6822.199999999999,17467.93333333333,6873.766666666668,11521.949999999999,12186.366666666665,8628.5,8526.8,10159.649999999994,0,0,0,0,0,0,0,0,0,0,0,0,C4-HFZ-06,ATL,ATHFZ4,Macro
763,RRC0003,RRC0003__S_ChhapanwaliLahoreSargodhaRd,3,C4-HFZ-06,,E.Co,e.coPK020177PU,,,,612.5833333333335,,,,,,,,,,,,,9.75,147.4,,,,,,,,,,,,,,769.7333333333335,,3,0.991091049382716,6143.500000000001,6417.400000000001,10479.099999999999,5039.750000000001,7927.816666666666,13130.883333333335,22827.016666666666,7308.249999999999,6310.233333333334,6493.133333333334,6361.783333333335,5999.5,6822.199999999999,17467.93333333333,6873.766666666668,11521.949999999999,12186.366666666665,8628.5,8526.8,10159.649999999994,0,0,0,0,0,0,0,0,0,0,0,0,C4-HFZ-06,E.Co,e.coPK020177PU,
764,HFZ9986,HFZ9986__S_Qadirabad,3,C4-HFZ-06,,E.Co,e.coPK020223PU,171.08333333333334,,,91.80000000000001,601.4499999999998,,356.9833333333333,581.2166666666665,312.15,80.4,224.26666666666668,,,,,,,128.38333333333335,684.2499999999999,97.99999999999997,,,,,,,,,,,,3329.983333333333,,11,0.9614585262345678,6143.500000000001,6417.400000000001,10479.099999999999,5039.750000000001,7927.816666666666,13130.883333333335,22827.016666666666,7308.249999999999,6310.233333333334,6493.133333333334,6361.783333333335,5999.5,6822.199999999999,17467.93333333333,6873.766666666668,11521.949999999999,12186.366666666665,8628.5,8526.8,10159.649999999994,0,0,0,0,0,0,0,0,0,0,0,0,C4-HFZ-06,E.Co,e.coPK020223PU,
765,HFZ8274,HFZ8274__S_TheBestKnowledgeSchool,3,C4-HFZ-06,,E.Co,e.coPK020174PU,,,,,,,,,,,,,,,,,,,,,,,,,,,,,,,,0,,0,1,6143.500000000001,6417.400000000001,10479.099999999999,5039.750000000001,7927.816666666666,13130.883333333335,22827.016666666666,7308.249999999999,6310.233333333334,6493.133333333334,6361.783333333335,5999.5,6822.199999999999,17467.93333333333,6873.766666666668,11521.949999999999,12186.366666666665,8628.5,8526.8,10159.649999999994,0,0,0,0,0,0,0,0,0,0,0,0,C4-HFZ-06,E.Co,e.coPK020174PU,
766,RRC0020,RRC0020__S_NearWazirKeChatha,3,C4-HFZ-06,,Enfrashare,EC1-APC-10081,,,,,,,,,,,,,,,,,,,,,,,,,,,,,,,,0,,0,1,6143.500000000001,6417.400000000001,10479.099999999999,5039.750000000001,7927.816666666666,13130.883333333335,22827.016666666666,7308.249999999999,6310.233333333334,6493.133333333334,6361.783333333335,5999.5,6822.199999999999,17467.93333333333,6873.766666666668,11521.949999999999,12186.366666666665,8628.5,8526.8,10159.649999999994,0,0,0,0,0,0,0,0,0,0,0,0,C4-HFZ-06,ENFRA-,EC1-APC-10081,Macro
767,RRC0024,RRC0024__S_MakkahRiceMillsHafizabadRd,3,C4-HFZ-06,,Enfrashare,EC1-HFZ-10114,,,,,,,738.9999999999999,,,,,,,,,,,,,,,,,,,,,,,,,738.9999999999999,,1,0.9914467592592593,6143.500000000001,6417.400000000001,10479.099999999999,5039.750000000001,7927.816666666666,13130.883333333335,22827.016666666666,7308.249999999999,6310.233333333334,6493.133333333334,6361.783333333335,5999.5,6822.199999999999,17467.93333333333,6873.766666666668,11521.949999999999,12186.366666666665,8628.5,8526.8,10159.649999999994,0,0,0,0,0,0,0,0,0,0,0,0,C4-HFZ-06,ENFRA-,EC1-HFZ-10114,Macro
768,KQD9824,KQD9824_S_PTCLExchange,3,C4-HFZ-06,,E.Co,e.coPK020266PU,,,,,,,,,,,,,1580.75,,,,1268.2833333333333,638.5000000000001,,,,,,,,,,,,,,3487.5333333333333,,3,0.9596350308641974,6143.500000000001,6417.400000000001,10479.099999999999,5039.750000000001,7927.816666666666,13130.883333333335,22827.016666666666,7308.249999999999,6310.233333333334,6493.133333333334,6361.783333333335,5999.5,6822.199999999999,17467.93333333333,6873.766666666668,11521.949999999999,12186.366666666665,8628.5,8526.8,10159.649999999994,0,0,0,0,0,0,0,0,0,0,0,,,,,
769,RRC0038,RRC0038_S_BhoonKalan,3,C4-HFZ-06,,Tawal,TWPHFD0002,,,,,,,,,,,,,,916.7999999999997,,,,,,,,,,,,,,,,,,916.7999999999997,,1,0.9893888888888889,6143.500000000001,6417.400000000001,10479.099999999999,5039.750000000001,7927.816666666666,13130.883333333335,22827.016666666666,7308.249999999999,6310.233333333334,6493.133333333334,6361.783333333335,5999.5,6822.199999999999,17467.93333333333,6873.766666666668,11521.949999999999,12186.366666666665,8628.5,8526.8,10159.649999999994,0,0,0,0,0,0,0,0,0,0,0,,,,,
770,RRC0104,RRC0104__S_KotBhawaniDas,3,C4-HFZ-06,,ATL-,ATGJ20,,,,,,,,,,,,,,,,,,,,,,,,,,,,,,,,0,,0,1,6143.500000000001,6417.400000000001,10479.099999999999,5039.750000000001,7927.816666666666,13130.883333333335,22827.016666666666,7308.249999999999,6310.233333333334,6493.133333333334,6361.783333333335,5999.5,6822.199999999999,17467.93333333333,6873.766666666668,11521.949999999999,12186.366666666665,8628.5,8526.8,10159.649999999994,0,0,0,0,0,0,0,0,0,0,0,0,C4-HFZ-06,ATL-,ATGJ20,Macro
771,RUR0805,RUR0805_Cheelian_WallNEW,3,C4-MBD-08,,UFONE,3662,,,,,,,327.75,,,,,,,,,,,,,220.83333333333337,,,,,,,,,,,,548.5833333333334,,2,0.9936506558641974,3595.316666666667,4850.650000000001,5488.583333333333,3405.6666666666665,7745.433333333333,4089.8333333333326,11643.316666666666,3287.3333333333335,6902.666666666665,1686.9499999999998,4980.7,2981.733333333334,8375.966666666665,3966.8333333333335,6690.366666666667,14420.800000000001,15984.616666666665,6767.516666666667,11384.316666666664,16134.36666666667,0,0,0,0,0,0,0,0,0,0,0,0,C4-MBD-08,UFone,3662,Macro
772,DNG5811,DNG5811 LTE_DNG5811_H_Lalamusa Dinga Road Dhndhala Gujrat,3,C4-MBD-08,,Enfrashare,EC1-GUT-06151,,,,,,,,,,,,319.4000000000001,,,,,,,,,,,,,,,,,,,,319.4000000000001,,1,0.9963032407407407,3595.316666666667,4850.650000000001,5488.583333333333,3405.6666666666665,7745.433333333333,4089.8333333333326,11643.316666666666,3287.3333333333335,6902.666666666665,1686.9499999999998,4980.7,2981.733333333334,8375.966666666665,3966.8333333333335,6690.366666666667,14420.800000000001,15984.616666666665,6767.516666666667,11384.316666666664,16134.36666666667,0,0,0,0,0,0,0,0,0,0,0,0,,,,Macro
773,DNG6475,DNG6475__S_Bhalesranwala,3,C4-MBD-08,,E.Co,e.coPK019002PU,,,1042.4,,,,,,,,,,,,,,,,483.5833333333332,,,,,,,,,,,,,1525.9833333333333,,2,0.9823381558641975,3595.316666666667,4850.650000000001,5488.583333333333,3405.6666666666665,7745.433333333333,4089.8333333333326,11643.316666666666,3287.3333333333335,6902.666666666665,1686.9499999999998,4980.7,2981.733333333334,8375.966666666665,3966.8333333333335,6690.366666666667,14420.800000000001,15984.616666666665,6767.516666666667,11384.316666666664,16134.36666666667,0,0,0,0,0,0,0,0,0,0,0,0,,,,Macro
774,RUR5763,RUR5763__S_MehmandChak,3,C4-MBD-08,,ATL,ATKHR1,,,,,,,,,,,,,6.249999999999999,,,,1385.2333333333331,30,408.7500000000001,462.0666666666666,,,,,,,,,,,,2292.2999999999997,,5,0.97346875,3595.316666666667,4850.650000000001,5488.583333333333,3405.6666666666665,7745.433333333333,4089.8333333333326,11643.316666666666,3287.3333333333335,6902.666666666665,1686.9499999999998,4980.7,2981.733333333334,8375.966666666665,3966.8333333333335,6690.366666666667,14420.800000000001,15984.616666666665,6767.516666666667,11384.316666666664,16134.36666666667,0,0,0,0,0,0,0,0,0,0,0,0,,,,Macro
775,MBN6234,MBN6234__S_Mandibhauddin_Bazar_1_OEMB0247,2,C4-MBD-08,,Jazz CP Prime,,14.083333333333332,24,,78.08333333333334,22.16666666666666,,,,666.4166666666667,50.41666666666667,50.33333333333334,146.66666666666666,81.00000000000003,,105.45000000000002,538.4333333333333,,58.83333333333334,52.5,,,,,,,,,,,,,1888.3833333333334,,13,0.9672155671296296,3595.316666666667,4850.650000000001,5488.583333333333,3405.6666666666665,7745.433333333333,4089.8333333333326,11643.316666666666,3287.3333333333335,6902.666666666665,1686.9499999999998,4980.7,2981.733333333334,8375.966666666665,3966.8333333333335,6690.366666666667,14420.800000000001,15984.616666666665,6767.516666666667,11384.316666666664,16134.36666666667,0,0,0,0,0,0,0,0,0,0,0,0,C4-MBD-08,,,Micro
776,RUR0507,RUR0507__ChanaufoneShrng_NEW,3,C4-MBD-08,,UFONE,3678,,,,,,,,,,,,,,,,500.04999999999995,31.250000000000007,114.33333333333331,100.41666666666669,,,,,,,,,,,,,746.05,,4,0.9913651620370371,3595.316666666667,4850.650000000001,5488.583333333333,3405.6666666666665,7745.433333333333,4089.8333333333326,11643.316666666666,3287.3333333333335,6902.666666666665,1686.9499999999998,4980.7,2981.733333333334,8375.966666666665,3966.8333333333335,6690.366666666667,14420.800000000001,15984.616666666665,6767.516666666667,11384.316666666664,16134.36666666667,0,0,0,0,0,0,0,0,0,0,0,0,C4-MBD-08,UFone,3678,Macro
777,MIR2209,MIR2209_Dahu,3,C4-MBD-08,,GLO,,,,,,,,,,,,,,,,,,35.916666666666664,,10.5,813.7500000000001,,,,,,,,,,,,860.1666666666667,,3,0.9900443672839506,3595.316666666667,4850.650000000001,5488.583333333333,3405.6666666666665,7745.433333333333,4089.8333333333326,11643.316666666666,3287.3333333333335,6902.666666666665,1686.9499999999998,4980.7,2981.733333333334,8375.966666666665,3966.8333333333335,6690.366666666667,14420.800000000001,15984.616666666665,6767.516666666667,11384.316666666664,16134.36666666667,0,0,0,0,0,0,0,0,0,0,0,0,C4-MBD-08,,,Macro
778,RUR5425,RUR5425__S_SaidaShareef_CMPak5920,3,C4-MBD-08,,CM Pak,5920,,,,,,,,,,,,,,,,,,,,,,,,,,,,,,,,0,,0,1,3595.316666666667,4850.650000000001,5488.583333333333,3405.6666666666665,7745.433333333333,4089.8333333333326,11643.316666666666,3287.3333333333335,6902.666666666665,1686.9499999999998,4980.7,2981.733333333334,8375.966666666665,3966.8333333333335,6690.366666666667,14420.800000000001,15984.616666666665,6767.516666666667,11384.316666666664,16134.36666666667,0,0,0,0,0,0,0,0,0,0,0,0,C4-MBD-08,CMPak,5920,Macro
779,RUR4325,RUR4325__S_Sidh,3,C4-MBD-08,,CP Prime,,,,,,,,,,,,,42.75,,,,,,,5.583333333333333,,,,,,,,,,,,,48.333333333333336,,2,0.9994405864197531,3595.316666666667,4850.650000000001,0,7329.083333333333,0,0,0,0,0,0,0,0,0,0,0,0,0,0,0,0,0,0,0,0,0,0,0,0,0,0,0,,,,,
780,RUR0506,RUR0506__Sivia,3,C4-MBD-08,,CP Prime,,179.50000000000003,,,,,,233.5,,,,,,,,,92.50000000000003,,,,,,,,,,,,,,,,505.5,,3,0.9941493055555556,3595.316666666667,4850.650000000001,5488.583333333333,3405.6666666666665,7745.433333333333,4089.8333333333326,11643.316666666666,3287.3333333333335,6902.666666666665,1686.9499999999998,4980.7,2981.733333333334,8375.966666666665,3966.8333333333335,6690.366666666667,14420.800000000001,15984.616666666665,6767.516666666667,11384.316666666664,16134.36666666667,0,0,0,0,0,0,0,0,0,0,0,0,C4-MBD-08,,,Macro
781,RUR1053,RUR1053__Bagriawala,3,C4-MBD-08,30,Stand by,,,,,,,,,704.0000000000001,,,,,,,,,26,,,,,,,,,,,,,,,730.0000000000001,,2,0.991550925925926,3595.316666666667,4850.650000000001,5488.583333333333,3405.6666666666665,7745.433333333333,4089.8333333333326,11643.316666666666,3287.3333333333335,6902.666666666665,1686.9499999999998,4980.7,2981.733333333334,8375.966666666665,3966.8333333333335,6690.366666666667,14420.800000000001,15984.616666666665,6767.516666666667,11384.316666666664,16134.36666666667,0,0,0,0,0,0,0,0,0,0,0,0,C4-MBD-08,,,Macro
782,CML9907,CML9907__DhokKasib,3,C4-MBD-08,20,Stand by,,,,37.74999999999999,,,,144.08333333333334,,,,,,,,,,,,,,,,,,,,,,,,,181.83333333333334,,2,0.9978954475308641,3595.316666666667,4850.650000000001,5488.583333333333,3405.6666666666665,7745.433333333333,4089.8333333333326,11643.316666666666,3287.3333333333335,6902.666666666665,1686.9499999999998,4980.7,2981.733333333334,8375.966666666665,3966.8333333333335,6690.366666666667,14420.800000000001,15984.616666666665,6767.516666666667,11384.316666666664,16134.36666666667,0,0,0,0,0,0,0,0,0,0,0,0,C4-MBD-08,,,Macro
783,RUR0885,RUR0885__Dhakran_Wali,3,C4-MBD-08,33,Stand by,,,,6.249999999999999,,,,,,,,,,,,,,19.25,,,,,,,,,,,,,,,25.5,,2,0.9997048611111111,3595.316666666667,4850.650000000001,5488.583333333333,3405.6666666666665,7745.433333333333,4089.8333333333326,11643.316666666666,3287.3333333333335,6902.666666666665,1686.9499999999998,4980.7,2981.733333333334,8375.966666666665,3966.8333333333335,6690.366666666667,14420.800000000001,15984.616666666665,6767.516666666667,11384.316666666664,16134.36666666667,0,0,0,0,0,0,0,0,0,0,0,0,C4-MBD-08,,,Macro
784,RUR0362,RUR0362_Lala Pindi_NEW,3,C4-MBD-08,,Enfrashare,EC1-MBD-08599,,,,,,,,,,,,,,,,,,,,,,,,,,,,,,,,0,,0,1,3595.316666666667,4850.650000000001,5488.583333333333,3405.6666666666665,7745.433333333333,4089.8333333333326,11643.316666666666,3287.3333333333335,6902.666666666665,1686.9499999999998,4980.7,2981.733333333334,8375.966666666665,3966.8333333333335,6690.366666666667,14420.800000000001,15984.616666666665,6767.516666666667,11384.316666666664,16134.36666666667,0,0,0,0,0,0,0,0,0,0,0,0,C4-MBD-08,UFone,7947,Macro
785,MLL3347,MLL3347__Railway_Gate,4,C4-MBD-08,20,Stand by,,,,105.33333333333331,,,,,,,,21.666666666666668,,,,,,131.83333333333331,,22.333333333333332,,,,,,,,,,,,,281.16666666666663,,4,0.9975593171296296,3595.316666666667,4850.650000000001,5488.583333333333,3405.6666666666665,7745.433333333333,4089.8333333333326,11643.316666666666,3287.3333333333335,6902.666666666665,1686.9499999999998,4980.7,2981.733333333334,8375.966666666665,3966.8333333333335,6690.366666666667,14420.800000000001,15984.616666666665,6767.516666666667,11384.316666666664,16134.36666666667,0,0,0,0,0,0,0,0,0,0,0,0,C4-MBD-08,,,Macro
786,RUR0182,RUR0182__Cheelian_WalNEW,3,C4-MBD-08,20Kva,Stand by,,,,,,,,622.1500000000002,,,,,,,,,,,,11.666666666666668,220.64999999999998,,,,,,,,,,,,854.4666666666668,,3,0.9901103395061729,3595.316666666667,4850.650000000001,5488.583333333333,3405.6666666666665,7745.433333333333,4089.8333333333326,11643.316666666666,3287.3333333333335,6902.666666666665,1686.9499999999998,4980.7,2981.733333333334,8375.966666666665,3966.8333333333335,6690.366666666667,14420.800000000001,15984.616666666665,6767.516666666667,11384.316666666664,16134.36666666667,0,0,0,0,0,0,0,0,0,0,0,0,C4-MBD-08,,,Macro
787,RUR0794,RUR0794_Rasool_NEW,4,C4-MBD-08,9,Stand by,,,,,,,,,,,,,,,,,,248.33333333333337,,,84.08333333333331,,,,,,,,,,,,332.4166666666667,,2,0.9971144386574075,3595.316666666667,4850.650000000001,5488.583333333333,3405.6666666666665,7745.433333333333,4089.8333333333326,11643.316666666666,3287.3333333333335,6902.666666666665,1686.9499999999998,4980.7,2981.733333333334,8375.966666666665,3966.8333333333335,6690.366666666667,14420.800000000001,15984.616666666665,6767.516666666667,11384.316666666664,16134.36666666667,0,0,0,0,0,0,0,0,0,0,0,0,C4-MBD-08,,,Macro
788,RUR4989,RUR4989__S_Mandeer,3,C4-MBD-08,,CP Prime,,,,,,,,,,,,,,,,,,,,4.749999999999999,87.75,,,,,,,,,,,,92.5,,2,0.9989293981481481,3595.316666666667,4850.650000000001,0,7329.083333333333,0,0,0,0,0,0,0,0,0,0,0,0,0,0,0,0,0,0,0,0,0,0,0,0,0,0,0,0,C4-MBD-08,,,Macro
789,HFQ8541,HFQ8541__1ChakThabhal,3,C4-MBD-08,9,Stand by,,135.58333333333331,69.25,45.166666666666664,67,113.66666666666667,89.41666666666669,112.5,90.00000000000001,67.41666666666666,66.91666666666666,176.66666666666666,131.91666666666669,45.25,88.66666666666667,66.75,67,111.4166666666667,111.58333333333334,46.41666666666667,89.66666666666667,,,,,,,,,,,,1792.2500000000002,,20,0.9792563657407407,3595.316666666667,4850.650000000001,5488.583333333333,3405.6666666666665,7745.433333333333,4089.8333333333326,11643.316666666666,3287.3333333333335,6902.666666666665,1686.9499999999998,4980.7,2981.733333333334,8375.966666666665,3966.8333333333335,6690.366666666667,14420.800000000001,15984.616666666665,6767.516666666667,11384.316666666664,16134.36666666667,0,0,0,0,0,0,0,0,0,0,0,0,C4-MBD-08,,,Macro
790,NKW6994,NKW6994__Chak44MandiBahuddin,4,C4-MBD-08,31,Stand by,,,,,,,,,,,,,,,,,12,,,,,,,,,,,,,,,,12,,1,0.9998958333333333,3595.316666666667,4850.650000000001,5488.583333333333,3405.6666666666665,7745.433333333333,4089.8333333333326,11643.316666666666,3287.3333333333335,6902.666666666665,1686.9499999999998,4980.7,2981.733333333334,8375.966666666665,3966.8333333333335,6690.366666666667,14420.800000000001,15984.616666666665,6767.516666666667,11384.316666666664,16134.36666666667,0,0,0,0,0,0,0,0,0,0,0,0,C4-MBD-08,,,Macro
791,MBN6443,MBN6443__S_GulbargTown,3,C4-MBD-08,,E.Co,e.coPK018662PU,340.5,241.99999999999997,90.58333333333334,618.9166666666663,724.3333333333335,535.8166666666665,985.9666666666667,54.58333333333334,953.5833333333333,316.65000000000003,381.91666666666663,398.0000000000001,,429.66666666666674,,,,,,,,,,,,,,,,,,6072.516666666666,,13,0.9297162422839506,3595.316666666667,4850.650000000001,5488.583333333333,3405.6666666666665,7745.433333333333,4089.8333333333326,11643.316666666666,3287.3333333333335,6902.666666666665,1686.9499999999998,4980.7,2981.733333333334,8375.966666666665,3966.8333333333335,6690.366666666667,14420.800000000001,15984.616666666665,6767.516666666667,11384.316666666664,16134.36666666667,0,0,0,0,0,0,0,0,0,0,0,0,,,,Macro
792,RUR4223,RUR4223__MohallahTahirabad,3,C4-MBD-08,20,Stand by,,,,,,,,,,,,,,,,,470.75,,64.16666666666667,16.250000000000004,,,,,,,,,,,,,551.1666666666666,,3,0.9936207561728395,3595.316666666667,4850.650000000001,5488.583333333333,3405.6666666666665,7745.433333333333,4089.8333333333326,11643.316666666666,3287.3333333333335,6902.666666666665,1686.9499999999998,4980.7,2981.733333333334,8375.966666666665,3966.8333333333335,6690.366666666667,14420.800000000001,15984.616666666665,6767.516666666667,11384.316666666664,16134.36666666667,0,0,0,0,0,0,0,0,0,0,0,0,C4-MBD-08,,,Macro
793,RUR4914,RUR4914__PHADohballa,3,C4-MBD-08,20,Stand by,,,,,,,,,,,,,,,,,,,,,,,,,,,,,,,,,0,,0,1,3595.316666666667,4850.650000000001,5488.583333333333,3405.6666666666665,7745.433333333333,4089.8333333333326,11643.316666666666,3287.3333333333335,6902.666666666665,1686.9499999999998,4980.7,2981.733333333334,8375.966666666665,3966.8333333333335,6690.366666666667,14420.800000000001,15984.616666666665,6767.516666666667,11384.316666666664,16134.36666666667,0,0,0,0,0,0,0,0,0,0,0,0,C4-MBD-08,,,Macro
794,RUR6227,RUR6227__S_SADLANWALA_MR4W4344,3,C4-MBD-08,20,Stand by,,,,12,,,,,36.41666666666667,,,,,,,,,,,112.08333333333333,,,,,,,,,,,,,160.5,,3,0.9981423611111111,3595.316666666667,4850.650000000001,5488.583333333333,3405.6666666666665,7745.433333333333,4089.8333333333326,11643.316666666666,3287.3333333333335,6902.666666666665,1686.9499999999998,4980.7,2981.733333333334,8375.966666666665,3966.8333333333335,6690.366666666667,14420.800000000001,15984.616666666665,6767.516666666667,11384.316666666664,16134.36666666667,0,0,0,0,0,0,0,0,0,0,0,0,C4-MBD-08,,,Macro
795,RUR5301,RUR5301_H_USF_USFJH12_Dara Pur Jhelum,3,C4-MBD-08,,Enfrashare,EUN-JLM-4468,,,66,,,,,,,,,,,811.8666666666669,,,,20.166666666666668,311.2499999999999,102.83333333333331,,,,,,,,,,,,1312.1166666666666,,5,0.9848134645061728,3595.316666666667,4850.650000000001,5488.583333333333,3405.6666666666665,7745.433333333333,4089.8333333333326,11643.316666666666,3287.3333333333335,6902.666666666665,1686.9499999999998,4980.7,2981.733333333334,8375.966666666665,3966.8333333333335,6690.366666666667,14420.800000000001,15984.616666666665,6767.516666666667,11384.316666666664,16134.36666666667,0,0,0,0,0,0,0,0,0,0,0,0,,,,Macro
796,KHR0006,KHR0006__S_Kharian-1_MDKN2769,4,C4-MBD-08,30,Stand by,,,,,,123.78333333333333,,,,773.4166666666669,,,2.083333333333333,,,,,938.0833333333334,,275.5,826.0833333333333,,,,,,,,,,,,2938.95,,6,0.9744882812500001,3595.316666666667,4850.650000000001,5488.583333333333,3405.6666666666665,7745.433333333333,4089.8333333333326,11643.316666666666,3287.3333333333335,6902.666666666665,1686.9499999999998,4980.7,2981.733333333334,8375.966666666665,3966.8333333333335,6690.366666666667,14420.800000000001,15984.616666666665,6767.516666666667,11384.316666666664,16134.36666666667,0,0,0,0,0,0,0,0,0,0,0,0,C4-MBD-08,,,Macro
797,RUR6221,RUR6221__S_Village_Mong_MR2X3605,4,C4-MBD-08,9,Stand by,,90.08333333333334,295.49999999999994,35,,158.58333333333334,,,,,,,,,,,,559.3166666666666,,,238.91666666666666,,,,,,,,,,,,1377.3999999999999,,6,0.9880434027777778,3595.316666666667,4850.650000000001,5488.583333333333,3405.6666666666665,7745.433333333333,4089.8333333333326,11643.316666666666,3287.3333333333335,6902.666666666665,1686.9499999999998,4980.7,2981.733333333334,8375.966666666665,3966.8333333333335,6690.366666666667,14420.800000000001,15984.616666666665,6767.516666666667,11384.316666666664,16134.36666666667,0,0,0,0,0,0,0,0,0,0,0,0,C4-MBD-08,,,Macro
798,RUR1094,RUR1094__Badshahpur,4,C4-MBD-08,9,Stand by,,,234.08333333333334,,,,,42,,,,,,,,,320.5,,,,,,,,,,,,,,,,596.5833333333334,,3,0.9948213252314815,3595.316666666667,4850.650000000001,5488.583333333333,3405.6666666666665,7745.433333333333,4089.8333333333326,11643.316666666666,3287.3333333333335,6902.666666666665,1686.9499999999998,4980.7,2981.733333333334,8375.966666666665,3966.8333333333335,6690.366666666667,14420.800000000001,15984.616666666665,6767.516666666667,11384.316666666664,16134.36666666667,0,0,0,0,0,0,0,0,0,0,0,0,C4-MBD-08,,,Macro
799,PHA5873,PHA5873_H_Hailan_Road_MDPH1531,3,C4-MBD-08,,E.Co,e.coPK016486PU,,258.4833333333333,73.91666666666664,,,,,,,,,,,,200.58333333333331,,,,,,,,,,,,,,,,,532.9833333333332,,3,0.9938312114197531,3595.316666666667,4850.650000000001,5488.583333333333,3405.6666666666665,7745.433333333333,4089.8333333333326,11643.316666666666,3287.3333333333335,6902.666666666665,1686.9499999999998,4980.7,2981.733333333334,8375.966666666665,3966.8333333333335,6690.366666666667,14420.800000000001,15984.616666666665,6767.516666666667,11384.316666666664,16134.36666666667,0,0,0,0,0,0,0,0,0,0,0,0,C4-MBD-08,,,Macro
800,RUR0435,RUR0435_DhalDholan_NEW,3,C4-MBD-08,,Telenor,LPHR03,,,,,1486,,846.3333333333334,,,,,,,,,260.15,1333.3666666666666,22.5,,,,,,,,,,,,,,3948.3500000000004,,5,0.9543015046296296,3595.316666666667,4850.650000000001,5488.583333333333,3405.6666666666665,7745.433333333333,4089.8333333333326,11643.316666666666,3287.3333333333335,6902.666666666665,1686.9499999999998,4980.7,2981.733333333334,8375.966666666665,3966.8333333333335,6690.366666666667,14420.800000000001,15984.616666666665,6767.516666666667,11384.316666666664,16134.36666666667,0,0,0,0,0,0,0,0,0,0,0,0,C4-MBD-08,Telenor,LPHR03,Macro
801,RUR1063,RUR1063__Narang,3,C4-MBD-08,13,Stand by,,,,,,,,,,,,,,,,550.25,,,,,12,,,,,,,,,,,,562.25,,2,0.9934924768518519,3595.316666666667,4850.650000000001,5488.583333333333,3405.6666666666665,7745.433333333333,4089.8333333333326,11643.316666666666,3287.3333333333335,6902.666666666665,1686.9499999999998,4980.7,2981.733333333334,8375.966666666665,3966.8333333333335,6690.366666666667,14420.800000000001,15984.616666666665,6767.516666666667,11384.316666666664,16134.36666666667,0,0,0,0,0,0,0,0,0,0,0,0,C4-MBD-08,,,Macro
802,RUR6072,RUR6072__S_Mianwal Ranjha warid_MR4V4341,4,C4-MBD-08,9,Stand by,,,,,,,,,,,86.66666666666669,,,,,,,,,100.50000000000001,,,,,,,,,,,,,187.16666666666669,,2,0.9983752893518519,3595.316666666667,4850.650000000001,5488.583333333333,3405.6666666666665,7745.433333333333,4089.8333333333326,11643.316666666666,3287.3333333333335,6902.666666666665,1686.9499999999998,4980.7,2981.733333333334,8375.966666666665,3966.8333333333335,6690.366666666667,14420.800000000001,15984.616666666665,6767.516666666667,11384.316666666664,16134.36666666667,0,0,0,0,0,0,0,0,0,0,0,0,C4-MBD-08,,,Macro
803,RUR6067,RUR6067__S_Bherowal warid_MDPH7511,3,C4-MBD-08,,Telenor,LBW001,,,,,,,279.33333333333337,44.75000000000001,150.41666666666666,,,,1092.1666666666667,,,,,800.55,1449.8500000000004,,,,,,,,,,,,,3817.066666666667,,6,0.9558209876543209,3595.316666666667,4850.650000000001,5488.583333333333,3405.6666666666665,7745.433333333333,4089.8333333333326,11643.316666666666,3287.3333333333335,6902.666666666665,1686.9499999999998,4980.7,2981.733333333334,8375.966666666665,3966.8333333333335,6690.366666666667,14420.800000000001,15984.616666666665,6767.516666666667,11384.316666666664,16134.36666666667,0,0,0,0,0,0,0,0,0,0,0,0,C4-MBD-08,Telenor,LBW001,Macro
804,AKD2954,AKD2954__Amrakhurd,3,C4-MBD-08,,CP Prime,,,,,,,,327.25,,,,,,,,,,,,,221.16666666666669,,,,,,,,,,,,548.4166666666667,,2,0.9936525848765432,3595.316666666667,4850.650000000001,5488.583333333333,3405.6666666666665,7745.433333333333,4089.8333333333326,11643.316666666666,3287.3333333333335,6902.666666666665,1686.9499999999998,4980.7,2981.733333333334,8375.966666666665,3966.8333333333335,6690.366666666667,14420.800000000001,15984.616666666665,6767.516666666667,11384.316666666664,16134.36666666667,0,0,0,0,0,0,0,0,0,0,0,0,C4-MBD-08,,,Macro
805,RUR6222,RUR6222__S_Mandi_bahudin_chak2_MDMB4326,3,C4-MBD-08,20,Stand by,,,,,,,,,,162.25,,,,,,45.36666666666666,758.8,1007.25,,,,,,,,,,,,,,,1973.6666666666665,,4,0.9771566358024691,3595.316666666667,4850.650000000001,5488.583333333333,3405.6666666666665,7745.433333333333,4089.8333333333326,11643.316666666666,3287.3333333333335,6902.666666666665,1686.9499999999998,4980.7,2981.733333333334,8375.966666666665,3966.8333333333335,6690.366666666667,14420.800000000001,15984.616666666665,6767.516666666667,11384.316666666664,16134.36666666667,0,0,0,0,0,0,0,0,0,0,0,0,C4-MBD-08,,,Macro
806,MBN6538,MBN6538__S_GraveyardGurrahMohalla,3,C4-MBD-08,,Enfrashare,EC1-MBD-01786,,,10.75,,,,,,395.75,,,,,,,,199.58333333333331,,,,,,,,,,,,,,,606.0833333333333,,3,0.9929851466049382,3595.316666666667,4850.650000000001,5488.583333333333,3405.6666666666665,7745.433333333333,4089.8333333333326,11643.316666666666,3287.3333333333335,6902.666666666665,1686.9499999999998,4980.7,2981.733333333334,8375.966666666665,3966.8333333333335,6690.366666666667,14420.800000000001,15984.616666666665,6767.516666666667,11384.316666666664,16134.36666666667,0,0,0,0,0,0,0,0,0,0,0,0,,,,Macro
807,RUR0398,RUR0398__S_Village_Nunanwali_MR2X2707,4,C4-MBD-08,,GLO,,,,,,,,,,,,,,,,1129.75,,22,,692.95,442.91666666666674,,,,,,,,,,,,2287.616666666667,,4,0.9801422164351853,3595.316666666667,4850.650000000001,5488.583333333333,3405.6666666666665,7745.433333333333,4089.8333333333326,11643.316666666666,3287.3333333333335,6902.666666666665,1686.9499999999998,4980.7,2981.733333333334,8375.966666666665,3966.8333333333335,6690.366666666667,14420.800000000001,15984.616666666665,6767.516666666667,11384.316666666664,16134.36666666667,0,0,0,0,0,0,0,0,0,0,0,0,C4-MBD-08,,,Macro
808,RUR0505,RUR0505__Lak,3,C4-MBD-08,27,Stand by,,,,,,,211.75,80.91666666666667,,,,12.75,,,,,,,,,26.5,,,,,,,,,,,,331.9166666666667,,4,0.9961583719135803,3595.316666666667,4850.650000000001,5488.583333333333,3405.6666666666665,7745.433333333333,4089.8333333333326,11643.316666666666,3287.3333333333335,6902.666666666665,1686.9499999999998,4980.7,2981.733333333334,8375.966666666665,3966.8333333333335,6690.366666666667,14420.800000000001,15984.616666666665,6767.516666666667,11384.316666666664,16134.36666666667,0,0,0,0,0,0,0,0,0,0,0,0,C4-MBD-08,,,Macro
809,GOW6983,GOW6983__DeraSarfana,3,C4-MBD-08,31,Stand by,,,,,,,,419.79999999999995,,,,,13.5,,,,62,,,,33,,,,,,,,,,,,528.3,,4,0.9938854166666666,3595.316666666667,4850.650000000001,5488.583333333333,3405.6666666666665,7745.433333333333,4089.8333333333326,11643.316666666666,3287.3333333333335,6902.666666666665,1686.9499999999998,4980.7,2981.733333333334,8375.966666666665,3966.8333333333335,6690.366666666667,14420.800000000001,15984.616666666665,6767.516666666667,11384.316666666664,16134.36666666667,0,0,0,0,0,0,0,0,0,0,0,0,C4-MBD-08,,,Macro
810,HWY1732,HWY1732__Guliana,4,C4-MBD-08,27,Stand by,,,168.61666666666667,,,,,,,,,,,,,,,,18.249999999999996,,,,,,,,,,,,,,186.86666666666667,,2,0.9983778935185186,3595.316666666667,4850.650000000001,5488.583333333333,3405.6666666666665,7745.433333333333,4089.8333333333326,11643.316666666666,3287.3333333333335,6902.666666666665,1686.9499999999998,4980.7,2981.733333333334,8375.966666666665,3966.8333333333335,6690.366666666667,14420.800000000001,15984.616666666665,6767.516666666667,11384.316666666664,16134.36666666667,0,0,0,0,0,0,0,0,0,0,0,0,C4-MBD-08,,,Macro
811,MIR2208,MIR2208__CHHIMBER,3,C4-MBD-08,30,Stand by,,,,142.5,,,,,,,,,,43.74999999999999,,75.41666666666664,5.000000000000001,61.5,,632,31.166666666666668,,,,,,,,,,,,991.3333333333333,,7,0.9885262345679012,3595.316666666667,4850.650000000001,5488.583333333333,3405.6666666666665,7745.433333333333,4089.8333333333326,11643.316666666666,3287.3333333333335,6902.666666666665,1686.9499999999998,4980.7,2981.733333333334,8375.966666666665,3966.8333333333335,6690.366666666667,14420.800000000001,15984.616666666665,6767.516666666667,11384.316666666664,16134.36666666667,0,0,0,0,0,0,0,0,0,0,0,0,C4-MBD-08,,,Macro
812,RUR0736,RUR0736_ChemoShana,3,C4-MBD-08,9,Stand by,,,175.24999999999997,,,,,31.250000000000007,,,,,,,,,,,,,,,,,,,,,,,,,206.49999999999997,,2,0.9976099537037036,3595.316666666667,4850.650000000001,5488.583333333333,3405.6666666666665,7745.433333333333,4089.8333333333326,11643.316666666666,3287.3333333333335,6902.666666666665,1686.9499999999998,4980.7,2981.733333333334,8375.966666666665,3966.8333333333335,6690.366666666667,14420.800000000001,15984.616666666665,6767.516666666667,11384.316666666664,16134.36666666667,0,0,0,0,0,0,0,0,0,0,0,0,C4-MBD-08,,,Macro
813,RUR6158,RUR6158__S_Adda Muna Musa Sargodha Road  warid_MR335303,4,C4-MBD-08,30,Stand by,,40.83333333333334,,,,,,4.749999999999999,,,,,,,16,,,,,,,,,,,,,,,,,,61.58333333333334,,3,0.9994654224537036,3595.316666666667,4850.650000000001,5488.583333333333,3405.6666666666665,7745.433333333333,4089.8333333333326,11643.316666666666,3287.3333333333335,6902.666666666665,1686.9499999999998,4980.7,2981.733333333334,8375.966666666665,3966.8333333333335,6690.366666666667,14420.800000000001,15984.616666666665,6767.516666666667,11384.316666666664,16134.36666666667,0,0,0,0,0,0,0,0,0,0,0,0,C4-MBD-08,,,Macro
814,RUR4913,RUR4913__DNGMangowalKhojaVlg,3,C4-MBD-08,20,Stand by,,,31.16666666666667,,,1220.8999999999996,,62.499999999999986,844.9166666666667,,,,,,,,,26,,,,,,,,,,,,,,,2185.483333333333,,5,0.9747050540123456,3595.316666666667,4850.650000000001,5488.583333333333,3405.6666666666665,7745.433333333333,4089.8333333333326,11643.316666666666,3287.3333333333335,6902.666666666665,1686.9499999999998,4980.7,2981.733333333334,8375.966666666665,3966.8333333333335,6690.366666666667,14420.800000000001,15984.616666666665,6767.516666666667,11384.316666666664,16134.36666666667,0,0,0,0,0,0,0,0,0,0,0,0,C4-MBD-08,,,Macro
815,GJA6164,GJA6164__S_Dairah_NazarMGondal_MandiBahaodin warid_MR335411,4,C4-MBD-08,20,Stand by,,,,86.91666666666669,,,,,,,,,,,,,,,9.333333333333332,17.750000000000004,,,,,,,,,,,,,114.00000000000001,,3,0.9990104166666667,3595.316666666667,4850.650000000001,5488.583333333333,3405.6666666666665,7745.433333333333,4089.8333333333326,11643.316666666666,3287.3333333333335,6902.666666666665,1686.9499999999998,4980.7,2981.733333333334,8375.966666666665,3966.8333333333335,6690.366666666667,14420.800000000001,15984.616666666665,6767.516666666667,11384.316666666664,16134.36666666667,0,0,0,0,0,0,0,0,0,0,0,0,C4-MBD-08,,,Macro
816,RUR0188,RUR0188__Qadirabad_new,4,C4-MBD-08,9,Stand by,,,,,,,78.33333333333331,,,,,,,,,,308.73333333333335,,283.75,184,,,,,,,,,,,,,854.8166666666666,,4,0.9925797164351852,3595.316666666667,4850.650000000001,5488.583333333333,3405.6666666666665,7745.433333333333,4089.8333333333326,11643.316666666666,3287.3333333333335,6902.666666666665,1686.9499999999998,4980.7,2981.733333333334,8375.966666666665,3966.8333333333335,6690.366666666667,14420.800000000001,15984.616666666665,6767.516666666667,11384.316666666664,16134.36666666667,0,0,0,0,0,0,0,0,0,0,0,0,C4-MBD-08,,,Macro
817,RUR0732,RUR0732_SalemaNEW,3,C4-MBD-08,9,Stand by,,539.3166666666668,769.9166666666669,184.15,176.99999999999994,266.25000000000006,262.16666666666663,461.4166666666666,268.75,277.4166666666667,229.49999999999997,142.75,210.91666666666666,157.5833333333333,103.25000000000001,420.66666666666634,94.25000000000001,153.74999999999997,127.75000000000003,118.5,259.4166666666667,,,,,,,,,,,,5224.716666666666,,20,0.9395287422839506,3595.316666666667,4850.650000000001,5488.583333333333,3405.6666666666665,7745.433333333333,4089.8333333333326,11643.316666666666,3287.3333333333335,6902.666666666665,1686.9499999999998,4980.7,2981.733333333334,8375.966666666665,3966.8333333333335,6690.366666666667,14420.800000000001,15984.616666666665,6767.516666666667,11384.316666666664,16134.36666666667,0,0,0,0,0,0,0,0,0,0,0,0,C4-MBD-08,,,Macro
818,DAD6974,DAD6974__BharayWalaPhalia,4,C4-MBD-08,30,Stand by,,26,,,,,,,,,24.75,22.83333333333333,,26.91666666666667,,,,,,,,,,,,,,,,,,,100.5,,4,0.9991276041666667,3595.316666666667,4850.650000000001,5488.583333333333,3405.6666666666665,7745.433333333333,4089.8333333333326,11643.316666666666,3287.3333333333335,6902.666666666665,1686.9499999999998,4980.7,2981.733333333334,8375.966666666665,3966.8333333333335,6690.366666666667,14420.800000000001,15984.616666666665,6767.516666666667,11384.316666666664,16134.36666666667,0,0,0,0,0,0,0,0,0,0,0,0,C4-MBD-08,,,Macro
819,KHR2637,KHR2637__BidarMarjan,3,C4-MBD-08,31,Stand by,,,,,,,,,,,,,,,,,,,,,237.5,,,,,,,,,,,,237.5,,1,0.9972511574074074,3595.316666666667,4850.650000000001,5488.583333333333,3405.6666666666665,7745.433333333333,4089.8333333333326,11643.316666666666,3287.3333333333335,6902.666666666665,1686.9499999999998,4980.7,2981.733333333334,8375.966666666665,3966.8333333333335,6690.366666666667,14420.800000000001,15984.616666666665,6767.516666666667,11384.316666666664,16134.36666666667,0,0,0,0,0,0,0,0,0,0,0,0,C4-MBD-08,,,Macro
820,DNG6229,DNG6229__S_Mohallah_Baggi_MDLM2861,3,C4-MBD-08,20,Stand by,,,,,95.25,,,44.75,267.5,,,,,,,,,,35.91666666666666,,57.999999999999986,,,,,,,,,,,,501.41666666666663,,5,0.9941965663580247,3595.316666666667,4850.650000000001,5488.583333333333,3405.6666666666665,7745.433333333333,4089.8333333333326,11643.316666666666,3287.3333333333335,6902.666666666665,1686.9499999999998,4980.7,2981.733333333334,8375.966666666665,3966.8333333333335,6690.366666666667,14420.800000000001,15984.616666666665,6767.516666666667,11384.316666666664,16134.36666666667,0,0,0,0,0,0,0,0,0,0,0,0,C4-MBD-08,,,Macro
821,RUR1066,RUR1066__Shaheedanwali,3,C4-MBD-08,20,Stand by,,,,57,,,,13.333333333333336,,,,,,,,,,,,,18.75,,,,,,,,,,,,89.08333333333334,,3,0.9989689429012345,3595.316666666667,4850.650000000001,5488.583333333333,3405.6666666666665,7745.433333333333,4089.8333333333326,11643.316666666666,3287.3333333333335,6902.666666666665,1686.9499999999998,4980.7,2981.733333333334,8375.966666666665,3966.8333333333335,6690.366666666667,14420.800000000001,15984.616666666665,6767.516666666667,11384.316666666664,16134.36666666667,0,0,0,0,0,0,0,0,0,0,0,0,C4-MBD-08,,,Macro
822,RUR1062,RUR1062_Chak_jano_kalan,3,C4-MBD-08,9,Stand by,,120.08333333333336,151.38333333333327,126.83333333333331,49.916666666666664,86.33333333333333,109.41666666666667,610.4166666666667,160.6666666666666,51.5,205.49999999999997,149.55000000000004,25.5,200.39999999999998,286.25000000000006,,,126.25000000000003,111.75000000000003,52.83333333333333,136.75,,,,,,,,,,,,2761.333333333333,,18,0.9680401234567901,3595.316666666667,4850.650000000001,5488.583333333333,3405.6666666666665,7745.433333333333,4089.8333333333326,11643.316666666666,3287.3333333333335,6902.666666666665,1686.9499999999998,4980.7,2981.733333333334,8375.966666666665,3966.8333333333335,6690.366666666667,14420.800000000001,15984.616666666665,6767.516666666667,11384.316666666664,16134.36666666667,0,0,0,0,0,0,0,0,0,0,0,0,C4-MBD-08,,,Macro
823,RUR4314,RUR4314__BHEChak22Malikwal,3,C4-MBD-08,9,Stand by,,,,241.74999999999994,,,,,,,,,434.54999999999995,2621.35,,,1040.166666666666,,,,,,,,,,,,,,,,4337.816666666666,,4,0.9497937885802469,3595.316666666667,4850.650000000001,5488.583333333333,3405.6666666666665,7745.433333333333,4089.8333333333326,11643.316666666666,3287.3333333333335,6902.666666666665,1686.9499999999998,4980.7,2981.733333333334,8375.966666666665,3966.8333333333335,6690.366666666667,14420.800000000001,15984.616666666665,6767.516666666667,11384.316666666664,16134.36666666667,0,0,0,0,0,0,0,0,0,0,0,0,C4-MBD-08,,,Macro
824,RUR3508,RUR3508__DNGShahana,3,C4-MBD-08,27,Stand by,,,,,,,,,,,,,,,,,,,,,,,,,,,,,,,,,0,,0,1,3595.316666666667,4850.650000000001,5488.583333333333,3405.6666666666665,7745.433333333333,4089.8333333333326,11643.316666666666,3287.3333333333335,6902.666666666665,1686.9499999999998,4980.7,2981.733333333334,8375.966666666665,3966.8333333333335,6690.366666666667,14420.800000000001,15984.616666666665,6767.516666666667,11384.316666666664,16134.36666666667,0,0,0,0,0,0,0,0,0,0,0,0,C4-MBD-08,,,Macro
825,BGA6987,BGA6987__KhewaMandi,3,C4-MBD-08,30,Stand by,,284.75,,34.5,,,,,,,,,,,,,,,,,,,,,,,,,,,,,319.25,,2,0.9963049768518519,3595.316666666667,4850.650000000001,5488.583333333333,3405.6666666666665,7745.433333333333,4089.8333333333326,11643.316666666666,3287.3333333333335,6902.666666666665,1686.9499999999998,4980.7,2981.733333333334,8375.966666666665,3966.8333333333335,6690.366666666667,14420.800000000001,15984.616666666665,6767.516666666667,11384.316666666664,16134.36666666667,0,0,0,0,0,0,0,0,0,0,0,0,C4-MBD-08,,,Macro
826,RUR6178,RUR6178__S_Ghunian_Village_Samma_Road_MR2C3723,3,C4-MBD-08,9,Stand by,,,,,,,,475.3333333333333,,,,,,,,,,,,,,,,,,,,,,,,,475.3333333333333,,1,0.9944984567901234,3595.316666666667,4850.650000000001,5488.583333333333,3405.6666666666665,7745.433333333333,4089.8333333333326,11643.316666666666,3287.3333333333335,6902.666666666665,1686.9499999999998,4980.7,2981.733333333334,8375.966666666665,3966.8333333333335,6690.366666666667,14420.800000000001,15984.616666666665,6767.516666666667,11384.316666666664,16134.36666666667,0,0,0,0,0,0,0,0,0,0,0,0,C4-MBD-08,,,Macro
827,HFQ8540,HFQ8540__ChotDheeran,3,C4-MBD-08,9,Stand by,,,99.24999999999999,,,393.24999999999994,340.15,168.03333333333333,,,,,,,,,135,,,,,,,,,,,,,,,,1135.6833333333332,,5,0.9868555169753087,3595.316666666667,4850.650000000001,5488.583333333333,3405.6666666666665,7745.433333333333,4089.8333333333326,11643.316666666666,3287.3333333333335,6902.666666666665,1686.9499999999998,4980.7,2981.733333333334,8375.966666666665,3966.8333333333335,6690.366666666667,14420.800000000001,15984.616666666665,6767.516666666667,11384.316666666664,16134.36666666667,0,0,0,0,0,0,0,0,0,0,0,0,C4-MBD-08,,,Macro
828,RUR0776,RUR0776__BahddarMor,3,C4-MBD-08,9,Stand by,,,,,,,,,,,,,,,,,,,,6.999999999999999,,,,,,,,,,,,,6.999999999999999,,1,0.9999189814814815,3595.316666666667,4850.650000000001,5488.583333333333,3405.6666666666665,7745.433333333333,4089.8333333333326,11643.316666666666,3287.3333333333335,6902.666666666665,1686.9499999999998,4980.7,2981.733333333334,8375.966666666665,3966.8333333333335,6690.366666666667,14420.800000000001,15984.616666666665,6767.516666666667,11384.316666666664,16134.36666666667,0,0,0,0,0,0,0,0,0,0,0,0,C4-MBD-08,,,Macro
829,DNG6228,DNG6228__S_Mohalla_Kisabaan_MDLM2862,4,C4-MBD-08,31,Stand by,,,,,,,,,,,,104.58333333333333,,,,,,,148.75000000000003,142.5,,,,,,,,,,,,,395.83333333333337,,3,0.9965639467592592,3595.316666666667,4850.650000000001,5488.583333333333,3405.6666666666665,7745.433333333333,4089.8333333333326,11643.316666666666,3287.3333333333335,6902.666666666665,1686.9499999999998,4980.7,2981.733333333334,8375.966666666665,3966.8333333333335,6690.366666666667,14420.800000000001,15984.616666666665,6767.516666666667,11384.316666666664,16134.36666666667,0,0,0,0,0,0,0,0,0,0,0,0,C4-MBD-08,,,Macro
830,RUR1771,RUR1771_MorhiSharif,3,C4-MBD-08,27,Stand by,,,,,,,,,,,,,,,,,,,,,390.9166666666667,,,,,,,,,,,,390.9166666666667,,1,0.9954755015432099,3595.316666666667,4850.650000000001,5488.583333333333,3405.6666666666665,7745.433333333333,4089.8333333333326,11643.316666666666,3287.3333333333335,6902.666666666665,1686.9499999999998,4980.7,2981.733333333334,8375.966666666665,3966.8333333333335,6690.366666666667,14420.800000000001,15984.616666666665,6767.516666666667,11384.316666666664,16134.36666666667,0,0,0,0,0,0,0,0,0,0,0,0,C4-MBD-08,,,Macro
831,RUR0180,RUR0180_Manget,3,C4-MBD-08,27,Stand by,,,,,,,,,,,,,,,52.66666666666666,,,,,,,,,,,,,,,,,,52.66666666666666,,1,0.9993904320987654,3595.316666666667,4850.650000000001,5488.583333333333,3405.6666666666665,7745.433333333333,4089.8333333333326,11643.316666666666,3287.3333333333335,6902.666666666665,1686.9499999999998,4980.7,2981.733333333334,8375.966666666665,3966.8333333333335,6690.366666666667,14420.800000000001,15984.616666666665,6767.516666666667,11384.316666666664,16134.36666666667,0,0,0,0,0,0,0,0,0,0,0,0,C4-MBD-08,,,Macro
832,KHJ6979,KHJ6979__KhujianwalaGujrat,3,C4-MBD-08,,CP Prime,,,,,,,,,,2.5,,,,,,,,,,,234.25,,,,,,,,,,,,236.75,,2,0.9972598379629629,3595.316666666667,4850.650000000001,5488.583333333333,3405.6666666666665,7745.433333333333,4089.8333333333326,11643.316666666666,3287.3333333333335,6902.666666666665,1686.9499999999998,4980.7,2981.733333333334,8375.966666666665,3966.8333333333335,6690.366666666667,14420.800000000001,15984.616666666665,6767.516666666667,11384.316666666664,16134.36666666667,0,0,0,0,0,0,0,0,0,0,0,0,C4-MBD-08,,,Macro
833,DIL2201,DIL2201__Basoha,3,C4-MBD-08,20,Stand by,,,,,,,,13.25,,,,,37.5,,,546.5,,,86.16666666666666,,,,,,,,,,,,,,683.4166666666666,,4,0.9920900848765432,3595.316666666667,4850.650000000001,5488.583333333333,3405.6666666666665,7745.433333333333,4089.8333333333326,11643.316666666666,3287.3333333333335,6902.666666666665,1686.9499999999998,4980.7,2981.733333333334,8375.966666666665,3966.8333333333335,6690.366666666667,14420.800000000001,15984.616666666665,6767.516666666667,11384.316666666664,16134.36666666667,0,0,0,0,0,0,0,0,0,0,0,0,C4-MBD-08,,,Macro
834,MLL8787,MLL8787__GreenTown,3,C4-MBD-08,,CP Prime,,,,,,,,,,,,,,,,,,,,,689.3166666666667,,,,,,,,,,,,689.3166666666667,,1,0.9920217978395062,3595.316666666667,4850.650000000001,5488.583333333333,3405.6666666666665,7745.433333333333,4089.8333333333326,11643.316666666666,3287.3333333333335,6902.666666666665,1686.9499999999998,4980.7,2981.733333333334,8375.966666666665,3966.8333333333335,6690.366666666667,14420.800000000001,15984.616666666665,6767.516666666667,11384.316666666664,16134.36666666667,0,0,0,0,0,0,0,0,0,0,0,0,C4-MBD-08,,,Macro
835,KHR0629,KHR0629__GalianaRoad,3,C4-MBD-08,27,Stand by,,,,,,,,,26.75,,,,,,,,,,,,,,,,,,,,,,,,26.75,,1,0.9996903935185185,3595.316666666667,4850.650000000001,5488.583333333333,3405.6666666666665,7745.433333333333,4089.8333333333326,11643.316666666666,3287.3333333333335,6902.666666666665,1686.9499999999998,4980.7,2981.733333333334,8375.966666666665,3966.8333333333335,6690.366666666667,14420.800000000001,15984.616666666665,6767.516666666667,11384.316666666664,16134.36666666667,0,0,0,0,0,0,0,0,0,0,0,0,C4-MBD-08,,,Macro
836,KHR0242,KHR0242__GTRoadKharian,3,C4-MBD-08,20,Stand by,,,,,177.83333333333334,,,,,,,,,59.08333333333334,,,,627.4666666666667,262,,262.6666666666667,,,,,,,,,,,,1389.0500000000002,,5,0.9839230324074074,3595.316666666667,4850.650000000001,5488.583333333333,3405.6666666666665,7745.433333333333,4089.8333333333326,11643.316666666666,3287.3333333333335,6902.666666666665,1686.9499999999998,4980.7,2981.733333333334,8375.966666666665,3966.8333333333335,6690.366666666667,14420.800000000001,15984.616666666665,6767.516666666667,11384.316666666664,16134.36666666667,0,0,0,0,0,0,0,0,0,0,0,0,C4-MBD-08,,,Macro
837,RUR6534,RUR6534__S_KhoriAlam,3,C4-MBD-08,,E.Co,e.coPK019337PU,100.41666666666669,,,,,,327.2499999999999,,,,1270.2166666666667,385.91666666666674,243.01666666666662,173.74999999999997,365.05,347.5,461.16666666666663,283.8833333333333,483.08333333333337,538.9499999999999,,,,,,,,,,,,4980.2,,12,0.9423587962962964,3595.316666666667,4850.650000000001,5488.583333333333,3405.6666666666665,7745.433333333333,4089.8333333333326,11643.316666666666,3287.3333333333335,6902.666666666665,1686.9499999999998,4980.7,2981.733333333334,8375.966666666665,3966.8333333333335,6690.366666666667,14420.800000000001,15984.616666666665,6767.516666666667,11384.316666666664,16134.36666666667,0,0,0,0,0,0,0,0,0,0,0,0,,,,Macro
838,HWY0478,HWY0478__MalikPura,3,C4-MBD-08,9,Stand by,,,,,,,,,,,,,,,,,,,,,12,,,,,,,,,,,,12,,1,0.9998611111111111,3595.316666666667,4850.650000000001,5488.583333333333,3405.6666666666665,7745.433333333333,4089.8333333333326,11643.316666666666,3287.3333333333335,6902.666666666665,1686.9499999999998,4980.7,2981.733333333334,8375.966666666665,3966.8333333333335,6690.366666666667,14420.800000000001,15984.616666666665,6767.516666666667,11384.316666666664,16134.36666666667,0,0,0,0,0,0,0,0,0,0,0,0,C4-MBD-08,,,Macro
839,PPW3212,PPW3212__KhanWali,4,C4-MBD-08,,CP Prime,,,,400.1666666666666,,,,,,,6.416666666666667,,,,126.66666666666669,,,,,,,,,,,,,,,,,,533.25,,3,0.99537109375,3595.316666666667,4850.650000000001,5488.583333333333,3405.6666666666665,7745.433333333333,4089.8333333333326,11643.316666666666,3287.3333333333335,6902.666666666665,1686.9499999999998,4980.7,2981.733333333334,8375.966666666665,3966.8333333333335,6690.366666666667,14420.800000000001,15984.616666666665,6767.516666666667,11384.316666666664,16134.36666666667,0,0,0,0,0,0,0,0,0,0,0,0,C4-MBD-08,,,Macro
840,CML9909,CML9909__Chak_Saada,3,C4-MBD-08,,CP Prime,,,,,,,,,,,125.74999999999997,,,,,,,,,,,,,,,,,,,,,,125.74999999999997,,1,0.9985445601851852,3595.316666666667,4850.650000000001,5488.583333333333,3405.6666666666665,7745.433333333333,4089.8333333333326,11643.316666666666,3287.3333333333335,6902.666666666665,1686.9499999999998,4980.7,2981.733333333334,8375.966666666665,3966.8333333333335,6690.366666666667,14420.800000000001,15984.616666666665,6767.516666666667,11384.316666666664,16134.36666666667,0,0,0,0,0,0,0,0,0,0,0,0,C4-MBD-08,,,Macro
841,RUR8759,RUR8759__Matwanwala,4,C4-MBD-08,9,Stand by,,,,,,,,,,,,,,,,,,23.083333333333332,,21.416666666666664,,,,,,,,,,,,,44.5,,2,0.9996137152777778,3595.316666666667,4850.650000000001,5488.583333333333,3405.6666666666665,7745.433333333333,4089.8333333333326,11643.316666666666,3287.3333333333335,6902.666666666665,1686.9499999999998,4980.7,2981.733333333334,8375.966666666665,3966.8333333333335,6690.366666666667,14420.800000000001,15984.616666666665,6767.516666666667,11384.316666666664,16134.36666666667,0,0,0,0,0,0,0,0,0,0,0,0,C4-MBD-08,,,Macro
842,MBN9802,MBN9802__MohalahManzorabad_N,3,C4-MBD-08,30,Stand by,,42.24999999999999,,,27.25,,184.5,,,691.9166666666667,,,,,,,1098.1999999999998,1098.6333333333334,241.73333333333335,,,,,,,,,,,,,,3384.4833333333336,,7,0.9608277391975308,3595.316666666667,4850.650000000001,5488.583333333333,3405.6666666666665,7745.433333333333,4089.8333333333326,11643.316666666666,3287.3333333333335,6902.666666666665,1686.9499999999998,4980.7,2981.733333333334,8375.966666666665,3966.8333333333335,6690.366666666667,14420.800000000001,15984.616666666665,6767.516666666667,11384.316666666664,16134.36666666667,0,0,0,0,0,0,0,0,0,0,0,0,C4-MBD-08,,,Macro
843,RUR0733,RUR0733_Mona Depot,3,C4-MBD-08,9,Stand by,,,,,,,,,,,,,,,,,,,,,,,,,,,,,,,,,0,,0,1,3595.316666666667,4850.650000000001,5488.583333333333,3405.6666666666665,7745.433333333333,4089.8333333333326,11643.316666666666,3287.3333333333335,6902.666666666665,1686.9499999999998,4980.7,2981.733333333334,8375.966666666665,3966.8333333333335,6690.366666666667,14420.800000000001,15984.616666666665,6767.516666666667,11384.316666666664,16134.36666666667,0,0,0,0,0,0,0,0,0,0,0,0,C4-MBD-08,,,Macro
844,RUR4533,RUR4533__MBNFahdFlourMill,3,C4-MBD-08,20,Stand by,,,,,,,,,,,,,,,173.3,,,,,,,,,,,,,,,,,,173.3,,1,0.997994212962963,3595.316666666667,4850.650000000001,5488.583333333333,3405.6666666666665,7745.433333333333,4089.8333333333326,11643.316666666666,3287.3333333333335,6902.666666666665,1686.9499999999998,4980.7,2981.733333333334,8375.966666666665,3966.8333333333335,6690.366666666667,14420.800000000001,15984.616666666665,6767.516666666667,11384.316666666664,16134.36666666667,0,0,0,0,0,0,0,0,0,0,0,0,C4-MBD-08,,,Macro
845,MCK8972,MCK8972__RanmalSharif,3,C4-MBD-08,9,Stand by,,,,,,,22.499999999999996,9.083333333333334,,,,,,,,,,,,,52.250000000000014,,,,,,,,,,,,83.83333333333334,,3,0.9990297067901234,3595.316666666667,4850.650000000001,5488.583333333333,3405.6666666666665,7745.433333333333,4089.8333333333326,11643.316666666666,3287.3333333333335,6902.666666666665,1686.9499999999998,4980.7,2981.733333333334,8375.966666666665,3966.8333333333335,6690.366666666667,14420.800000000001,15984.616666666665,6767.516666666667,11384.316666666664,16134.36666666667,0,0,0,0,0,0,0,0,0,0,0,0,C4-MBD-08,,,Macro
846,MIR2211,MIR2211__BhaoGhaseetPur,4,C4-MBD-08,27,Stand by,,,,182.98333333333332,,,,,,,,,,,,,6.750000000000001,82.33333333333331,,764.6666666666664,42.75,,,,,,,,,,,,1079.4833333333331,,5,0.9906294849537036,3595.316666666667,4850.650000000001,5488.583333333333,3405.6666666666665,7745.433333333333,4089.8333333333326,11643.316666666666,3287.3333333333335,6902.666666666665,1686.9499999999998,4980.7,2981.733333333334,8375.966666666665,3966.8333333333335,6690.366666666667,14420.800000000001,15984.616666666665,6767.516666666667,11384.316666666664,16134.36666666667,0,0,0,0,0,0,0,0,0,0,0,0,C4-MBD-08,,,Macro
847,RUR1731,RUR1731__Dhunni,3,C4-MBD-08,31,Stand by,,,,,,,,,,,,,,,,207.5,,16.5,,519.9999999999999,5.750000000000001,,,,,,,,,,,,749.7499999999999,,4,0.9913223379629629,3595.316666666667,4850.650000000001,5488.583333333333,3405.6666666666665,7745.433333333333,4089.8333333333326,11643.316666666666,3287.3333333333335,6902.666666666665,1686.9499999999998,4980.7,2981.733333333334,8375.966666666665,3966.8333333333335,6690.366666666667,14420.800000000001,15984.616666666665,6767.516666666667,11384.316666666664,16134.36666666667,0,0,0,0,0,0,0,0,0,0,0,0,C4-MBD-08,,,Macro
848,BGL2205,BGL2205__PindiHashim,3,C4-MBD-08,20,Stand by,,,,,,,,,13.833333333333332,,,,14.833333333333332,,,,,230,,,357,,,,,,,,,,,,615.6666666666667,,4,0.9928742283950618,3595.316666666667,4850.650000000001,5488.583333333333,3405.6666666666665,7745.433333333333,4089.8333333333326,11643.316666666666,3287.3333333333335,6902.666666666665,1686.9499999999998,4980.7,2981.733333333334,8375.966666666665,3966.8333333333335,6690.366666666667,14420.800000000001,15984.616666666665,6767.516666666667,11384.316666666664,16134.36666666667,0,0,0,0,0,0,0,0,0,0,0,0,C4-MBD-08,,,Macro
849,MBN6230,MBN6230__S_MohallahShafaqtabad_MDMB3286,3,C4-MBD-08,20,Stand by,,,,,,,,780.6666666666666,,,,,,,,,,,,,,,,,,,,,,,,,780.6666666666666,,1,0.9909645061728395,3595.316666666667,4850.650000000001,5488.583333333333,3405.6666666666665,7745.433333333333,4089.8333333333326,11643.316666666666,3287.3333333333335,6902.666666666665,1686.9499999999998,4980.7,2981.733333333334,8375.966666666665,3966.8333333333335,6690.366666666667,14420.800000000001,15984.616666666665,6767.516666666667,11384.316666666664,16134.36666666667,0,0,0,0,0,0,0,0,0,0,0,0,C4-MBD-08,,,Macro
850,NKW6941,NKW6941__NakkayWalaChwkGojra,3,C4-MBD-08,,CP Prime,,,,,,,,,,,,,,,,,,,,,,,,,,,,,,,,,0,,0,1,3595.316666666667,4850.650000000001,5488.583333333333,3405.6666666666665,7745.433333333333,4089.8333333333326,11643.316666666666,3287.3333333333335,6902.666666666665,1686.9499999999998,4980.7,2981.733333333334,8375.966666666665,3966.8333333333335,6690.366666666667,14420.800000000001,15984.616666666665,6767.516666666667,11384.316666666664,16134.36666666667,0,0,0,0,0,0,0,0,0,0,0,0,C4-MBD-08,,,Macro
851,RUR6176,RUR6176__S_Dhol_Ranjha_MDPH1532,4,C4-MBD-08,9,Stand by,,450.56666666666683,107.19999999999999,1088.2,556.0333333333334,368,350.6666666666667,,,,,,,,,,,,,,,,,,,,,,,,,,2920.666666666667,,6,0.9746469907407408,3595.316666666667,4850.650000000001,5488.583333333333,3405.6666666666665,7745.433333333333,4089.8333333333326,11643.316666666666,3287.3333333333335,6902.666666666665,1686.9499999999998,4980.7,2981.733333333334,8375.966666666665,3966.8333333333335,6690.366666666667,14420.800000000001,15984.616666666665,6767.516666666667,11384.316666666664,16134.36666666667,0,0,0,0,0,0,0,0,0,0,0,0,C4-MBD-08,,,Macro
852,RUR0748,RUR0748__CivilCourts_NEW,3,C4-MBD-08,27,Stand by,,,,,,,,11.75,,,,,,,,,,,,,,,,,,,,,,,,,11.75,,1,0.9998640046296297,3595.316666666667,4850.650000000001,5488.583333333333,3405.6666666666665,7745.433333333333,4089.8333333333326,11643.316666666666,3287.3333333333335,6902.666666666665,1686.9499999999998,4980.7,2981.733333333334,8375.966666666665,3966.8333333333335,6690.366666666667,14420.800000000001,15984.616666666665,6767.516666666667,11384.316666666664,16134.36666666667,0,0,0,0,0,0,0,0,0,0,0,0,C4-MBD-08,,,Macro
853,RUR4413,RUR4413__DNGMojianwala,3,C4-MBD-08,20,Stand by,,,,,,,,329.7500000000001,,,,,,,,,,,,,224.25,,,,,,,,,,,,554.0000000000001,,2,0.9935879629629629,3595.316666666667,4850.650000000001,5488.583333333333,3405.6666666666665,7745.433333333333,4089.8333333333326,11643.316666666666,3287.3333333333335,6902.666666666665,1686.9499999999998,4980.7,2981.733333333334,8375.966666666665,3966.8333333333335,6690.366666666667,14420.800000000001,15984.616666666665,6767.516666666667,11384.316666666664,16134.36666666667,0,0,0,0,0,0,0,0,0,0,0,0,C4-MBD-08,,,Macro
854,MBN4532,MBN4532__Rasoolroad,3,C4-MBD-08,,CP Prime,,,,,,,,,14,536.3333333333333,,,,,,,,,,,,,,,,,,,,,,,550.3333333333333,,2,0.9936304012345678,3595.316666666667,4850.650000000001,5488.583333333333,3405.6666666666665,7745.433333333333,4089.8333333333326,11643.316666666666,3287.3333333333335,6902.666666666665,1686.9499999999998,4980.7,2981.733333333334,8375.966666666665,3966.8333333333335,6690.366666666667,14420.800000000001,15984.616666666665,6767.516666666667,11384.316666666664,16134.36666666667,0,0,0,0,0,0,0,0,0,0,0,0,C4-MBD-08,,,Macro
855,RUR6175,RUR6175__S_Mohalla_ShamsAbad_MandiBahaodin_MR335410,3,C4-MBD-08,20,Stand by,,,,,,,,,,,,,,,,,,,,,,,,,,,,,,,,,0,,0,1,3595.316666666667,4850.650000000001,5488.583333333333,3405.6666666666665,7745.433333333333,4089.8333333333326,11643.316666666666,3287.3333333333335,6902.666666666665,1686.9499999999998,4980.7,2981.733333333334,8375.966666666665,3966.8333333333335,6690.366666666667,14420.800000000001,15984.616666666665,6767.516666666667,11384.316666666664,16134.36666666667,0,0,0,0,0,0,0,0,0,0,0,0,C4-MBD-08,,,Macro
856,DNG3989,DNG3989__ComplexroadDinga,3,C4-MBD-08,27,Stand by,,,,,,,,,,,,47.49999999999999,,,666.1499999999999,,,142.16666666666666,94.83333333333331,,,,,,,,,,,,,,950.6499999999999,,4,0.9889971064814814,3595.316666666667,4850.650000000001,5488.583333333333,3405.6666666666665,7745.433333333333,4089.8333333333326,11643.316666666666,3287.3333333333335,6902.666666666665,1686.9499999999998,4980.7,2981.733333333334,8375.966666666665,3966.8333333333335,6690.366666666667,14420.800000000001,15984.616666666665,6767.516666666667,11384.316666666664,16134.36666666667,0,0,0,0,0,0,0,0,0,0,0,0,C4-MBD-08,,,Macro
857,SLM3940,SLM3940__PindiRawan,3,C4-MBD-08,,GLO,,,,,,,,227.08333333333331,,,,,,,163.00000000000003,294.25,,99.41666666666666,,,,,,,,,,,,,,,783.75,,4,0.9909288194444444,3595.316666666667,4850.650000000001,5488.583333333333,3405.6666666666665,7745.433333333333,4089.8333333333326,11643.316666666666,3287.3333333333335,6902.666666666665,1686.9499999999998,4980.7,2981.733333333334,8375.966666666665,3966.8333333333335,6690.366666666667,14420.800000000001,15984.616666666665,6767.516666666667,11384.316666666664,16134.36666666667,0,0,0,0,0,0,0,0,0,0,0,0,C4-MBD-08,,,Macro
858,PHA5663,PHA5663_H_Ghanian Road Phalia Mandi Bahauddin,3,C4-MBD-08,,ATL,ATMDN5,,,,204.75,,,,,342.16666666666663,,,349.70000000000005,3365.116666666667,47.34999999999999,,,,,,,,,,,,,,,,,,4309.083333333334,,5,0.950126350308642,3595.316666666667,4850.650000000001,5488.583333333333,3405.6666666666665,7745.433333333333,4089.8333333333326,11643.316666666666,3287.3333333333335,6902.666666666665,1686.9499999999998,4980.7,2981.733333333334,8375.966666666665,3966.8333333333335,6690.366666666667,14420.800000000001,15984.616666666665,6767.516666666667,11384.316666666664,16134.36666666667,0,0,0,0,0,0,0,0,0,0,0,0,,,,Macro
859,RUR6174,RUR6174__S_Adda kang chanan phaila road Gujrat_MR335300,3,C4-MBD-08,30,Stand by,,,,,,,,,179.66666666666663,,,,,,,,799.4166666666669,,82,68.08333333333334,,,,,,,,,,,,,1129.1666666666667,,4,0.9869309413580247,3595.316666666667,4850.650000000001,5488.583333333333,3405.6666666666665,7745.433333333333,4089.8333333333326,11643.316666666666,3287.3333333333335,6902.666666666665,1686.9499999999998,4980.7,2981.733333333334,8375.966666666665,3966.8333333333335,6690.366666666667,14420.800000000001,15984.616666666665,6767.516666666667,11384.316666666664,16134.36666666667,0,0,0,0,0,0,0,0,0,0,0,0,C4-MBD-08,,,Macro
860,MBN9681,MBN9681__RailwayMandiBah,3,C4-MBD-08,30,Stand by,,,,154.58333333333334,,211.04999999999998,,,,,,,,,,,117.91666666666669,,,123.75,,,,,,,,,,,,,607.3,,4,0.9929710648148148,3595.316666666667,4850.650000000001,5488.583333333333,3405.6666666666665,7745.433333333333,4089.8333333333326,11643.316666666666,3287.3333333333335,6902.666666666665,1686.9499999999998,4980.7,2981.733333333334,8375.966666666665,3966.8333333333335,6690.366666666667,14420.800000000001,15984.616666666665,6767.516666666667,11384.316666666664,16134.36666666667,0,0,0,0,0,0,0,0,0,0,0,0,C4-MBD-08,,,Macro
861,GJA8788,GJA8788__RukkanMalikwal,3,C4-MBD-08,27,Stand by,,,,65,,,,,,,,,,,,,,,,13.75,,,,,,,,,,,,,78.75,,2,0.9990885416666667,3595.316666666667,4850.650000000001,5488.583333333333,3405.6666666666665,7745.433333333333,4089.8333333333326,11643.316666666666,3287.3333333333335,6902.666666666665,1686.9499999999998,4980.7,2981.733333333334,8375.966666666665,3966.8333333333335,6690.366666666667,14420.800000000001,15984.616666666665,6767.516666666667,11384.316666666664,16134.36666666667,0,0,0,0,0,0,0,0,0,0,0,0,C4-MBD-08,,,Macro
862,MLL3801,MLL3801__MozGhughiat_Miani,3,C4-MBD-08,20,Stand by,,,,,,,,11.5,,,,,,,,,,,,,,,,,,,,,,,,,11.5,,1,0.9998668981481481,3595.316666666667,4850.650000000001,5488.583333333333,3405.6666666666665,7745.433333333333,4089.8333333333326,11643.316666666666,3287.3333333333335,6902.666666666665,1686.9499999999998,4980.7,2981.733333333334,8375.966666666665,3966.8333333333335,6690.366666666667,14420.800000000001,15984.616666666665,6767.516666666667,11384.316666666664,16134.36666666667,0,0,0,0,0,0,0,0,0,0,0,0,C4-MBD-08,,,Macro
863,RUR1097,RUR1097__ChakSaidan,3,C4-MBD-08,9,Stand by,,,,,,,,194.74999999999997,,,,,,,,,,,,,,,,,,,,,,,,,194.74999999999997,,1,0.9977459490740741,3595.316666666667,4850.650000000001,5488.583333333333,3405.6666666666665,7745.433333333333,4089.8333333333326,11643.316666666666,3287.3333333333335,6902.666666666665,1686.9499999999998,4980.7,2981.733333333334,8375.966666666665,3966.8333333333335,6690.366666666667,14420.800000000001,15984.616666666665,6767.516666666667,11384.316666666664,16134.36666666667,0,0,0,0,0,0,0,0,0,0,0,0,C4-MBD-08,,,Macro
864,RUR6177,RUR6177__S_Hailan_MR4W4343,3,C4-MBD-08,20,Stand by,,,,,,,,42.91666666666667,225.16666666666669,,,97.99999999999997,250.74999999999997,,,,,,122.66666666666666,,,,,,,,,,,,,,739.5,,5,0.9914409722222223,3595.316666666667,4850.650000000001,5488.583333333333,3405.6666666666665,7745.433333333333,4089.8333333333326,11643.316666666666,3287.3333333333335,6902.666666666665,1686.9499999999998,4980.7,2981.733333333334,8375.966666666665,3966.8333333333335,6690.366666666667,14420.800000000001,15984.616666666665,6767.516666666667,11384.316666666664,16134.36666666667,0,0,0,0,0,0,0,0,0,0,0,0,C4-MBD-08,,,Macro
865,KHR0295,KHR0295__FruitMandi,3,C4-MBD-08,"31, 31",Stand by,,,,,,,,,,96.25,,,,,,,,,,,320.6666666666667,,,,,,,,,,,,416.9166666666667,,2,0.995174575617284,3595.316666666667,4850.650000000001,5488.583333333333,3405.6666666666665,7745.433333333333,4089.8333333333326,11643.316666666666,3287.3333333333335,6902.666666666665,1686.9499999999998,4980.7,2981.733333333334,8375.966666666665,3966.8333333333335,6690.366666666667,14420.800000000001,15984.616666666665,6767.516666666667,11384.316666666664,16134.36666666667,0,0,0,0,0,0,0,0,0,0,0,0,C4-MBD-08,,,Macro
866,MUS9612,MUS9612__LakhaMusaKhurd,3,C4-MBD-08,9,Stand by,,,,,,,,,,,,,,,,,,,,19.25,191.25,,,,,,,,,,,,210.5,,2,0.9975636574074075,3595.316666666667,4850.650000000001,5488.583333333333,3405.6666666666665,7745.433333333333,4089.8333333333326,11643.316666666666,3287.3333333333335,6902.666666666665,1686.9499999999998,4980.7,2981.733333333334,8375.966666666665,3966.8333333333335,6690.366666666667,14420.800000000001,15984.616666666665,6767.516666666667,11384.316666666664,16134.36666666667,0,0,0,0,0,0,0,0,0,0,0,0,C4-MBD-08,,,Macro
867,HWY3259,HWY3259__JINNAH_ABADIwarid_MR1V3639,4,C4-MBD-08,20,Stand by,,109.20000000000002,,,,43.41666666666667,40.08333333333333,286.49999999999994,,,135.83333333333331,,,,,,,90.16666666666669,46.333333333333336,70.83333333333334,131.58333333333334,,,,,,,,,,,,953.9500000000002,,9,0.9917191840277778,3595.316666666667,4850.650000000001,5488.583333333333,3405.6666666666665,7745.433333333333,4089.8333333333326,11643.316666666666,3287.3333333333335,6902.666666666665,1686.9499999999998,4980.7,2981.733333333334,8375.966666666665,3966.8333333333335,6690.366666666667,14420.800000000001,15984.616666666665,6767.516666666667,11384.316666666664,16134.36666666667,0,0,0,0,0,0,0,0,0,0,0,0,C4-MBD-08,,,Macro
868,KHJ6978,KHJ6978__ChakGillanGujrat,3,C4-MBD-08,,GLO,,,,,,,,,15.5,,,,,,,,,,,,,,,,,,,,,,,,15.5,,1,0.999820601851852,3595.316666666667,4850.650000000001,5488.583333333333,3405.6666666666665,7745.433333333333,4089.8333333333326,11643.316666666666,3287.3333333333335,6902.666666666665,1686.9499999999998,4980.7,2981.733333333334,8375.966666666665,3966.8333333333335,6690.366666666667,14420.800000000001,15984.616666666665,6767.516666666667,11384.316666666664,16134.36666666667,0,0,0,0,0,0,0,0,0,0,0,0,C4-MBD-08,,,Macro
869,KHR5760,KHR5760__S_BismillahPlaza,3,C4-MBD-08,,Enfrashare,EC1-KHR-02341,,,,,,,,,,,,,,,,,,,19.749999999999996,790.5000000000001,,,,,,,,,,,,810.2500000000001,,2,0.9906221064814815,3595.316666666667,4850.650000000001,5488.583333333333,3405.6666666666665,7745.433333333333,4089.8333333333326,11643.316666666666,3287.3333333333335,6902.666666666665,1686.9499999999998,4980.7,2981.733333333334,8375.966666666665,3966.8333333333335,6690.366666666667,14420.800000000001,15984.616666666665,6767.516666666667,11384.316666666664,16134.36666666667,0,0,0,0,0,0,0,0,0,0,0,0,,,,Macro
870,GOW6984,GOW6984__Ghughanwali_Phalia,4,C4-MBD-08,20,Stand by,,397.73333333333335,,,,,,,,,,,,,,,,,,,,,,,,,,,,,,,397.73333333333335,,1,0.9965474537037037,3595.316666666667,4850.650000000001,5488.583333333333,3405.6666666666665,7745.433333333333,4089.8333333333326,11643.316666666666,3287.3333333333335,6902.666666666665,1686.9499999999998,4980.7,2981.733333333334,8375.966666666665,3966.8333333333335,6690.366666666667,14420.800000000001,15984.616666666665,6767.516666666667,11384.316666666664,16134.36666666667,0,0,0,0,0,0,0,0,0,0,0,0,C4-MBD-08,,,Macro
871,RUR0374,RUR0374__ChorundPI_NEW,3,C4-MBD-08,9,Stand by,,,,,,,,265.5,,,,,,,,,,,,,,,,,,,,,,,,,265.5,,1,0.9969270833333332,3595.316666666667,4850.650000000001,5488.583333333333,3405.6666666666665,7745.433333333333,4089.8333333333326,11643.316666666666,3287.3333333333335,6902.666666666665,1686.9499999999998,4980.7,2981.733333333334,8375.966666666665,3966.8333333333335,6690.366666666667,14420.800000000001,15984.616666666665,6767.516666666667,11384.316666666664,16134.36666666667,0,0,0,0,0,0,0,0,0,0,0,0,C4-MBD-08,,,Macro
872,RUR4398,RUR4398__MLLBagowalPindMa,3,C4-MBD-08,31,Stand by,,,346.7499999999999,,,,,31.5,,127.00000000000003,,,,,,,57,,,,,,,,,,,,,,,,562.2499999999999,,4,0.9934924768518519,3595.316666666667,4850.650000000001,5488.583333333333,3405.6666666666665,7745.433333333333,4089.8333333333326,11643.316666666666,3287.3333333333335,6902.666666666665,1686.9499999999998,4980.7,2981.733333333334,8375.966666666665,3966.8333333333335,6690.366666666667,14420.800000000001,15984.616666666665,6767.516666666667,11384.316666666664,16134.36666666667,0,0,0,0,0,0,0,0,0,0,0,0,C4-MBD-08,,,Macro
873,RUR5930,RUR5930_H_USF_USLK001_Mojianwala,3,C4-MBD-08,20,Solar+DG,Solar+DG,,,21,,,,,,,,,,,,,,103.16666666666669,,,,,,,,,,,,,,,124.16666666666669,,2,0.9985628858024691,3595.316666666667,4850.650000000001,5488.583333333333,3405.6666666666665,7745.433333333333,4089.8333333333326,11643.316666666666,3287.3333333333335,6902.666666666665,1686.9499999999998,4980.7,2981.733333333334,8375.966666666665,3966.8333333333335,6690.366666666667,14420.800000000001,15984.616666666665,6767.516666666667,11384.316666666664,16134.36666666667,0,0,0,0,0,0,0,0,0,0,0,0,,,,Macro
874,MLL8916,MLL8916__Miani,4,C4-MBD-08,31,Stand by,,,,128.16666666666669,,,,15.333333333333332,,,,1117.1666666666667,,,,,,,,,,,,,,,,,,,,,1260.6666666666667,,3,0.9890567129629629,3595.316666666667,4850.650000000001,5488.583333333333,3405.6666666666665,7745.433333333333,4089.8333333333326,11643.316666666666,3287.3333333333335,6902.666666666665,1686.9499999999998,4980.7,2981.733333333334,8375.966666666665,3966.8333333333335,6690.366666666667,14420.800000000001,15984.616666666665,6767.516666666667,11384.316666666664,16134.36666666667,0,0,0,0,0,0,0,0,0,0,0,0,C4-MBD-08,,,Macro
875,BGA6986,BGA6986__MajhiMalakwal,3,C4-MBD-08,,CP Prime,,,,,,,,,,,,,,,,,753.2499999999995,,,,,,,,,,,,,,,,753.2499999999995,,1,0.9912818287037036,3595.316666666667,4850.650000000001,5488.583333333333,3405.6666666666665,7745.433333333333,4089.8333333333326,11643.316666666666,3287.3333333333335,6902.666666666665,1686.9499999999998,4980.7,2981.733333333334,8375.966666666665,3966.8333333333335,6690.366666666667,14420.800000000001,15984.616666666665,6767.516666666667,11384.316666666664,16134.36666666667,0,0,0,0,0,0,0,0,0,0,0,0,C4-MBD-08,,,Macro
876,MUS9610,MUS9610__SyedVillageMusaKhur,3,C4-MBD-08,27,Stand by,,,,,,,,,,,,,,,,,,,,,,,,,,,,,,,,,0,,0,1,3595.316666666667,4850.650000000001,5488.583333333333,3405.6666666666665,7745.433333333333,4089.8333333333326,11643.316666666666,3287.3333333333335,6902.666666666665,1686.9499999999998,4980.7,2981.733333333334,8375.966666666665,3966.8333333333335,6690.366666666667,14420.800000000001,15984.616666666665,6767.516666666667,11384.316666666664,16134.36666666667,0,0,0,0,0,0,0,0,0,0,0,0,C4-MBD-08,,,Macro
877,KHR1399,KHR1399__NeaAra,4,C4-MBD-08,,CP Prime,,,,,,,,,,,,,,,,,,,,,590.6666666666666,,,,,,,,,,,,590.6666666666666,,1,0.9948726851851852,3595.316666666667,4850.650000000001,5488.583333333333,3405.6666666666665,7745.433333333333,4089.8333333333326,11643.316666666666,3287.3333333333335,6902.666666666665,1686.9499999999998,4980.7,2981.733333333334,8375.966666666665,3966.8333333333335,6690.366666666667,14420.800000000001,15984.616666666665,6767.516666666667,11384.316666666664,16134.36666666667,0,0,0,0,0,0,0,0,0,0,0,0,C4-MBD-08,,,Macro
878,KHR2593,KHR2593_0295 Offload,3,C4-MBD-08,20,Stand by,,,,,,,,,,42.75,139.50000000000003,57.24999999999999,,,,,,,,,190.96666666666667,,,,,,,,,,,,430.4666666666667,,4,0.9950177469135802,3595.316666666667,4850.650000000001,5488.583333333333,3405.6666666666665,7745.433333333333,4089.8333333333326,11643.316666666666,3287.3333333333335,6902.666666666665,1686.9499999999998,4980.7,2981.733333333334,8375.966666666665,3966.8333333333335,6690.366666666667,14420.800000000001,15984.616666666665,6767.516666666667,11384.316666666664,16134.36666666667,0,0,0,0,0,0,0,0,0,0,0,0,C4-MBD-08,,,Macro
879,BGA6989,BGA6989__Chak3MandiBaudin,3,C4-MBD-08,20,Stand by,,,,47.91666666666666,,,,,,,,,,,,,,,,13.75,,,,,,,,,,,,,61.66666666666666,,2,0.9992862654320988,3595.316666666667,4850.650000000001,5488.583333333333,3405.6666666666665,7745.433333333333,4089.8333333333326,11643.316666666666,3287.3333333333335,6902.666666666665,1686.9499999999998,4980.7,2981.733333333334,8375.966666666665,3966.8333333333335,6690.366666666667,14420.800000000001,15984.616666666665,6767.516666666667,11384.316666666664,16134.36666666667,0,0,0,0,0,0,0,0,0,0,0,0,C4-MBD-08,,,Macro
880,RUR1309,RUR1309__Khai_LBMR07TP,3,C4-MBD-08,,Telenor,LBMR07,,,48,,,,,,,,,,,,,,,,13.333333333333336,,,,,,,,,,,,,61.333333333333336,,2,0.9992901234567901,3595.316666666667,4850.650000000001,5488.583333333333,3405.6666666666665,7745.433333333333,4089.8333333333326,11643.316666666666,3287.3333333333335,6902.666666666665,1686.9499999999998,4980.7,2981.733333333334,8375.966666666665,3966.8333333333335,6690.366666666667,14420.800000000001,15984.616666666665,6767.516666666667,11384.316666666664,16134.36666666667,0,0,0,0,0,0,0,0,0,0,0,0,C4-MBD-08,Telenor,LBMR07,Macro
881,RUR6208,RUR6208__S_GaliNamber_wali_KhutialaSheikhan_MR335302,3,C4-MBD-08,30,Stand by,,42.66666666666667,,50.25,,,,,100.99999999999997,,,,49.833333333333336,186.49999999999997,163.75000000000003,42.5,154.75000000000003,136.00000000000003,,13.5,301.33333333333337,,,,,,,,,,,,1242.0833333333335,,11,0.9856240354938273,3595.316666666667,4850.650000000001,5488.583333333333,3405.6666666666665,7745.433333333333,4089.8333333333326,11643.316666666666,3287.3333333333335,6902.666666666665,1686.9499999999998,4980.7,2981.733333333334,8375.966666666665,3966.8333333333335,6690.366666666667,14420.800000000001,15984.616666666665,6767.516666666667,11384.316666666664,16134.36666666667,0,0,0,0,0,0,0,0,0,0,0,0,C4-MBD-08,,,Macro
882,MIR2210,MIR2210__Sheikhatahir,3,C4-MBD-08,20,Stand by,,,,,,,,,,,,,,,,,,71,,294.08333333333337,1150.4166666666665,,,,,,,,,,,,1515.5,,3,0.9824594907407408,3595.316666666667,4850.650000000001,5488.583333333333,3405.6666666666665,7745.433333333333,4089.8333333333326,11643.316666666666,3287.3333333333335,6902.666666666665,1686.9499999999998,4980.7,2981.733333333334,8375.966666666665,3966.8333333333335,6690.366666666667,14420.800000000001,15984.616666666665,6767.516666666667,11384.316666666664,16134.36666666667,0,0,0,0,0,0,0,0,0,0,0,0,C4-MBD-08,,,Macro
883,RUR0755,RUR0755_PharianWalNEW,3,C4-MBD-08,9,Stand by,,,,,,,,,,,,,,,,,,,,,,,,,,,,,,,,,0,,0,1,3595.316666666667,4850.650000000001,5488.583333333333,3405.6666666666665,7745.433333333333,4089.8333333333326,11643.316666666666,3287.3333333333335,6902.666666666665,1686.9499999999998,4980.7,2981.733333333334,8375.966666666665,3966.8333333333335,6690.366666666667,14420.800000000001,15984.616666666665,6767.516666666667,11384.316666666664,16134.36666666667,0,0,0,0,0,0,0,0,0,0,0,0,C4-MBD-08,,,Macro
884,MCK6200,MCK6200__S_Mano_Chak_MDPH1591,3,C4-MBD-08,20,Stand by,,,,,,,,,,,,,,,,,,,,,,,,,,,,,,,,,0,,0,1,3595.316666666667,4850.650000000001,5488.583333333333,3405.6666666666665,7745.433333333333,4089.8333333333326,11643.316666666666,3287.3333333333335,6902.666666666665,1686.9499999999998,4980.7,2981.733333333334,8375.966666666665,3966.8333333333335,6690.366666666667,14420.800000000001,15984.616666666665,6767.516666666667,11384.316666666664,16134.36666666667,0,0,0,0,0,0,0,0,0,0,0,0,C4-MBD-08,,,Macro
885,RUR9063,RUR9063__S_Doga_CMPak4824,3,C4-MBD-08,,CM Pak,4824,,,,,,,,,,,,,,,,,225,,50.83333333333334,597.8000000000002,,,,,,,,,,,,873.6333333333336,,3,0.9898885030864197,3595.316666666667,4850.650000000001,5488.583333333333,3405.6666666666665,7745.433333333333,4089.8333333333326,11643.316666666666,3287.3333333333335,6902.666666666665,1686.9499999999998,4980.7,2981.733333333334,8375.966666666665,3966.8333333333335,6690.366666666667,14420.800000000001,15984.616666666665,6767.516666666667,11384.316666666664,16134.36666666667,0,0,0,0,0,0,0,0,0,0,0,0,C4-MBD-08,CMPAK,4824,Macro
886,RUR4320,RUR4320__HKUNPahrianwali,3,C4-MBD-08,33+20,Stand by,,,,,,,,,,,,,,,,,,,,,,,,,,,,,,,,,0,,0,1,3595.316666666667,4850.650000000001,5488.583333333333,3405.6666666666665,7745.433333333333,4089.8333333333326,11643.316666666666,3287.3333333333335,6902.666666666665,1686.9499999999998,4980.7,2981.733333333334,8375.966666666665,3966.8333333333335,6690.366666666667,14420.800000000001,15984.616666666665,6767.516666666667,11384.316666666664,16134.36666666667,0,0,0,0,0,0,0,0,0,0,0,0,C4-MBD-08,,,Macro
887,MLL4167,MLL4167__ParachaPtrlPump,4,C4-MBD-08,30,Stand by,,207,20.249999999999996,,,,,,,,,,,,,,,,,,,,,,,,,,,,,,227.25,,2,0.99802734375,3595.316666666667,4850.650000000001,5488.583333333333,3405.6666666666665,7745.433333333333,4089.8333333333326,11643.316666666666,3287.3333333333335,6902.666666666665,1686.9499999999998,4980.7,2981.733333333334,8375.966666666665,3966.8333333333335,6690.366666666667,14420.800000000001,15984.616666666665,6767.516666666667,11384.316666666664,16134.36666666667,0,0,0,0,0,0,0,0,0,0,0,0,C4-MBD-08,,,Macro
888,MBN6233,MBN6233__S_Main_City_Bazar_MDMB4173,3,C4-MBD-08,27,Stand by,,82.91666666666669,57.24999999999999,152,54.25,158.41666666666663,191.98333333333335,224.33333333333334,,287.8333333333333,69.24999999999999,27,42,27.08333333333333,127.9166666666667,183.03333333333333,459.25,,138.33333333333331,760.1500000000002,,,,,,,,,,,,,3043,,17,0.9647800925925926,3595.316666666667,4850.650000000001,5488.583333333333,3405.6666666666665,7745.433333333333,4089.8333333333326,11643.316666666666,3287.3333333333335,6902.666666666665,1686.9499999999998,4980.7,2981.733333333334,8375.966666666665,3966.8333333333335,6690.366666666667,14420.800000000001,15984.616666666665,6767.516666666667,11384.316666666664,16134.36666666667,0,0,0,0,0,0,0,0,0,0,0,0,C4-MBD-08,,,Macro
889,MBN6918,MBN6918__CivilCourtMndiBhudin,3,C4-MBD-08,20,Stand by,,,,,219.08333333333337,,81,,,,,,,,,,,372.0833333333333,,,,,,,,,,,,,,,672.1666666666667,,3,0.9922202932098766,3595.316666666667,4850.650000000001,5488.583333333333,3405.6666666666665,7745.433333333333,4089.8333333333326,11643.316666666666,3287.3333333333335,6902.666666666665,1686.9499999999998,4980.7,2981.733333333334,8375.966666666665,3966.8333333333335,6690.366666666667,14420.800000000001,15984.616666666665,6767.516666666667,11384.316666666664,16134.36666666667,0,0,0,0,0,0,0,0,0,0,0,0,C4-MBD-08,,,Macro
890,MBN9682,MBN9682__PhaliaRdMandiBah,3,C4-MBD-08,30+31+31,Stand by,,,,,,,,,,,,,,,,,,,,,,,,,,,,,,,,,0,,0,1,3595.316666666667,4850.650000000001,5488.583333333333,3405.6666666666665,7745.433333333333,4089.8333333333326,11643.316666666666,3287.3333333333335,6902.666666666665,1686.9499999999998,4980.7,2981.733333333334,8375.966666666665,3966.8333333333335,6690.366666666667,14420.800000000001,15984.616666666665,6767.516666666667,11384.316666666664,16134.36666666667,0,0,0,0,0,0,0,0,0,0,0,0,C4-MBD-08,,,Macro
891,FRP9896,FRP9896__MeluNau,3,C4-MBD-08,20,Stand by,,,,,,,,171.66666666666663,,,,,,,,,338.66666666666663,,,,,,,,,,,,,,,,510.33333333333326,,2,0.9940933641975309,3595.316666666667,4850.650000000001,5488.583333333333,3405.6666666666665,7745.433333333333,4089.8333333333326,11643.316666666666,3287.3333333333335,6902.666666666665,1686.9499999999998,4980.7,2981.733333333334,8375.966666666665,3966.8333333333335,6690.366666666667,14420.800000000001,15984.616666666665,6767.516666666667,11384.316666666664,16134.36666666667,0,0,0,0,0,0,0,0,0,0,0,0,C4-MBD-08,,,Macro
892,RUR8929,RUR8929__BWLChowkMiana,3,C4-MBD-08,20,Stand by,,,,,,,,,,,,,,,,,,,,,,,,,,,,,,,,,0,,0,1,3595.316666666667,4850.650000000001,5488.583333333333,3405.6666666666665,7745.433333333333,4089.8333333333326,11643.316666666666,3287.3333333333335,6902.666666666665,1686.9499999999998,4980.7,2981.733333333334,8375.966666666665,3966.8333333333335,6690.366666666667,14420.800000000001,15984.616666666665,6767.516666666667,11384.316666666664,16134.36666666667,0,0,0,0,0,0,0,0,0,0,0,0,C4-MBD-08,,,Macro
893,RUR0806,RUR0806_Chak_BusawNEW,3,C4-MBD-08,,UFONE,3636,,,9.75,,,,447.89999999999986,,,,,,,281.6666666666667,2008.25,2185.983333333333,267.4166666666667,1964.7,275.9,403.5833333333334,,,,,,,,,,,,7845.149999999999,,9,0.9091996527777778,3595.316666666667,4850.650000000001,5488.583333333333,3405.6666666666665,7745.433333333333,4089.8333333333326,11643.316666666666,3287.3333333333335,6902.666666666665,1686.9499999999998,4980.7,2981.733333333334,8375.966666666665,3966.8333333333335,6690.366666666667,14420.800000000001,15984.616666666665,6767.516666666667,11384.316666666664,16134.36666666667,0,0,0,0,0,0,0,0,0,0,0,0,C4-MBD-08,UFone,3636,Macro
894,RUR0744,RUR0744__Rerkabala,3,C4-MBD-08,,Enfrashare,EC1-MBD-08626,,,,,,,,,,,,,,,,,,,,,,,,,,,,,,,,0,,0,1,3595.316666666667,4850.650000000001,5488.583333333333,3405.6666666666665,7745.433333333333,4089.8333333333326,11643.316666666666,3287.3333333333335,6902.666666666665,1686.9499999999998,4980.7,2981.733333333334,8375.966666666665,3966.8333333333335,6690.366666666667,14420.800000000001,15984.616666666665,6767.516666666667,11384.316666666664,16134.36666666667,0,0,0,0,0,0,0,0,0,0,0,0,C4-MBD-08,UFone,7844,Macro
895,DNG9646,DNG9646__ShahTakiyaDinga,3,C4-MBD-08,31,Stand by,,,,,,,,,,,,,,,,,,,,,,,,,,,,,,,,,0,,0,1,3595.316666666667,4850.650000000001,5488.583333333333,3405.6666666666665,7745.433333333333,4089.8333333333326,11643.316666666666,3287.3333333333335,6902.666666666665,1686.9499999999998,4980.7,2981.733333333334,8375.966666666665,3966.8333333333335,6690.366666666667,14420.800000000001,15984.616666666665,6767.516666666667,11384.316666666664,16134.36666666667,0,0,0,0,0,0,0,0,0,0,0,0,C4-MBD-08,,,Macro
896,BGA6219,BGA6219__S_Village_Bagga_MR2X3604,3,C4-MBD-08,20,Stand by,,,,,,,,,,,,,,,,,,,,,,,,,,,,,,,,,0,,0,1,3595.316666666667,4850.650000000001,5488.583333333333,3405.6666666666665,7745.433333333333,4089.8333333333326,11643.316666666666,3287.3333333333335,6902.666666666665,1686.9499999999998,4980.7,2981.733333333334,8375.966666666665,3966.8333333333335,6690.366666666667,14420.800000000001,15984.616666666665,6767.516666666667,11384.316666666664,16134.36666666667,0,0,0,0,0,0,0,0,0,0,0,0,C4-MBD-08,,,Macro
897,MBN6231,MBN6231__S_BastiPeer_Geelani_MDMB3284,3,C4-MBD-08,30,Stand by,,,,,,,,,,,,,,,,,563.5833333333336,855.9833333333332,,,,,,,,,,,,,,,1419.5666666666668,,2,0.9835698302469136,3595.316666666667,4850.650000000001,5488.583333333333,3405.6666666666665,7745.433333333333,4089.8333333333326,11643.316666666666,3287.3333333333335,6902.666666666665,1686.9499999999998,4980.7,2981.733333333334,8375.966666666665,3966.8333333333335,6690.366666666667,14420.800000000001,15984.616666666665,6767.516666666667,11384.316666666664,16134.36666666667,0,0,0,0,0,0,0,0,0,0,0,0,C4-MBD-08,,,Macro
898,RUR6212,RUR6212__S_School_SohawaRD_MDMB4307,3,C4-MBD-08,,CP Prime,,,,48,,,,,,,,,,,,,,,16,301.08333333333337,,,,,,,,,,,,,365.08333333333337,,3,0.9957744984567901,3595.316666666667,4850.650000000001,5488.583333333333,3405.6666666666665,7745.433333333333,4089.8333333333326,11643.316666666666,3287.3333333333335,6902.666666666665,1686.9499999999998,4980.7,2981.733333333334,8375.966666666665,3966.8333333333335,6690.366666666667,14420.800000000001,15984.616666666665,6767.516666666667,11384.316666666664,16134.36666666667,0,0,0,0,0,0,0,0,0,0,0,0,C4-MBD-08,,,Macro
899,KHZ6976,KHZ6976__MonaSyedanMalikwal,3,C4-MBD-08,20,Stand by,,,,,,,,11.75,,,,,,,,,,,,,,,,,,,,,,,,,11.75,,1,0.9998640046296297,3595.316666666667,4850.650000000001,5488.583333333333,3405.6666666666665,7745.433333333333,4089.8333333333326,11643.316666666666,3287.3333333333335,6902.666666666665,1686.9499999999998,4980.7,2981.733333333334,8375.966666666665,3966.8333333333335,6690.366666666667,14420.800000000001,15984.616666666665,6767.516666666667,11384.316666666664,16134.36666666667,0,0,0,0,0,0,0,0,0,0,0,0,C4-MBD-08,,,Macro
900,PHA6218,PHA6218__S_LariAdda_ChowkPhalia_MR335301,4,C4-MBD-08,27+33,Stand by,,,36.333333333333336,109.75000000000001,,,,54.999999999999986,239.83333333333334,,,,,,,,,,,96,,,,,,,,,,,,,536.9166666666666,,5,0.9953392650462963,3595.316666666667,4850.650000000001,5488.583333333333,3405.6666666666665,7745.433333333333,4089.8333333333326,11643.316666666666,3287.3333333333335,6902.666666666665,1686.9499999999998,4980.7,2981.733333333334,8375.966666666665,3966.8333333333335,6690.366666666667,14420.800000000001,15984.616666666665,6767.516666666667,11384.316666666664,16134.36666666667,0,0,0,0,0,0,0,0,0,0,0,0,C4-MBD-08,,,Macro
901,RUR4623,RUR4623__BosalMandiBah,3,C4-MBD-08,20,Stand by,,,,,,,,,,,,,,,,,,,,,,,,,,,,,,,,,0,,0,1,3595.316666666667,4850.650000000001,5488.583333333333,3405.6666666666665,7745.433333333333,4089.8333333333326,11643.316666666666,3287.3333333333335,6902.666666666665,1686.9499999999998,4980.7,2981.733333333334,8375.966666666665,3966.8333333333335,6690.366666666667,14420.800000000001,15984.616666666665,6767.516666666667,11384.316666666664,16134.36666666667,0,0,0,0,0,0,0,0,0,0,0,0,C4-MBD-08,,,Macro
902,RUR6081,RUR6081__S_Bheko_Mor warid_MR4V4340,3,C4-MBD-08,9,Stand by,,,,,94.83333333333334,117.83333333333334,225.7,,,,,,62.83333333333334,,,,,,93.08333333333333,314.33333333333337,186.66666666666666,,,,,,,,,,,,1095.2833333333335,,7,0.9873231095679013,3595.316666666667,4850.650000000001,5488.583333333333,3405.6666666666665,7745.433333333333,4089.8333333333326,11643.316666666666,3287.3333333333335,6902.666666666665,1686.9499999999998,4980.7,2981.733333333334,8375.966666666665,3966.8333333333335,6690.366666666667,14420.800000000001,15984.616666666665,6767.516666666667,11384.316666666664,16134.36666666667,0,0,0,0,0,0,0,0,0,0,0,0,C4-MBD-08,,,Macro
903,MBN8840,MBN8840__MunshiMohallah,3,C4-MBD-08,,GLO,,,,,,,,,,,,,,,,,,,,,,,,,,,,,,,,,0,,0,1,3595.316666666667,4850.650000000001,5488.583333333333,3405.6666666666665,7745.433333333333,4089.8333333333326,11643.316666666666,3287.3333333333335,6902.666666666665,1686.9499999999998,4980.7,2981.733333333334,8375.966666666665,3966.8333333333335,6690.366666666667,14420.800000000001,15984.616666666665,6767.516666666667,11384.316666666664,16134.36666666667,0,0,0,0,0,0,0,0,0,0,0,0,C4-MBD-08,,,Macro
904,RUR1575,RUR1575__haqiqa,3,C4-MBD-08,20,Stand by,,,,,86.75000000000001,,,,,14.75,,,,,,,,,,,183.08333333333337,,,,,,,,,,,,284.58333333333337,,3,0.996706211419753,3595.316666666667,4850.650000000001,5488.583333333333,3405.6666666666665,7745.433333333333,4089.8333333333326,11643.316666666666,3287.3333333333335,6902.666666666665,1686.9499999999998,4980.7,2981.733333333334,8375.966666666665,3966.8333333333335,6690.366666666667,14420.800000000001,15984.616666666665,6767.516666666667,11384.316666666664,16134.36666666667,0,0,0,0,0,0,0,0,0,0,0,0,C4-MBD-08,,,Macro
905,KHR0035,KHR0035__S_Pind _Paira _Cantt_MDKN3306,3,C4-MBD-08,9,Stand by,,,,,,,,,,,,,,,,,,161.75000000000003,,31.5,116.33333333333334,,,,,,,,,,,,309.58333333333337,,3,0.9964168595679013,3595.316666666667,4850.650000000001,5488.583333333333,3405.6666666666665,7745.433333333333,4089.8333333333326,11643.316666666666,3287.3333333333335,6902.666666666665,1686.9499999999998,4980.7,2981.733333333334,8375.966666666665,3966.8333333333335,6690.366666666667,14420.800000000001,15984.616666666665,6767.516666666667,11384.316666666664,16134.36666666667,0,0,0,0,0,0,0,0,0,0,0,0,C4-MBD-08,,,Macro
906,RUR0875,RUR0875__Karariwala_Kalan,3,C4-MBD-08,20,Stand by,,,,,,,,,,,,,,,,,,33.74999999999999,,,17.666666666666668,,,,,,,,,,,,51.41666666666666,,2,0.9994048996913579,3595.316666666667,4850.650000000001,5488.583333333333,3405.6666666666665,7745.433333333333,4089.8333333333326,11643.316666666666,3287.3333333333335,6902.666666666665,1686.9499999999998,4980.7,2981.733333333334,8375.966666666665,3966.8333333333335,6690.366666666667,14420.800000000001,15984.616666666665,6767.516666666667,11384.316666666664,16134.36666666667,0,0,0,0,0,0,0,0,0,0,0,0,C4-MBD-08,,,Macro
907,MBN9844,MBN9844__MohallahBoharwala,4,C4-MBD-08,,CP Prime,,,,,,,,,,116.33333333333331,,,,,,,,,,,,,,,,,,,,,,,116.33333333333331,,1,0.998990162037037,3595.316666666667,4850.650000000001,5488.583333333333,3405.6666666666665,7745.433333333333,4089.8333333333326,11643.316666666666,3287.3333333333335,6902.666666666665,1686.9499999999998,4980.7,2981.733333333334,8375.966666666665,3966.8333333333335,6690.366666666667,14420.800000000001,15984.616666666665,6767.516666666667,11384.316666666664,16134.36666666667,0,0,0,0,0,0,0,0,0,0,0,0,C4-MBD-08,,,Macro
908,RUR0800,RUR0800__NoorJmalDingNEW,3,C4-MBD-08,,GLO,,,,,,,,,,,,,,,,,,,,38.75000000000001,,,,,,,,,,,,,38.75000000000001,,1,0.9995515046296296,3595.316666666667,4850.650000000001,5488.583333333333,3405.6666666666665,7745.433333333333,4089.8333333333326,11643.316666666666,3287.3333333333335,6902.666666666665,1686.9499999999998,4980.7,2981.733333333334,8375.966666666665,3966.8333333333335,6690.366666666667,14420.800000000001,15984.616666666665,6767.516666666667,11384.316666666664,16134.36666666667,0,0,0,0,0,0,0,0,0,0,0,0,C4-MBD-08,,,Macro
909,KHJ6977,KHJ6977__GaduKalanPhalia,3,C4-MBD-08,,CP Prime,,,,,,,,,,,,,,,10.333333333333332,,677.85,121.83333333333337,605.7166666666667,688.0833333333333,797.9,,,,,,,,,,,,2901.7166666666667,,6,0.9664153163580247,3595.316666666667,4850.650000000001,5488.583333333333,3405.6666666666665,7745.433333333333,4089.8333333333326,11643.316666666666,3287.3333333333335,6902.666666666665,1686.9499999999998,4980.7,2981.733333333334,8375.966666666665,3966.8333333333335,6690.366666666667,14420.800000000001,15984.616666666665,6767.516666666667,11384.316666666664,16134.36666666667,0,0,0,0,0,0,0,0,0,0,0,0,C4-MBD-08,,,Macro
910,RUR3736,RUR3736__GJRMangowalGharbi,4,C4-MBD-08,20,Stand by,,,,,,,,,,,,,,,,,,,110.58333333333334,,,,,,,,,,,,,,110.58333333333334,,1,0.9990400752314815,3595.316666666667,4850.650000000001,5488.583333333333,3405.6666666666665,7745.433333333333,4089.8333333333326,11643.316666666666,3287.3333333333335,6902.666666666665,1686.9499999999998,4980.7,2981.733333333334,8375.966666666665,3966.8333333333335,6690.366666666667,14420.800000000001,15984.616666666665,6767.516666666667,11384.316666666664,16134.36666666667,0,0,0,0,0,0,0,0,0,0,0,0,C4-MBD-08,,,Macro
911,RUR6337,"
RUR6337__S_AhdiSharif",3,C4-MBD-08,30,Solar+DG,Solar+DG,,,,,,,144.16666666666669,,,,,,,,,,,,,,,,,,,,,,,,,144.16666666666669,,1,0.9983314043209875,3595.316666666667,4850.650000000001,5488.583333333333,3405.6666666666665,7745.433333333333,4089.8333333333326,11643.316666666666,3287.3333333333335,6902.666666666665,1686.9499999999998,4980.7,2981.733333333334,8375.966666666665,3966.8333333333335,6690.366666666667,14420.800000000001,15984.616666666665,6767.516666666667,11384.316666666664,16134.36666666667,0,0,0,0,0,0,0,0,0,0,0,0,,,,Macro
912,HFQ6172,HFQ6172__S_Head_Faqeeriyan_MandiBahaodin warid_MR335412,3,C4-MBD-08,,CP Prime,,,,,,,,,,,,,,,,,,,326.00000000000006,,,,,,,,,,,,,,326.00000000000006,,1,0.9962268518518519,3595.316666666667,4850.650000000001,5488.583333333333,3405.6666666666665,7745.433333333333,4089.8333333333326,11643.316666666666,3287.3333333333335,6902.666666666665,1686.9499999999998,4980.7,2981.733333333334,8375.966666666665,3966.8333333333335,6690.366666666667,14420.800000000001,15984.616666666665,6767.516666666667,11384.316666666664,16134.36666666667,0,0,0,0,0,0,0,0,0,0,0,0,C4-MBD-08,,,Macro
913,KHR0079,KHR0079__KharianCantt2,3,C4-MBD-08,,CM Pak,C-KHA-7500,,,,,,,,,,,,,,,,,1712.4166666666665,,33.5,341.9999999999999,,,,,,,,,,,,2087.9166666666665,,3,0.9758342978395063,3595.316666666667,4850.650000000001,5488.583333333333,3405.6666666666665,7745.433333333333,4089.8333333333326,11643.316666666666,3287.3333333333335,6902.666666666665,1686.9499999999998,4980.7,2981.733333333334,8375.966666666665,3966.8333333333335,6690.366666666667,14420.800000000001,15984.616666666665,6767.516666666667,11384.316666666664,16134.36666666667,0,0,0,0,0,0,0,0,0,0,0,0,C4-MBD-08,CMPAK,C-KHA-7500,Macro
914,KHR1735,KHR1735__KharianCantt,3,C4-MBD-08,20,Stand by,,,,,,,,,,,,,,,,,,213.58333333333337,,31.749999999999996,129.83333333333334,,,,,,,,,,,,375.16666666666674,,3,0.9956577932098766,3595.316666666667,4850.650000000001,5488.583333333333,3405.6666666666665,7745.433333333333,4089.8333333333326,11643.316666666666,3287.3333333333335,6902.666666666665,1686.9499999999998,4980.7,2981.733333333334,8375.966666666665,3966.8333333333335,6690.366666666667,14420.800000000001,15984.616666666665,6767.516666666667,11384.316666666664,16134.36666666667,0,0,0,0,0,0,0,0,0,0,0,0,C4-MBD-08,,,Macro
915,RUR0650,RUR0650__DhoriaDingaRoad,4,C4-MBD-08,27,Stand by,,,,,,,,,,,,,,,,,,24.333333333333332,,13.666666666666668,929.6666666666666,,,,,,,,,,,,967.6666666666666,,3,0.9916001157407408,3595.316666666667,4850.650000000001,5488.583333333333,3405.6666666666665,7745.433333333333,4089.8333333333326,11643.316666666666,3287.3333333333335,6902.666666666665,1686.9499999999998,4980.7,2981.733333333334,8375.966666666665,3966.8333333333335,6690.366666666667,14420.800000000001,15984.616666666665,6767.516666666667,11384.316666666664,16134.36666666667,0,0,0,0,0,0,0,0,0,0,0,0,C4-MBD-08,,,Macro
916,KHR0196,KHR0196__S_Jandialawala_GT_Rd_MDKN4196,3,C4-MBD-08,30+27,Stand by,,,,,,190.8,,,,,,1273.0166666666667,,,,,,,,,,,,,,,,,,,,,1463.8166666666666,,2,0.9830576774691357,3595.316666666667,4850.650000000001,5488.583333333333,3405.6666666666665,7745.433333333333,4089.8333333333326,11643.316666666666,3287.3333333333335,6902.666666666665,1686.9499999999998,4980.7,2981.733333333334,8375.966666666665,3966.8333333333335,6690.366666666667,14420.800000000001,15984.616666666665,6767.516666666667,11384.316666666664,16134.36666666667,0,0,0,0,0,0,0,0,0,0,0,0,C4-MBD-08,,,Macro
917,MBN6232,MBN6232__S_Ghori_abad_MDMB4303,3,C4-MBD-08,,CP Prime,,,,,,,,,,,,,,,,,,,,,,,,,,,,,,,,,0,,0,1,3595.316666666667,4850.650000000001,5488.583333333333,3405.6666666666665,7745.433333333333,4089.8333333333326,11643.316666666666,3287.3333333333335,6902.666666666665,1686.9499999999998,4980.7,2981.733333333334,8375.966666666665,3966.8333333333335,6690.366666666667,14420.800000000001,15984.616666666665,6767.516666666667,11384.316666666664,16134.36666666667,0,0,0,0,0,0,0,0,0,0,0,0,C4-MBD-08,,,Macro
918,DNG3509,DNG3509__MaladChwk,3,C4-MBD-08,30+27,Stand by,,,,,,,,,,,,,,,,,,,,,,,,,,,,,,,,,0,,0,1,3595.316666666667,4850.650000000001,5488.583333333333,3405.6666666666665,7745.433333333333,4089.8333333333326,11643.316666666666,3287.3333333333335,6902.666666666665,1686.9499999999998,4980.7,2981.733333333334,8375.966666666665,3966.8333333333335,6690.366666666667,14420.800000000001,15984.616666666665,6767.516666666667,11384.316666666664,16134.36666666667,0,0,0,0,0,0,0,0,0,0,0,0,C4-MBD-08,,,Macro
919,RUR6533,RUR6533__S_Beknanwala,3,C4-MBD-08,,ATL,ATGRT10,,,,,,,,,,,,,,,,,6.583333333333334,,,,,,,,,,,,,,,6.583333333333334,,1,0.9999238040123457,3595.316666666667,4850.650000000001,5488.583333333333,3405.6666666666665,7745.433333333333,4089.8333333333326,11643.316666666666,3287.3333333333335,6902.666666666665,1686.9499999999998,4980.7,2981.733333333334,8375.966666666665,3966.8333333333335,6690.366666666667,14420.800000000001,15984.616666666665,6767.516666666667,11384.316666666664,16134.36666666667,0,0,0,0,0,0,0,0,0,0,0,0,,,,Macro
920,RUR4641,RUR4641__HumberPhalia,3,C4-MBD-08,,CP Prime,,,,,,,,,,,,,,,,,,,,,,,,,,,,,,,,,0,,0,1,3595.316666666667,4850.650000000001,5488.583333333333,3405.6666666666665,7745.433333333333,4089.8333333333326,11643.316666666666,3287.3333333333335,6902.666666666665,1686.9499999999998,4980.7,2981.733333333334,8375.966666666665,3966.8333333333335,6690.366666666667,14420.800000000001,15984.616666666665,6767.516666666667,11384.316666666664,16134.36666666667,0,0,0,0,0,0,0,0,0,0,0,0,C4-MBD-08,,,Macro
921,RUR1914,USF_Kalas Shareef,3,C4-MBD-08,,ATL,ATMIA3,,,441.2666666666666,777.7166666666666,,,,,,,,,,,367.25,,,250.85,364.2500000000001,388.08333333333337,,,,,,,,,,,,2589.4166666666665,,6,0.970029899691358,3595.316666666667,4850.650000000001,5488.583333333333,3405.6666666666665,7745.433333333333,4089.8333333333326,11643.316666666666,3287.3333333333335,6902.666666666665,1686.9499999999998,4980.7,2981.733333333334,8375.966666666665,3966.8333333333335,6690.366666666667,14420.800000000001,15984.616666666665,6767.516666666667,11384.316666666664,16134.36666666667,0,0,0,0,0,0,0,0,0,0,0,0,,,,Macro
922,MBN5670,MBN5670_H_Rehmanpura Mandi Bahauddin_Relocation_MBN5548,3,C4-MBD-08,,E.Co,e.coPK001079PU,13,,,25.000000000000004,27.250000000000004,,19.25,,121.83333333333333,5.25,13.75,14.5,,14.25,,68.75,270.16666666666663,,,,,,,,,,,,,,,593,,11,0.9931365740740741,3595.316666666667,4850.650000000001,5488.583333333333,3405.6666666666665,7745.433333333333,4089.8333333333326,11643.316666666666,3287.3333333333335,6902.666666666665,1686.9499999999998,4980.7,2981.733333333334,8375.966666666665,3966.8333333333335,6690.366666666667,14420.800000000001,15984.616666666665,6767.516666666667,11384.316666666664,16134.36666666667,0,0,0,0,0,0,0,0,0,0,0,0,C4-MBD-08,E.co,e.coPK001079PU,Macro
923,PHA9332,PHA9332__S_JamiaMasjidFarooqEAzam,3,C4-MBD-08,,Enfrashare,EC1-MBD-01854,,,,,,,,,,,,,,,,,,,84.50000000000001,,,,,,,,,,,,,84.50000000000001,,1,0.9990219907407407,3595.316666666667,4850.650000000001,5488.583333333333,3405.6666666666665,7745.433333333333,4089.8333333333326,11643.316666666666,3287.3333333333335,6902.666666666665,1686.9499999999998,4980.7,2981.733333333334,8375.966666666665,3966.8333333333335,6690.366666666667,14420.800000000001,15984.616666666665,6767.516666666667,11384.316666666664,16134.36666666667,0,0,0,0,0,0,0,0,0,0,0,0,C4-MBD-08,Enfra,EC1-MBD-01854,Macro
924,RUR6022,RUR6022__S_BhoaHassan_GTRP2094,3,C4-MBD-08,,PTCL,GTRP2094,,,,,,,,,,,,,11,,,,,,,,,,,,,,,,,,,11,,1,0.9998726851851852,3595.316666666667,4850.650000000001,5488.583333333333,3405.6666666666665,7745.433333333333,4089.8333333333326,11643.316666666666,3287.3333333333335,6902.666666666665,1686.9499999999998,4980.7,2981.733333333334,8375.966666666665,3966.8333333333335,6690.366666666667,14420.800000000001,15984.616666666665,6767.516666666667,11384.316666666664,16134.36666666667,0,0,0,0,0,0,0,0,0,0,0,0,C4-MBD-08,PTCL,GTRP2094,Macro
925,MBN9360,MBN9360__S_LilaTown,3,C4-MBD-08,,E.Co,E.coPK014387PU,114.99999999999999,,,96.00000000000001,27.750000000000004,136.24999999999997,175.24999999999997,,109.5,5.25,13.75,11.583333333333332,,111.5,,,19.5,,,,,,,,,,,,,,,821.3333333333334,,11,0.9904938271604938,3595.316666666667,4850.650000000001,5488.583333333333,3405.6666666666665,7745.433333333333,4089.8333333333326,11643.316666666666,3287.3333333333335,6902.666666666665,1686.9499999999998,4980.7,2981.733333333334,8375.966666666665,3966.8333333333335,6690.366666666667,14420.800000000001,15984.616666666665,6767.516666666667,11384.316666666664,16134.36666666667,0,0,0,0,0,0,0,0,0,0,0,0,C4-MBD-08,E.co,e.coPK014387PU,Macro
926,DNG6121,DNG6121__S_BalranWala_CMPak7124,3,C4-MBD-08,,CM Pak,CMPak7124,,,,,,,,,,,,,,,,,,,,,,,,,,,,,,,,0,,0,1,3595.316666666667,4850.650000000001,5488.583333333333,3405.6666666666665,7745.433333333333,4089.8333333333326,11643.316666666666,3287.3333333333335,6902.666666666665,1686.9499999999998,4980.7,2981.733333333334,8375.966666666665,3966.8333333333335,6690.366666666667,14420.800000000001,15984.616666666665,6767.516666666667,11384.316666666664,16134.36666666667,0,0,0,0,0,0,0,0,0,0,0,0,,,,Macro
927,RUR9369,LTE_RUR9369__S_Sumlanwala,3,C4-MBD-08,,Enfrashare,EC2-BHR-05069,,,,,,,12.5,,,,,,,,,,,,,,,,,,,,,,,,,12.5,,1,0.9998553240740741,3595.316666666667,4850.650000000001,5488.583333333333,3405.6666666666665,7745.433333333333,4089.8333333333326,11643.316666666666,3287.3333333333335,6902.666666666665,1686.9499999999998,4980.7,2981.733333333334,8375.966666666665,3966.8333333333335,6690.366666666667,14420.800000000001,15984.616666666665,6767.516666666667,11384.316666666664,16134.36666666667,0,0,0,0,0,0,0,0,0,0,0,0,C4-MBD-08,Enfrashare,EC2-BHR-05069,Macro
928,MLL9384,LTE_MLL9384__S_Islampura,3,C4-MBD-08,,Enfrashare,EC1-MBD-03979,,,,,,,,,,,,,,,,,,,,,,,,,,,,,,,,0,,0,1,3595.316666666667,4850.650000000001,5488.583333333333,3405.6666666666665,7745.433333333333,4089.8333333333326,11643.316666666666,3287.3333333333335,6902.666666666665,1686.9499999999998,4980.7,2981.733333333334,8375.966666666665,3966.8333333333335,6690.366666666667,14420.800000000001,15984.616666666665,6767.516666666667,11384.316666666664,16134.36666666667,0,0,0,0,0,0,0,0,0,0,0,0,C4-MBD-08,Enfra,EC1-MBD-03979,Macro
929,RUR1095,RUR1095__S_HariaPind,3,C4-MBD-08,,CM Pak,C-SLK-5806,,175.75000000000003,,,,,31.5,,,,,,,,,,,,,,,,,,,,,,,,,207.25000000000003,,2,0.9976012731481481,3595.316666666667,4850.650000000001,5488.583333333333,3405.6666666666665,7745.433333333333,4089.8333333333326,11643.316666666666,3287.3333333333335,6902.666666666665,1686.9499999999998,4980.7,2981.733333333334,8375.966666666665,3966.8333333333335,6690.366666666667,14420.800000000001,15984.616666666665,6767.516666666667,11384.316666666664,16134.36666666667,0,0,0,0,0,0,0,0,0,0,0,0,C4-MBD-08,CMPAK,C-SLK-5806,Macro
930,RUR0368,RUR0368_Joklian_New,3,C4-MBD-08,,CM Pak,C-HWY-6628,,,,,,28.25,,,,,,,,,,,,,,,,,,,,,,,,,,28.25,,1,0.9996730324074075,3595.316666666667,4850.650000000001,5488.583333333333,3405.6666666666665,7745.433333333333,4089.8333333333326,11643.316666666666,3287.3333333333335,6902.666666666665,1686.9499999999998,4980.7,2981.733333333334,8375.966666666665,3966.8333333333335,6690.366666666667,14420.800000000001,15984.616666666665,6767.516666666667,11384.316666666664,16134.36666666667,0,0,0,0,0,0,0,0,0,0,0,0,C4-MBD-08,CMPAK,C-HWY-6628,Macro
931,MBN8580,MBN28580__S_FamilyWelfareCenterMandi2,3,C4-MBD-08,,ATL,ATMDN4,,1393.55,,,,29.25,432.2499999999999,,654.9166666666665,,,,,118.83333333333334,81.80000000000001,396.15000000000003,,,,,,,,,,,,,,,,3106.75,,7,0.9640422453703704,3595.316666666667,4850.650000000001,5488.583333333333,3405.6666666666665,7745.433333333333,4089.8333333333326,11643.316666666666,3287.3333333333335,6902.666666666665,1686.9499999999998,4980.7,2981.733333333334,8375.966666666665,3966.8333333333335,6690.366666666667,14420.800000000001,15984.616666666665,6767.516666666667,11384.316666666664,16134.36666666667,0,0,0,0,0,0,0,0,0,0,0,0,C4-MBD-08,ATL,ATMDN4,Macro
932,RUR8778,RUR8778__S_Sahibwal,3,C4-MBD-08,,Tawal,TWPMBD0007,,,,,,,8.666666666666668,,,,,30.75,,,,89.49999999999999,,,,,,,,,,,,,,,,128.91666666666666,,3,0.9985079089506174,3595.316666666667,4850.650000000001,5488.583333333333,3405.6666666666665,7745.433333333333,4089.8333333333326,11643.316666666666,3287.3333333333335,6902.666666666665,1686.9499999999998,4980.7,2981.733333333334,8375.966666666665,3966.8333333333335,6690.366666666667,14420.800000000001,15984.616666666665,6767.516666666667,11384.316666666664,16134.36666666667,0,0,0,0,0,0,0,0,0,0,0,0,C4-MBD-08,TAWAL,TWPMBD0007,Macro
933,RUR0979,RUR0979__S_Aidal,3,C4-MBD-08,,ATL,ATMDN9,,,48,,,,,,,,,,,,,,,,13.5,,,,,,,,,,,,,61.5,,2,0.9992881944444444,3595.316666666667,4850.650000000001,5488.583333333333,3405.6666666666665,7745.433333333333,4089.8333333333326,11643.316666666666,3287.3333333333335,6902.666666666665,1686.9499999999998,4980.7,2981.733333333334,8375.966666666665,3966.8333333333335,6690.366666666667,14420.800000000001,15984.616666666665,6767.516666666667,11384.316666666664,16134.36666666667,0,0,0,0,0,0,0,0,0,0,0,0,C4-MBD-08,ATL,ATMDN9,Macro
934,RUR4334,RUR4334__S_Manwgowal,3,C4-MBD-08,,E.Co,e.coPK017004PU,263.8333333333333,194.66666666666663,8.25,,,,5.499999999999999,,,,,,,,,,,84.99999999999999,,,,,,,,,,,,,,557.2499999999999,,5,0.9935503472222222,3595.316666666667,4850.650000000001,5488.583333333333,3405.6666666666665,7745.433333333333,4089.8333333333326,11643.316666666666,3287.3333333333335,6902.666666666665,1686.9499999999998,4980.7,2981.733333333334,8375.966666666665,3966.8333333333335,6690.366666666667,14420.800000000001,15984.616666666665,6767.516666666667,11384.316666666664,16134.36666666667,0,0,0,0,0,0,0,0,0,0,0,0,C4-MBD-08,Enfra,EC1-SKG-09780,Macro
935,KHR1734,KHR1734__NorthColony,3,C4-MBD-08,30,Stand by,,,,,,,,,,,,,,,,,,159.58333333333331,,33.5,118.80000000000001,,,,,,,,,,,,311.8833333333333,,3,0.9963902391975309,3595.316666666667,4850.650000000001,5488.583333333333,3405.6666666666665,7745.433333333333,4089.8333333333326,11643.316666666666,3287.3333333333335,6902.666666666665,1686.9499999999998,4980.7,2981.733333333334,8375.966666666665,3966.8333333333335,6690.366666666667,14420.800000000001,15984.616666666665,6767.516666666667,11384.316666666664,16134.36666666667,0,0,0,0,0,0,0,0,0,0,0,0,C4-MBD-08,,,Macro
936,RUR4873,RUR4873__S_Marala,3,C4-MBD-08,,Tawal,TWPGJR0007,,,,,,,,,,,,,,,,,,,,274,,,,,,,,,,,,274,,1,0.9968287037037037,3595.316666666667,4850.650000000001,5488.583333333333,3405.6666666666665,7745.433333333333,4089.8333333333326,11643.316666666666,3287.3333333333335,6902.666666666665,1686.9499999999998,4980.7,2981.733333333334,8375.966666666665,3966.8333333333335,6690.366666666667,14420.800000000001,15984.616666666665,6767.516666666667,11384.316666666664,16134.36666666667,0,0,0,0,0,0,0,0,0,0,0,0,C4-MBD-08,TWPGJR0007,TWPGJR0007,Macro
937,PPW3211,PPW3211__PuliRansikey,3,C4-MBD-08,,GLO,,,,,,,,,,,,,,,,,,,,,,,,,,,,,,,,,0,,0,1,3595.316666666667,4850.650000000001,5488.583333333333,3405.6666666666665,7745.433333333333,4089.8333333333326,11643.316666666666,3287.3333333333335,6902.666666666665,1686.9499999999998,4980.7,2981.733333333334,8375.966666666665,3966.8333333333335,6690.366666666667,14420.800000000001,15984.616666666665,6767.516666666667,11384.316666666664,16134.36666666667,0,0,0,0,0,0,0,0,0,0,0,0,C4-MBD-08,,,Macro
938,KHR1738,KHR1738__AbrarColony,4,C4-MBD-08,31,Stand by,,,,,,,,,,,,,,,,,,,,,123.83333333333333,,,,,,,,,,,,123.83333333333333,,1,0.9989250578703703,3595.316666666667,4850.650000000001,5488.583333333333,3405.6666666666665,7745.433333333333,4089.8333333333326,11643.316666666666,3287.3333333333335,6902.666666666665,1686.9499999999998,4980.7,2981.733333333334,8375.966666666665,3966.8333333333335,6690.366666666667,14420.800000000001,15984.616666666665,6767.516666666667,11384.316666666664,16134.36666666667,0,0,0,0,0,0,0,0,0,0,0,0,C4-MBD-08,,,Macro
939,RUR5117,RUR5117_S_MariThakran,3,C4-MBD-08,,ATL,,,,13.25,,,,,,,,,,209.5,,,,,,,,,,,,,,,,,,,222.75,,2,0.997421875,3595.316666666667,4850.650000000001,0,4908.4333333333325,0,0,0,0,0,0,0,0,0,0,0,0,0,0,0,0,0,0,0,0,0,0,0,0,0,0,0,,,,,
940,RUR2937,RUR2937__S_MuralaRoadJinnahCity,3,C4-MBD-08,,Tawal,,,,24.75,,,,,,134.16666666666669,,,,,,,975.2000000000002,918.4000000000001,,,,,,,,,,,,,,,2052.516666666667,,4,0.9762440200617284,3595.316666666667,4850.650000000001,0,0,0,0,0,0,0,0,0,0,0,0,0,0,0,0,0,0,0,0,0,0,0,0,0,0,0,0,0,,,,,
941,MBN3782,MBN3782__MuhallahRoshan,3,C4-MBD-08,,GLO,,,,,,,,495.58333333333326,,,219.29999999999998,,,,,,,,,,,,,,,,,,,,,,714.8833333333332,,2,0.9917258873456789,3595.316666666667,4850.650000000001,5488.583333333333,3405.6666666666665,7745.433333333333,4089.8333333333326,11643.316666666666,3287.3333333333335,6902.666666666665,1686.9499999999998,4980.7,2981.733333333334,8375.966666666665,3966.8333333333335,6690.366666666667,14420.800000000001,15984.616666666665,6767.516666666667,11384.316666666664,16134.36666666667,0,0,0,0,0,0,0,0,0,0,0,0,C4-MBD-08,,,Macro
942,RUR6206,RUR6206__S_BhikhiSharief_MDMB4981,3,C4-MBD-08,,CM Pak,4846,,,48.500000000000014,,,,,,,,,6.249999999999999,,,,,,,13.75,,,,,,,,,,,,,68.50000000000001,,3,0.999207175925926,3595.316666666667,4850.650000000001,5488.583333333333,3405.6666666666665,7745.433333333333,4089.8333333333326,11643.316666666666,3287.3333333333335,6902.666666666665,1686.9499999999998,4980.7,2981.733333333334,8375.966666666665,3966.8333333333335,6690.366666666667,14420.800000000001,15984.616666666665,6767.516666666667,11384.316666666664,16134.36666666667,0,0,0,0,0,0,0,0,0,0,0,0,C4-MBD-08,CMPAK,4846,Macro
943,KHR5301,KHR5301__S_NearMTPark_CMPak7503,3,C4-MBD-08,,CM Pak,7503,,,,,,,,,,,,,,,,,,,,295.33333333333337,,,,,,,,,,,,295.33333333333337,,1,0.9965817901234568,3595.316666666667,4850.650000000001,5488.583333333333,3405.6666666666665,7745.433333333333,4089.8333333333326,11643.316666666666,3287.3333333333335,6902.666666666665,1686.9499999999998,4980.7,2981.733333333334,8375.966666666665,3966.8333333333335,6690.366666666667,14420.800000000001,15984.616666666665,6767.516666666667,11384.316666666664,16134.36666666667,0,0,0,0,0,0,0,0,0,0,0,0,,,,Macro
944,RUR6613,RUR6613__S_MasjidMandhariaWali,3,C4-MBD-08,,ATL,ATSGH10,,,,,,,315.80000000000007,,,,,,,,,,,,,,,,,,,,,,,,,315.80000000000007,,1,0.9963449074074074,3595.316666666667,4850.650000000001,5488.583333333333,3405.6666666666665,7745.433333333333,4089.8333333333326,11643.316666666666,3287.3333333333335,6902.666666666665,1686.9499999999998,4980.7,2981.733333333334,8375.966666666665,3966.8333333333335,6690.366666666667,14420.800000000001,15984.616666666665,6767.516666666667,11384.316666666664,16134.36666666667,0,0,0,0,0,0,0,0,0,0,0,0,C4-MBD-08,ATSGH10,ATSGH10,Macro
945,KHR1736,KHR1736__Panjwari,3,C4-MBD-08,,CP Prime,,,,,,,,,,,,,,,,,,163.25,,32.5,128.50000000000003,,,,,,,,,,,,324.25,,3,0.9962471064814815,3595.316666666667,4850.650000000001,5488.583333333333,3405.6666666666665,7745.433333333333,4089.8333333333326,11643.316666666666,3287.3333333333335,6902.666666666665,1686.9499999999998,4980.7,2981.733333333334,8375.966666666665,3966.8333333333335,6690.366666666667,14420.800000000001,15984.616666666665,6767.516666666667,11384.316666666664,16134.36666666667,0,0,0,0,0,0,0,0,0,0,0,0,C4-MBD-08,,,Macro
946,MBN9554,MBN9554__S_Mangowal_RL_RUR6920,3,C4-MBD-08,,CM Pak,,,,,,2005.6499999999999,1172.6,,,,,,,,,,,,,,,,,,,,,,,,,,3178.25,,2,0.9632146990740741,3595.316666666667,4850.650000000001,0,17063.61666666666,0,0,0,0,0,0,0,0,0,0,0,0,0,0,0,0,0,0,0,0,0,0,0,0,0,0,0,,,,,
947,MBN8249,MBN8249__S_ArshadTown,3,C4-MBD-08,,Enfrashare,EC1-MBD-04022,,,,,,,,,126.25000000000003,,,,,,,665.7499999999999,861.5499999999997,,,,,,,,,,,,,,,1653.5499999999997,,3,0.9808616898148148,3595.316666666667,4850.650000000001,5488.583333333333,3405.6666666666665,7745.433333333333,4089.8333333333326,11643.316666666666,3287.3333333333335,6902.666666666665,1686.9499999999998,4980.7,2981.733333333334,8375.966666666665,3966.8333333333335,6690.366666666667,14420.800000000001,15984.616666666665,6767.516666666667,11384.316666666664,16134.36666666667,0,0,0,0,0,0,0,0,0,0,0,0,C4-MBD-08,,,
948,RRC0005,RRC0005__S_Baghanwala_CMPak40859,3,C4-MBD-08,,CM Pak,40859,,,,,,,252,,,,,,,,,,,,44.49999999999999,,,,,,,,,,,,,296.5,,2,0.9965682870370371,3595.316666666667,4850.650000000001,5488.583333333333,3405.6666666666665,7745.433333333333,4089.8333333333326,11643.316666666666,3287.3333333333335,6902.666666666665,1686.9499999999998,4980.7,2981.733333333334,8375.966666666665,3966.8333333333335,6690.366666666667,14420.800000000001,15984.616666666665,6767.516666666667,11384.316666666664,16134.36666666667,0,0,0,0,0,0,0,0,0,0,0,0,C4-MBD-08,ZONG-,40859,Macro
949,RRC0058,RRC0058__S_Pindkalu,3,C4-MBD-08,,E.Co,e.coPK010B2PU,,,,,,,,,,,,,,,,,,,463.5500000000001,,,,,,,,,,,,,463.5500000000001,,1,0.994634837962963,3595.316666666667,4850.650000000001,5488.583333333333,3405.6666666666665,7745.433333333333,4089.8333333333326,11643.316666666666,3287.3333333333335,6902.666666666665,1686.9499999999998,4980.7,2981.733333333334,8375.966666666665,3966.8333333333335,6690.366666666667,14420.800000000001,15984.616666666665,6767.516666666667,11384.316666666664,16134.36666666667,0,0,0,0,0,0,0,0,0,0,0,0,C4-MBD-08,E.Co-,e.coPK010B2PU,Macro
950,RUR7135,RUR7135__S_Mailowal,3,C4-MBD-08,,ATL-,ATBHR4,,,,,,,,,,,,,,,,,,,,,,,,,,,,,,,,0,,0,1,3595.316666666667,4850.650000000001,5488.583333333333,3405.6666666666665,7745.433333333333,4089.8333333333326,11643.316666666666,3287.3333333333335,6902.666666666665,1686.9499999999998,4980.7,2981.733333333334,8375.966666666665,3966.8333333333335,6690.366666666667,14420.800000000001,15984.616666666665,6767.516666666667,11384.316666666664,16134.36666666667,0,0,0,0,0,0,0,0,0,0,0,0,,,,
951,RUR0712,RUR0712__WadalaSandhuan_NEW,3,C4-NRW-05,,UFONE,3532,,,6.500000000000001,,,22.75,,,,,,,,,,,,,,,,,,,,,,,,,,29.25,,2,0.9996614583333333,12042.3,9256.416666666666,9150.183333333332,3768.2999999999993,10022.033333333335,9125.966666666665,9279,21756.43333333333,16264.849999999999,6949.0999999999985,12640.583333333332,16536.98333333333,9314.383333333333,8793.55,21378.266666666666,15555.166666666666,8228.499999999996,19528.399999999998,37917.333333333336,18373.03333333333,0,0,0,0,0,0,0,0,0,0,0,0,C4-NRW-05,UFone,3532,Macro
952,NRW1234,NRW1234__Mangwal,3,C4-NRW-05,,UFONE,CI-1308,,,,,,,,,,,,,,,,,,,28.083333333333336,,,,,,,,,,,,,28.083333333333336,,1,0.999674961419753,12042.3,9256.416666666666,9150.183333333332,3768.2999999999993,10022.033333333335,9125.966666666665,9279,21756.43333333333,16264.849999999999,6949.0999999999985,12640.583333333332,16536.98333333333,9314.383333333333,8793.55,21378.266666666666,15555.166666666666,8228.499999999996,19528.399999999998,37917.333333333336,18373.03333333333,0,0,0,0,0,0,0,0,0,0,0,0,C4-NRW-05,UFone,CI-1308,Macro
953,RUR3204,RUR3204__Giddin,3,C4-NRW-05,,Telenor,LBDR02,679.8333333333333,383.7333333333334,862.8,275,266.5833333333333,346.50000000000006,317,297.25,344.9666666666667,352.5833333333334,63.099999999999994,382.4166666666667,329.8333333333333,138,571.7166666666667,1208.3,260.2166666666667,1187.2500000000002,631.1666666666667,282.50000000000006,,,,,,,,,,,,9180.75,,20,0.8937413194444445,12042.3,9256.416666666666,9150.183333333332,3768.2999999999993,10022.033333333335,9125.966666666665,9279,21756.43333333333,16264.849999999999,6949.0999999999985,12640.583333333332,16536.98333333333,9314.383333333333,8793.55,21378.266666666666,15555.166666666666,8228.499999999996,19528.399999999998,37917.333333333336,18373.03333333333,0,0,0,0,0,0,0,0,0,0,0,0,C4-NRW-05,Telenor,LBDR02,Macro
954,SKG0252,SKG0252_ShrkGrh_Bypass,3,C4-NRW-05,,Ufone,3485,,,,,333.8333333333333,,,97.4,,,193.33333333333337,,44.75000000000001,,148.00000000000003,,,,,,,,,,,,,,,,,817.3166666666667,,5,0.9905403163580248,12042.3,9256.416666666666,9150.183333333332,3768.2999999999993,10022.033333333335,9125.966666666665,9279,21756.43333333333,16264.849999999999,6949.0999999999985,12640.583333333332,16536.98333333333,9314.383333333333,8793.55,21378.266666666666,15555.166666666666,8228.499999999996,19528.399999999998,37917.333333333336,18373.03333333333,0,0,0,0,0,0,0,0,0,0,0,0,C4-NRW-05,UFone,3485,Macro
955,KTN9624,KTN9624__WalipurBuraNarrowal,3,C4-NRW-05,20,Stand by,,,,,,20.333333333333332,,,312.15,,,143.41666666666669,,,,148.99999999999997,,,95.25,,,,,,,,,,,,,,720.15,,5,0.9916649305555555,12042.3,9256.416666666666,9150.183333333332,3768.2999999999993,10022.033333333335,9125.966666666665,9279,21756.43333333333,16264.849999999999,6949.0999999999985,12640.583333333332,16536.98333333333,9314.383333333333,8793.55,21378.266666666666,15555.166666666666,8228.499999999996,19528.399999999998,37917.333333333336,18373.03333333333,0,0,0,0,0,0,0,0,0,0,0,0,C4-NRW-05,,,Macro
956,RUR0801,RUR0801__Shahzada,3,C4-NRW-05,,Enfrashare,EC1-PSR-08608,,,,,,,,75,,,,,,,,,,,86.58333333333333,,,,,,,,,,,,,161.58333333333331,,2,0.9981298225308641,12042.3,9256.416666666666,9150.183333333332,3768.2999999999993,10022.033333333335,9125.966666666665,9279,21756.43333333333,16264.849999999999,6949.0999999999985,12640.583333333332,16536.98333333333,9314.383333333333,8793.55,21378.266666666666,15555.166666666666,8228.499999999996,19528.399999999998,37917.333333333336,18373.03333333333,0,0,0,0,0,0,0,0,0,0,0,0,C4-NRW-05,UFone,7703,Macro
957,RUR1068,RUR1068__S_Darman_UFONE,3,C4-NRW-05,,UFONE,CI-1047,,,,,,,,33.66666666666667,600.4999999999999,106.00000000000003,,420.66666666666674,,,,528.3333333333333,5.816666666666667,,559.1833333333334,,,,,,,,,,,,,2254.1666666666665,,7,0.9739101080246914,12042.3,9256.416666666666,9150.183333333332,3768.2999999999993,10022.033333333335,9125.966666666665,9279,21756.43333333333,16264.849999999999,6949.0999999999985,12640.583333333332,16536.98333333333,9314.383333333333,8793.55,21378.266666666666,15555.166666666666,8228.499999999996,19528.399999999998,37917.333333333336,18373.03333333333,0,0,0,0,0,0,0,0,0,0,0,0,C4-NRW-05,UFone,CI-1047,Macro
958,RUR3263,RUR3263__S_MehtaSuja,3,C4-NRW-05,,Telenor,LMS001,,,,,,,,,,,,,,,,6.249999999999999,,,43.58333333333333,,,,,,,,,,,,,49.83333333333333,,2,0.999423225308642,12042.3,9256.416666666666,9150.183333333332,3768.2999999999993,10022.033333333335,9125.966666666665,9279,21756.43333333333,16264.849999999999,6949.0999999999985,12640.583333333332,16536.98333333333,9314.383333333333,8793.55,21378.266666666666,15555.166666666666,8228.499999999996,19528.399999999998,37917.333333333336,18373.03333333333,0,0,0,0,0,0,0,0,0,0,0,0,C4-NRW-05,Telenor,LMS001,Macro
959,RUR6573,RUR6573__S_Daowala,3,C4-NRW-05,,Enfrashare,EC1-NRW-04942,,,27.25,,,,,207.14999999999998,820.6666666666665,,,808.5833333333333,,,,789.25,,59.000000000000014,1170.8333333333333,,,,,,,,,,,,,3882.7333333333327,,7,0.9550609567901235,12042.3,9256.416666666666,9150.183333333332,3768.2999999999993,10022.033333333335,9125.966666666665,9279,21756.43333333333,16264.849999999999,6949.0999999999985,12640.583333333332,16536.98333333333,9314.383333333333,8793.55,21378.266666666666,15555.166666666666,8228.499999999996,19528.399999999998,37917.333333333336,18373.03333333333,0,0,0,0,0,0,0,0,0,0,0,0,,,,Macro
960,RUR5769,RUR5769__S_Sadgal,3,C4-NRW-05,,Enfrashare,EC1-SKG-02491,,,,,,,,,612.2499999999999,,,506.25,,,,524.25,,,1250.6500000000003,,,,,,,,,,,,,2893.4000000000005,,4,0.9665115740740741,12042.3,9256.416666666666,9150.183333333332,3768.2999999999993,10022.033333333335,9125.966666666665,9279,21756.43333333333,16264.849999999999,6949.0999999999985,12640.583333333332,16536.98333333333,9314.383333333333,8793.55,21378.266666666666,15555.166666666666,8228.499999999996,19528.399999999998,37917.333333333336,18373.03333333333,0,0,0,0,0,0,0,0,0,0,0,0,,,,Macro
961,GFG1000,GFG1000__Pejowla,3,C4-NRW-05,,Telenor,LBDR07,581.6333333333332,826.6666666666665,627.6666666666669,916.2,723.4666666666664,947.0666666666663,753.4666666666667,1113,30.999999999999993,71.25,92.00000000000001,1154.25,,,1096.1666666666667,123.25000000000003,94.83333333333334,147.89999999999998,140.50000000000003,141.75,,,,,,,,,,,,9582.066666666666,,18,0.8890964506172839,12042.3,9256.416666666666,9150.183333333332,3768.2999999999993,10022.033333333335,9125.966666666665,9279,21756.43333333333,16264.849999999999,6949.0999999999985,12640.583333333332,16536.98333333333,9314.383333333333,8793.55,21378.266666666666,15555.166666666666,8228.499999999996,19528.399999999998,37917.333333333336,18373.03333333333,0,0,0,0,0,0,0,0,0,0,0,0,C4-NRW-05,Telenor,LBDR07,Macro
962,RUR0516,RUR0516__S_BariMinhassanDarmamRD,3,C4-NRW-05,,CM Pak,C-RUR-4830,,,,,,,,,928.2166666666666,,,716.25,,,,1138.8000000000002,,,786.6666666666667,,,,,,,,,,,,,3569.9333333333334,,4,0.9586813271604939,12042.3,9256.416666666666,9150.183333333332,3768.2999999999993,10022.033333333335,9125.966666666665,9279,21756.43333333333,16264.849999999999,6949.0999999999985,12640.583333333332,16536.98333333333,9314.383333333333,8793.55,21378.266666666666,15555.166666666666,8228.499999999996,19528.399999999998,37917.333333333336,18373.03333333333,0,0,0,0,0,0,0,0,0,0,0,0,C4-NRW-05,CMPAK,C-RUR-4830,Macro
963,RUR5434,RUR5434__S_Sultanpur,3,C4-NRW-05,,Enfrashare,EC1-NRW-01247,,,,,676.0499999999998,,655.7166666666667,,,,,,,,,,,,,,,,,,,,,,,,,1331.7666666666664,,2,0.9845860339506173,12042.3,9256.416666666666,9150.183333333332,3768.2999999999993,10022.033333333335,9125.966666666665,9279,21756.43333333333,16264.849999999999,6949.0999999999985,12640.583333333332,16536.98333333333,9314.383333333333,8793.55,21378.266666666666,15555.166666666666,8228.499999999996,19528.399999999998,37917.333333333336,18373.03333333333,0,0,0,0,0,0,0,0,0,0,0,0,C4-NRW-05,Enfra,,Macro
964,RUR6520,RUR6520__S_NearRehmatAbad,3,C4-NRW-05,,E.Co,e.coPK019236PU,495.5000000000001,,,35.75000000000001,540.9000000000001,150.75,,500.5000000000001,,,,,,,105.83333333333333,,86.49999999999999,,200.5,1359,,,,,,,,,,,,3475.2333333333336,,9,0.9597773919753086,12042.3,9256.416666666666,9150.183333333332,3768.2999999999993,10022.033333333335,9125.966666666665,9279,21756.43333333333,16264.849999999999,6949.0999999999985,12640.583333333332,16536.98333333333,9314.383333333333,8793.55,21378.266666666666,15555.166666666666,8228.499999999996,19528.399999999998,37917.333333333336,18373.03333333333,0,0,0,0,0,0,0,0,0,0,0,0,,,,Macro
965,RUR5004,RUR5004__S_Hutcher stop Warid_MR483560,4,C4-NRW-05,30,Stand by,,,,,1605.2666666666664,,872.4999999999998,,,,,16.166666666666664,,,,,686.4166666666665,638.6,142,,,,,,,,,,,,,,3960.9499999999994,,6,0.9656167534722222,12042.3,9256.416666666666,9150.183333333332,3768.2999999999993,10022.033333333335,9125.966666666665,9279,21756.43333333333,16264.849999999999,6949.0999999999985,12640.583333333332,16536.98333333333,9314.383333333333,8793.55,21378.266666666666,15555.166666666666,8228.499999999996,19528.399999999998,37917.333333333336,18373.03333333333,0,0,0,0,0,0,0,0,0,0,0,0,C4-NRW-05,,,Macro
966,RUR1295,RUR1295__Rachhara,3,C4-NRW-05,,CP Prime,,,,463.08333333333326,,17.5,,19.583333333333332,84.99999999999999,,,,,,,,,,,34.5,132.16666666666666,,,,,,,,,,,,751.8333333333331,,6,0.991298225308642,12042.3,9256.416666666666,9150.183333333332,3768.2999999999993,10022.033333333335,9125.966666666665,9279,21756.43333333333,16264.849999999999,6949.0999999999985,12640.583333333332,16536.98333333333,9314.383333333333,8793.55,21378.266666666666,15555.166666666666,8228.499999999996,19528.399999999998,37917.333333333336,18373.03333333333,0,0,0,0,0,0,0,0,0,0,0,0,C4-NRW-05,,,Macro
967,RUR2315,RUR2315__S_RupoChak,3,C4-NRW-05,,UFONE,3461,,,,,,,,,786.75,,,767.0000000000001,,,,923.5000000000001,,,847.1333333333333,,,,,,,,,,,,,3324.383333333333,,4,0.9615233410493828,12042.3,9256.416666666666,9150.183333333332,3768.2999999999993,10022.033333333335,9125.966666666665,9279,21756.43333333333,16264.849999999999,6949.0999999999985,12640.583333333332,16536.98333333333,9314.383333333333,8793.55,21378.266666666666,15555.166666666666,8228.499999999996,19528.399999999998,37917.333333333336,18373.03333333333,0,0,0,0,0,0,0,0,0,0,0,0,C4-NRW-05,UFone,3461,Macro
968,RUR5786,RUR5786__S_NearZafar,3,C4-NRW-05,,Enfrashare,EC1-NRW-02489,,,,,,,,,,,,857.1666666666667,,,800.6666666666667,,,,,,,,,,,,,,,,,1657.8333333333335,,2,0.9808121141975309,12042.3,9256.416666666666,9150.183333333332,3768.2999999999993,10022.033333333335,9125.966666666665,9279,21756.43333333333,16264.849999999999,6949.0999999999985,12640.583333333332,16536.98333333333,9314.383333333333,8793.55,21378.266666666666,15555.166666666666,8228.499999999996,19528.399999999998,37917.333333333336,18373.03333333333,0,0,0,0,0,0,0,0,0,0,0,0,,,,Macro
969,RUR6448,RUR6448__S_Nonar,3,C4-NRW-05,,Enfrashare,EC1-NRW-04624,,,,,,,,,169.99999999999997,,,538.2500000000001,,,,519.75,1028.6333333333332,,,,,,,,,,,,,,,2256.633333333333,,4,0.9738815586419753,12042.3,9256.416666666666,9150.183333333332,3768.2999999999993,10022.033333333335,9125.966666666665,9279,21756.43333333333,16264.849999999999,6949.0999999999985,12640.583333333332,16536.98333333333,9314.383333333333,8793.55,21378.266666666666,15555.166666666666,8228.499999999996,19528.399999999998,37917.333333333336,18373.03333333333,0,0,0,0,0,0,0,0,0,0,0,0,,,,Macro
970,RUR6587,RUR6587__S_NearShahGharib,3,C4-NRW-05,,Enfrashare,EC1-SKG-06492,,,,,,,,,,,,,,,,,,,,,,,,,,,,,,,,0,,0,1,12042.3,9256.416666666666,9150.183333333332,3768.2999999999993,10022.033333333335,9125.966666666665,9279,21756.43333333333,16264.849999999999,6949.0999999999985,12640.583333333332,16536.98333333333,9314.383333333333,8793.55,21378.266666666666,15555.166666666666,8228.499999999996,19528.399999999998,37917.333333333336,18373.03333333333,0,0,0,0,0,0,0,0,0,0,0,0,,,,Macro
971,RUR5622,RUR5622__S_MameyWal,3,C4-NRW-05,,Enfrashare,EC1-SKG-02361,,,,,,,,,,,,,,,,,,,,,,,,,,,,,,,,0,,0,1,12042.3,9256.416666666666,9150.183333333332,3768.2999999999993,10022.033333333335,9125.966666666665,9279,21756.43333333333,16264.849999999999,6949.0999999999985,12640.583333333332,16536.98333333333,9314.383333333333,8793.55,21378.266666666666,15555.166666666666,8228.499999999996,19528.399999999998,37917.333333333336,18373.03333333333,0,0,0,0,0,0,0,0,0,0,0,0,,,,Macro
972,SKG5655,SKG15655__S_MohallaFaisalTown,3,C4-NRW-05,,Enfrashare,EC1-SKG-02534,,,,,3.166666666666666,,,,,,,,,,25.33333333333333,,,,,,,,,,,,,,,,,28.499999999999993,,2,0.9996701388888889,12042.3,9256.416666666666,9150.183333333332,3768.2999999999993,10022.033333333335,9125.966666666665,9279,21756.43333333333,16264.849999999999,6949.0999999999985,12640.583333333332,16536.98333333333,9314.383333333333,8793.55,21378.266666666666,15555.166666666666,8228.499999999996,19528.399999999998,37917.333333333336,18373.03333333333,0,0,0,0,0,0,0,0,0,0,0,0,,,,Macro
973,RUR5628,RUR5628__S_Khaner,3,C4-NRW-05,,Enfrashare,EC1-NRW-01979,,,,,,138.5,,,749.25,,,725.0833333333335,,,,711.9999999999999,,,744.9166666666665,197.83333333333334,,,,,,,,,,,,3267.5833333333335,,6,0.9621807484567901,12042.3,9256.416666666666,9150.183333333332,3768.2999999999993,10022.033333333335,9125.966666666665,9279,21756.43333333333,16264.849999999999,6949.0999999999985,12640.583333333332,16536.98333333333,9314.383333333333,8793.55,21378.266666666666,15555.166666666666,8228.499999999996,19528.399999999998,37917.333333333336,18373.03333333333,0,0,0,0,0,0,0,0,0,0,0,0,,,,Macro
974,RUR4041,RUR4041__Sankhatra,4,C4-NRW-05,31,Stand by,,,,,,,,,59,288,,,319.83333333333337,1134.9,1966.3333333333333,133.33333333333337,,,,476.4166666666667,16.666666666666664,,,,,,,,,,,,4394.483333333334,,8,0.961853443287037,12042.3,9256.416666666666,9150.183333333332,3768.2999999999993,10022.033333333335,9125.966666666665,9279,21756.43333333333,16264.849999999999,6949.0999999999985,12640.583333333332,16536.98333333333,9314.383333333333,8793.55,21378.266666666666,15555.166666666666,8228.499999999996,19528.399999999998,37917.333333333336,18373.03333333333,0,0,0,0,0,0,0,0,0,0,0,0,C4-NRW-05,,,Macro
975,RUR6398,RUR6398__S_NawanPind,3,C4-NRW-05,,ATL,ATSLK12,,,59.75000000000001,,,47.58333333333333,,,,,,,,,,,,,,,,,,,,,,,,,,107.33333333333334,,2,0.9987577160493827,12042.3,9256.416666666666,9150.183333333332,3768.2999999999993,10022.033333333335,9125.966666666665,9279,21756.43333333333,16264.849999999999,6949.0999999999985,12640.583333333332,16536.98333333333,9314.383333333333,8793.55,21378.266666666666,15555.166666666666,8228.499999999996,19528.399999999998,37917.333333333336,18373.03333333333,0,0,0,0,0,0,0,0,0,0,0,0,,,,Macro
976,RUR5973,RUR5973__S_Dharamkot Warid_1N3553,4,C4-NRW-05,9,Stand by,,713.9999999999999,716.5666666666664,5.583333333333333,74.5,5.083333333333333,30,,,,,2.083333333333333,158.9166666666667,,,2,,2,,2,2,,,,,,,,,,,,1714.7333333333327,,12,0.9851151620370371,12042.3,9256.416666666666,9150.183333333332,3768.2999999999993,10022.033333333335,9125.966666666665,9279,21756.43333333333,16264.849999999999,6949.0999999999985,12640.583333333332,16536.98333333333,9314.383333333333,8793.55,21378.266666666666,15555.166666666666,8228.499999999996,19528.399999999998,37917.333333333336,18373.03333333333,0,0,0,0,0,0,0,0,0,0,0,0,C4-NRW-05,,,Macro
977,RUR0887,RUR0887__Fateh_pur,3,C4-NRW-05,,GLO,,,,,,,,,500.0000000000001,,,,,,,68.00000000000001,,,,,,,,,,,,,,,,,568.0000000000001,,2,0.9934259259259259,12042.3,9256.416666666666,9150.183333333332,3768.2999999999993,10022.033333333335,9125.966666666665,9279,21756.43333333333,16264.849999999999,6949.0999999999985,12640.583333333332,16536.98333333333,9314.383333333333,8793.55,21378.266666666666,15555.166666666666,8228.499999999996,19528.399999999998,37917.333333333336,18373.03333333333,0,0,0,0,0,0,0,0,0,0,0,0,C4-NRW-05,,,Macro
978,RUR8997,RUR8997__MaddoKhalwal,3,C4-NRW-05,20,Stand by,,,,,,10,,,,,,,,,,,,,,,,,,,,,,,,,,,10,,1,0.9998842592592593,12042.3,9256.416666666666,9150.183333333332,3768.2999999999993,10022.033333333335,9125.966666666665,9279,21756.43333333333,16264.849999999999,6949.0999999999985,12640.583333333332,16536.98333333333,9314.383333333333,8793.55,21378.266666666666,15555.166666666666,8228.499999999996,19528.399999999998,37917.333333333336,18373.03333333333,0,0,0,0,0,0,0,0,0,0,0,0,C4-NRW-05,,,Macro
979,RUR0907,RUR0907__Sathiyala,3,C4-NRW-05,,Enfrashare,EC1-NRW-08629,,,,,,,,,456.9999999999999,,,542.8333333333334,,,,436.5,,,433.14999999999986,6.583333333333334,,,,,,,,,,,,1876.0666666666664,,5,0.9782862654320987,12042.3,9256.416666666666,9150.183333333332,3768.2999999999993,10022.033333333335,9125.966666666665,9279,21756.43333333333,16264.849999999999,6949.0999999999985,12640.583333333332,16536.98333333333,9314.383333333333,8793.55,21378.266666666666,15555.166666666666,8228.499999999996,19528.399999999998,37917.333333333336,18373.03333333333,0,0,0,0,0,0,0,0,0,0,0,0,C4-NRW-05,UFone,CI-1064,Macro
980,RUR4999,RUR4999__NRWMundiKhailNRW,3,C4-NRW-05,,CP Prime,,,,,,,,,,,,,,,,,,,,,,,,,,,,,,,,,0,,0,1,12042.3,9256.416666666666,9150.183333333332,3768.2999999999993,10022.033333333335,9125.966666666665,9279,21756.43333333333,16264.849999999999,6949.0999999999985,12640.583333333332,16536.98333333333,9314.383333333333,8793.55,21378.266666666666,15555.166666666666,8228.499999999996,19528.399999999998,37917.333333333336,18373.03333333333,0,0,0,0,0,0,0,0,0,0,0,0,C4-NRW-05,,,Macro
981,RUR6930,RUR6930__SabzPriMor_NEW,3,C4-NRW-05,30,Stand by,,,,,,,,,,,,,,,,,,,,,,,,,,,,,,,,,0,,0,1,12042.3,9256.416666666666,9150.183333333332,3768.2999999999993,10022.033333333335,9125.966666666665,9279,21756.43333333333,16264.849999999999,6949.0999999999985,12640.583333333332,16536.98333333333,9314.383333333333,8793.55,21378.266666666666,15555.166666666666,8228.499999999996,19528.399999999998,37917.333333333336,18373.03333333333,0,0,0,0,0,0,0,0,0,0,0,0,C4-NRW-05,,,Macro
982,RUR6962,RUR6962__PostOffice_AC,3,C4-NRW-05,20,Stand by,,52.74999999999999,53.25,26.500000000000004,39.083333333333336,26.500000000000004,931.416666666667,536.8,225.8166666666666,52.166666666666664,13.333333333333334,65.5,,,,,,,,,,,,,,,,,,,,,2023.1166666666668,,11,0.9765842978395063,12042.3,9256.416666666666,9150.183333333332,3768.2999999999993,10022.033333333335,9125.966666666665,9279,21756.43333333333,16264.849999999999,6949.0999999999985,12640.583333333332,16536.98333333333,9314.383333333333,8793.55,21378.266666666666,15555.166666666666,8228.499999999996,19528.399999999998,37917.333333333336,18373.03333333333,0,0,0,0,0,0,0,0,0,0,0,0,C4-NRW-05,,,Macro
983,RUR5725,RUR5725__T_GourmetKhulqEMuhammadi,1,C4-NRW-05,,Jazz CP Prime,,38.11666666666667,,,,,,,,,,,,,,,,,,6.666666666666667,,,,,,,,,,,,,44.78333333333333,,2,0.9984450231481482,12042.3,9256.416666666666,9150.183333333332,3768.2999999999993,10022.033333333335,9125.966666666665,9279,21756.43333333333,16264.849999999999,6949.0999999999985,12640.583333333332,16536.98333333333,9314.383333333333,8793.55,21378.266666666666,15555.166666666666,8228.499999999996,19528.399999999998,37917.333333333336,18373.03333333333,0,0,0,0,0,0,0,0,0,0,0,0,,,,Micro
984,RUR3267,RUR3267__ChakRandhawa,3,C4-NRW-05,,Telenor,LRA001,195.25,14.5,173.83333333333337,,504.90000000000003,735.3000000000002,128.65,,,,,91.41666666666667,,29.25,67.5,121.66666666666669,,,610.4999999999999,,,,,,,,,,,,,2672.766666666667,,11,0.969065200617284,12042.3,9256.416666666666,9150.183333333332,3768.2999999999993,10022.033333333335,9125.966666666665,9279,21756.43333333333,16264.849999999999,6949.0999999999985,12640.583333333332,16536.98333333333,9314.383333333333,8793.55,21378.266666666666,15555.166666666666,8228.499999999996,19528.399999999998,37917.333333333336,18373.03333333333,0,0,0,0,0,0,0,0,0,0,0,0,C4-GRT-04,Telenor,LSU002,Macro
985,NRW3203,NRW3203__S_Dulam,3,C4-NRW-05,,Telenor,LBDR05,,,42.91666666666666,62.41666666666667,,,,477.1333333333333,,,,,,,1990.8000000000002,,,,,,,,,,,,,,,,,2573.266666666667,,4,0.9702168209876544,12042.3,9256.416666666666,9150.183333333332,3768.2999999999993,10022.033333333335,9125.966666666665,9279,21756.43333333333,16264.849999999999,6949.0999999999985,12640.583333333332,16536.98333333333,9314.383333333333,8793.55,21378.266666666666,15555.166666666666,8228.499999999996,19528.399999999998,37917.333333333336,18373.03333333333,0,0,0,0,0,0,0,0,0,0,0,0,C4-NRW-05,Telenor,LBDR05,Macro
986,SKG2336,"SKG2336_Dinpur Khurd, Shakargarh",3,C4-NRW-05,,CP Prime,,,,,,3.166666666666666,,,,,,,,1001.5,1093.3333333333333,,,373.79999999999995,2670.9500000000003,,,,,,,,,,,,,,5142.75,,5,0.9404774305555555,12042.3,9256.416666666666,0,7329.083333333333,0,0,0,0,0,0,0,0,0,0,0,0,0,2670.9500000000003,0,0,0,0,0,0,0,0,0,0,0,0,0,0,,,,
987,RUR4503,RUR4503__RajaThanaNarrowal,4,C4-NRW-05,30,Stand by,,,,,,,515.9999999999999,,,,402.24999999999994,,,,,,,51.91666666666667,121.58333333333334,160.56666666666666,326.33333333333337,,,,,,,,,,,,1578.6499999999996,,6,0.9862964409722222,12042.3,9256.416666666666,9150.183333333332,3768.2999999999993,10022.033333333335,9125.966666666665,9279,21756.43333333333,16264.849999999999,6949.0999999999985,12640.583333333332,16536.98333333333,9314.383333333333,8793.55,21378.266666666666,15555.166666666666,8228.499999999996,19528.399999999998,37917.333333333336,18373.03333333333,0,0,0,0,0,0,0,0,0,0,0,0,C4-NRW-05,,,Macro
988,RUR8811,RUR8811__Pindiman,3,C4-NRW-05,,CP Prime,,,,,,288,7.333333333333334,,44.25,45.50000000000001,,,20,,126.85,370.09999999999997,,,21.75,522.5,,,,,,,,,,,,,1446.2833333333333,,9,0.9832606095679013,12042.3,9256.416666666666,9150.183333333332,3768.2999999999993,10022.033333333335,9125.966666666665,9279,21756.43333333333,16264.849999999999,6949.0999999999985,12640.583333333332,16536.98333333333,9314.383333333333,8793.55,21378.266666666666,15555.166666666666,8228.499999999996,19528.399999999998,37917.333333333336,18373.03333333333,0,0,0,0,0,0,0,0,0,0,0,0,C4-NRW-05,,,Macro
989,RUR4621,RUR4621__Solary_town_Zafarwai,3,C4-NRW-05,20,Stand by,,,,,,,,,,33.166666666666664,,,208.5,13.833333333333334,,,177.41666666666666,,,500.83333333333326,,,,,,,,,,,,,933.7499999999999,,5,0.9891927083333333,12042.3,9256.416666666666,9150.183333333332,3768.2999999999993,10022.033333333335,9125.966666666665,9279,21756.43333333333,16264.849999999999,6949.0999999999985,12640.583333333332,16536.98333333333,9314.383333333333,8793.55,21378.266666666666,15555.166666666666,8228.499999999996,19528.399999999998,37917.333333333336,18373.03333333333,0,0,0,0,0,0,0,0,0,0,0,0,C4-NRW-05,,,Macro
990,RUR0271,RUR0271__S_TalwandiBhindran_Warid_MDNR1589,3,C4-NRW-05,30,Stand by,,,,65.25,,,78.50000000000001,,93.50000000000001,,162.08333333333334,,,,,,,,152.74999999999997,304.83333333333337,,,,,,,,,,,,,856.9166666666667,,6,0.9900819830246914,12042.3,9256.416666666666,9150.183333333332,3768.2999999999993,10022.033333333335,9125.966666666665,9279,21756.43333333333,16264.849999999999,6949.0999999999985,12640.583333333332,16536.98333333333,9314.383333333333,8793.55,21378.266666666666,15555.166666666666,8228.499999999996,19528.399999999998,37917.333333333336,18373.03333333333,0,0,0,0,0,0,0,0,0,0,0,0,C4-NRW-05,,,Macro
991,KTN4126,KTN4126__DalahNanqal_PT,3,C4-NRW-05,20,Stand by,,,,,,32.33333333333333,,,437.7500000000001,,,611.8333333333333,,,,,,,,8.666666666666668,515.4999999999999,,,,,,,,,,,,1606.0833333333335,,5,0.9814110725308641,12042.3,9256.416666666666,9150.183333333332,3768.2999999999993,10022.033333333335,9125.966666666665,9279,21756.43333333333,16264.849999999999,6949.0999999999985,12640.583333333332,16536.98333333333,9314.383333333333,8793.55,21378.266666666666,15555.166666666666,8228.499999999996,19528.399999999998,37917.333333333336,18373.03333333333,0,0,0,0,0,0,0,0,0,0,0,0,C4-NRW-05,,,Macro
992,SKG3770,SKG3770__MuslimTown_Shakr,3,C4-NRW-05,30,Stand by,,,,,,149.16666666666663,,,144,,,,,,,,,,,,,,,,,,,,,,,,293.16666666666663,,2,0.9966068672839506,12042.3,9256.416666666666,9150.183333333332,3768.2999999999993,10022.033333333335,9125.966666666665,9279,21756.43333333333,16264.849999999999,6949.0999999999985,12640.583333333332,16536.98333333333,9314.383333333333,8793.55,21378.266666666666,15555.166666666666,8228.499999999996,19528.399999999998,37917.333333333336,18373.03333333333,0,0,0,0,0,0,0,0,0,0,0,0,C4-NRW-05,,,Macro
993,RUR9739,RUR9739__MaralaMore,3,C4-NRW-05,20,Stand by,,,,,,,,,,,,,,,,,,,,234.83333333333337,,,,,,,,,,,,,234.83333333333337,,1,0.9972820216049382,12042.3,9256.416666666666,9150.183333333332,3768.2999999999993,10022.033333333335,9125.966666666665,9279,21756.43333333333,16264.849999999999,6949.0999999999985,12640.583333333332,16536.98333333333,9314.383333333333,8793.55,21378.266666666666,15555.166666666666,8228.499999999996,19528.399999999998,37917.333333333336,18373.03333333333,0,0,0,0,0,0,0,0,0,0,0,0,C4-NRW-05,,,Macro
994,NRW5820,NRW5820_H_Ransinwal road Narowal,3,C4-NRW-05,,Enfrashare,EC1-NRW-07811,,,,1.583333333333333,450.41666666666663,,,221.5,,,,,,,388.5,,,,,,,,,,,,,,,,,1062,,4,0.9877083333333333,12042.3,9256.416666666666,9150.183333333332,3768.2999999999993,10022.033333333335,9125.966666666665,9279,21756.43333333333,16264.849999999999,6949.0999999999985,12640.583333333332,16536.98333333333,9314.383333333333,8793.55,21378.266666666666,15555.166666666666,8228.499999999996,19528.399999999998,37917.333333333336,18373.03333333333,0,0,0,0,0,0,0,0,0,0,0,0,,,,Macro
995,RUR4037,RUR4037__JarpalExchange4_A,3,C4-NRW-05,20,Stand by,,,,27.5,,,,,,,,,,,,,,,,664.9166666666666,,,,,,,,,,,,,692.4166666666666,,2,0.9919859182098766,12042.3,9256.416666666666,9150.183333333332,3768.2999999999993,10022.033333333335,9125.966666666665,9279,21756.43333333333,16264.849999999999,6949.0999999999985,12640.583333333332,16536.98333333333,9314.383333333333,8793.55,21378.266666666666,15555.166666666666,8228.499999999996,19528.399999999998,37917.333333333336,18373.03333333333,0,0,0,0,0,0,0,0,0,0,0,0,C4-NRW-05,,,Macro
996,RUR6322,RUR6322__S_Sohawra_RL_RUR5697,3,C4-NRW-05,,E.Co,e.coPK018377PU,,,,,400.33333333333326,684.5000000000001,,,,,,,,,470.5833333333334,,66.33333333333333,,,,,,,,,,,,,,,1621.7500000000002,,4,0.9812297453703703,12042.3,9256.416666666666,9150.183333333332,3768.2999999999993,10022.033333333335,9125.966666666665,9279,21756.43333333333,16264.849999999999,6949.0999999999985,12640.583333333332,16536.98333333333,9314.383333333333,8793.55,21378.266666666666,15555.166666666666,8228.499999999996,19528.399999999998,37917.333333333336,18373.03333333333,0,0,0,0,0,0,0,0,0,0,0,0,,,,Macro
997,RUR8158,RUR8158_IkhlasPur,3,C4-NRW-05,,UFONE,CI-1052,,,,,,,,,,,,,,81.75,,,,,48.66666666666667,,,,,,,,,,,,,130.41666666666669,,2,0.9984905478395062,12042.3,9256.416666666666,9150.183333333332,3768.2999999999993,10022.033333333335,9125.966666666665,9279,21756.43333333333,16264.849999999999,6949.0999999999985,12640.583333333332,16536.98333333333,9314.383333333333,8793.55,21378.266666666666,15555.166666666666,8228.499999999996,19528.399999999998,37917.333333333336,18373.03333333333,0,0,0,0,0,0,0,0,0,0,0,0,C4-NRW-05,UFone,CI-1052,Macro
998,RUR6517,RUR6517__S_Gangohar,3,C4-NRW-05,,E.Co,e.coPK019218PU,,,,,,,,,,,296.5,910.9166666666667,,,846.5500000000002,,,424.2500000000001,996.6666666666667,159.08333333333334,,,,,,,,,,,,3633.9666666666676,,6,0.9579402006172839,12042.3,9256.416666666666,9150.183333333332,3768.2999999999993,10022.033333333335,9125.966666666665,9279,21756.43333333333,16264.849999999999,6949.0999999999985,12640.583333333332,16536.98333333333,9314.383333333333,8793.55,21378.266666666666,15555.166666666666,8228.499999999996,19528.399999999998,37917.333333333336,18373.03333333333,0,0,0,0,0,0,0,0,0,0,0,0,,,,Macro
999,RUR5664,RUR5664_H_USF_USLK017_Langah Narowal,4,C4-NRW-05,,Enfrashare,EC1-SKT-06958,,,1035.5833333333335,,40.08333333333333,,,595.8666666666668,,,1067.1666666666667,,,988.3333333333334,,,,,69.5,700.5000000000002,,,,,,,,,,,,4497.033333333334,,7,0.9609632523148148,12042.3,9256.416666666666,9150.183333333332,3768.2999999999993,10022.033333333335,9125.966666666665,9279,21756.43333333333,16264.849999999999,6949.0999999999985,12640.583333333332,16536.98333333333,9314.383333333333,8793.55,21378.266666666666,15555.166666666666,8228.499999999996,19528.399999999998,37917.333333333336,18373.03333333333,0,0,0,0,0,0,0,0,0,0,0,0,,,,Macro
1000,DDL9708,DDL9708__Hurr_Kalan_Dhadgal,4,C4-NRW-05,31,Stand by,,,,,,,,,,,,31.5,,,,,57.00000000000001,,,,,,,,,,,,,,,,88.5,,2,0.9992317708333333,12042.3,9256.416666666666,9150.183333333332,3768.2999999999993,10022.033333333335,9125.966666666665,9279,21756.43333333333,16264.849999999999,6949.0999999999985,12640.583333333332,16536.98333333333,9314.383333333333,8793.55,21378.266666666666,15555.166666666666,8228.499999999996,19528.399999999998,37917.333333333336,18373.03333333333,0,0,0,0,0,0,0,0,0,0,0,0,C4-NRW-05,,,Macro
1001,DDL4094,DDL4094__GhogalPur,3,C4-NRW-05,20,Stand by,,,,,,,,,,,,21,,,,,53.33333333333332,,,,,,,,,,,,,,,,74.33333333333331,,2,0.9991396604938272,12042.3,9256.416666666666,9150.183333333332,3768.2999999999993,10022.033333333335,9125.966666666665,9279,21756.43333333333,16264.849999999999,6949.0999999999985,12640.583333333332,16536.98333333333,9314.383333333333,8793.55,21378.266666666666,15555.166666666666,8228.499999999996,19528.399999999998,37917.333333333336,18373.03333333333,0,0,0,0,0,0,0,0,0,0,0,0,C4-NRW-05,,,Macro
1002,RUR0350,RUR0350__Pindi_Bhori_NEW,3,C4-NRW-05,27,Stand by,,,,,,98.08333333333333,73.41666666666667,,,195.08333333333331,,,,115.25000000000001,,,61.41666666666667,,,244.25000000000003,68.5,,,,,,,,,,,,856,,7,0.9900925925925925,12042.3,9256.416666666666,9150.183333333332,3768.2999999999993,10022.033333333335,9125.966666666665,9279,21756.43333333333,16264.849999999999,6949.0999999999985,12640.583333333332,16536.98333333333,9314.383333333333,8793.55,21378.266666666666,15555.166666666666,8228.499999999996,19528.399999999998,37917.333333333336,18373.03333333333,0,0,0,0,0,0,0,0,0,0,0,0,C4-NRW-05,,,Macro
1003,RUR5141,RUR5141__S_Tharo Mandi stop Warid_MR1B2726,4,C4-NRW-05,27,Stand by,,140.08333333333334,230.58333333333334,,,,,,42.33333333333332,,524.5333333333334,,,,448.0333333333333,34.08333333333333,32.083333333333336,805.0999999999999,,26.833333333333332,,,,,,,,,,,,,2283.6666666666665,,9,0.9801765046296296,12042.3,9256.416666666666,9150.183333333332,3768.2999999999993,10022.033333333335,9125.966666666665,9279,21756.43333333333,16264.849999999999,6949.0999999999985,12640.583333333332,16536.98333333333,9314.383333333333,8793.55,21378.266666666666,15555.166666666666,8228.499999999996,19528.399999999998,37917.333333333336,18373.03333333333,0,0,0,0,0,0,0,0,0,0,0,0,C4-NRW-05,,,Macro
1004,RUR5632,RUR5632_H_USF_MOT_M11_U1_WadalaSindhMadharianWalaKalarSialkot,3,C4-NRW-05,,Tawal,TWPSKT0003U,116.91666666666666,295.25,13.083333333333332,,,16.75,,,,,,,,,,,,,,,,,,,,,,,,,,441.99999999999994,,4,0.9948842592592593,12042.3,9256.416666666666,9150.183333333332,3768.2999999999993,10022.033333333335,9125.966666666665,9279,21756.43333333333,16264.849999999999,6949.0999999999985,12640.583333333332,16536.98333333333,9314.383333333333,8793.55,21378.266666666666,15555.166666666666,8228.499999999996,19528.399999999998,37917.333333333336,18373.03333333333,0,0,0,0,0,0,0,0,0,0,0,0,,,,Macro
1005,RUR5980,RUR5980__S_Taurianwala Warid_475350@RUR5980,4,C4-NRW-05,20,Stand by,,,40,,,,,,,,,,,,,,,,,,,,,,,,,,,,,,40,,1,0.9996527777777777,12042.3,9256.416666666666,9150.183333333332,3768.2999999999993,10022.033333333335,9125.966666666665,9279,21756.43333333333,16264.849999999999,6949.0999999999985,12640.583333333332,16536.98333333333,9314.383333333333,8793.55,21378.266666666666,15555.166666666666,8228.499999999996,19528.399999999998,37917.333333333336,18373.03333333333,0,0,0,0,0,0,0,0,0,0,0,0,C4-NRW-05,,,Macro
1006,RUR5559,RUR5559__S_Dehlra_Ufone1511,3,C4-NRW-05,,UFone,CI-1511,,,,,,,,,,,,,,,,,,,,,,,,,,,,,,,,0,,0,1,12042.3,9256.416666666666,9150.183333333332,3768.2999999999993,10022.033333333335,9125.966666666665,9279,21756.43333333333,16264.849999999999,6949.0999999999985,12640.583333333332,16536.98333333333,9314.383333333333,8793.55,21378.266666666666,15555.166666666666,8228.499999999996,19528.399999999998,37917.333333333336,18373.03333333333,0,0,0,0,0,0,0,0,0,0,0,0,,,,Macro
1007,RUR3264,RUR3264__Ugo_Chak,3,C4-NRW-05,13,Stand by,,,,,,,126.24999999999999,31.749999999999993,,,75.25000000000001,,,,,,,,,,593.7166666666667,,,,,,,,,,,,826.9666666666667,,4,0.9904286265432098,12042.3,9256.416666666666,9150.183333333332,3768.2999999999993,10022.033333333335,9125.966666666665,9279,21756.43333333333,16264.849999999999,6949.0999999999985,12640.583333333332,16536.98333333333,9314.383333333333,8793.55,21378.266666666666,15555.166666666666,8228.499999999996,19528.399999999998,37917.333333333336,18373.03333333333,0,0,0,0,0,0,0,0,0,0,0,0,C4-NRW-05,,,Macro
1008,RUR9991,RUR9991__AalianWali,3,C4-NRW-05,13,Stand by,,,,,,,,,,,,,,,,,,,,,,,,,,,,,,,,,0,,0,1,12042.3,9256.416666666666,9150.183333333332,3768.2999999999993,10022.033333333335,9125.966666666665,9279,21756.43333333333,16264.849999999999,6949.0999999999985,12640.583333333332,16536.98333333333,9314.383333333333,8793.55,21378.266666666666,15555.166666666666,8228.499999999996,19528.399999999998,37917.333333333336,18373.03333333333,0,0,0,0,0,0,0,0,0,0,0,0,C4-NRW-05,,,Macro
1009,RUR9738,RUR9738__MaingraFatowal,3,C4-NRW-05,20,Stand by,,,,,,,,,151.75000000000003,,,,,,,,,,59.000000000000014,,,,,,,,,,,,,,210.75000000000006,,2,0.9975607638888888,12042.3,9256.416666666666,9150.183333333332,3768.2999999999993,10022.033333333335,9125.966666666665,9279,21756.43333333333,16264.849999999999,6949.0999999999985,12640.583333333332,16536.98333333333,9314.383333333333,8793.55,21378.266666666666,15555.166666666666,8228.499999999996,19528.399999999998,37917.333333333336,18373.03333333333,0,0,0,0,0,0,0,0,0,0,0,0,C4-NRW-05,,,Macro
1010,RUR5145,RUR5145__S_Badiana Warid_MR1B2724,3,C4-NRW-05,30,Stand by,,,,,,,,,502.4166666666667,,,,18.749999999999996,,,68.25,,,,,,,,,,,,,,,,,589.4166666666666,,3,0.9931780478395063,12042.3,9256.416666666666,9150.183333333332,3768.2999999999993,10022.033333333335,9125.966666666665,9279,21756.43333333333,16264.849999999999,6949.0999999999985,12640.583333333332,16536.98333333333,9314.383333333333,8793.55,21378.266666666666,15555.166666666666,8228.499999999996,19528.399999999998,37917.333333333336,18373.03333333333,0,0,0,0,0,0,0,0,0,0,0,0,C4-NRW-05,,,Macro
1011,RUR1127,RUR1127__OffloadRUR4037A,3,C4-NRW-05,30,Stand by,,,,,,,,,,,,,,,,,47.83333333333334,,,328.48333333333335,87.24999999999999,,,,,,,,,,,,463.5666666666667,,3,0.9946346450617284,12042.3,9256.416666666666,9150.183333333332,3768.2999999999993,10022.033333333335,9125.966666666665,9279,21756.43333333333,16264.849999999999,6949.0999999999985,12640.583333333332,16536.98333333333,9314.383333333333,8793.55,21378.266666666666,15555.166666666666,8228.499999999996,19528.399999999998,37917.333333333336,18373.03333333333,0,0,0,0,0,0,0,0,0,0,0,0,C4-NRW-05,,,Macro
1012,RUR5657,RUR15657__S_Lakhnoor,3,C4-NRW-05,,Enfrashare,EC1-SKG-02027,,,,,,,,,,,,,,,,,,,,,,,,,,,,,,,,0,,0,1,12042.3,9256.416666666666,9150.183333333332,3768.2999999999993,10022.033333333335,9125.966666666665,9279,21756.43333333333,16264.849999999999,6949.0999999999985,12640.583333333332,16536.98333333333,9314.383333333333,8793.55,21378.266666666666,15555.166666666666,8228.499999999996,19528.399999999998,37917.333333333336,18373.03333333333,0,0,0,0,0,0,0,0,0,0,0,0,,,,Macro
1013,KPD9970,KPD9970__KaloPaddaNorowal,3,C4-NRW-05,20,Stand by,,,,,,,,,,,,,,389.83333333333326,,264.75,,,,,,,,,,,,,,,,,654.5833333333333,,2,0.9924238040123456,12042.3,9256.416666666666,9150.183333333332,3768.2999999999993,10022.033333333335,9125.966666666665,9279,21756.43333333333,16264.849999999999,6949.0999999999985,12640.583333333332,16536.98333333333,9314.383333333333,8793.55,21378.266666666666,15555.166666666666,8228.499999999996,19528.399999999998,37917.333333333336,18373.03333333333,0,0,0,0,0,0,0,0,0,0,0,0,C4-NRW-05,,,Macro
1014,RUR1173,RUR1173_Offload RUR9991C,3,C4-NRW-05,30,Stand by,,51.54999999999999,228.9833333333334,,,,76.58333333333334,,,,,,,,,,239.66666666666663,29.75,,,158.08333333333331,,,,,,,,,,,,784.6166666666668,,6,0.9909187885802468,12042.3,9256.416666666666,9150.183333333332,3768.2999999999993,10022.033333333335,9125.966666666665,9279,21756.43333333333,16264.849999999999,6949.0999999999985,12640.583333333332,16536.98333333333,9314.383333333333,8793.55,21378.266666666666,15555.166666666666,8228.499999999996,19528.399999999998,37917.333333333336,18373.03333333333,0,0,0,0,0,0,0,0,0,0,0,0,C4-NRW-05,,,Macro
1015,HWY3271,HWY3271__Basu Panoon,3,C4-NRW-05,13,Stand by,,,,,,,87,81.50000000000001,45.75,99,102.50000000000001,,,,,,,,75.50000000000001,28.5,128.8,,,,,,,,,,,,648.55,,8,0.9924936342592592,12042.3,9256.416666666666,9150.183333333332,3768.2999999999993,10022.033333333335,9125.966666666665,9279,21756.43333333333,16264.849999999999,6949.0999999999985,12640.583333333332,16536.98333333333,9314.383333333333,8793.55,21378.266666666666,15555.166666666666,8228.499999999996,19528.399999999998,37917.333333333336,18373.03333333333,0,0,0,0,0,0,0,0,0,0,0,0,C4-NRW-05,,,Macro
1016,RUR4039,RUR4039__KangrorPindNRW,4,C4-NRW-05,20,Stand by,,,,,,,171.86666666666667,17.066666666666666,,,86.24999999999999,,,,,140.4,,,,,,,,,,,,,,,,,415.58333333333337,,4,0.9963925057870371,12042.3,9256.416666666666,9150.183333333332,3768.2999999999993,10022.033333333335,9125.966666666665,9279,21756.43333333333,16264.849999999999,6949.0999999999985,12640.583333333332,16536.98333333333,9314.383333333333,8793.55,21378.266666666666,15555.166666666666,8228.499999999996,19528.399999999998,37917.333333333336,18373.03333333333,0,0,0,0,0,0,0,0,0,0,0,0,C4-NRW-05,,,Macro
1017,RUR0909,RUR0909__Mailu_Sailu,3,C4-NRW-05,27,Stand by,,26.25,,44.75000000000001,,,,,,,,,340.58333333333326,,250.75,504.58333333333326,,61.266666666666666,2309.983333333333,48.43333333333334,,,,,,,,,,,,,3586.5999999999995,,8,0.9584884259259259,12042.3,9256.416666666666,9150.183333333332,3768.2999999999993,10022.033333333335,9125.966666666665,9279,21756.43333333333,16264.849999999999,6949.0999999999985,12640.583333333332,16536.98333333333,9314.383333333333,8793.55,21378.266666666666,15555.166666666666,8228.499999999996,19528.399999999998,37917.333333333336,18373.03333333333,0,0,0,0,0,0,0,0,0,0,0,0,C4-NRW-05,,,Macro
1018,BBK9609,BBK9609__BobakMaraly,3,C4-NRW-05,31,Stand by,,,,,,,,,106.41666666666669,,,,,,,,,45.75,,,,,,,,,,,,,,,152.16666666666669,,2,0.998238811728395,12042.3,9256.416666666666,9150.183333333332,3768.2999999999993,10022.033333333335,9125.966666666665,9279,21756.43333333333,16264.849999999999,6949.0999999999985,12640.583333333332,16536.98333333333,9314.383333333333,8793.55,21378.266666666666,15555.166666666666,8228.499999999996,19528.399999999998,37917.333333333336,18373.03333333333,0,0,0,0,0,0,0,0,0,0,0,0,C4-NRW-05,,,Macro
1019,RUR9651,RUR9651__VllgeDialprNoorKot_N,3,C4-NRW-05,,GLO,,,,,,,,,346.79999999999995,,,224.5,,,,247.13333333333333,,,311.33333333333337,,,,,,,,,,,,,,1129.7666666666667,,4,0.9869239969135802,12042.3,9256.416666666666,9150.183333333332,3768.2999999999993,10022.033333333335,9125.966666666665,9279,21756.43333333333,16264.849999999999,6949.0999999999985,12640.583333333332,16536.98333333333,9314.383333333333,8793.55,21378.266666666666,15555.166666666666,8228.499999999996,19528.399999999998,37917.333333333336,18373.03333333333,0,0,0,0,0,0,0,0,0,0,0,0,C4-NRW-05,,,Macro
1020,NRW5630,NRW5630__S_MasterGhulamRasoolColony,3,C4-NRW-05,,Enfrashare,EC1-NRW-02486,,,,,,,,,,,,,,,,,,,,,,,,,,,,,,,,0,,0,1,12042.3,9256.416666666666,9150.183333333332,3768.2999999999993,10022.033333333335,9125.966666666665,9279,21756.43333333333,16264.849999999999,6949.0999999999985,12640.583333333332,16536.98333333333,9314.383333333333,8793.55,21378.266666666666,15555.166666666666,8228.499999999996,19528.399999999998,37917.333333333336,18373.03333333333,0,0,0,0,0,0,0,0,0,0,0,0,,,,Macro
1021,RUR6442,RUR6442__S_FaizaneMadinaZafarwal,3,C4-NRW-05,,E.Co,e.coPK018661PU,,,,,,,,,549.4166666666665,,,542.25,,,,519.0000000000001,,,536.0833333333333,,,,,,,,,,,,,2146.75,,4,0.9751533564814815,12042.3,9256.416666666666,9150.183333333332,3768.2999999999993,10022.033333333335,9125.966666666665,9279,21756.43333333333,16264.849999999999,6949.0999999999985,12640.583333333332,16536.98333333333,9314.383333333333,8793.55,21378.266666666666,15555.166666666666,8228.499999999996,19528.399999999998,37917.333333333336,18373.03333333333,0,0,0,0,0,0,0,0,0,0,0,0,,,,Macro
1022,RUR4006,RUR4006__OffloadRUR4998B,3,C4-NRW-05,20,Stand by,,,45.24999999999999,,,,,,45.50000000000001,,139.08333333333337,,,,,,180.54999999999998,401.88333333333327,,137.75,59.750000000000014,,,,,,,,,,,,1009.7666666666667,,7,0.9883128858024692,12042.3,9256.416666666666,9150.183333333332,3768.2999999999993,10022.033333333335,9125.966666666665,9279,21756.43333333333,16264.849999999999,6949.0999999999985,12640.583333333332,16536.98333333333,9314.383333333333,8793.55,21378.266666666666,15555.166666666666,8228.499999999996,19528.399999999998,37917.333333333336,18373.03333333333,0,0,0,0,0,0,0,0,0,0,0,0,C4-NRW-05,,,Macro
1023,RUR5147,RUR5147__S_Langay Warid_MR525365,4,C4-NRW-05,30,Stand by,,,,2,,,,116.75000000000001,370.1666666666667,,,,335.16666666666663,162.34999999999997,18.333333333333332,223.66666666666657,,,,,,,,,,,,,,,,,1228.4333333333332,,7,0.9893365162037037,12042.3,9256.416666666666,9150.183333333332,3768.2999999999993,10022.033333333335,9125.966666666665,9279,21756.43333333333,16264.849999999999,6949.0999999999985,12640.583333333332,16536.98333333333,9314.383333333333,8793.55,21378.266666666666,15555.166666666666,8228.499999999996,19528.399999999998,37917.333333333336,18373.03333333333,0,0,0,0,0,0,0,0,0,0,0,0,C4-NRW-05,,,Macro
1024,DDL9710,DDL9710__Sunari_Khurd_Dhadyal,3,C4-NRW-05,31,Stand by,,,,,,,,,,,,,,,,,,,,,,,,,,,,,,,,,0,,0,1,12042.3,9256.416666666666,9150.183333333332,3768.2999999999993,10022.033333333335,9125.966666666665,9279,21756.43333333333,16264.849999999999,6949.0999999999985,12640.583333333332,16536.98333333333,9314.383333333333,8793.55,21378.266666666666,15555.166666666666,8228.499999999996,19528.399999999998,37917.333333333336,18373.03333333333,0,0,0,0,0,0,0,0,0,0,0,0,C4-NRW-05,,,Macro
1025,MNZ1368,MNZ1368_NAROWAL TO SHAKARGARH ROAD,3,C4-NRW-05,20,Stand by,,229.5,,,,,,,,,,104.25000000000003,,,,,,,299.83333333333337,519.3333333333333,,,,,,,,,,,,,1152.9166666666665,,4,0.9866560570987655,12042.3,9256.416666666666,9150.183333333332,3768.2999999999993,10022.033333333335,9125.966666666665,9279,21756.43333333333,16264.849999999999,6949.0999999999985,12640.583333333332,16536.98333333333,9314.383333333333,8793.55,21378.266666666666,15555.166666666666,8228.499999999996,19528.399999999998,37917.333333333336,18373.03333333333,0,0,0,0,0,0,0,0,0,0,0,0,C4-NRW-05,,,Macro
1026,SKG9037,SKG9037__S_Tera,3,C4-NRW-05,,Enfrashare,EC1-SKG-09068,10,,,15,3.166666666666666,,9.75,14.41666666666666,273.1666666666667,,,62.41666666666667,682.9999999999999,228.25,172.83333333333331,64.16666666666666,,540.7,118.83333333333331,486.41666666666674,,,,,,,,,,,,2682.116666666667,,14,0.9689569830246912,12042.3,9256.416666666666,9150.183333333332,3768.2999999999993,10022.033333333335,9125.966666666665,9279,21756.43333333333,16264.849999999999,6949.0999999999985,12640.583333333332,16536.98333333333,9314.383333333333,8793.55,21378.266666666666,15555.166666666666,8228.499999999996,19528.399999999998,37917.333333333336,18373.03333333333,0,0,0,0,0,0,0,0,0,0,0,0,,,,
1027,RUR3998,RUR3998__ChoubraChawinda,4,C4-NRW-05,27,Stand by,,,7.333333333333333,,,,,,,,552.0833333333335,,,,696.2333333333333,544.2333333333333,,,,,,,,,,,,,,,,,1799.8833333333334,,4,0.9843760127314815,12042.3,9256.416666666666,9150.183333333332,3768.2999999999993,10022.033333333335,9125.966666666665,9279,21756.43333333333,16264.849999999999,6949.0999999999985,12640.583333333332,16536.98333333333,9314.383333333333,8793.55,21378.266666666666,15555.166666666666,8228.499999999996,19528.399999999998,37917.333333333336,18373.03333333333,0,0,0,0,0,0,0,0,0,0,0,0,C4-NRW-05,,,Macro
1028,CHW6916,CHW6916__MuhallahMahmad,3,C4-NRW-05,13,Stand by,,,,,,,,,,,,,59.750000000000014,,,,,,43.33333333333333,,,,,,,,,,,,,,103.08333333333334,,2,0.9988069058641975,12042.3,9256.416666666666,9150.183333333332,3768.2999999999993,10022.033333333335,9125.966666666665,9279,21756.43333333333,16264.849999999999,6949.0999999999985,12640.583333333332,16536.98333333333,9314.383333333333,8793.55,21378.266666666666,15555.166666666666,8228.499999999996,19528.399999999998,37917.333333333336,18373.03333333333,0,0,0,0,0,0,0,0,0,0,0,0,C4-NRW-05,,,Macro
1029,STR4976,STR4976__DTESatrah,3,C4-NRW-05,30,Stand by,,45.24999999999999,,,41.91666666666667,92.25,46.716666666666654,29.816666666666663,,,163.08333333333334,20.5,18.666666666666668,,,,68,18.5,32.49999999999999,,14.75,,,,,,,,,,,,591.95,,12,0.9931487268518517,12042.3,9256.416666666666,9150.183333333332,3768.2999999999993,10022.033333333335,9125.966666666665,9279,21756.43333333333,16264.849999999999,6949.0999999999985,12640.583333333332,16536.98333333333,9314.383333333333,8793.55,21378.266666666666,15555.166666666666,8228.499999999996,19528.399999999998,37917.333333333336,18373.03333333333,0,0,0,0,0,0,0,0,0,0,0,0,C4-NRW-05,,,Macro
1030,KTN9623,KTN9623__KotNainaShkrGrh_PT,4,C4-NRW-05,30,Stand by,,,,,,,,,,100.08333333333333,,,,,350.58333333333337,,,,,418.3333333333333,,,,,,,,,,,,,869,,3,0.9924565972222222,12042.3,9256.416666666666,9150.183333333332,3768.2999999999993,10022.033333333335,9125.966666666665,9279,21756.43333333333,16264.849999999999,6949.0999999999985,12640.583333333332,16536.98333333333,9314.383333333333,8793.55,21378.266666666666,15555.166666666666,8228.499999999996,19528.399999999998,37917.333333333336,18373.03333333333,0,0,0,0,0,0,0,0,0,0,0,0,C4-NRW-05,,,Macro
1031,RUR1151,RUR1151__SingraPind,3,C4-NRW-05,30,Stand by,,,,,,,,,,,17.166666666666668,26.666666666666664,,,,,,,,189.58333333333334,,,,,,,,,,,,,233.41666666666669,,3,0.9972984182098766,12042.3,9256.416666666666,9150.183333333332,3768.2999999999993,10022.033333333335,9125.966666666665,9279,21756.43333333333,16264.849999999999,6949.0999999999985,12640.583333333332,16536.98333333333,9314.383333333333,8793.55,21378.266666666666,15555.166666666666,8228.499999999996,19528.399999999998,37917.333333333336,18373.03333333333,0,0,0,0,0,0,0,0,0,0,0,0,C4-NRW-05,,,Macro
1032,KTN1216,KTN1216__KTN9622B_Offload,3,C4-NRW-05,13,Stand by,,,,,,257.1666666666667,,,,,,,,,,,,,,13.75,,,,,,,,,,,,,270.9166666666667,,2,0.9968643904320987,12042.3,9256.416666666666,9150.183333333332,3768.2999999999993,10022.033333333335,9125.966666666665,9279,21756.43333333333,16264.849999999999,6949.0999999999985,12640.583333333332,16536.98333333333,9314.383333333333,8793.55,21378.266666666666,15555.166666666666,8228.499999999996,19528.399999999998,37917.333333333336,18373.03333333333,0,0,0,0,0,0,0,0,0,0,0,0,C4-NRW-05,,,Macro
1033,NRW4000,NRW4000__KatcheryRdNarowal,3,C4-NRW-05,20,Stand by,,,,,1.583333333333333,,,,,,,,,411.9166666666666,,,,,,,,,,,,,,,,,,,413.4999999999999,,2,0.9952141203703704,12042.3,9256.416666666666,9150.183333333332,3768.2999999999993,10022.033333333335,9125.966666666665,9279,21756.43333333333,16264.849999999999,6949.0999999999985,12640.583333333332,16536.98333333333,9314.383333333333,8793.55,21378.266666666666,15555.166666666666,8228.499999999996,19528.399999999998,37917.333333333336,18373.03333333333,0,0,0,0,0,0,0,0,0,0,0,0,C4-NRW-05,,,Macro
1034,RUR0515,RUR0515__Phalora,3,C4-NRW-05,,UFone,7787,,,13.416666666666671,,,,,33.75,,396.7499999999999,,,,,,,,21.333333333333332,,,,,,,,,,,,,,465.2499999999999,,4,0.9946151620370371,12042.3,9256.416666666666,9150.183333333332,3768.2999999999993,10022.033333333335,9125.966666666665,9279,21756.43333333333,16264.849999999999,6949.0999999999985,12640.583333333332,16536.98333333333,9314.383333333333,8793.55,21378.266666666666,15555.166666666666,8228.499999999996,19528.399999999998,37917.333333333336,18373.03333333333,0,0,0,0,0,0,0,0,0,0,0,0,C4-NRW-05,UFone,7787,Macro
1035,SKG5615,SKG5615_H_Mohallah Bijli Ghar near Jamwal Phatak Shakar Grah,3,C4-NRW-05,,Enfrashare,EC1-SKG-07812,,,,,371.2166666666665,,,812.25,,,625.8,,,,692.1999999999998,,,635.7500000000001,164.66666666666663,,,,,,,,,,,,,3301.8833333333328,,6,0.9617837577160493,12042.3,9256.416666666666,9150.183333333332,3768.2999999999993,10022.033333333335,9125.966666666665,9279,21756.43333333333,16264.849999999999,6949.0999999999985,12640.583333333332,16536.98333333333,9314.383333333333,8793.55,21378.266666666666,15555.166666666666,8228.499999999996,19528.399999999998,37917.333333333336,18373.03333333333,0,0,0,0,0,0,0,0,0,0,0,0,,,,Macro
1036,RUR5827,RUR5827_H_Phagwari Narowal,3,C4-NRW-05,,Enfrashare,EC1-SKG-07814,,,,,159,,,,106.99999999999997,,,,,,,,,,,,,,,,,,,,,,,266,,2,0.9969212962962963,12042.3,9256.416666666666,9150.183333333332,3768.2999999999993,10022.033333333335,9125.966666666665,9279,21756.43333333333,16264.849999999999,6949.0999999999985,12640.583333333332,16536.98333333333,9314.383333333333,8793.55,21378.266666666666,15555.166666666666,8228.499999999996,19528.399999999998,37917.333333333336,18373.03333333333,0,0,0,0,0,0,0,0,0,0,0,0,,,,Macro
1037,RUR1294,RUR1294__Mazaffar,3,C4-NRW-05,,CP Prime,,,,,,,,,,,,,,,,,,,,311.2499999999999,,,,,,,,,,,,,311.2499999999999,,1,0.9963975694444445,12042.3,9256.416666666666,9150.183333333332,3768.2999999999993,10022.033333333335,9125.966666666665,9279,21756.43333333333,16264.849999999999,6949.0999999999985,12640.583333333332,16536.98333333333,9314.383333333333,8793.55,21378.266666666666,15555.166666666666,8228.499999999996,19528.399999999998,37917.333333333336,18373.03333333333,0,0,0,0,0,0,0,0,0,0,0,0,C4-NRW-05,,,Macro
1038,RUR0872,RUR0872_kotGhulamMuhammad,3,C4-NRW-05,9,Stand by,,,,,,,,,727.9166666666666,709.5666666666666,,,,,,,,,,43.41666666666667,,,,,,,,,,,,,1480.8999999999999,,3,0.9828599537037037,12042.3,9256.416666666666,9150.183333333332,3768.2999999999993,10022.033333333335,9125.966666666665,9279,21756.43333333333,16264.849999999999,6949.0999999999985,12640.583333333332,16536.98333333333,9314.383333333333,8793.55,21378.266666666666,15555.166666666666,8228.499999999996,19528.399999999998,37917.333333333336,18373.03333333333,0,0,0,0,0,0,0,0,0,0,0,0,C4-NRW-05,,,Macro
1039,CHW4936,CHW4936__tationChwkPasroorRD,4,C4-NRW-05,20,Stand by,,,,,,,,,266.73333333333335,291.45,,1019.866666666667,644.4000000000002,242.25,,,,90,329.8333333333333,468.53333333333325,466.0833333333335,,,,,,,,,,,,3819.150000000001,,9,0.96684765625,12042.3,9256.416666666666,9150.183333333332,3768.2999999999993,10022.033333333335,9125.966666666665,9279,21756.43333333333,16264.849999999999,6949.0999999999985,12640.583333333332,16536.98333333333,9314.383333333333,8793.55,21378.266666666666,15555.166666666666,8228.499999999996,19528.399999999998,37917.333333333336,18373.03333333333,0,0,0,0,0,0,0,0,0,0,0,0,C4-NRW-05,,,Macro
1040,RUR4978,RUR4978__STRAddaKotliBawa,3,C4-NRW-05,9,Stand by,,,,,,,,,316.7499999999999,,,,,,,,,,,,,,,,,,,,,,,,316.7499999999999,,1,0.9963339120370371,12042.3,9256.416666666666,9150.183333333332,3768.2999999999993,10022.033333333335,9125.966666666665,9279,21756.43333333333,16264.849999999999,6949.0999999999985,12640.583333333332,16536.98333333333,9314.383333333333,8793.55,21378.266666666666,15555.166666666666,8228.499999999996,19528.399999999998,37917.333333333336,18373.03333333333,0,0,0,0,0,0,0,0,0,0,0,0,C4-NRW-05,,,Macro
1041,RUR0275,RUR0275__S_Dhudu_Chak_Warid_MDNR7579,3,C4-NRW-05,,CM Pak,7713,,,,,,,,,,,,,316.8333333333333,132.25000000000003,,,,,103.5,,,,,,,,,,,,,552.5833333333334,,3,0.9936043595679013,12042.3,9256.416666666666,9150.183333333332,3768.2999999999993,10022.033333333335,9125.966666666665,9279,21756.43333333333,16264.849999999999,6949.0999999999985,12640.583333333332,16536.98333333333,9314.383333333333,8793.55,21378.266666666666,15555.166666666666,8228.499999999996,19528.399999999998,37917.333333333336,18373.03333333333,0,0,0,0,0,0,0,0,0,0,0,0,C4-NRW-05,CMPAK,7713,Macro
1042,STR5974,STR5974__S_Moh Darbar wala Warid_GJ4129,3,C4-NRW-05,20,Stand by,,,,18.083333333333332,,,,,,,,,,,,,,,,,462.66666666666674,,,,,,,,,,,,480.75000000000006,,2,0.9944357638888889,12042.3,9256.416666666666,9150.183333333332,3768.2999999999993,10022.033333333335,9125.966666666665,9279,21756.43333333333,16264.849999999999,6949.0999999999985,12640.583333333332,16536.98333333333,9314.383333333333,8793.55,21378.266666666666,15555.166666666666,8228.499999999996,19528.399999999998,37917.333333333336,18373.03333333333,0,0,0,0,0,0,0,0,0,0,0,0,C4-NRW-05,,,Macro
1043,RUR3269,RUR3269__KulBajwa,3,C4-NRW-05,9,Stand by,,,,,,30.833333333333336,,,46.66666666666667,,,,40.833333333333336,,,,30.250000000000004,,,21.25,,,,,,,,,,,,,169.83333333333334,,5,0.998034336419753,12042.3,9256.416666666666,9150.183333333332,3768.2999999999993,10022.033333333335,9125.966666666665,9279,21756.43333333333,16264.849999999999,6949.0999999999985,12640.583333333332,16536.98333333333,9314.383333333333,8793.55,21378.266666666666,15555.166666666666,8228.499999999996,19528.399999999998,37917.333333333336,18373.03333333333,0,0,0,0,0,0,0,0,0,0,0,0,C4-NRW-05,,,Macro
1044,RUR4042,RUR4042__AddaEesa,4,C4-NRW-05,20,Stand by,,,,,,,176.75,1467,365.58333333333337,,,,,,,,,,,,,,,,,,,,,,,,2009.3333333333335,,3,0.9825578703703703,12042.3,9256.416666666666,9150.183333333332,3768.2999999999993,10022.033333333335,9125.966666666665,9279,21756.43333333333,16264.849999999999,6949.0999999999985,12640.583333333332,16536.98333333333,9314.383333333333,8793.55,21378.266666666666,15555.166666666666,8228.499999999996,19528.399999999998,37917.333333333336,18373.03333333333,0,0,0,0,0,0,0,0,0,0,0,0,C4-NRW-05,,,Macro
1045,NRW6970,NRW6970__WordNo10Narowal,3,C4-NRW-05,20,Stand by,,33,180.83333333333334,,3.166666666666666,,,,,,,,,90.99999999999999,,,,,,282.6666666666667,143.25,,,,,,,,,,,,733.9166666666667,,6,0.9915055941358025,12042.3,9256.416666666666,9150.183333333332,3768.2999999999993,10022.033333333335,9125.966666666665,9279,21756.43333333333,16264.849999999999,6949.0999999999985,12640.583333333332,16536.98333333333,9314.383333333333,8793.55,21378.266666666666,15555.166666666666,8228.499999999996,19528.399999999998,37917.333333333336,18373.03333333333,0,0,0,0,0,0,0,0,0,0,0,0,C4-NRW-05,,,Macro
1046,STR5975,STR5975__S_AhmadPura Warid_1N3554,3,C4-NRW-05,30,Stand by,,,,,,,,,,,,,,,,,,,,308.5833333333333,,,,,,,,,,,,,308.5833333333333,,1,0.9964284336419753,12042.3,9256.416666666666,9150.183333333332,3768.2999999999993,10022.033333333335,9125.966666666665,9279,21756.43333333333,16264.849999999999,6949.0999999999985,12640.583333333332,16536.98333333333,9314.383333333333,8793.55,21378.266666666666,15555.166666666666,8228.499999999996,19528.399999999998,37917.333333333336,18373.03333333333,0,0,0,0,0,0,0,0,0,0,0,0,C4-NRW-05,,,Macro
1047,GFG9667,GFG9667__GhotaFatehGarh,3,C4-NRW-05,30,Stand by,,,,,,,,,,,,,,,,,,,,,,,,,,,,,,,,,0,,0,1,12042.3,9256.416666666666,9150.183333333332,3768.2999999999993,10022.033333333335,9125.966666666665,9279,21756.43333333333,16264.849999999999,6949.0999999999985,12640.583333333332,16536.98333333333,9314.383333333333,8793.55,21378.266666666666,15555.166666666666,8228.499999999996,19528.399999999998,37917.333333333336,18373.03333333333,0,0,0,0,0,0,0,0,0,0,0,0,C4-NRW-05,,,Macro
1048,RUR6578,RUR6578__S_Gadgore,3,C4-NRW-05,,Enfrashare,EC1-CHW-04967,,,,,,,,,,,,60,,,,,,44.25,645.0833333333333,,,,,,,,,,,,,749.3333333333333,,3,0.9913271604938272,12042.3,9256.416666666666,9150.183333333332,3768.2999999999993,10022.033333333335,9125.966666666665,9279,21756.43333333333,16264.849999999999,6949.0999999999985,12640.583333333332,16536.98333333333,9314.383333333333,8793.55,21378.266666666666,15555.166666666666,8228.499999999996,19528.399999999998,37917.333333333336,18373.03333333333,0,0,0,0,0,0,0,0,0,0,0,0,,,,Macro
1049,RUR9198,RUR9198__BunBajwa,3,C4-NRW-05,,CP Prime,,,1599.0333333333335,,,,,,84.41666666666667,,,,,,,,,,,,,,,,,,,,,,,,1683.4500000000003,,2,0.980515625,12042.3,9256.416666666666,9150.183333333332,3768.2999999999993,10022.033333333335,9125.966666666665,9279,21756.43333333333,16264.849999999999,6949.0999999999985,12640.583333333332,16536.98333333333,9314.383333333333,8793.55,21378.266666666666,15555.166666666666,8228.499999999996,19528.399999999998,37917.333333333336,18373.03333333333,0,0,0,0,0,0,0,0,0,0,0,0,C4-NRW-05,,,Macro
1050,SKG9633,SKG9633__MohRiazPura,3,C4-NRW-05,20,Stand by,,,,,,1.583333333333333,,,,,,,,,,,,,,,,,,,,,,,,,,,1.583333333333333,,1,0.9999816743827161,12042.3,9256.416666666666,9150.183333333332,3768.2999999999993,10022.033333333335,9125.966666666665,9279,21756.43333333333,16264.849999999999,6949.0999999999985,12640.583333333332,16536.98333333333,9314.383333333333,8793.55,21378.266666666666,15555.166666666666,8228.499999999996,19528.399999999998,37917.333333333336,18373.03333333333,0,0,0,0,0,0,0,0,0,0,0,0,C4-NRW-05,,,Macro
1051,SKG4059,SKG4059__BusStdShakargarhAC,3,C4-NRW-05,30,Stand by,,,,,,217.16666666666669,,,,,,,,,,,,,,,,,,,,,,,,,,,217.16666666666669,,1,0.9974864969135803,12042.3,9256.416666666666,9150.183333333332,3768.2999999999993,10022.033333333335,9125.966666666665,9279,21756.43333333333,16264.849999999999,6949.0999999999985,12640.583333333332,16536.98333333333,9314.383333333333,8793.55,21378.266666666666,15555.166666666666,8228.499999999996,19528.399999999998,37917.333333333336,18373.03333333333,0,0,0,0,0,0,0,0,0,0,0,0,C4-NRW-05,,,Macro
1052,RUR3202,RUR3202__Mirakpur,3,C4-NRW-05,13,Stand by,,523.1666666666667,61.25000000000001,46.25000000000001,35.083333333333336,36.33333333333333,129.75,45.83333333333333,72.66666666666667,61.66666666666668,23.416666666666668,44.416666666666664,366.4166666666665,154.91666666666663,39.24999999999999,425.08333333333337,161.40000000000003,64.25,361.25,180.03333333333333,658.25,,,,,,,,,,,,3490.6833333333334,,20,0.9595985725308642,12042.3,9256.416666666666,9150.183333333332,3768.2999999999993,10022.033333333335,9125.966666666665,9279,21756.43333333333,16264.849999999999,6949.0999999999985,12640.583333333332,16536.98333333333,9314.383333333333,8793.55,21378.266666666666,15555.166666666666,8228.499999999996,19528.399999999998,37917.333333333336,18373.03333333333,0,0,0,0,0,0,0,0,0,0,0,0,C4-NRW-05,,,Macro
1053,RUR5046,RUR5046__Goorsial,3,C4-NRW-05,20,Stand by,,,,,,,,,,,,,,,,,,,,48.41666666666667,,,,,,,,,,,,,48.41666666666667,,1,0.9994396219135803,12042.3,9256.416666666666,9150.183333333332,3768.2999999999993,10022.033333333335,9125.966666666665,9279,21756.43333333333,16264.849999999999,6949.0999999999985,12640.583333333332,16536.98333333333,9314.383333333333,8793.55,21378.266666666666,15555.166666666666,8228.499999999996,19528.399999999998,37917.333333333336,18373.03333333333,0,0,0,0,0,0,0,0,0,0,0,0,C4-NRW-05,,,Macro
1054,RUR1067,RUR1067__NatlaVillage,3,C4-NRW-05,9,Stand by,,,,,,,,,,,,347.9166666666667,,,,,,,,216.25,,,,,,,,,,,,,564.1666666666667,,2,0.9934702932098766,12042.3,9256.416666666666,9150.183333333332,3768.2999999999993,10022.033333333335,9125.966666666665,9279,21756.43333333333,16264.849999999999,6949.0999999999985,12640.583333333332,16536.98333333333,9314.383333333333,8793.55,21378.266666666666,15555.166666666666,8228.499999999996,19528.399999999998,37917.333333333336,18373.03333333333,0,0,0,0,0,0,0,0,0,0,0,0,C4-NRW-05,,,Macro
1055,GML9904,GML9904__ReebaKalan,3,C4-NRW-05,20,Stand by,,,,,,,,42.66666666666667,303.1666666666667,,169.16666666666666,,21.75,,,36.50000000000001,,21.76666666666666,81.75,249.55000000000007,249.0833333333333,,,,,,,,,,,,1175.4,,9,0.9863958333333334,12042.3,9256.416666666666,9150.183333333332,3768.2999999999993,10022.033333333335,9125.966666666665,9279,21756.43333333333,16264.849999999999,6949.0999999999985,12640.583333333332,16536.98333333333,9314.383333333333,8793.55,21378.266666666666,15555.166666666666,8228.499999999996,19528.399999999998,37917.333333333336,18373.03333333333,0,0,0,0,0,0,0,0,0,0,0,0,C4-NRW-05,,,Macro
1056,NRW4001,NRW4001__ZafarwalChkNarrowal,3,C4-NRW-05,20,Stand by,,,344.75000000000006,,3.166666666666666,166.74999999999997,,,,518.3333333333334,487.83333333333326,,,,,88.25000000000001,147.25,137.58333333333334,49.91666666666667,,,,,,,,,,,,,,1943.8333333333333,,9,0.9775019290123457,12042.3,9256.416666666666,9150.183333333332,3768.2999999999993,10022.033333333335,9125.966666666665,9279,21756.43333333333,16264.849999999999,6949.0999999999985,12640.583333333332,16536.98333333333,9314.383333333333,8793.55,21378.266666666666,15555.166666666666,8228.499999999996,19528.399999999998,37917.333333333336,18373.03333333333,0,0,0,0,0,0,0,0,0,0,0,0,C4-NRW-05,,,Macro
1057,SKG1155,SKG1155__Zafirwallrailway_Stn,3,C4-NRW-05,,UFONE,3665,,119.41666666666669,42.41666666666667,,1.583333333333333,271,,,261.5,39.500000000000014,,371.1666666666667,267.16666666666663,,,,57.249999999999986,121.41666666666666,587.8166666666667,141.05,,,,,,,,,,,,2281.2833333333338,,12,0.9735962577160494,12042.3,9256.416666666666,9150.183333333332,3768.2999999999993,10022.033333333335,9125.966666666665,9279,21756.43333333333,16264.849999999999,6949.0999999999985,12640.583333333332,16536.98333333333,9314.383333333333,8793.55,21378.266666666666,15555.166666666666,8228.499999999996,19528.399999999998,37917.333333333336,18373.03333333333,0,0,0,0,0,0,0,0,0,0,0,0,C4-NRW-05,UFone,3665,Macro
1058,RUR3396,RUR3396__SKGMCBChowkZafarwal,3,C4-NRW-05,30,Stand by,,,,,,,,,,477.41666666666663,185.58333333333334,,173.66666666666669,,,,291.8333333333333,290.83333333333337,209.83333333333334,270.33333333333337,139.66666666666666,,,,,,,,,,,,2039.1666666666667,,8,0.9763985339506174,12042.3,9256.416666666666,9150.183333333332,3768.2999999999993,10022.033333333335,9125.966666666665,9279,21756.43333333333,16264.849999999999,6949.0999999999985,12640.583333333332,16536.98333333333,9314.383333333333,8793.55,21378.266666666666,15555.166666666666,8228.499999999996,19528.399999999998,37917.333333333336,18373.03333333333,0,0,0,0,0,0,0,0,0,0,0,0,C4-NRW-05,,,Macro
1059,RUR5008,RUR5008__S_kalaswala Warid_MDPR3956,3,C4-NRW-05,,Ufone,3498,101.25,187.4,76.35,,308.6666666666667,,,50.750000000000014,,,,,,,,,41.35,3.216666666666667,,,,,,,,,,,,,,768.9833333333335,,7,0.9910997299382716,12042.3,9256.416666666666,9150.183333333332,3768.2999999999993,10022.033333333335,9125.966666666665,9279,21756.43333333333,16264.849999999999,6949.0999999999985,12640.583333333332,16536.98333333333,9314.383333333333,8793.55,21378.266666666666,15555.166666666666,8228.499999999996,19528.399999999998,37917.333333333336,18373.03333333333,0,0,0,0,0,0,0,0,0,0,0,0,C4-NRW-05,UFone,3496,Macro
1060,NRW3788,NRW3788__MohallaLodhran,3,C4-NRW-05,13,Stand by,,,,,1.583333333333333,,,,,,59.150000000000006,70.96666666666667,,,,,,18.5,,,,,,,,,,,,,,,150.20000000000002,,4,0.9982615740740741,12042.3,9256.416666666666,9150.183333333332,3768.2999999999993,10022.033333333335,9125.966666666665,9279,21756.43333333333,16264.849999999999,6949.0999999999985,12640.583333333332,16536.98333333333,9314.383333333333,8793.55,21378.266666666666,15555.166666666666,8228.499999999996,19528.399999999998,37917.333333333336,18373.03333333333,0,0,0,0,0,0,0,0,0,0,0,0,C4-NRW-05,,,Macro
1061,RUR8314,RUR8314__S_DomalaTown_Warid_MR525366,3,C4-NRW-05,,CP Prime,,,,,,,,,24.25,,,,,,,,,,,48.333333333333336,61.5,,,,,,,,,,,,134.08333333333334,,3,0.9984481095679013,12042.3,9256.416666666666,9150.183333333332,3768.2999999999993,10022.033333333335,9125.966666666665,9279,21756.43333333333,16264.849999999999,6949.0999999999985,12640.583333333332,16536.98333333333,9314.383333333333,8793.55,21378.266666666666,15555.166666666666,8228.499999999996,19528.399999999998,37917.333333333336,18373.03333333333,0,0,0,0,0,0,0,0,0,0,0,0,C4-NRW-05,,,Macro
1062,BBK9608,BBK9608__KhanPuraNorowal,3,C4-NRW-05,27,Stand by,,,,,,,,,20.916666666666668,,,,,,,,,,,,,,,,,,,,,,,,20.916666666666668,,1,0.9997579089506173,12042.3,9256.416666666666,9150.183333333332,3768.2999999999993,10022.033333333335,9125.966666666665,9279,21756.43333333333,16264.849999999999,6949.0999999999985,12640.583333333332,16536.98333333333,9314.383333333333,8793.55,21378.266666666666,15555.166666666666,8228.499999999996,19528.399999999998,37917.333333333336,18373.03333333333,0,0,0,0,0,0,0,0,0,0,0,0,C4-NRW-05,,,Macro
1063,KTN3416,KTN3416__Baghban_Pur_Norowal,3,C4-NRW-05,20,Stand by,,,,,,,,,,,,,,,,,,,,,,,,,,,,,,,,,0,,0,1,12042.3,9256.416666666666,9150.183333333332,3768.2999999999993,10022.033333333335,9125.966666666665,9279,21756.43333333333,16264.849999999999,6949.0999999999985,12640.583333333332,16536.98333333333,9314.383333333333,8793.55,21378.266666666666,15555.166666666666,8228.499999999996,19528.399999999998,37917.333333333336,18373.03333333333,0,0,0,0,0,0,0,0,0,0,0,0,C4-NRW-05,,,Macro
1064,GML9905,GML9905__GumtalNarowal,3,C4-NRW-05,31,Stand by,,,,,,,,,151.99999999999997,,,,,,,,,,58.66666666666666,,,,,,,,,,,,,,210.66666666666663,,2,0.9975617283950617,12042.3,9256.416666666666,9150.183333333332,3768.2999999999993,10022.033333333335,9125.966666666665,9279,21756.43333333333,16264.849999999999,6949.0999999999985,12640.583333333332,16536.98333333333,9314.383333333333,8793.55,21378.266666666666,15555.166666666666,8228.499999999996,19528.399999999998,37917.333333333336,18373.03333333333,0,0,0,0,0,0,0,0,0,0,0,0,C4-NRW-05,,,Macro
1065,NRW1135,NRW1135__S_Narowal_2_Warid_MDNR5774,3,C4-NRW-05,30,Stand by,,,,,1.583333333333333,,,,,,59.349999999999994,73.35,,,,,,18.5,,,,,,,,,,,,,,,152.78333333333333,,4,0.9982316743827161,12042.3,9256.416666666666,9150.183333333332,3768.2999999999993,10022.033333333335,9125.966666666665,9279,21756.43333333333,16264.849999999999,6949.0999999999985,12640.583333333332,16536.98333333333,9314.383333333333,8793.55,21378.266666666666,15555.166666666666,8228.499999999996,19528.399999999998,37917.333333333336,18373.03333333333,0,0,0,0,0,0,0,0,0,0,0,0,C4-NRW-05,,,Macro
1066,RUR0905,RUR0905__Totey_Wali,3,C4-NRW-05,,CP Prime,,,90.50000000000001,,,90,,,,216.55,395.7833333333333,,,625.55,,,89.75000000000001,,49.66666666666667,742.8333333333334,,,,,,,,,,,,,2300.633333333333,,8,0.9733722993827161,12042.3,9256.416666666666,9150.183333333332,3768.2999999999993,10022.033333333335,9125.966666666665,9279,21756.43333333333,16264.849999999999,6949.0999999999985,12640.583333333332,16536.98333333333,9314.383333333333,8793.55,21378.266666666666,15555.166666666666,8228.499999999996,19528.399999999998,37917.333333333336,18373.03333333333,0,0,0,0,0,0,0,0,0,0,0,0,C4-NRW-05,,,Macro
1067,GFG9669,GFG9669__Dairan_Walla,3,C4-NRW-05,,CP Prime,,,,,,,656.3,,118,,209.3333333333334,,,262.08333333333337,,,,,,,147.55,,,,,,,,,,,,1393.2666666666667,,5,0.9838742283950617,12042.3,9256.416666666666,9150.183333333332,3768.2999999999993,10022.033333333335,9125.966666666665,9279,21756.43333333333,16264.849999999999,6949.0999999999985,12640.583333333332,16536.98333333333,9314.383333333333,8793.55,21378.266666666666,15555.166666666666,8228.499999999996,19528.399999999998,37917.333333333336,18373.03333333333,0,0,0,0,0,0,0,0,0,0,0,0,C4-NRW-05,,,Macro
1068,RUR0408,RUR0408__S_BOODA_DOHALA_RD_Warid_MDQH1593,3,C4-NRW-05,13,Stand by,,,,,,,,,,,,,,,,,,,,47.58333333333333,61.5,,,,,,,,,,,,109.08333333333333,,2,0.9987374614197531,12042.3,9256.416666666666,9150.183333333332,3768.2999999999993,10022.033333333335,9125.966666666665,9279,21756.43333333333,16264.849999999999,6949.0999999999985,12640.583333333332,16536.98333333333,9314.383333333333,8793.55,21378.266666666666,15555.166666666666,8228.499999999996,19528.399999999998,37917.333333333336,18373.03333333333,0,0,0,0,0,0,0,0,0,0,0,0,C4-NRW-05,,,Macro
1069,SPB9660,SPB9660__DaryaPur,4,C4-NRW-05,27,Stand by,,,,,,,,,8.583333333333334,11.33333333333333,,62.91666666666666,,,27.83333333333333,,,,25.249999999999993,266.33333333333337,,,,,,,,,,,,,402.25,,6,0.9965082465277777,12042.3,9256.416666666666,9150.183333333332,3768.2999999999993,10022.033333333335,9125.966666666665,9279,21756.43333333333,16264.849999999999,6949.0999999999985,12640.583333333332,16536.98333333333,9314.383333333333,8793.55,21378.266666666666,15555.166666666666,8228.499999999996,19528.399999999998,37917.333333333336,18373.03333333333,0,0,0,0,0,0,0,0,0,0,0,0,C4-NRW-05,,,Macro
1070,CHW4937,CHW4937__KhasChawinda,3,C4-NRW-05,30,Stand by,,,,,,,,,,,,,60,,,,,,44,,,,,,,,,,,,,,104,,2,0.9987962962962963,12042.3,9256.416666666666,9150.183333333332,3768.2999999999993,10022.033333333335,9125.966666666665,9279,21756.43333333333,16264.849999999999,6949.0999999999985,12640.583333333332,16536.98333333333,9314.383333333333,8793.55,21378.266666666666,15555.166666666666,8228.499999999996,19528.399999999998,37917.333333333336,18373.03333333333,0,0,0,0,0,0,0,0,0,0,0,0,C4-NRW-05,,,Macro
1071,RUR9984,RUR9984__S_DhamtalSankhatraRd_Warid_MDSK4336,4,C4-NRW-05,20,Stand by,,,,,,,,1688.1499999999999,,,,,131,,61.66666666666667,,332.95000000000005,47.516666666666666,,1134.9999999999998,,,,,,,,,,,,,3396.283333333333,,6,0.9705183738425925,12042.3,9256.416666666666,9150.183333333332,3768.2999999999993,10022.033333333335,9125.966666666665,9279,21756.43333333333,16264.849999999999,6949.0999999999985,12640.583333333332,16536.98333333333,9314.383333333333,8793.55,21378.266666666666,15555.166666666666,8228.499999999996,19528.399999999998,37917.333333333336,18373.03333333333,0,0,0,0,0,0,0,0,0,0,0,0,C4-NRW-05,,,Macro
1072,RUR4664,RUR4664__GUJDhodhapind,3,C4-NRW-05,31,Stand by,,,,,,,,,,,,,,,,,,,,,,,,,,,,,,,,,0,,0,1,12042.3,9256.416666666666,9150.183333333332,3768.2999999999993,10022.033333333335,9125.966666666665,9279,21756.43333333333,16264.849999999999,6949.0999999999985,12640.583333333332,16536.98333333333,9314.383333333333,8793.55,21378.266666666666,15555.166666666666,8228.499999999996,19528.399999999998,37917.333333333336,18373.03333333333,0,0,0,0,0,0,0,0,0,0,0,0,C4-NRW-05,,,Macro
1073,RUR0903,RUR0903__Ferozepur,3,C4-NRW-05,20,Stand by,,,,,,,,,,,,,,,,,,,,,,,,,,,,,,,,,0,,0,1,12042.3,9256.416666666666,9150.183333333332,3768.2999999999993,10022.033333333335,9125.966666666665,9279,21756.43333333333,16264.849999999999,6949.0999999999985,12640.583333333332,16536.98333333333,9314.383333333333,8793.55,21378.266666666666,15555.166666666666,8228.499999999996,19528.399999999998,37917.333333333336,18373.03333333333,0,0,0,0,0,0,0,0,0,0,0,0,C4-NRW-05,,,Macro
1074,DDL3415,DDL3415__KaryalMore,3,C4-NRW-05,20,Stand by,,,,,,145.75000000000003,,,,,,,340.3333333333333,193.58333333333331,,,,288.5,,303.8333333333333,,,,,,,,,,,,,1272,,5,0.9852777777777777,12042.3,9256.416666666666,9150.183333333332,3768.2999999999993,10022.033333333335,9125.966666666665,9279,21756.43333333333,16264.849999999999,6949.0999999999985,12640.583333333332,16536.98333333333,9314.383333333333,8793.55,21378.266666666666,15555.166666666666,8228.499999999996,19528.399999999998,37917.333333333336,18373.03333333333,0,0,0,0,0,0,0,0,0,0,0,0,C4-NRW-05,,,Macro
1075,KTN9622,KTN9622__MalikpurShakargarh,3,C4-NRW-05,30,Stand by,,,,,,,,,,,,,,,,,,,,,,,,,,,,,,,,,0,,0,1,12042.3,9256.416666666666,9150.183333333332,3768.2999999999993,10022.033333333335,9125.966666666665,9279,21756.43333333333,16264.849999999999,6949.0999999999985,12640.583333333332,16536.98333333333,9314.383333333333,8793.55,21378.266666666666,15555.166666666666,8228.499999999996,19528.399999999998,37917.333333333336,18373.03333333333,0,0,0,0,0,0,0,0,0,0,0,0,C4-NRW-05,,,Macro
1076,KPD8889,KPD8889__S_JassarVillage_Warid_MDSK1972,3,C4-NRW-05,30,Stand by,,,,,29.75,,,,,,,,,,,1102.3333333333333,,,,,16.083333333333336,,,,,,,,,,,,1148.1666666666665,,3,0.9867110339506173,12042.3,9256.416666666666,9150.183333333332,3768.2999999999993,10022.033333333335,9125.966666666665,9279,21756.43333333333,16264.849999999999,6949.0999999999985,12640.583333333332,16536.98333333333,9314.383333333333,8793.55,21378.266666666666,15555.166666666666,8228.499999999996,19528.399999999998,37917.333333333336,18373.03333333333,0,0,0,0,0,0,0,0,0,0,0,0,C4-NRW-05,,,Macro
1077,RUR4977,RUR4977__STRChecharWali,3,C4-NRW-05,,CP Prime,,,,,,,,,,,,,,,,,,,,,,,,,,,,,,,,,0,,0,1,12042.3,9256.416666666666,9150.183333333332,3768.2999999999993,10022.033333333335,9125.966666666665,9279,21756.43333333333,16264.849999999999,6949.0999999999985,12640.583333333332,16536.98333333333,9314.383333333333,8793.55,21378.266666666666,15555.166666666666,8228.499999999996,19528.399999999998,37917.333333333336,18373.03333333333,0,0,0,0,0,0,0,0,0,0,0,0,C4-NRW-05,,,Macro
1078,RUR5356,RUR5356__S_RijadhayWali_PTCL_GTRP2092,3,C4-NRW-05,,PTCL,GTRP2092,,,,,,,,13,,,,,,,,,,,,1.583333333333333,,,,,,,,,,,,14.583333333333332,,2,0.9998312114197531,12042.3,9256.416666666666,9150.183333333332,3768.2999999999993,10022.033333333335,9125.966666666665,9279,21756.43333333333,16264.849999999999,6949.0999999999985,12640.583333333332,16536.98333333333,9314.383333333333,8793.55,21378.266666666666,15555.166666666666,8228.499999999996,19528.399999999998,37917.333333333336,18373.03333333333,0,0,0,0,0,0,0,0,0,0,0,0,C4-NRW-05,PTCL,GTRP2092,Macro
1079,RUR5761,RUR5761_H_Ucha Khalwan Narowal,3,C4-NRW-05,,ATL,ATNRW4,,,,,,,,8.25,,,,,,,,,20,14.916666666666668,51.999999999999986,,,,,,,,,,,,,95.16666666666666,,4,0.9988985339506173,12042.3,9256.416666666666,9150.183333333332,3768.2999999999993,10022.033333333335,9125.966666666665,9279,21756.43333333333,16264.849999999999,6949.0999999999985,12640.583333333332,16536.98333333333,9314.383333333333,8793.55,21378.266666666666,15555.166666666666,8228.499999999996,19528.399999999998,37917.333333333336,18373.03333333333,0,0,0,0,0,0,0,0,0,0,0,0,,,,Macro
1080,SKG4023,SKG4023__MuhallahSulariah,3,C4-NRW-05,20,Stand by,,,,,,4.749999999999999,,,475.99999999999994,405.9166666666665,187.33333333333337,57.249999999999986,,,,,,181.5,127.08333333333336,,208.24999999999997,,,,,,,,,,,,1648.0833333333333,,8,0.980924961419753,12042.3,9256.416666666666,9150.183333333332,3768.2999999999993,10022.033333333335,9125.966666666665,9279,21756.43333333333,16264.849999999999,6949.0999999999985,12640.583333333332,16536.98333333333,9314.383333333333,8793.55,21378.266666666666,15555.166666666666,8228.499999999996,19528.399999999998,37917.333333333336,18373.03333333333,0,0,0,0,0,0,0,0,0,0,0,0,C4-NRW-05,,,Macro
1081,RUR1033,RUR1033__Pindi_Siyana,3,C4-NRW-05,20,Stand by,,453.1666666666667,,,,,,,,,,,,,,,,,,73.74999999999999,,,,,,,,,,,,,526.9166666666666,,2,0.9939014274691358,12042.3,9256.416666666666,9150.183333333332,3768.2999999999993,10022.033333333335,9125.966666666665,9279,21756.43333333333,16264.849999999999,6949.0999999999985,12640.583333333332,16536.98333333333,9314.383333333333,8793.55,21378.266666666666,15555.166666666666,8228.499999999996,19528.399999999998,37917.333333333336,18373.03333333333,0,0,0,0,0,0,0,0,0,0,0,0,C4-NRW-05,,,Macro
1082,GFG9668,GFG9668__S_LubbanPulyStop_Warid_MR485355,4,C4-NRW-05,30,Stand by,,,,,19.333333333333332,,,,,,,,160,,,488.0833333333333,,,,,9.583333333333332,,,,,,,,,,,,677,,4,0.9941232638888888,12042.3,9256.416666666666,9150.183333333332,3768.2999999999993,10022.033333333335,9125.966666666665,9279,21756.43333333333,16264.849999999999,6949.0999999999985,12640.583333333332,16536.98333333333,9314.383333333333,8793.55,21378.266666666666,15555.166666666666,8228.499999999996,19528.399999999998,37917.333333333336,18373.03333333333,0,0,0,0,0,0,0,0,0,0,0,0,C4-NRW-05,,,Macro
1083,NRW5589,NRW5589__S_BijliGharChowk_CMPak4799,3,C4-NRW-05,,CM Pak,4799,,,,3.166666666666666,,,119.08333333333337,,,,,381.66666666666674,,27.5,301.2500000000001,,,,,,,,,,,,,,,,,832.6666666666669,,5,0.9903626543209876,12042.3,9256.416666666666,9150.183333333332,3768.2999999999993,10022.033333333335,9125.966666666665,9279,21756.43333333333,16264.849999999999,6949.0999999999985,12640.583333333332,16536.98333333333,9314.383333333333,8793.55,21378.266666666666,15555.166666666666,8228.499999999996,19528.399999999998,37917.333333333336,18373.03333333333,0,0,0,0,0,0,0,0,0,0,0,0,,,,Macro
1084,RUR5511,RUR5511__S_Marjal,3,C4-NRW-05,,Enfrashare,EC1-NRW-01653,,,,,,,,,577.5,,,521.8333333333333,,,,552.0833333333333,,,558.9166666666666,,,,,,,,,,,,,2210.333333333333,,4,0.974417438271605,12042.3,9256.416666666666,9150.183333333332,3768.2999999999993,10022.033333333335,9125.966666666665,9279,21756.43333333333,16264.849999999999,6949.0999999999985,12640.583333333332,16536.98333333333,9314.383333333333,8793.55,21378.266666666666,15555.166666666666,8228.499999999996,19528.399999999998,37917.333333333336,18373.03333333333,0,0,0,0,0,0,0,0,0,0,0,0,C4-NRW-05,Enfra,,Macro
1085,RUR8823,RUR8823__Pagala,3,C4-NRW-05,30,Stand by,,,,,,108.66666666666666,,,,,,,,,,,,25.25,,41.93333333333333,,,,,,,,,,,,,175.85,,3,0.9979646990740741,12042.3,9256.416666666666,9150.183333333332,3768.2999999999993,10022.033333333335,9125.966666666665,9279,21756.43333333333,16264.849999999999,6949.0999999999985,12640.583333333332,16536.98333333333,9314.383333333333,8793.55,21378.266666666666,15555.166666666666,8228.499999999996,19528.399999999998,37917.333333333336,18373.03333333333,0,0,0,0,0,0,0,0,0,0,0,0,C4-NRW-05,,,Macro
1086,SKG4022,SKG4022__RailwayRoad,4,C4-NRW-05,33,Stand by,,,,,,4.749999999999999,,56.66666666666666,135,,226.33333333333334,17.333333333333336,,,,48.75,17.5,,106.25,327.8166666666667,371.83333333333326,,,,,,,,,,,,1312.2333333333331,,10,0.9886090856481482,12042.3,9256.416666666666,9150.183333333332,3768.2999999999993,10022.033333333335,9125.966666666665,9279,21756.43333333333,16264.849999999999,6949.0999999999985,12640.583333333332,16536.98333333333,9314.383333333333,8793.55,21378.266666666666,15555.166666666666,8228.499999999996,19528.399999999998,37917.333333333336,18373.03333333333,0,0,0,0,0,0,0,0,0,0,0,0,C4-NRW-05,,,Macro
1087,RUR9670,RUR9670_Ratto_chak_NEW,3,C4-NRW-05,,GLO,,,,,,,,,,,,,14.416666666666666,,,,,,,163.83333333333331,,,,,,,,,,,,,178.24999999999997,,2,0.9979369212962963,12042.3,9256.416666666666,9150.183333333332,3768.2999999999993,10022.033333333335,9125.966666666665,9279,21756.43333333333,16264.849999999999,6949.0999999999985,12640.583333333332,16536.98333333333,9314.383333333333,8793.55,21378.266666666666,15555.166666666666,8228.499999999996,19528.399999999998,37917.333333333336,18373.03333333333,0,0,0,0,0,0,0,0,0,0,0,0,C4-NRW-05,,,Macro
1088,STR4035,STR4035__WadalaSindhuSatrah,3,C4-NRW-05,20,Stand by,,,,,,,17,,,,,173.50000000000003,,,,,,,,,415.5,,,,,,,,,,,,606,,3,0.9929861111111111,12042.3,9256.416666666666,9150.183333333332,3768.2999999999993,10022.033333333335,9125.966666666665,9279,21756.43333333333,16264.849999999999,6949.0999999999985,12640.583333333332,16536.98333333333,9314.383333333333,8793.55,21378.266666666666,15555.166666666666,8228.499999999996,19528.399999999998,37917.333333333336,18373.03333333333,0,0,0,0,0,0,0,0,0,0,0,0,C4-NRW-05,,,Macro
1089,NRW9048,NRW9048__S_MedinaTownPark,3,C4-NRW-05,,Enfrashare,EC1-NRW-09100,,,,4.749999999999999,,,,,,,,,,,,,,,,,,,,,,,,,,,,4.749999999999999,,1,0.9999450231481481,12042.3,9256.416666666666,9150.183333333332,3768.2999999999993,10022.033333333335,9125.966666666665,9279,21756.43333333333,16264.849999999999,6949.0999999999985,12640.583333333332,16536.98333333333,9314.383333333333,8793.55,21378.266666666666,15555.166666666666,8228.499999999996,19528.399999999998,37917.333333333336,18373.03333333333,0,0,0,0,0,0,0,0,0,0,0,0,,,,
1090,RUR5403,RUR5403__S_NadalaSulehrian,3,C4-NRW-05,,CP Prime,,,,234.25,,,,,,,,,,,,,,,,1190.0833333333335,,,,,,,,,,,,,1424.3333333333335,,2,0.9835146604938272,12042.3,9256.416666666666,0,7329.083333333333,0,0,0,0,0,0,0,0,0,0,0,0,0,0,0,0,0,0,0,0,0,0,0,0,0,0,0,,,,,
1091,CHW6458,CHW6458__S_ButtMarket_CMPak4481,3,C4-NRW-05,,CM Pak,4481,,,,,,,,,,,,60.75,,,,,,46.75,,,,,,,,,,,,,,107.5,,2,0.998755787037037,12042.3,9256.416666666666,9150.183333333332,3768.2999999999993,10022.033333333335,9125.966666666665,9279,21756.43333333333,16264.849999999999,6949.0999999999985,12640.583333333332,16536.98333333333,9314.383333333333,8793.55,21378.266666666666,15555.166666666666,8228.499999999996,19528.399999999998,37917.333333333336,18373.03333333333,0,0,0,0,0,0,0,0,0,0,0,0,,,,Macro
1092,SPB9661,SPB9661_ShahPurBhango_BC,4,C4-NRW-05,20,Stand by,,,,,,,,,,,,,,,,,,,,,,,,,,,,,,,,,0,,0,1,12042.3,9256.416666666666,9150.183333333332,3768.2999999999993,10022.033333333335,9125.966666666665,9279,21756.43333333333,16264.849999999999,6949.0999999999985,12640.583333333332,16536.98333333333,9314.383333333333,8793.55,21378.266666666666,15555.166666666666,8228.499999999996,19528.399999999998,37917.333333333336,18373.03333333333,0,0,0,0,0,0,0,0,0,0,0,0,C4-NRW-05,,,Macro
1093,NRW9815,NRW9815__GunjHussain,3,C4-NRW-05,"33,30",Stand by,,,,,3.166666666666666,,,,,,,,,,,,,,,,,,,,,,,,,,,,3.166666666666666,,1,0.9999633487654321,12042.3,9256.416666666666,9150.183333333332,3768.2999999999993,10022.033333333335,9125.966666666665,9279,21756.43333333333,16264.849999999999,6949.0999999999985,12640.583333333332,16536.98333333333,9314.383333333333,8793.55,21378.266666666666,15555.166666666666,8228.499999999996,19528.399999999998,37917.333333333336,18373.03333333333,0,0,0,0,0,0,0,0,0,0,0,0,C4-NRW-05,,,Macro
1094,RUR3201,RUR3201__Gngohar,3,C4-NRW-05,,Telenor,LNWR07,,,,,,,,153.33333333333337,,,,,,,17.833333333333336,,,,,,,,,,,,,,,,,171.1666666666667,,2,0.9980189043209876,12042.3,9256.416666666666,9150.183333333332,3768.2999999999993,10022.033333333335,9125.966666666665,9279,21756.43333333333,16264.849999999999,6949.0999999999985,12640.583333333332,16536.98333333333,9314.383333333333,8793.55,21378.266666666666,15555.166666666666,8228.499999999996,19528.399999999998,37917.333333333336,18373.03333333333,0,0,0,0,0,0,0,0,0,0,0,0,C4-NRW-05,Telenor,LNWR07,Macro
1095,RUR5621,RUR5621__S_Lalwan,4,C4-NRW-05,,Enfrashare,EC1-SKG-02046,,,,,,,,,,,,,,,,,,,,,,,,,,,,,,,,0,,0,1,12042.3,9256.416666666666,9150.183333333332,3768.2999999999993,10022.033333333335,9125.966666666665,9279,21756.43333333333,16264.849999999999,6949.0999999999985,12640.583333333332,16536.98333333333,9314.383333333333,8793.55,21378.266666666666,15555.166666666666,8228.499999999996,19528.399999999998,37917.333333333336,18373.03333333333,0,0,0,0,0,0,0,0,0,0,0,0,,,,Macro
1096,GML1221,GML1221__Off loadGML9904E,3,C4-NRW-05,,GLO,,,,,,,,42.58333333333334,82.4,,168.83333333333334,,,,,36.99999999999999,,,81.49999999999999,247.5833333333334,249.25,,,,,,,,,,,,909.1500000000001,,7,0.9894774305555555,12042.3,9256.416666666666,9150.183333333332,3768.2999999999993,10022.033333333335,9125.966666666665,9279,21756.43333333333,16264.849999999999,6949.0999999999985,12640.583333333332,16536.98333333333,9314.383333333333,8793.55,21378.266666666666,15555.166666666666,8228.499999999996,19528.399999999998,37917.333333333336,18373.03333333333,0,0,0,0,0,0,0,0,0,0,0,0,C4-NRW-05,,,Macro
1097,RUR5006,RUR5006__S_Dera Mutwan Warid_MR1N3555,3,C4-NRW-05,20,Stand by,,,,,,,,,31.416666666666668,,,,,,,,,,,23.5,40.25000000000001,,,,,,,,,,,,95.16666666666669,,3,0.9988985339506173,12042.3,9256.416666666666,9150.183333333332,3768.2999999999993,10022.033333333335,9125.966666666665,9279,21756.43333333333,16264.849999999999,6949.0999999999985,12640.583333333332,16536.98333333333,9314.383333333333,8793.55,21378.266666666666,15555.166666666666,8228.499999999996,19528.399999999998,37917.333333333336,18373.03333333333,0,0,0,0,0,0,0,0,0,0,0,0,C4-NRW-05,,,Macro
1098,RUR0403,RUR0403__S_MUHALLARAHMANIA_Warid_MDPR4148,3,C4-NRW-05,,GLO,,,,,,,,,,513.9999999999999,,,,,,,494.04999999999995,,,534.9166666666665,,,,,,,,,,,,,1542.9666666666662,,3,0.9821415895061729,12042.3,9256.416666666666,9150.183333333332,3768.2999999999993,10022.033333333335,9125.966666666665,9279,21756.43333333333,16264.849999999999,6949.0999999999985,12640.583333333332,16536.98333333333,9314.383333333333,8793.55,21378.266666666666,15555.166666666666,8228.499999999996,19528.399999999998,37917.333333333336,18373.03333333333,0,0,0,0,0,0,0,0,0,0,0,0,C4-NRW-05,,,Macro
1099,SKG9387,SKG9387__S_DinPur_CMPak40720,3,C4-NRW-05,,CM Pak,40720,,,321.3333333333333,,428.41666666666663,,,,,,,,,,,,,,,,,,,,,,,,,,,749.75,,2,0.9913223379629629,12042.3,9256.416666666666,9150.183333333332,3768.2999999999993,10022.033333333335,9125.966666666665,9279,21756.43333333333,16264.849999999999,6949.0999999999985,12640.583333333332,16536.98333333333,9314.383333333333,8793.55,21378.266666666666,15555.166666666666,8228.499999999996,19528.399999999998,37917.333333333336,18373.03333333333,0,0,0,0,0,0,0,0,0,0,0,0,C4-NRW-05,CM-PAK,40720,Macro
1100,RUR3081,RUR3081_Offload RUR9651A,3,C4-NRW-05,30,Stand by,,,,,,,,,,,,110.66666666666666,,,,15.583333333333332,,,,,,,,,,,,,,,,,126.24999999999999,,2,0.9985387731481481,12042.3,9256.416666666666,9150.183333333332,3768.2999999999993,10022.033333333335,9125.966666666665,9279,21756.43333333333,16264.849999999999,6949.0999999999985,12640.583333333332,16536.98333333333,9314.383333333333,8793.55,21378.266666666666,15555.166666666666,8228.499999999996,19528.399999999998,37917.333333333336,18373.03333333333,0,0,0,0,0,0,0,0,0,0,0,0,C4-NRW-05,,,Macro
1101,RUR0179,RUR0179__Badomali,4,C4-NRW-05,20,Stand by,,,,,,,,,,,,,,,,,,,,,,,,,,,,,,,,,0,,0,1,12042.3,9256.416666666666,9150.183333333332,3768.2999999999993,10022.033333333335,9125.966666666665,9279,21756.43333333333,16264.849999999999,6949.0999999999985,12640.583333333332,16536.98333333333,9314.383333333333,8793.55,21378.266666666666,15555.166666666666,8228.499999999996,19528.399999999998,37917.333333333336,18373.03333333333,0,0,0,0,0,0,0,0,0,0,0,0,C4-NRW-05,,,Macro
1102,QSG1616,QSG1616__S_ChotaChowk_QilaSobaSingh_Warid_MDQH4295,3,C4-NRW-05,30,Stand by,,,,344.1666666666667,,,,,,,,,,247.66666666666666,,,,,,,,,,,,,,,,,,,591.8333333333334,,2,0.9931500771604937,12042.3,9256.416666666666,9150.183333333332,3768.2999999999993,10022.033333333335,9125.966666666665,9279,21756.43333333333,16264.849999999999,6949.0999999999985,12640.583333333332,16536.98333333333,9314.383333333333,8793.55,21378.266666666666,15555.166666666666,8228.499999999996,19528.399999999998,37917.333333333336,18373.03333333333,0,0,0,0,0,0,0,0,0,0,0,0,C4-NRW-05,,,Macro
1103,RUR8812,RUR8812__SKGMozaQila,3,C4-NRW-05,33,Stand by,,,,,,,,,,,,,,,,,,,,,,,,,,,,,,,,,0,,0,1,12042.3,9256.416666666666,9150.183333333332,3768.2999999999993,10022.033333333335,9125.966666666665,9279,21756.43333333333,16264.849999999999,6949.0999999999985,12640.583333333332,16536.98333333333,9314.383333333333,8793.55,21378.266666666666,15555.166666666666,8228.499999999996,19528.399999999998,37917.333333333336,18373.03333333333,0,0,0,0,0,0,0,0,0,0,0,0,C4-NRW-05,,,Macro
1104,RUR8157,RUR8157_Chohke,3,C4-NRW-05,30,Stand by,,,,,,,15.5,,123,,,113.25,,,,47.41666666666666,,186.33333333333334,,214.49999999999997,45,,,,,,,,,,,,745,,7,0.9913773148148148,12042.3,9256.416666666666,9150.183333333332,3768.2999999999993,10022.033333333335,9125.966666666665,9279,21756.43333333333,16264.849999999999,6949.0999999999985,12640.583333333332,16536.98333333333,9314.383333333333,8793.55,21378.266666666666,15555.166666666666,8228.499999999996,19528.399999999998,37917.333333333336,18373.03333333333,0,0,0,0,0,0,0,0,0,0,0,0,C4-NRW-05,,,Macro
1105,PSR4061,PSR4061__Railwayrdpasroor,4,C4-NRW-05,30,Stand by,,,,,,,,,,82.33333333333331,373.15,,,,,,,,,63.66666666666666,1251.9833333333331,,,,,,,,,,,,1771.1333333333332,,4,0.9846255787037037,12042.3,9256.416666666666,9150.183333333332,3768.2999999999993,10022.033333333335,9125.966666666665,9279,21756.43333333333,16264.849999999999,6949.0999999999985,12640.583333333332,16536.98333333333,9314.383333333333,8793.55,21378.266666666666,15555.166666666666,8228.499999999996,19528.399999999998,37917.333333333336,18373.03333333333,0,0,0,0,0,0,0,0,0,0,0,0,C4-NRW-05,,,Macro
1106,RUR1968,RUR1968__Kingra_New,3,C4-NRW-05,30,Stand by,,,,,,,,,,,,,,,,,,,,,,,,,,,,,,,,,0,,0,1,12042.3,9256.416666666666,9150.183333333332,3768.2999999999993,10022.033333333335,9125.966666666665,9279,21756.43333333333,16264.849999999999,6949.0999999999985,12640.583333333332,16536.98333333333,9314.383333333333,8793.55,21378.266666666666,15555.166666666666,8228.499999999996,19528.399999999998,37917.333333333336,18373.03333333333,0,0,0,0,0,0,0,0,0,0,0,0,C4-NRW-05,,,Macro
1107,RUR1130,RUR1130__OffloadRUR1968A,3,C4-NRW-05,27,Stand by,,,,,,,,,,,,,,,401.7333333333332,,,75.33333333333333,,190.5,251.75,,,,,,,,,,,,919.3166666666665,,4,0.9893597608024691,12042.3,9256.416666666666,9150.183333333332,3768.2999999999993,10022.033333333335,9125.966666666665,9279,21756.43333333333,16264.849999999999,6949.0999999999985,12640.583333333332,16536.98333333333,9314.383333333333,8793.55,21378.266666666666,15555.166666666666,8228.499999999996,19528.399999999998,37917.333333333336,18373.03333333333,0,0,0,0,0,0,0,0,0,0,0,0,C4-NRW-05,,,Macro
1108,RUR6968,RUR6968__IttehadColony,3,C4-NRW-05,30+30,Stand by,,5.916666666666667,,,14.166666666666668,,,,,,,,,7.333333333333334,,,,,,,,,,,,,,,,,,,27.41666666666667,,3,0.9996826774691359,12042.3,9256.416666666666,9150.183333333332,3768.2999999999993,10022.033333333335,9125.966666666665,9279,21756.43333333333,16264.849999999999,6949.0999999999985,12640.583333333332,16536.98333333333,9314.383333333333,8793.55,21378.266666666666,15555.166666666666,8228.499999999996,19528.399999999998,37917.333333333336,18373.03333333333,0,0,0,0,0,0,0,0,0,0,0,0,C4-NRW-05,,,Macro
1109,GML1220,GML1220__OffloadGML9905A,3,C4-NRW-05,13,Stand by,,,426.5833333333334,15.899999999999999,,408.3333333333335,16.416666666666668,,151.91666666666666,14.75,,125.50000000000003,,,,469.25000000000006,221.63333333333335,76.65,192.58333333333337,432.75000000000006,,,,,,,,,,,,,2552.266666666667,,12,0.9704598765432099,12042.3,9256.416666666666,9150.183333333332,3768.2999999999993,10022.033333333335,9125.966666666665,9279,21756.43333333333,16264.849999999999,6949.0999999999985,12640.583333333332,16536.98333333333,9314.383333333333,8793.55,21378.266666666666,15555.166666666666,8228.499999999996,19528.399999999998,37917.333333333336,18373.03333333333,0,0,0,0,0,0,0,0,0,0,0,0,C4-NRW-05,,,Macro
1110,KGR8995,KGR8995__MohallaSiddiqpura,3,C4-NRW-05,31,Stand by,,,,,,,,,,,,,,,,,,,,,,,,,,,,,,,,,0,,0,1,12042.3,9256.416666666666,9150.183333333332,3768.2999999999993,10022.033333333335,9125.966666666665,9279,21756.43333333333,16264.849999999999,6949.0999999999985,12640.583333333332,16536.98333333333,9314.383333333333,8793.55,21378.266666666666,15555.166666666666,8228.499999999996,19528.399999999998,37917.333333333336,18373.03333333333,0,0,0,0,0,0,0,0,0,0,0,0,C4-NRW-05,,,Macro
1111,MNZ9889,MNZ9889__Manzoor_PuraPlot,3,C4-NRW-05,9,Stand by,,,,,,,,,,,,,,,,,,,,,,,,,,,,,,,,,0,,0,1,12042.3,9256.416666666666,9150.183333333332,3768.2999999999993,10022.033333333335,9125.966666666665,9279,21756.43333333333,16264.849999999999,6949.0999999999985,12640.583333333332,16536.98333333333,9314.383333333333,8793.55,21378.266666666666,15555.166666666666,8228.499999999996,19528.399999999998,37917.333333333336,18373.03333333333,0,0,0,0,0,0,0,0,0,0,0,0,C4-NRW-05,,,Macro
1112,DDL9709,DDL9709__SarjalDhadyal,3,C4-NRW-05,31,Stand by,,,,,,,,,,,,,,,,,,,,,,,,,,,,,,,,,0,,0,1,12042.3,9256.416666666666,9150.183333333332,3768.2999999999993,10022.033333333335,9125.966666666665,9279,21756.43333333333,16264.849999999999,6949.0999999999985,12640.583333333332,16536.98333333333,9314.383333333333,8793.55,21378.266666666666,15555.166666666666,8228.499999999996,19528.399999999998,37917.333333333336,18373.03333333333,0,0,0,0,0,0,0,0,0,0,0,0,C4-NRW-05,,,Macro
1113,RUR4998,RUR4998__Skgaddasheikhpur,3,C4-NRW-05,30,Stand by,,,,,,,,,,,,,,,,,,,,62.000000000000014,,,,,,,,,,,,,62.000000000000014,,1,0.9992824074074075,12042.3,9256.416666666666,9150.183333333332,3768.2999999999993,10022.033333333335,9125.966666666665,9279,21756.43333333333,16264.849999999999,6949.0999999999985,12640.583333333332,16536.98333333333,9314.383333333333,8793.55,21378.266666666666,15555.166666666666,8228.499999999996,19528.399999999998,37917.333333333336,18373.03333333333,0,0,0,0,0,0,0,0,0,0,0,0,C4-NRW-05,,,Macro
1114,RUR3173,RUR3173__Barak_Pind,3,C4-NRW-05,20,Stand by,,,,,,,,,,,,,,,,,,,,,,,,,,,,,,,,,0,,0,1,12042.3,9256.416666666666,9150.183333333332,3768.2999999999993,10022.033333333335,9125.966666666665,9279,21756.43333333333,16264.849999999999,6949.0999999999985,12640.583333333332,16536.98333333333,9314.383333333333,8793.55,21378.266666666666,15555.166666666666,8228.499999999996,19528.399999999998,37917.333333333336,18373.03333333333,0,0,0,0,0,0,0,0,0,0,0,0,C4-NRW-05,,,Macro
1115,QSG3418,QSG3418__ChowkQila,3,C4-NRW-05,,GLO,,,,,,20.333333333333332,,,,,,,,14.833333333333334,,,,,,,177.25,,,,,,,,,,,,212.41666666666666,,3,0.9975414737654321,12042.3,9256.416666666666,9150.183333333332,3768.2999999999993,10022.033333333335,9125.966666666665,9279,21756.43333333333,16264.849999999999,6949.0999999999985,12640.583333333332,16536.98333333333,9314.383333333333,8793.55,21378.266666666666,15555.166666666666,8228.499999999996,19528.399999999998,37917.333333333336,18373.03333333333,0,0,0,0,0,0,0,0,0,0,0,0,C4-NRW-05,,,Macro
1116,PSR4155,PSR4155__ChurchRoadpasroor,4,C4-NRW-05,30,Stand by,,957.2666666666667,,418.66666666666663,,,672.3333333333329,,,82.58333333333333,,,,370.5833333333332,4,,80.66666666666669,,1596.583333333333,368.5833333333332,201.31666666666672,,,,,,,,,,,,4752.583333333332,,10,0.9587449363425926,12042.3,9256.416666666666,9150.183333333332,3768.2999999999993,10022.033333333335,9125.966666666665,9279,21756.43333333333,16264.849999999999,6949.0999999999985,12640.583333333332,16536.98333333333,9314.383333333333,8793.55,21378.266666666666,15555.166666666666,8228.499999999996,19528.399999999998,37917.333333333336,18373.03333333333,0,0,0,0,0,0,0,0,0,0,0,0,C4-NRW-05,,,Macro
1117,RUR1069,RUR1069__S_KalyanPur,3,C4-NRW-05,30,Stand by,,23.75,,,,,,,,,,,,,,,,,,33.24999999999999,429.08333333333326,,,,,,,,,,,,486.08333333333326,,3,0.9943740354938272,12042.3,9256.416666666666,9150.183333333332,3768.2999999999993,10022.033333333335,9125.966666666665,9279,21756.43333333333,16264.849999999999,6949.0999999999985,12640.583333333332,16536.98333333333,9314.383333333333,8793.55,21378.266666666666,15555.166666666666,8228.499999999996,19528.399999999998,37917.333333333336,18373.03333333333,0,0,0,0,0,0,0,0,0,0,0,0,C4-NRW-05,,,Macro
1118,PSR9855,PSR9855__MohallahDoBurj,3,C4-NRW-05,20,Stand by,,,,,,,40.66666666666666,,,58.71666666666666,,,,225.91666666666669,,143.08333333333331,,,,43.666666666666664,,,,,,,,,,,,,512.05,,5,0.9940734953703704,12042.3,9256.416666666666,9150.183333333332,3768.2999999999993,10022.033333333335,9125.966666666665,9279,21756.43333333333,16264.849999999999,6949.0999999999985,12640.583333333332,16536.98333333333,9314.383333333333,8793.55,21378.266666666666,15555.166666666666,8228.499999999996,19528.399999999998,37917.333333333336,18373.03333333333,0,0,0,0,0,0,0,0,0,0,0,0,C4-NRW-05,,,Macro
1119,RUR0402,RUR0402__S_Ikhlas_Pur_Warid_MDNR7667,3,C4-NRW-05,,PTCL,GTRP2043,,,,,,21.583333333333332,,136.00000000000003,,,116.66666666666666,,,18.25,52.5,,191.83333333333334,,227.25000000000003,52.66666666666667,,,,,,,,,,,,816.75,,8,0.990546875,12042.3,9256.416666666666,9150.183333333332,3768.2999999999993,10022.033333333335,9125.966666666665,9279,21756.43333333333,16264.849999999999,6949.0999999999985,12640.583333333332,16536.98333333333,9314.383333333333,8793.55,21378.266666666666,15555.166666666666,8228.499999999996,19528.399999999998,37917.333333333336,18373.03333333333,0,0,0,0,0,0,0,0,0,0,0,0,C4-NRW-05,PTCL,GTRP2043,Macro
1120,SKG9840,SKG9840__Behind_GovtBoysHich,3,C4-NRW-05,30+30,Stand by,,,,,,4.749999999999999,,,,,,,,,,,,,,,,,,,,,,,,,,,4.749999999999999,,1,0.9999450231481481,12042.3,9256.416666666666,9150.183333333332,3768.2999999999993,10022.033333333335,9125.966666666665,9279,21756.43333333333,16264.849999999999,6949.0999999999985,12640.583333333332,16536.98333333333,9314.383333333333,8793.55,21378.266666666666,15555.166666666666,8228.499999999996,19528.399999999998,37917.333333333336,18373.03333333333,0,0,0,0,0,0,0,0,0,0,0,0,C4-NRW-05,,,Macro
1121,BBK9607,BBK9607__MusalmaniaGoriaBobak,4,C4-NRW-05,31,Stand by,,,,,,,,,,,,,,,,,,,,,,,,,,,,,,,,,0,,0,1,12042.3,9256.416666666666,9150.183333333332,3768.2999999999993,10022.033333333335,9125.966666666665,9279,21756.43333333333,16264.849999999999,6949.0999999999985,12640.583333333332,16536.98333333333,9314.383333333333,8793.55,21378.266666666666,15555.166666666666,8228.499999999996,19528.399999999998,37917.333333333336,18373.03333333333,0,0,0,0,0,0,0,0,0,0,0,0,C4-NRW-05,,,Macro
1122,PSR4200,PSR4200__FaisalColony,4,C4-NRW-05,31,Stand by,,,,,19.666666666666668,222.0833333333333,313.49999999999994,,300.5,230.24999999999994,,,,,,165.16666666666666,,,,631.7333333333333,,,,,,,,,,,,,1882.8999999999999,,7,0.9836553819444444,12042.3,9256.416666666666,9150.183333333332,3768.2999999999993,10022.033333333335,9125.966666666665,9279,21756.43333333333,16264.849999999999,6949.0999999999985,12640.583333333332,16536.98333333333,9314.383333333333,8793.55,21378.266666666666,15555.166666666666,8228.499999999996,19528.399999999998,37917.333333333336,18373.03333333333,0,0,0,0,0,0,0,0,0,0,0,0,C4-NRW-05,,,Macro
1123,SKG3828,SKG3828__MohallahIsbSKG,3,C4-NRW-05,30,Stand by,,,,,,3.166666666666666,,,140.33333333333334,,,,44.08333333333334,,,,,,,381.50000000000006,488.75,,,,,,,,,,,,1057.8333333333335,,5,0.9877565586419753,12042.3,9256.416666666666,9150.183333333332,3768.2999999999993,10022.033333333335,9125.966666666665,9279,21756.43333333333,16264.849999999999,6949.0999999999985,12640.583333333332,16536.98333333333,9314.383333333333,8793.55,21378.266666666666,15555.166666666666,8228.499999999996,19528.399999999998,37917.333333333336,18373.03333333333,0,0,0,0,0,0,0,0,0,0,0,0,C4-NRW-05,,,Macro
1124,RUR5623,RUR5623__S_DullamKahalwan,3,C4-NRW-05,,Enfrashare,EC1-PSR-02084,313.9666666666666,,,,,,,18.833333333333332,,,4.25,,,,,1238.1999999999998,1331.183333333333,80.66666666666667,78.50000000000001,,,,,,,,,,,,,3065.599999999999,,7,0.9645185185185186,12042.3,9256.416666666666,9150.183333333332,3768.2999999999993,10022.033333333335,9125.966666666665,9279,21756.43333333333,16264.849999999999,6949.0999999999985,12640.583333333332,16536.98333333333,9314.383333333333,8793.55,21378.266666666666,15555.166666666666,8228.499999999996,19528.399999999998,37917.333333333336,18373.03333333333,0,0,0,0,0,0,0,0,0,0,0,0,C4-NRW-05,Enfra,EC1-PSR-02084,Macro
1125,RUR5792,RUR5792__S_Romal,3,C4-NRW-05,,Enfrashare,EC1-NRW-02595,,,,,,,,,,,,,,,,,,,299.75,,,,,,,,,,,,,299.75,,1,0.9965306712962964,12042.3,9256.416666666666,9150.183333333332,3768.2999999999993,10022.033333333335,9125.966666666665,9279,21756.43333333333,16264.849999999999,6949.0999999999985,12640.583333333332,16536.98333333333,9314.383333333333,8793.55,21378.266666666666,15555.166666666666,8228.499999999996,19528.399999999998,37917.333333333336,18373.03333333333,0,0,0,0,0,0,0,0,0,0,0,0,,,,Macro
1126,SKG6077,SKG6077__S_SaeedMarketDarmanRd,3,C4-NRW-05,,Enfrashare,EC1-SKG-03694,,,,,3.166666666666666,,,684.3833333333334,,,413.6666666666665,,,,527.1666666666667,,,495.58333333333326,960.9166666666667,816.7499999999998,,,,,,,,,,,,3901.633333333333,,7,0.9548422067901234,12042.3,9256.416666666666,9150.183333333332,3768.2999999999993,10022.033333333335,9125.966666666665,9279,21756.43333333333,16264.849999999999,6949.0999999999985,12640.583333333332,16536.98333333333,9314.383333333333,8793.55,21378.266666666666,15555.166666666666,8228.499999999996,19528.399999999998,37917.333333333336,18373.03333333333,0,0,0,0,0,0,0,0,0,0,0,0,,,,Macro
1127,NRW5629,NRW5629__S_NarowalPark,3,C4-NRW-05,,Enfrashare,EC1-NRW-02268,121.24999999999997,,,4.749999999999999,261.5666666666665,15,,,,,,148.08333333333334,210.5,475.33333333333337,,95.33333333333333,25,,854.6333333333333,,,,,,,,,,,,,2211.45,,10,0.9744045138888889,12042.3,9256.416666666666,9150.183333333332,3768.2999999999993,10022.033333333335,9125.966666666665,9279,21756.43333333333,16264.849999999999,6949.0999999999985,12640.583333333332,16536.98333333333,9314.383333333333,8793.55,21378.266666666666,15555.166666666666,8228.499999999996,19528.399999999998,37917.333333333336,18373.03333333333,0,0,0,0,0,0,0,0,0,0,0,0,,,,Macro
1128,NRW5877,NRW5877__S_PTCLExchange_PTCL2090,3,C4-NRW-05,,PTCL,GTRP2090,,,529.3833333333334,1.583333333333333,233.41666666666666,184.55,230.75,320.94999999999993,173.66666666666669,,280.5,175.00000000000003,236.5,28.36666666666666,284.41666666666674,120.33333333333333,287.8333333333333,390.4000000000001,411.93333333333345,2011.199999999998,,,,,,,,,,,,5900.783333333333,,17,0.9317038966049382,12042.3,9256.416666666666,9150.183333333332,3768.2999999999993,10022.033333333335,9125.966666666665,9279,21756.43333333333,16264.849999999999,6949.0999999999985,12640.583333333332,16536.98333333333,9314.383333333333,8793.55,21378.266666666666,15555.166666666666,8228.499999999996,19528.399999999998,37917.333333333336,18373.03333333333,0,0,0,0,0,0,0,0,0,0,0,0,,,,Macro
1129,RUR6275,RUR6275_S_JamiaMasjidAsharfia,3,C4-NRW-05,,E.Co,e.coPK018413PU,,,,,,,,,860.4000000000001,,,837.75,,288.1666666666667,,820,,,851.75,,,,,,,,,,,,,3658.0666666666666,,5,0.9576612654320988,12042.3,9256.416666666666,9150.183333333332,3768.2999999999993,10022.033333333335,9125.966666666665,9279,21756.43333333333,16264.849999999999,6949.0999999999985,12640.583333333332,16536.98333333333,9314.383333333333,8793.55,21378.266666666666,15555.166666666666,8228.499999999996,19528.399999999998,37917.333333333336,18373.03333333333,0,0,0,0,0,0,0,0,0,0,0,0,,,,Macro
1130,GHA5646,GHA5646_H_USF_USLK015_Wali Pur Bur Narowal,3,C4-NRW-05,,Enfrashare,EC1-SKT-06956,,,,,,,,,,,,,,,,,,,33.50000000000001,,,,,,,,,,,,,33.50000000000001,,1,0.9996122685185185,12042.3,9256.416666666666,9150.183333333332,3768.2999999999993,10022.033333333335,9125.966666666665,9279,21756.43333333333,16264.849999999999,6949.0999999999985,12640.583333333332,16536.98333333333,9314.383333333333,8793.55,21378.266666666666,15555.166666666666,8228.499999999996,19528.399999999998,37917.333333333336,18373.03333333333,0,0,0,0,0,0,0,0,0,0,0,0,,,,Macro
1131,RUR5662,RUR5662_H_USF_USLK021_Changa BaghatPur Rd Madharian Wala Kalar Sialkot,3,C4-NRW-05,,Enfrashare,EC1-SKT-06962,22.75,,,,,,,,,,40.58333333333333,,,,,,,233.58333333333331,,29.83333333333333,,,,,,,,,,,,326.74999999999994,,4,0.9962181712962963,12042.3,9256.416666666666,9150.183333333332,3768.2999999999993,10022.033333333335,9125.966666666665,9279,21756.43333333333,16264.849999999999,6949.0999999999985,12640.583333333332,16536.98333333333,9314.383333333333,8793.55,21378.266666666666,15555.166666666666,8228.499999999996,19528.399999999998,37917.333333333336,18373.03333333333,0,0,0,0,0,0,0,0,0,0,0,0,,,,Macro
1132,RUR5719,RUR5719_H_USF_USLK016_Ikhlas Pur Narowal,3,C4-NRW-05,,Enfrashare,EC1-SKT-06957,,,,,,,,,,,,,,,,,,,,,,,,,,,,,,,,0,,0,1,12042.3,9256.416666666666,9150.183333333332,3768.2999999999993,10022.033333333335,9125.966666666665,9279,21756.43333333333,16264.849999999999,6949.0999999999985,12640.583333333332,16536.98333333333,9314.383333333333,8793.55,21378.266666666666,15555.166666666666,8228.499999999996,19528.399999999998,37917.333333333336,18373.03333333333,0,0,0,0,0,0,0,0,0,0,0,0,,,,Macro
1133,RUR5650,RUR5650_USF_USLK007_Chak Dodhoo Narowal,3,C4-NRW-05,30,Solar+DG,Solar+DG,,257,,,293.3833333333333,,,,,,,,,,,,,159.85,1337.3500000000004,,,,,,,,,,,,,2047.5833333333337,,4,0.9763011188271605,12042.3,9256.416666666666,9150.183333333332,3768.2999999999993,10022.033333333335,9125.966666666665,9279,21756.43333333333,16264.849999999999,6949.0999999999985,12640.583333333332,16536.98333333333,9314.383333333333,8793.55,21378.266666666666,15555.166666666666,8228.499999999996,19528.399999999998,37917.333333333336,18373.03333333333,0,0,0,0,0,0,0,0,0,0,0,0,,,,Macro
1134,PSR9054,PSR9054__S_AliAkbarStreet,3,C4-NRW-05,,Tawal,TWPSKT0007,,,,,,,,,,,,,,,,,,,,,,,,,,,,,,,,0,,0,1,12042.3,9256.416666666666,9150.183333333332,3768.2999999999993,10022.033333333335,9125.966666666665,9279,21756.43333333333,16264.849999999999,6949.0999999999985,12640.583333333332,16536.98333333333,9314.383333333333,8793.55,21378.266666666666,15555.166666666666,8228.499999999996,19528.399999999998,37917.333333333336,18373.03333333333,0,0,0,0,0,0,0,0,0,0,0,0,C4-NRW-05,TAWAL,TWPSKT0007,Macro
1135,NRW9050,NRW9050__S_NationInstituteOfTechnology_TPLNW010,3,C4-NRW-05,,Telenor,LNW010,,,,,,,,,,,,,,,,,,,,,,,,,,,,,,,,0,,0,1,12042.3,9256.416666666666,9150.183333333332,3768.2999999999993,10022.033333333335,9125.966666666665,9279,21756.43333333333,16264.849999999999,6949.0999999999985,12640.583333333332,16536.98333333333,9314.383333333333,8793.55,21378.266666666666,15555.166666666666,8228.499999999996,19528.399999999998,37917.333333333336,18373.03333333333,0,0,0,0,0,0,0,0,0,0,0,0,C4-NRW-05,TP,LNW010,Macro
1136,SKG9076,SKG9076__S_RasheedPura,3,C4-NRW-05,,E.Co,e.coPK019769PU,,,,,1.583333333333333,,,1162.8000000000002,47.04999999999999,,964.8333333333333,,,,1089.0500000000004,,,1005.3000000000001,,51.500000000000014,,,,,,,,,,,,4322.116666666667,,7,0.9499755015432099,12042.3,9256.416666666666,9150.183333333332,3768.2999999999993,10022.033333333335,9125.966666666665,9279,21756.43333333333,16264.849999999999,6949.0999999999985,12640.583333333332,16536.98333333333,9314.383333333333,8793.55,21378.266666666666,15555.166666666666,8228.499999999996,19528.399999999998,37917.333333333336,18373.03333333333,0,0,0,0,0,0,0,0,0,0,0,0,C4-NRW-05,E.co,e.coPK019769PU,Macro
1137,RUR9282,RUR9282__S_HarbanspurZafarwal,3,C4-NRW-05,,Enfrashare,EC1-ZFR-09111,,,,,,,,,711.5833333333335,,,707.7500000000001,,,,686.3000000000002,,,737.25,,,,,,,,,,,,,2842.8833333333337,,4,0.9670962577160493,12042.3,9256.416666666666,9150.183333333332,3768.2999999999993,10022.033333333335,9125.966666666665,9279,21756.43333333333,16264.849999999999,6949.0999999999985,12640.583333333332,16536.98333333333,9314.383333333333,8793.55,21378.266666666666,15555.166666666666,8228.499999999996,19528.399999999998,37917.333333333336,18373.03333333333,0,0,0,0,0,0,0,0,0,0,0,0,C4-NRW-05,E.co,e.coPK019733PU,Macro
1138,NRW9343,NRW9343__S_TheCollegeOfLawNarowal,3,C4-NRW-05,,Enfrashare,EC1-NRW-04924,,,,1.583333333333333,,,,,814.6666666666664,,,,280.25,,1410.2499999999998,,,,,,,,,,,,,,,,,2506.7499999999995,,4,0.9709866898148148,12042.3,9256.416666666666,9150.183333333332,3768.2999999999993,10022.033333333335,9125.966666666665,9279,21756.43333333333,16264.849999999999,6949.0999999999985,12640.583333333332,16536.98333333333,9314.383333333333,8793.55,21378.266666666666,15555.166666666666,8228.499999999996,19528.399999999998,37917.333333333336,18373.03333333333,0,0,0,0,0,0,0,0,0,0,0,0,C4-NRW-05,Enfra,EC1-NRW-04924,Macro
1139,RUR5687,RUR5687__S_Gurala_CMPak7512,3,C4-NRW-05,,CM Pak,7512,,,,,,,,,,,,,,,,,,,,,,,,,,,,,,,,0,,0,1,12042.3,9256.416666666666,9150.183333333332,3768.2999999999993,10022.033333333335,9125.966666666665,9279,21756.43333333333,16264.849999999999,6949.0999999999985,12640.583333333332,16536.98333333333,9314.383333333333,8793.55,21378.266666666666,15555.166666666666,8228.499999999996,19528.399999999998,37917.333333333336,18373.03333333333,0,0,0,0,0,0,0,0,0,0,0,0,,,,Macro
1140,RUR9314,RUR9314__S_SidraRabNawazHospital,3,C4-NRW-05,,ATL,ATNRW1,,,,,,,,,,,,,,,,,,,108.66666666666666,,,,,,,,,,,,,108.66666666666666,,1,0.9987422839506174,12042.3,9256.416666666666,9150.183333333332,3768.2999999999993,10022.033333333335,9125.966666666665,9279,21756.43333333333,16264.849999999999,6949.0999999999985,12640.583333333332,16536.98333333333,9314.383333333333,8793.55,21378.266666666666,15555.166666666666,8228.499999999996,19528.399999999998,37917.333333333336,18373.03333333333,0,0,0,0,0,0,0,0,0,0,0,0,C4-NRW-05,ATL,ATNRW1,Macro
1141,RUR8493,RUR8493__S_ChowkQilaKalarWala,3,C4-NRW-05,,E.Co,e.coPK014481PU,,,,,,,,,,,,,,,,,,473.79999999999995,,,,,,,,,,,,,,473.79999999999995,,1,0.9945162037037036,12042.3,9256.416666666666,9150.183333333332,3768.2999999999993,10022.033333333335,9125.966666666665,9279,21756.43333333333,16264.849999999999,6949.0999999999985,12640.583333333332,16536.98333333333,9314.383333333333,8793.55,21378.266666666666,15555.166666666666,8228.499999999996,19528.399999999998,37917.333333333336,18373.03333333333,0,0,0,0,0,0,0,0,0,0,0,0,C4-NRW-05,E.co,e.coPK014481PU,Macro
1142,PSR8901,PSR8901__S_DrAbdulSattarHospital,3,C4-NRW-05,,Enfrashare,EC1-PSR-09639,,,,,,,,,,,,,,79.5,,,,,,,,,,,,,,,,,,79.5,,1,0.9990798611111111,12042.3,9256.416666666666,9150.183333333332,3768.2999999999993,10022.033333333335,9125.966666666665,9279,21756.43333333333,16264.849999999999,6949.0999999999985,12640.583333333332,16536.98333333333,9314.383333333333,8793.55,21378.266666666666,15555.166666666666,8228.499999999996,19528.399999999998,37917.333333333336,18373.03333333333,0,0,0,0,0,0,0,0,0,0,0,0,C4-NRW-05,Enfra,EC1-PSR-09639,Macro
1143,RUR8675,RUR8675__S_KamalpurChishtian,3,C4-NRW-05,,ATL,ATSLK20,,,,,,,,,,,,,,,,,,,,,,,,,,,,,,,,0,,0,1,12042.3,9256.416666666666,9150.183333333332,3768.2999999999993,10022.033333333335,9125.966666666665,9279,21756.43333333333,16264.849999999999,6949.0999999999985,12640.583333333332,16536.98333333333,9314.383333333333,8793.55,21378.266666666666,15555.166666666666,8228.499999999996,19528.399999999998,37917.333333333336,18373.03333333333,0,0,0,0,0,0,0,0,0,0,0,0,C4-NRW-05,ATL,ATSLK20,Macro
1144,RUR0753,RUR0753__S_Saria,3,C4-NRW-05,,E.Co,e.coPK019943PU,,,,,488.0000000000001,,,,,,,,,,,,295.25,,564,,,,,,,,,,,,,1347.25,,3,0.9844068287037037,12042.3,9256.416666666666,9150.183333333332,3768.2999999999993,10022.033333333335,9125.966666666665,9279,21756.43333333333,16264.849999999999,6949.0999999999985,12640.583333333332,16536.98333333333,9314.383333333333,8793.55,21378.266666666666,15555.166666666666,8228.499999999996,19528.399999999998,37917.333333333336,18373.03333333333,0,0,0,0,0,0,0,0,0,0,0,0,C4-NRW-05,E.Co,e.coPK019943PU,Macro
1145,SKG9026,SKG9026__S_AOneGamingZone,3,C4-NRW-05,,Enfrashare,EC1-SKG-09685,,,,,526.2166666666667,,,819.75,,,624.0500000000002,,732.5000000000001,,678.1166666666667,,,669.75,109.75000000000003,,,,,,,,,,,,,4160.133333333334,,7,0.9518503086419753,12042.3,9256.416666666666,9150.183333333332,3768.2999999999993,10022.033333333335,9125.966666666665,9279,21756.43333333333,16264.849999999999,6949.0999999999985,12640.583333333332,16536.98333333333,9314.383333333333,8793.55,21378.266666666666,15555.166666666666,8228.499999999996,19528.399999999998,37917.333333333336,18373.03333333333,0,0,0,0,0,0,0,0,0,0,0,0,C4-NRW-05,EnfraShare,EC1-SKG-09685,Macro
1146,PSR1382,PSR1382__S_SaweraHospital,3,C4-NRW-05,,Enfrashare,EC1-PSR-09769,62.91666666666667,,163.5,186.91666666666666,,,,559.9166666666665,,,216,,,134.91666666666666,173.25,,,,351.25,327.66666666666663,,,,,,,,,,,,2176.3333333333335,,9,0.9748109567901234,12042.3,9256.416666666666,9150.183333333332,3768.2999999999993,10022.033333333335,9125.966666666665,9279,21756.43333333333,16264.849999999999,6949.0999999999985,12640.583333333332,16536.98333333333,9314.383333333333,8793.55,21378.266666666666,15555.166666666666,8228.499999999996,19528.399999999998,37917.333333333336,18373.03333333333,0,0,0,0,0,0,0,0,0,0,0,0,C4-NRW-05,Enfra,EC1-PSR-09769,Macro
1147,RUR0669,RUR0669__S_Ladar,3,C4-NRW-05,,Tawal,TWPNRW0003,,,,,,,,,158.74999999999997,,,110.49999999999999,,,,86.00000000000001,,,304.1666666666667,,,,,,,,,,,,,659.4166666666666,,4,0.992367862654321,12042.3,9256.416666666666,9150.183333333332,3768.2999999999993,10022.033333333335,9125.966666666665,9279,21756.43333333333,16264.849999999999,6949.0999999999985,12640.583333333332,16536.98333333333,9314.383333333333,8793.55,21378.266666666666,15555.166666666666,8228.499999999996,19528.399999999998,37917.333333333336,18373.03333333333,0,0,0,0,0,0,0,0,0,0,0,0,C4-NRW-05,Tawal,TWPNRW0003,Macro
1148,RUR0906,RUR0906__HabibPur_MuranWali,3,C4-NRW-05,13,Stand by,,,,,201,159.83333333333331,,,23.5,,,,1.75,1.916666666666667,,,,196.5833333333333,,,44.25,,,,,,,,,,,,628.8333333333333,,7,0.992721836419753,12042.3,9256.416666666666,9150.183333333332,3768.2999999999993,10022.033333333335,9125.966666666665,9279,21756.43333333333,16264.849999999999,6949.0999999999985,12640.583333333332,16536.98333333333,9314.383333333333,8793.55,21378.266666666666,15555.166666666666,8228.499999999996,19528.399999999998,37917.333333333336,18373.03333333333,0,0,0,0,0,0,0,0,0,0,0,0,C4-NRW-05,,,Macro
1149,RUR3270,RUR3270__DolatPur,3,C4-NRW-05,13,Stand by,,,,,,,,,,,,,,,,,,,,,,,,,,,,,,,,,0,,0,1,12042.3,9256.416666666666,9150.183333333332,3768.2999999999993,10022.033333333335,9125.966666666665,9279,21756.43333333333,16264.849999999999,6949.0999999999985,12640.583333333332,16536.98333333333,9314.383333333333,8793.55,21378.266666666666,15555.166666666666,8228.499999999996,19528.399999999998,37917.333333333336,18373.03333333333,0,0,0,0,0,0,0,0,0,0,0,0,C4-NRW-05,,,Macro
1150,RUR3155,RUR3155__S_BaraManga,3,C4-NRW-05,,Enfrashare,EC1-SKG-09780,,,,,,,,812.6166666666667,,,636.3999999999999,,,,699.0500000000002,,,673.8,,61.250000000000014,,,,,,,,,,,,2883.116666666667,,5,0.9666305941358024,12042.3,9256.416666666666,9150.183333333332,3768.2999999999993,10022.033333333335,9125.966666666665,9279,21756.43333333333,16264.849999999999,6949.0999999999985,12640.583333333332,16536.98333333333,9314.383333333333,8793.55,21378.266666666666,15555.166666666666,8228.499999999996,19528.399999999998,37917.333333333336,18373.03333333333,0,0,0,0,0,0,0,0,0,0,0,0,C4-NRW-05,Enfra,EC1-SKG-09780,Macro
1151,RUR5148,RUR5148__S_Lapaywali Warid_MR2B3708,3,C4-NRW-05,,CP Prime,,,,,,,,2411.916666666667,,,,,,,,,,,,,,,,,,,,,,,,,2411.916666666667,,1,0.9720842978395062,12042.3,9256.416666666666,9150.183333333332,3768.2999999999993,10022.033333333335,9125.966666666665,9279,21756.43333333333,16264.849999999999,6949.0999999999985,12640.583333333332,16536.98333333333,9314.383333333333,8793.55,21378.266666666666,15555.166666666666,8228.499999999996,19528.399999999998,37917.333333333336,18373.03333333333,0,0,0,0,0,0,0,0,0,0,0,0,C4-NRW-05,,,Macro
1152,NRW9954,NRW9954__S_GovtDegreeCollegeGround,3,C4-NRW-05,,Ufone,,,,,4.749999999999999,,,,,,,,,,,,,,,,,,,,,,,,,,,,4.749999999999999,,1,0.9999450231481481,12042.3,9256.416666666666,9150.183333333332,3768.2999999999993,10022.033333333335,9125.966666666665,9279,21756.43333333333,16264.849999999999,6949.0999999999985,12640.583333333332,16536.98333333333,9314.383333333333,8793.55,21378.266666666666,15555.166666666666,8228.499999999996,19528.399999999998,37917.333333333336,18373.03333333333,0,0,0,0,0,0,0,0,0,0,0,0,C4-NRW-05,,,
1153,RUR5010,RUR5010__S_Qila Kalarwala Warid_MDNR1590,4,C4-NRW-05,30,Stand by,,,,,151.33333333333334,,,,,,,,,,,,,,,,,,,,,,,,,,,,151.33333333333334,,1,0.9986863425925925,12042.3,9256.416666666666,9150.183333333332,3768.2999999999993,10022.033333333335,9125.966666666665,9279,21756.43333333333,16264.849999999999,6949.0999999999985,12640.583333333332,16536.98333333333,9314.383333333333,8793.55,21378.266666666666,15555.166666666666,8228.499999999996,19528.399999999998,37917.333333333336,18373.03333333333,0,0,0,0,0,0,0,0,0,0,0,0,C4-NRW-05,,,Macro
1154,PSR0269,PSR0269_MainRoadPasroor,3,C4-NRW-05,30+30,Stand by,,,,,,,,,,,,,,,,,,,,,13.5,,,,,,,,,,,,13.5,,1,0.99984375,12042.3,9256.416666666666,9150.183333333332,3768.2999999999993,10022.033333333335,9125.966666666665,9279,21756.43333333333,16264.849999999999,6949.0999999999985,12640.583333333332,16536.98333333333,9314.383333333333,8793.55,21378.266666666666,15555.166666666666,8228.499999999996,19528.399999999998,37917.333333333336,18373.03333333333,0,0,0,0,0,0,0,0,0,0,0,0,C4-NRW-05,,,Macro
1155,RUR2804,RUR2804__S_Jassoran,3,C4-NRW-05,,Enfrashare,EC1-CHW-09777,,,,,,,,,,,,,,,67.5,,,,,,,,,,,,,,,,,67.5,,1,0.99921875,12042.3,9256.416666666666,9150.183333333332,3768.2999999999993,10022.033333333335,9125.966666666665,9279,21756.43333333333,16264.849999999999,6949.0999999999985,12640.583333333332,16536.98333333333,9314.383333333333,8793.55,21378.266666666666,15555.166666666666,8228.499999999996,19528.399999999998,37917.333333333336,18373.03333333333,0,0,0,0,0,0,0,0,0,0,0,0,C4-NRW-05,Enfra,EC1-CHW-09777,Macro
1156,NRW2398,NRW2398__S_KanjroorRoad,3,C4-NRW-05,,ATL,ATNRW6,118.99999999999997,,,3.166666666666666,,,,,,,,,,,561.75,,,,,,,,,,,,,,,,,683.9166666666666,,3,0.9920842978395062,12042.3,9256.416666666666,9150.183333333332,3768.2999999999993,10022.033333333335,9125.966666666665,9279,21756.43333333333,16264.849999999999,6949.0999999999985,12640.583333333332,16536.98333333333,9314.383333333333,8793.55,21378.266666666666,15555.166666666666,8228.499999999996,19528.399999999998,37917.333333333336,18373.03333333333,0,0,0,0,0,0,0,0,0,0,0,0,C4-NRW-05,ATL,ATNRW6,Macro
1157,RUR5144,RUR5144__DCONarowal,1,C4-NRW-05,,Jazz CP Prime,,,,,,,,,,,,,,,,,,,,,,,,,,,,,,,,,0,,0,1,12042.3,9256.416666666666,9150.183333333332,3768.2999999999993,10022.033333333335,9125.966666666665,9279,21756.43333333333,16264.849999999999,6949.0999999999985,12640.583333333332,16536.98333333333,9314.383333333333,8793.55,21378.266666666666,15555.166666666666,8228.499999999996,19528.399999999998,37917.333333333336,18373.03333333333,0,0,0,0,0,0,0,0,0,0,0,0,C4-NRW-05,,,Micro
1158,SKG8293,SKG8293_S_AsadAutosNoorkotRoad,3,C4-NRW-05,,Tawal,TWPNRW0012,,,,,1.583333333333333,,,,,,,,,,,,,,,,,,,,,,,,,,,1.583333333333333,,1,0.9999816743827161,12042.3,9256.416666666666,9150.183333333332,3768.2999999999993,10022.033333333335,9125.966666666665,9279,21756.43333333333,16264.849999999999,6949.0999999999985,12640.583333333332,16536.98333333333,9314.383333333333,8793.55,21378.266666666666,15555.166666666666,8228.499999999996,19528.399999999998,37917.333333333336,18373.03333333333,0,0,0,0,0,0,0,0,0,0,0,0,C4-NRW-05,Tawal-,TWPNRW0012,
1159,RRC0011,RRC0011S_Baherikhurd,3,C4-NRW-05,,Enfrashare,EC1-NRW-10061,,,522.75,,28.75,,,,,,,,,265.5833333333333,,,,,1105.4166666666667,,,,,,,,,,,,,1922.5,,4,0.9777488425925925,12042.3,9256.416666666666,9150.183333333332,3768.2999999999993,10022.033333333335,9125.966666666665,9279,21756.43333333333,16264.849999999999,6949.0999999999985,12640.583333333332,16536.98333333333,9314.383333333333,8793.55,21378.266666666666,15555.166666666666,8228.499999999996,19528.399999999998,37917.333333333336,18373.03333333333,0,0,0,0,0,0,0,0,0,0,0,0,C4-NRW-05,ENFRA-,EC1-NRW-10061,
1160,RRC0010,RRC0010__S_FatehpurAfghanan,3,C4-NRW-05,,Enfrashare,EC1-SKG-10059,,,,,,,,677.7500000000001,,21.5,490.7499999999999,,,,854,,,516,,,,,,,,,,,,,,2560,,5,0.9703703703703703,12042.3,9256.416666666666,9150.183333333332,3768.2999999999993,10022.033333333335,9125.966666666665,9279,21756.43333333333,16264.849999999999,6949.0999999999985,12640.583333333332,16536.98333333333,9314.383333333333,8793.55,21378.266666666666,15555.166666666666,8228.499999999996,19528.399999999998,37917.333333333336,18373.03333333333,0,0,0,0,0,0,0,0,0,0,0,0,C4-NRW-05,ENFRA-,EC1-SKG-10059,
1161,NRW9985,NRW9985__S_SocialSecurityMedicalCenter,3,C4-NRW-05,,E.Co,e.coPK020150PU,,90.24999999999999,,3.166666666666666,90,,,,216.65,383.6333333333333,,,,,,90,,50.499999999999986,,,,,,,,,,,,,,924.2,,7,0.9893032407407408,12042.3,9256.416666666666,9150.183333333332,3768.2999999999993,10022.033333333335,9125.966666666665,9279,21756.43333333333,16264.849999999999,6949.0999999999985,12640.583333333332,16536.98333333333,9314.383333333333,8793.55,21378.266666666666,15555.166666666666,8228.499999999996,19528.399999999998,37917.333333333336,18373.03333333333,0,0,0,0,0,0,0,0,0,0,0,0,C4-NRW-05,E.Co-,e.coPK020150PU,
1162,NRW9932,NRW9932__S_LibertyRoundabout,3,C4-NRW-05,,E.Co,e.coPK016356PU,,,,3.166666666666666,52.250000000000014,191.25,,286.83333333333337,96.33333333333334,,224.33333333333331,29.166666666666664,192.83333333333331,,144,109.5,229.5,273.50000000000006,401.5,454.75,,,,,,,,,,,,2688.916666666667,,14,0.9688782793209876,12042.3,9256.416666666666,9150.183333333332,3768.2999999999993,10022.033333333335,9125.966666666665,9279,21756.43333333333,16264.849999999999,6949.0999999999985,12640.583333333332,16536.98333333333,9314.383333333333,8793.55,21378.266666666666,15555.166666666666,8228.499999999996,19528.399999999998,37917.333333333336,18373.03333333333,0,0,0,0,0,0,0,0,0,0,0,0,C4-NRW-05,E.Co-,e.coPK016356PU,
1163,KTN9837,KTN9837__S_Gug,3,C4-NRW-05,,ATL,ATNRW7,,,,,200.91666666666669,,,,,,,,,,,,,,15,,,,,,,,,,,,,215.91666666666669,,2,0.9975009645061728,12042.3,9256.416666666666,9150.183333333332,3768.2999999999993,10022.033333333335,9125.966666666665,9279,21756.43333333333,16264.849999999999,6949.0999999999985,12640.583333333332,16536.98333333333,9314.383333333333,8793.55,21378.266666666666,15555.166666666666,8228.499999999996,19528.399999999998,37917.333333333336,18373.03333333333,0,0,0,0,0,0,0,0,0,0,0,0,C4-NRW-05,ATL,ATNRW7,Macro
1164,RRC0032,RRC0032__S_NuranghaAbad,3,C4-NRW-05,,Enfrashare,EC1-SKG-10132,149,,,,,210.33333333333331,,,,,1200.4833333333331,,,23.75,,,,,54.75,,,,,,,,,,,,,1638.3166666666664,,5,0.98103800154321,12042.3,9256.416666666666,9150.183333333332,3768.2999999999993,10022.033333333335,9125.966666666665,9279,21756.43333333333,16264.849999999999,6949.0999999999985,12640.583333333332,16536.98333333333,9314.383333333333,8793.55,21378.266666666666,15555.166666666666,8228.499999999996,19528.399999999998,37917.333333333336,18373.03333333333,0,0,0,0,0,0,0,0,0,0,0,0,C4-NRW-05,ENFRA-,EC1-SKG-10132,Macro
1165,SKG9719,SKG9719_S_SairaMumtaz Memorial Hospital,3,C4-NRW-05,,Tawal,TWPNRW0011,3853.0499999999997,,,,4.749999999999999,,,613.316666666667,615.5000000000002,,455.16666666666674,,,,476.91666666666674,,,416.75,,,,,,,,,,,,,,6435.450000000001,,7,0.9255156250000001,12042.3,9256.416666666666,9150.183333333332,3768.2999999999993,10022.033333333335,9125.966666666665,9279,21756.43333333333,16264.849999999999,6949.0999999999985,12640.583333333332,16536.98333333333,9314.383333333333,8793.55,21378.266666666666,15555.166666666666,8228.499999999996,19528.399999999998,37917.333333333336,18373.03333333333,0,0,0,0,0,0,0,0,0,0,0,,,,,
1166,RRC0044,RRC0044__S_ChanniBarmna,3,C4-NRW-05,,E.Co,e.coPK020304PU,,,,,,,45.24999999999999,84.99999999999999,,169.5,,,,,39.50000000000001,,,81.50000000000001,261.65,257.58333333333337,,,,,,,,,,,,939.9833333333333,,7,0.989120563271605,12042.3,9256.416666666666,9150.183333333332,3768.2999999999993,10022.033333333335,9125.966666666665,9279,21756.43333333333,16264.849999999999,6949.0999999999985,12640.583333333332,16536.98333333333,9314.383333333333,8793.55,21378.266666666666,15555.166666666666,8228.499999999996,19528.399999999998,37917.333333333336,18373.03333333333,0,0,0,0,0,0,0,0,0,0,0,,,,,
1167,RRC0045,RRC0045__S_Chahla,3,C4-NRW-05,,Enfrashare,EC1-SKG-10068,123.49999999999997,131.16666666666666,178.5833333333333,,,,106.99999999999997,1190.6999999999998,,,327,,353.0000000000001,,,,,,48.83333333333333,877,,,,,,,,,,,,3336.7833333333333,,9,0.9613798225308642,12042.3,9256.416666666666,9150.183333333332,3768.2999999999993,10022.033333333335,9125.966666666665,9279,21756.43333333333,16264.849999999999,6949.0999999999985,12640.583333333332,16536.98333333333,9314.383333333333,8793.55,21378.266666666666,15555.166666666666,8228.499999999996,19528.399999999998,37917.333333333336,18373.03333333333,0,0,0,0,0,0,0,0,0,0,0,,,,,
1168,RRC0050,RRC0050__S_BhutaRawal,3,C4-NRW-05,,E.Co,e.coPK020343PU,,,,,,,,,,,,,,369.41666666666674,,,,,617,,,,,,,,,,,,,986.4166666666667,,2,0.9885831404320987,12042.3,9256.416666666666,9150.183333333332,3768.2999999999993,10022.033333333335,9125.966666666665,9279,21756.43333333333,16264.849999999999,6949.0999999999985,12640.583333333332,16536.98333333333,9314.383333333333,8793.55,21378.266666666666,15555.166666666666,8228.499999999996,19528.399999999998,37917.333333333336,18373.03333333333,0,0,0,0,0,0,0,0,0,0,0,,,,,
1169,RRC0063,RRC0063__S_GovtBoysHighSchoolTalwandiBhindran,3,C4-NRW-05,,Enfrashare,EC1-NRW-01795,,,71.75000000000001,,,86.75000000000001,,99,,113.25,266.4,,,,,,,161.50000000000003,319.4999999999999,,,,,,,,,,,,,1118.1499999999999,,7,0.9870584490740741,12042.3,9256.416666666666,9150.183333333332,3768.2999999999993,10022.033333333335,9125.966666666665,9279,21756.43333333333,16264.849999999999,6949.0999999999985,12640.583333333332,16536.98333333333,9314.383333333333,8793.55,21378.266666666666,15555.166666666666,8228.499999999996,19528.399999999998,37917.333333333336,18373.03333333333,0,0,0,0,0,0,0,0,0,0,0,,,,,
1170,RRC0064,RRC0064_S_chak Qazian,3,C4-NRW-05,,Enfrashare,EC1-SKG-10275,,,,,,,,,,,,,,,,,,,,,,,,,,,,,,,,0,,0,1,12042.3,9256.416666666666,9150.183333333332,3768.2999999999993,10022.033333333335,9125.966666666665,9279,21756.43333333333,16264.849999999999,6949.0999999999985,12640.583333333332,16536.98333333333,9314.383333333333,8793.55,21378.266666666666,15555.166666666666,8228.499999999996,19528.399999999998,37917.333333333336,18373.03333333333,0,0,0,0,0,0,0,0,0,0,0,0,,,,
1171,RRC0073,RRCD073_5_ChaoraGujran,3,C4-NRW-05,,Tawal-,TWPNRW0013,1802.7166666666658,2629.3666666666663,2669.333333333333,,,,,2100.05,165.89999999999998,,557.25,,,,808.9999999999997,59.900000000000006,59.30000000000001,949.2499999999999,248.58333333333334,83.25,,,,,,,,,,,,12133.899999999998,,12,0.8595613425925925,12042.3,9256.416666666666,9150.183333333332,3768.2999999999993,10022.033333333335,9125.966666666665,9279,21756.43333333333,16264.849999999999,6949.0999999999985,12640.583333333332,16536.98333333333,9314.383333333333,8793.55,21378.266666666666,15555.166666666666,8228.499999999996,19528.399999999998,37917.333333333336,18373.03333333333,0,0,0,0,0,0,0,0,0,0,0,0,,,,
1172,RRC0095,RRC0095__S_Jabal,3,C4-NRW-05,,ENFRA-,EC1-SKG-10366,,296.75,,,,,324.2499999999999,,,512.25,,,,,,,,,,,,,,,,,,,,,,1133.25,,3,0.9868836805555555,12042.3,9256.416666666666,9150.183333333332,3768.2999999999993,10022.033333333335,9125.966666666665,9279,21756.43333333333,16264.849999999999,6949.0999999999985,12640.583333333332,16536.98333333333,9314.383333333333,8793.55,21378.266666666666,15555.166666666666,8228.499999999996,19528.399999999998,37917.333333333336,18373.03333333333,0,0,0,0,0,0,0,0,0,0,0,0,,,,
1173,RRC0096,RRC0096__S_ChakGamrolla,3,C4-NRW-05,,ATL-,ATNRW9,,,,,,,,,647.3000000000002,,,628.7499999999999,,,,611.4999999999999,,,1357.5,1166.5833333333333,,,,,,,,,,,,4411.633333333333,,5,0.9489394290123456,12042.3,9256.416666666666,9150.183333333332,3768.2999999999993,10022.033333333335,9125.966666666665,9279,21756.43333333333,16264.849999999999,6949.0999999999985,12640.583333333332,16536.98333333333,9314.383333333333,8793.55,21378.266666666666,15555.166666666666,8228.499999999996,19528.399999999998,37917.333333333336,18373.03333333333,0,0,0,0,0,0,0,0,0,0,0,0,C4-NRW-05,ATL-,ATNRW9,Macro
1174,SKT6059,SKT6059__S_AjmalGardenNursery,3,C4-SKT-03,,E.Co,e.coPK015662PU,,,,,290.6666666666667,,,,,,,,,41.30000000000001,,,,590.9,246.13333333333333,,,,,,,,,,,,,1169,,4,0.9864699074074075,25782.433333333334,17822.833333333336,20200.933333333334,15564.266666666668,23708.43333333333,15377.866666666667,11160.566666666666,19108.25,7446.716666666666,12724.5,12717.133333333331,11993.966666666669,17792.05,14854.516666666668,20335.51666666667,17934.1,22964.816666666673,12796.016666666666,15577.116666666667,20787.38333333333,0,0,0,0,0,0,0,0,0,0,0,0,,,,Macro
1175,SKT8134,SKT8134__BascoShoesRailwayRd,2,C4-SKT-03,,Jazz CP Prime,,50.83333333333334,,,186,218.5,,,228.83333333333331,,,8.666666666666666,,375.6666666666666,,,,,,260.6666666666666,,,,,,,,,,,,,1329.1666666666665,,7,0.9769241898148148,25782.433333333334,17822.833333333336,20200.933333333334,15564.266666666668,23708.43333333333,15377.866666666667,11160.566666666666,19108.25,7446.716666666666,12724.5,12717.133333333331,11993.966666666669,17792.05,14854.516666666668,20335.51666666667,17934.1,22964.816666666673,12796.016666666666,15577.116666666667,20787.38333333333,0,0,0,0,0,0,0,0,0,0,0,0,C4-SKT-03,,,Micro
1176,SKT9388,SKT9388__S_KaakeWali_CMPak42996,3,C4-SKT-03,,CM Pak,42996,,,,,490.8333333333332,,,,,,,,346.25000000000006,,,,,,,,,,,,,,,,,,,837.0833333333333,,2,0.9903115354938272,25782.433333333334,17822.833333333336,20200.933333333334,15564.266666666668,23708.43333333333,15377.866666666667,11160.566666666666,19108.25,7446.716666666666,12724.5,12717.133333333331,11993.966666666669,17792.05,14854.516666666668,20335.51666666667,17934.1,22964.816666666673,12796.016666666666,15577.116666666667,20787.38333333333,0,0,0,0,0,0,0,0,0,0,0,0,C4-SKT-03,CM-PAK,42996,Macro
1177,RUR0372,RUR0372_KotlyLouian_New,3,C4-SKT-03,20,DG Prime,,623.5833333333333,,,,2.083333333333333,,,,,213.5,,,92.49999999999999,303.8833333333334,,477,,,,269.25,,,,,,,,,,,,1981.8,,7,0.9770625,25782.433333333334,17822.833333333336,20200.933333333334,15564.266666666668,23708.43333333333,15377.866666666667,11160.566666666666,19108.25,7446.716666666666,12724.5,12717.133333333331,11993.966666666669,17792.05,14854.516666666668,20335.51666666667,17934.1,22964.816666666673,12796.016666666666,15577.116666666667,20787.38333333333,0,0,0,0,0,0,0,0,0,0,0,0,C4-SKT-03,,,Macro
1178,RUR6268,RUR6268__S_ChakMandhar,3,C4-SKT-03,,E.Co,e.coPK018359PU,464.49999999999994,275.33333333333326,,252.83333333333337,210.91666666666666,230.5833333333333,198,468.4166666666668,241.33333333333334,360.9666666666667,404.06666666666655,199,203.83333333333334,277.91666666666674,352.33333333333337,235.58333333333331,1290.866666666667,704.55,344.6666666666666,208.41666666666669,,,,,,,,,,,,6924.116666666668,,19,0.9198597608024691,25782.433333333334,17822.833333333336,20200.933333333334,15564.266666666668,23708.43333333333,15377.866666666667,11160.566666666666,19108.25,7446.716666666666,12724.5,12717.133333333331,11993.966666666669,17792.05,14854.516666666668,20335.51666666667,17934.1,22964.816666666673,12796.016666666666,15577.116666666667,20787.38333333333,0,0,0,0,0,0,0,0,0,0,0,0,,,,Macro
1179,SKT8139,SKT8139__SoniAquare,2,C4-SKT-03,,Jazz CP Prime,,,,,214.3333333333334,,,,,,,,,25.5,,,,,,,,,,,,,,,,,,,239.8333333333334,,2,0.9958362268518519,25782.433333333334,17822.833333333336,20200.933333333334,15564.266666666668,23708.43333333333,15377.866666666667,11160.566666666666,19108.25,7446.716666666666,12724.5,12717.133333333331,11993.966666666669,17792.05,14854.516666666668,20335.51666666667,17934.1,22964.816666666673,12796.016666666666,15577.116666666667,20787.38333333333,0,0,0,0,0,0,0,0,0,0,0,0,C4-SKT-03,,,Micro
1180,HWY3412,HWY3412_DskRoadSkt,3,C4-SKT-03,27,Stand by,,,,,,,,,,,,,,,,,,,,,,,,,,,,,,,,,0,,0,1,25782.433333333334,17822.833333333336,20200.933333333334,15564.266666666668,23708.43333333333,15377.866666666667,11160.566666666666,19108.25,7446.716666666666,12724.5,12717.133333333331,11993.966666666669,17792.05,14854.516666666668,20335.51666666667,17934.1,22964.816666666673,12796.016666666666,15577.116666666667,20787.38333333333,0,0,0,0,0,0,0,0,0,0,0,0,C4-SKT-03,,,Macro
1181,SKT4622,SKT4622__uhallahKhuwala,3,C4-SKT-03,20,Stand by,,,,,,188.25,,,23,,,,,,,,103.00000000000003,,,,,,,,,,,,,,,,314.25,,3,0.9963628472222222,25782.433333333334,17822.833333333336,20200.933333333334,15564.266666666668,23708.43333333333,15377.866666666667,11160.566666666666,19108.25,7446.716666666666,12724.5,12717.133333333331,11993.966666666669,17792.05,14854.516666666668,20335.51666666667,17934.1,22964.816666666673,12796.016666666666,15577.116666666667,20787.38333333333,0,0,0,0,0,0,0,0,0,0,0,0,C4-SKT-03,,,Macro
1182,SKT3404,SKT3404__ModeltownSKT,3,C4-SKT-03,20,Stand by,,,,,,,261.25,,,,92.75000000000001,,,,,,,,,,,,,,,,,,,,,,354,,2,0.9959027777777777,25782.433333333334,17822.833333333336,20200.933333333334,15564.266666666668,23708.43333333333,15377.866666666667,11160.566666666666,19108.25,7446.716666666666,12724.5,12717.133333333331,11993.966666666669,17792.05,14854.516666666668,20335.51666666667,17934.1,22964.816666666673,12796.016666666666,15577.116666666667,20787.38333333333,0,0,0,0,0,0,0,0,0,0,0,0,C4-SKT-03,,,Macro
1183,RUR9476,RUR9476__S_New Abadi SKT_MDSK4187,7,C4-SKT-03,20,Stand by,,414.4166666666667,,,,,,,120.99999999999999,,,,,,,,,58.583333333333336,,1109.833333333333,,,,,,,,,,,,,1703.833333333333,,4,0.9915484457671958,25782.433333333334,17822.833333333336,20200.933333333334,15564.266666666668,23708.43333333333,15377.866666666667,11160.566666666666,19108.25,7446.716666666666,12724.5,12717.133333333331,11993.966666666669,17792.05,14854.516666666668,20335.51666666667,17934.1,22964.816666666673,12796.016666666666,15577.116666666667,20787.38333333333,0,0,0,0,0,0,0,0,0,0,0,0,C4-SKT-03,,,Macro
1184,SKT6056,SKT6056__S_MalkayKalanRd,3,C4-SKT-03,,E.Co,e.coPK015661PU,,,,,230.08333333333334,,,,,,59.750000000000014,,,,,3.166666666666666,151.99999999999997,845.4166666666665,,,,,,,,,,,,,,1290.4166666666665,,5,0.9850646219135802,25782.433333333334,17822.833333333336,20200.933333333334,15564.266666666668,23708.43333333333,15377.866666666667,11160.566666666666,19108.25,7446.716666666666,12724.5,12717.133333333331,11993.966666666669,17792.05,14854.516666666668,20335.51666666667,17934.1,22964.816666666673,12796.016666666666,15577.116666666667,20787.38333333333,0,0,0,0,0,0,0,0,0,0,0,0,,,,Macro
1185,SKT5471,SKT5471__S_GhalibRdSKTCantt_Ufone3419,3,C4-SKT-03,,UFone,3419,198.5,268.75000000000006,495.50000000000006,340.3833333333333,253.75,138.5,246.41666666666669,,141.75,243.25,46.58333333333333,105.66666666666666,352.91666666666674,714.8333333333331,578.3499999999999,,,,,2108.95,,,,,,,,,,,,6234.099999999999,,15,0.9278460648148148,25782.433333333334,17822.833333333336,20200.933333333334,15564.266666666668,23708.43333333333,15377.866666666667,11160.566666666666,19108.25,7446.716666666666,12724.5,12717.133333333331,11993.966666666669,17792.05,14854.516666666668,20335.51666666667,17934.1,22964.816666666673,12796.016666666666,15577.116666666667,20787.38333333333,0,0,0,0,0,0,0,0,0,0,0,0,,,,Macro
1186,SKT9477,SKT9477__S_Model town_MDSK4205,3,C4-SKT-03,27,Stand by,,,,19,,,750.2499999999999,,,,723.4166666666667,,,,,,,,,,84.33333333333334,,,,,,,,,,,,1576.9999999999998,,4,0.9817476851851852,25782.433333333334,17822.833333333336,20200.933333333334,15564.266666666668,23708.43333333333,15377.866666666667,11160.566666666666,19108.25,7446.716666666666,12724.5,12717.133333333331,11993.966666666669,17792.05,14854.516666666668,20335.51666666667,17934.1,22964.816666666673,12796.016666666666,15577.116666666667,20787.38333333333,0,0,0,0,0,0,0,0,0,0,0,0,C4-SKT-03,,,Macro
1187,SKT8136,SKT8136__ModernBookAzizShahR,2,C4-SKT-03,,Jazz CP Prime,,,20.83333333333334,,,,138.2,,,,145.16666666666666,,,15.666666666666666,,,,305.7,,,51.83333333333334,,,,,,,,,,,,677.4,,6,0.9882395833333334,25782.433333333334,17822.833333333336,20200.933333333334,15564.266666666668,23708.43333333333,15377.866666666667,11160.566666666666,19108.25,7446.716666666666,12724.5,12717.133333333331,11993.966666666669,17792.05,14854.516666666668,20335.51666666667,17934.1,22964.816666666673,12796.016666666666,15577.116666666667,20787.38333333333,0,0,0,0,0,0,0,0,0,0,0,0,C4-SKT-03,,,Micro
1188,SKT3094,SKT3094__GohadPurChowkSialk,3,C4-SKT-03,30,Stand by,,,,489.83333333333337,242.33333333333331,,,,,,,,,,,,,,,,,,,,,,,,,,,,732.1666666666667,,2,0.9915258487654321,25782.433333333334,17822.833333333336,20200.933333333334,15564.266666666668,23708.43333333333,15377.866666666667,11160.566666666666,19108.25,7446.716666666666,12724.5,12717.133333333331,11993.966666666669,17792.05,14854.516666666668,20335.51666666667,17934.1,22964.816666666673,12796.016666666666,15577.116666666667,20787.38333333333,0,0,0,0,0,0,0,0,0,0,0,0,C4-SKT-03,,,Macro
1189,RUR6518,RUR6518__S_AkbarChowk,3,C4-SKT-03,,E.Co,e.coPK019220PU,,,16.25,,,,,,,195.58333333333331,,,,,,,,,,,,,,,,,,,,,,211.83333333333331,,2,0.9975482253086421,25782.433333333334,17822.833333333336,20200.933333333334,15564.266666666668,23708.43333333333,15377.866666666667,11160.566666666666,19108.25,7446.716666666666,12724.5,12717.133333333331,11993.966666666669,17792.05,14854.516666666668,20335.51666666667,17934.1,22964.816666666673,12796.016666666666,15577.116666666667,20787.38333333333,0,0,0,0,0,0,0,0,0,0,0,0,,,,Macro
1190,RUR1084,RUR1084__Marajkae,3,C4-SKT-03,30,Stand by,,,,,,,,,52.55000000000001,,393.24999999999983,,,,,12.333333333333336,,9.916666666666668,,,,,,,,,,,,,,,468.04999999999984,,4,0.9945827546296296,25782.433333333334,17822.833333333336,20200.933333333334,15564.266666666668,23708.43333333333,15377.866666666667,11160.566666666666,19108.25,7446.716666666666,12724.5,12717.133333333331,11993.966666666669,17792.05,14854.516666666668,20335.51666666667,17934.1,22964.816666666673,12796.016666666666,15577.116666666667,20787.38333333333,0,0,0,0,0,0,0,0,0,0,0,0,C4-SKT-03,,,Macro
1191,DHW6096,DHW6096__S_DhallewalWarid_MDSK1968,4,C4-SKT-03,,Ufone,7877,674.2500000000001,,,,1238,,2,913.8333333333333,,,,1069.0666666666668,,2,650.4166666666667,,123.66666666666667,,692.2833333333334,,,,,,,,,,,,,5365.516666666667,,9,0.9534243344907408,25782.433333333334,17822.833333333336,20200.933333333334,15564.266666666668,23708.43333333333,15377.866666666667,11160.566666666666,19108.25,7446.716666666666,12724.5,12717.133333333331,11993.966666666669,17792.05,14854.516666666668,20335.51666666667,17934.1,22964.816666666673,12796.016666666666,15577.116666666667,20787.38333333333,0,0,0,0,0,0,0,0,0,0,0,0,C4-SKT-03,UFone,7877,Macro
1192,RUR6085,RUR6085__S_KAPORWALI_ADAWarid_MDSK1890,3,C4-SKT-03,20,Stand by,,,,,,,,,363.3333333333333,,,578.1333333333332,184.36666666666667,,31.5,,,,,270,,,,,,,,,,,,,1427.333333333333,,5,0.983479938271605,25782.433333333334,17822.833333333336,20200.933333333334,15564.266666666668,23708.43333333333,15377.866666666667,11160.566666666666,19108.25,7446.716666666666,12724.5,12717.133333333331,11993.966666666669,17792.05,14854.516666666668,20335.51666666667,17934.1,22964.816666666673,12796.016666666666,15577.116666666667,20787.38333333333,0,0,0,0,0,0,0,0,0,0,0,0,C4-SKT-03,,,Macro
1193,SKT3763,SKT3763__SahuWala,4,C4-SKT-03,27,Stand by,,,529.5833333333334,367.4166666666665,,265.9833333333333,445.16666666666674,216.4166666666666,264,376.16666666666663,483.65,303.33333333333337,258.3333333333333,296.3333333333333,402.3333333333332,83.16666666666666,126.58333333333334,1896.15,262,265,1303.4166666666663,,,,,,,,,,,,8145.033333333333,,18,0.9292965856481481,25782.433333333334,17822.833333333336,20200.933333333334,15564.266666666668,23708.43333333333,15377.866666666667,11160.566666666666,19108.25,7446.716666666666,12724.5,12717.133333333331,11993.966666666669,17792.05,14854.516666666668,20335.51666666667,17934.1,22964.816666666673,12796.016666666666,15577.116666666667,20787.38333333333,0,0,0,0,0,0,0,0,0,0,0,0,C4-SKT-03,,,Macro
1194,SKT5510,SKT5510__S_ZeeshanColony,3,C4-SKT-03,,E.Co,e.coPK015635PU,,,,,,,,,,,,,1137.2166666666667,,,8.5,,,,,,,,,,,,,,,,1145.7166666666667,,2,0.9867393904320987,25782.433333333334,17822.833333333336,20200.933333333334,15564.266666666668,23708.43333333333,15377.866666666667,11160.566666666666,19108.25,7446.716666666666,12724.5,12717.133333333331,11993.966666666669,17792.05,14854.516666666668,20335.51666666667,17934.1,22964.816666666673,12796.016666666666,15577.116666666667,20787.38333333333,0,0,0,0,0,0,0,0,0,0,0,0,C4-SKT-03,E.co,,Macro
1195,RUR6098,RUR6098__S_GondalWarid_MDSK3985,3,C4-SKT-03,,Ufone,3472,,,,,,,,,,,,,,,,,95.16666666666667,,,,,,,,,,,,,,,95.16666666666667,,1,0.9988985339506173,25782.433333333334,17822.833333333336,20200.933333333334,15564.266666666668,23708.43333333333,15377.866666666667,11160.566666666666,19108.25,7446.716666666666,12724.5,12717.133333333331,11993.966666666669,17792.05,14854.516666666668,20335.51666666667,17934.1,22964.816666666673,12796.016666666666,15577.116666666667,20787.38333333333,0,0,0,0,0,0,0,0,0,0,0,0,C4-SKT-03,UFone,3472,Macro
1196,PMD9665,PMD9665__Pindi_Mandla,3,C4-SKT-03,27,Stand by,,,,,,,,,,,,,,,,,1029.3333333333337,335.55,384.0500000000001,,,,,,,,,,,,,,1748.9333333333338,,3,0.9797577160493828,25782.433333333334,17822.833333333336,20200.933333333334,15564.266666666668,23708.43333333333,15377.866666666667,11160.566666666666,19108.25,7446.716666666666,12724.5,12717.133333333331,11993.966666666669,17792.05,14854.516666666668,20335.51666666667,17934.1,22964.816666666673,12796.016666666666,15577.116666666667,20787.38333333333,0,0,0,0,0,0,0,0,0,0,0,0,C4-SKT-03,,,Macro
1197,RUR0414,RUR0414__S_Main_Bazar_Peero_Chak_MDSK4112,3,C4-SKT-03,20,Stand by,,,,24.499999999999993,,,,,,,,,,,21.25,40.74999999999999,,,,,290.8,,,,,,,,,,,,377.3,,4,0.9956331018518518,25782.433333333334,17822.833333333336,20200.933333333334,15564.266666666668,23708.43333333333,15377.866666666667,11160.566666666666,19108.25,7446.716666666666,12724.5,12717.133333333331,11993.966666666669,17792.05,14854.516666666668,20335.51666666667,17934.1,22964.816666666673,12796.016666666666,15577.116666666667,20787.38333333333,0,0,0,0,0,0,0,0,0,0,0,0,C4-SKT-03,,,Macro
1198,SKT3425,SKT3425__CanttPlazaSlkttCantt,3,C4-SKT-03,31,Stand by,,,,,,,,,,,,,,,,,,,,,,,,,,,,,,,,,0,,0,1,25782.433333333334,17822.833333333336,20200.933333333334,15564.266666666668,23708.43333333333,15377.866666666667,11160.566666666666,19108.25,7446.716666666666,12724.5,12717.133333333331,11993.966666666669,17792.05,14854.516666666668,20335.51666666667,17934.1,22964.816666666673,12796.016666666666,15577.116666666667,20787.38333333333,0,0,0,0,0,0,0,0,0,0,0,0,C4-SKT-03,,,Macro
1199,RUR9475,RUR9475__S_Jalphanwali_Sialkot_MDSK4859,3,C4-SKT-03,,GLO,,,,,,,,,1768.9666666666667,,,,,,776.5,2141.833333333333,,247.91666666666666,220.83333333333331,522.5000000000001,,,,,,,,,,,,,5678.549999999999,,6,0.9342760416666667,25782.433333333334,17822.833333333336,20200.933333333334,15564.266666666668,23708.43333333333,15377.866666666667,11160.566666666666,19108.25,7446.716666666666,12724.5,12717.133333333331,11993.966666666669,17792.05,14854.516666666668,20335.51666666667,17934.1,22964.816666666673,12796.016666666666,15577.116666666667,20787.38333333333,0,0,0,0,0,0,0,0,0,0,0,0,C4-SKT-03,,,Macro
1200,RUR6532,RUR6532__S_Chella,3,C4-SKT-03,,ATL,ATSLK18,,,,,,31.749999999999996,,,,,,,,,,,204.25,,,,,,,,,,,,,,,236,,2,0.9972685185185185,25782.433333333334,17822.833333333336,20200.933333333334,15564.266666666668,23708.43333333333,15377.866666666667,11160.566666666666,19108.25,7446.716666666666,12724.5,12717.133333333331,11993.966666666669,17792.05,14854.516666666668,20335.51666666667,17934.1,22964.816666666673,12796.016666666666,15577.116666666667,20787.38333333333,0,0,0,0,0,0,0,0,0,0,0,0,,,,Macro
1201,SKT3154,SKT3154__Opp_Masjid_Molvi,3,C4-SKT-03,31,Stand by,,,,,,,,,,,,,,,,13.666666666666666,,24.25,,,,,,,,,,,,,,,37.916666666666664,,2,0.999561149691358,25782.433333333334,17822.833333333336,20200.933333333334,15564.266666666668,23708.43333333333,15377.866666666667,11160.566666666666,19108.25,7446.716666666666,12724.5,12717.133333333331,11993.966666666669,17792.05,14854.516666666668,20335.51666666667,17934.1,22964.816666666673,12796.016666666666,15577.116666666667,20787.38333333333,0,0,0,0,0,0,0,0,0,0,0,0,C4-SKT-03,,,Macro
1202,PMD6133,PMD6133__S_PindPanjoranWarid_MDSK7574,3,C4-SKT-03,,CM Pak,5896,,,,,,,,,,,,,,,,,,,,,,,,,,,,,,,,0,,0,1,25782.433333333334,17822.833333333336,20200.933333333334,15564.266666666668,23708.43333333333,15377.866666666667,11160.566666666666,19108.25,7446.716666666666,12724.5,12717.133333333331,11993.966666666669,17792.05,14854.516666666668,20335.51666666667,17934.1,22964.816666666673,12796.016666666666,15577.116666666667,20787.38333333333,0,0,0,0,0,0,0,0,0,0,0,0,C4-SKT-03,CMPAK,C-RUR-5896,Macro
1203,SKT1608,SKT1608__S_Pasroor Road_MDSK4183,3,C4-SKT-03,30,Stand by,,,,,,466.41666666666674,,,185.50000000000006,,,,,205,,,,,,541.9999999999998,,,,,,,,,,,,,1398.9166666666665,,4,0.9838088348765431,25782.433333333334,17822.833333333336,20200.933333333334,15564.266666666668,23708.43333333333,15377.866666666667,11160.566666666666,19108.25,7446.716666666666,12724.5,12717.133333333331,11993.966666666669,17792.05,14854.516666666668,20335.51666666667,17934.1,22964.816666666673,12796.016666666666,15577.116666666667,20787.38333333333,0,0,0,0,0,0,0,0,0,0,0,0,C4-SKT-03,,,Macro
1204,SKT5596,SKT5596_H_Gondewali Road Tibbi Sialkot,3,C4-SKT-03,,CM Pak,40736,,,,,,,,,,,,,,,,,,,,,,,,,,,,,,,,0,,0,1,25782.433333333334,17822.833333333336,20200.933333333334,15564.266666666668,23708.43333333333,15377.866666666667,11160.566666666666,19108.25,7446.716666666666,12724.5,12717.133333333331,11993.966666666669,17792.05,14854.516666666668,20335.51666666667,17934.1,22964.816666666673,12796.016666666666,15577.116666666667,20787.38333333333,0,0,0,0,0,0,0,0,0,0,0,0,,,,Macro
1205,SKT5523,SKT5523__S_GreenWoodStLatefabad,3,C4-SKT-03,,Enfrashare,EC1-SKT-02081,75.75,,,279,331.7499999999999,,,343.79999999999995,,,12.333333333333332,,566.4999999999999,,,,,,395.4999999999999,,,,,,,,,,,,,2004.6333333333328,,7,0.976798225308642,25782.433333333334,17822.833333333336,20200.933333333334,15564.266666666668,23708.43333333333,15377.866666666667,11160.566666666666,19108.25,7446.716666666666,12724.5,12717.133333333331,11993.966666666669,17792.05,14854.516666666668,20335.51666666667,17934.1,22964.816666666673,12796.016666666666,15577.116666666667,20787.38333333333,0,0,0,0,0,0,0,0,0,0,0,0,C4-SKT-03,Enfra,EC1-SKT-02081,Macro
1206,KTL4948,KTL4948__KotliLoharanEast,4,C4-SKT-03,27,Stand by,,,763.0833333333333,94.66666666666667,,,808.0833333333334,1036.3,,,,,,2076.6833333333343,3019.3833333333346,1931.8166666666664,4.583333333333333,482.8333333333333,,368.2,2711.783333333333,,,,,,,,,,,,13297.41666666667,,11,0.8845710358796296,25782.433333333334,17822.833333333336,20200.933333333334,15564.266666666668,23708.43333333333,15377.866666666667,11160.566666666666,19108.25,7446.716666666666,12724.5,12717.133333333331,11993.966666666669,17792.05,14854.516666666668,20335.51666666667,17934.1,22964.816666666673,12796.016666666666,15577.116666666667,20787.38333333333,0,0,0,0,0,0,0,0,0,0,0,0,C4-SKT-03,,,Macro
1207,SKT0831,SKT0831_IqbalParkPasroorRd,3,C4-SKT-03,27,Stand by,,,,,,,,,22.916666666666668,,,,,,,,102.75,,,,,,,,,,,,,,,,125.66666666666667,,2,0.9985455246913579,25782.433333333334,17822.833333333336,20200.933333333334,15564.266666666668,23708.43333333333,15377.866666666667,11160.566666666666,19108.25,7446.716666666666,12724.5,12717.133333333331,11993.966666666669,17792.05,14854.516666666668,20335.51666666667,17934.1,22964.816666666673,12796.016666666666,15577.116666666667,20787.38333333333,0,0,0,0,0,0,0,0,0,0,0,0,C4-SKT-03,,,Macro
1208,SKT4626,SKT4626__SanjeetGoharRd,3,C4-SKT-03,30,Stand by,,,30.999999999999993,,,,,,,,,,,,,,,,,,,,,,,,,,,,,,30.999999999999993,,1,0.9996412037037037,25782.433333333334,17822.833333333336,20200.933333333334,15564.266666666668,23708.43333333333,15377.866666666667,11160.566666666666,19108.25,7446.716666666666,12724.5,12717.133333333331,11993.966666666669,17792.05,14854.516666666668,20335.51666666667,17934.1,22964.816666666673,12796.016666666666,15577.116666666667,20787.38333333333,0,0,0,0,0,0,0,0,0,0,0,0,C4-SKT-03,,,Macro
1209,RUR9469,RUR9469__S_Gulbahar Nikki_MDSK4860,3,C4-SKT-03,20,Stand by,,281.99999999999994,206.24999999999997,255.99999999999997,31.5,45.25,43.25,55.74999999999999,366.25,149.00000000000003,176.24999999999997,853.5333333333334,291.5,852.1666666666665,222.99999999999997,76.75000000000001,112.75,91,,45.25,182.66666666666669,,,,,,,,,,,,4340.116666666667,,19,0.9497671682098766,25782.433333333334,17822.833333333336,20200.933333333334,15564.266666666668,23708.43333333333,15377.866666666667,11160.566666666666,19108.25,7446.716666666666,12724.5,12717.133333333331,11993.966666666669,17792.05,14854.516666666668,20335.51666666667,17934.1,22964.816666666673,12796.016666666666,15577.116666666667,20787.38333333333,0,0,0,0,0,0,0,0,0,0,0,0,C4-SKT-03,,,Macro
1210,PMD9689,PMD9689__KobayChak_PT,4,C4-SKT-03,27,Stand by,,,,,,,,,,,,,,,,,,,,,,,,,,,,,,,,,0,,0,1,25782.433333333334,17822.833333333336,20200.933333333334,15564.266666666668,23708.43333333333,15377.866666666667,11160.566666666666,19108.25,7446.716666666666,12724.5,12717.133333333331,11993.966666666669,17792.05,14854.516666666668,20335.51666666667,17934.1,22964.816666666673,12796.016666666666,15577.116666666667,20787.38333333333,0,0,0,0,0,0,0,0,0,0,0,0,C4-SKT-03,,,Macro
1211,SKT6377,SKT6377__S_Shahabpura,3,C4-SKT-03,,E.Co,e.coPK018507PU,52.5,90.24999999999999,,,1779.4666666666667,,,,,,,,,,,,,160.05,,57.75,,,,,,,,,,,,2140.016666666667,,5,0.9752312885802469,25782.433333333334,17822.833333333336,20200.933333333334,15564.266666666668,23708.43333333333,15377.866666666667,11160.566666666666,19108.25,7446.716666666666,12724.5,12717.133333333331,11993.966666666669,17792.05,14854.516666666668,20335.51666666667,17934.1,22964.816666666673,12796.016666666666,15577.116666666667,20787.38333333333,0,0,0,0,0,0,0,0,0,0,0,0,,,,Macro
1212,SKT1621,SKT1621__S_Ratra Sports_Wazirabad Road_MDSK4280,3,C4-SKT-03,30,Stand by,,,,,,251.48333333333338,969.0833333333333,1942.4,2276.0499999999997,,588.1666666666666,1425.65,1439.983333333333,1439.983333333333,1732.983333333333,1439.983333333333,1439.983333333333,1439.983333333333,1439.983333333333,1439.983333333333,1567.8166666666664,,,,,,,,,,,,20833.516666666666,,15,0.7588713348765432,25782.433333333334,17822.833333333336,20200.933333333334,15564.266666666668,23708.43333333333,15377.866666666667,11160.566666666666,19108.25,7446.716666666666,12724.5,12717.133333333331,11993.966666666669,17792.05,14854.516666666668,20335.51666666667,17934.1,22964.816666666673,12796.016666666666,15577.116666666667,20787.38333333333,0,0,0,0,0,0,0,0,0,0,0,0,C4-SKT-03,,,Macro
1213,SKT9638,SKT9638__qbaTown_Sialkot,3,C4-SKT-03,20,Stand by,,,,,,,,,,,,,,,,,,,,,,,,,,,,,,,,,0,,0,1,25782.433333333334,17822.833333333336,20200.933333333334,15564.266666666668,23708.43333333333,15377.866666666667,11160.566666666666,19108.25,7446.716666666666,12724.5,12717.133333333331,11993.966666666669,17792.05,14854.516666666668,20335.51666666667,17934.1,22964.816666666673,12796.016666666666,15577.116666666667,20787.38333333333,0,0,0,0,0,0,0,0,0,0,0,0,C4-SKT-03,,,Macro
1214,SKT3352,SKT3352__SublimeChowk,3,C4-SKT-03,,CP Prime,,,,,,,,,,,,,,,,,,,77.75000000000001,130.41666666666666,,,,,,,,,,,,,208.16666666666669,,2,0.997590663580247,25782.433333333334,17822.833333333336,20200.933333333334,15564.266666666668,23708.43333333333,15377.866666666667,11160.566666666666,19108.25,7446.716666666666,12724.5,12717.133333333331,11993.966666666669,17792.05,14854.516666666668,20335.51666666667,17934.1,22964.816666666673,12796.016666666666,15577.116666666667,20787.38333333333,0,0,0,0,0,0,0,0,0,0,0,0,C4-SKT-03,,,Macro
1215,RUR6156,RUR6156__S_Village_Marakiwal_SialkotWarid_MDSK4291,3,C4-SKT-03,30,Stand by,,,,,,,,,,,,,,,,,,,,,,,,,,,,,,,,,0,,0,1,25782.433333333334,17822.833333333336,20200.933333333334,15564.266666666668,23708.43333333333,15377.866666666667,11160.566666666666,19108.25,7446.716666666666,12724.5,12717.133333333331,11993.966666666669,17792.05,14854.516666666668,20335.51666666667,17934.1,22964.816666666673,12796.016666666666,15577.116666666667,20787.38333333333,0,0,0,0,0,0,0,0,0,0,0,0,C4-SKT-03,,,Macro
1216,SKT5525,SKT5525_H_Zafarwal Rd Mohalla Nizamabad Sialkot,3,C4-SKT-03,,Enfrashare,EC1-SKT-06469,1042.0166666666673,900.2666666666679,1332.233333333333,607.6500000000001,627,,,,,,,,447.74999999999994,,134.83333333333331,284.3166666666667,1063.3,493.55,,,,,,,,,,,,,,6932.916666666668,,10,0.9197579089506172,25782.433333333334,17822.833333333336,20200.933333333334,15564.266666666668,23708.43333333333,15377.866666666667,11160.566666666666,19108.25,7446.716666666666,12724.5,12717.133333333331,11993.966666666669,17792.05,14854.516666666668,20335.51666666667,17934.1,22964.816666666673,12796.016666666666,15577.116666666667,20787.38333333333,0,0,0,0,0,0,0,0,0,0,0,0,,,,Macro
1217,PMD6139,PMD6139__S_KanpurSialkotWarid_MDSK4517,3,C4-SKT-03,30,Stand by,,,,,170.83333333333331,232.83333333333331,,,,,,,,,,462.2499999999999,,439.8333333333335,,,,,,,,,,,,,,,1305.75,,4,0.9848871527777777,25782.433333333334,17822.833333333336,20200.933333333334,15564.266666666668,23708.43333333333,15377.866666666667,11160.566666666666,19108.25,7446.716666666666,12724.5,12717.133333333331,11993.966666666669,17792.05,14854.516666666668,20335.51666666667,17934.1,22964.816666666673,12796.016666666666,15577.116666666667,20787.38333333333,0,0,0,0,0,0,0,0,0,0,0,0,C4-SKT-03,,,Macro
1218,SKT8839,SKT8839__MuradPurNaiAbadiSKT,3,C4-SKT-03,27,Stand by,,,,,,,,214.75,,,,,,,,,,,404.4999999999999,,,,,,,,,,,,,,619.2499999999999,,2,0.9928327546296296,25782.433333333334,17822.833333333336,20200.933333333334,15564.266666666668,23708.43333333333,15377.866666666667,11160.566666666666,19108.25,7446.716666666666,12724.5,12717.133333333331,11993.966666666669,17792.05,14854.516666666668,20335.51666666667,17934.1,22964.816666666673,12796.016666666666,15577.116666666667,20787.38333333333,0,0,0,0,0,0,0,0,0,0,0,0,C4-SKT-03,,,Macro
1219,SKT3410,SKT3410__PakkahGarh,3,C4-SKT-03,31,Stand by,,141.08333333333334,12.5,,,,,,,,,,,,,,,493.05000000000024,203.5,,,,,,,,,,,,,,850.1333333333336,,4,0.9901604938271604,25782.433333333334,17822.833333333336,20200.933333333334,15564.266666666668,23708.43333333333,15377.866666666667,11160.566666666666,19108.25,7446.716666666666,12724.5,12717.133333333331,11993.966666666669,17792.05,14854.516666666668,20335.51666666667,17934.1,22964.816666666673,12796.016666666666,15577.116666666667,20787.38333333333,0,0,0,0,0,0,0,0,0,0,0,0,C4-SKT-03,,,Macro
1220,SKT3400,SKT3400__KotliBahram,3,C4-SKT-03,27,Stand by,,,,,,,,,115.24999999999997,,,73.25000000000001,,,,,,,,59.25,,,,,,,,,,,,,247.75,,3,0.997132523148148,25782.433333333334,17822.833333333336,20200.933333333334,15564.266666666668,23708.43333333333,15377.866666666667,11160.566666666666,19108.25,7446.716666666666,12724.5,12717.133333333331,11993.966666666669,17792.05,14854.516666666668,20335.51666666667,17934.1,22964.816666666673,12796.016666666666,15577.116666666667,20787.38333333333,0,0,0,0,0,0,0,0,0,0,0,0,C4-SKT-03,,,Macro
1221,SKT4153,SKT4153__SherayWaliKhankah,3,C4-SKT-03,30,Stand by,,,,,,,,,,,,,,16,,,,,,,,,,,,,,,,,,,16,,1,0.9998148148148148,25782.433333333334,17822.833333333336,20200.933333333334,15564.266666666668,23708.43333333333,15377.866666666667,11160.566666666666,19108.25,7446.716666666666,12724.5,12717.133333333331,11993.966666666669,17792.05,14854.516666666668,20335.51666666667,17934.1,22964.816666666673,12796.016666666666,15577.116666666667,20787.38333333333,0,0,0,0,0,0,0,0,0,0,0,0,C4-SKT-03,,,Macro
1222,SKT4154,SKT4154__AskariSialkot,3,C4-SKT-03,20,Stand by,,,,,,,,,,,,,,,,,15,352,59.750000000000014,,,,,,,,,,,,,,426.75,,3,0.9950607638888889,25782.433333333334,17822.833333333336,20200.933333333334,15564.266666666668,23708.43333333333,15377.866666666667,11160.566666666666,19108.25,7446.716666666666,12724.5,12717.133333333331,11993.966666666669,17792.05,14854.516666666668,20335.51666666667,17934.1,22964.816666666673,12796.016666666666,15577.116666666667,20787.38333333333,0,0,0,0,0,0,0,0,0,0,0,0,C4-SKT-03,,,Macro
1223,SKT0110,SKT0110__SialkotCantt,4,C4-SKT-03,27,Stand by,,,38.333333333333336,,,,,,,,,,,30.166666666666664,,,,611.3333333333335,,,103.91666666666667,,,,,,,,,,,,783.7500000000001,,4,0.9931966145833333,25782.433333333334,17822.833333333336,20200.933333333334,15564.266666666668,23708.43333333333,15377.866666666667,11160.566666666666,19108.25,7446.716666666666,12724.5,12717.133333333331,11993.966666666669,17792.05,14854.516666666668,20335.51666666667,17934.1,22964.816666666673,12796.016666666666,15577.116666666667,20787.38333333333,0,0,0,0,0,0,0,0,0,0,0,0,C4-SKT-03,,,Macro
1224,SKT9478,SKT9478__S_Sialkot Cantt_MDSK4181,5,C4-SKT-03,27,Stand by,,941.0833333333335,354.75,,,,396.49999999999994,,,,,,,,,215.91666666666666,,315.41666666666674,,,,,,,,,,,,,,,2223.666666666667,,5,0.9845578703703705,25782.433333333334,17822.833333333336,20200.933333333334,15564.266666666668,23708.43333333333,15377.866666666667,11160.566666666666,19108.25,7446.716666666666,12724.5,12717.133333333331,11993.966666666669,17792.05,14854.516666666668,20335.51666666667,17934.1,22964.816666666673,12796.016666666666,15577.116666666667,20787.38333333333,0,0,0,0,0,0,0,0,0,0,0,0,C4-SKT-03,,,Macro
1225,SKT3618,SKT3618__Pakpura,3,C4-SKT-03,30,Stand by,,,,,,,,,,,,,,,,,,,,194.5,120.75,,,,,,,,,,,,315.25,,2,0.9963512731481481,25782.433333333334,17822.833333333336,20200.933333333334,15564.266666666668,23708.43333333333,15377.866666666667,11160.566666666666,19108.25,7446.716666666666,12724.5,12717.133333333331,11993.966666666669,17792.05,14854.516666666668,20335.51666666667,17934.1,22964.816666666673,12796.016666666666,15577.116666666667,20787.38333333333,0,0,0,0,0,0,0,0,0,0,0,0,C4-SKT-03,,,Macro
1226,RUR5142,RUR5142__S_Kallu Pyara Warid_MDSK4519,3,C4-SKT-03,20,Stand by,,,20.5,,,,,,,,,,,,,,,,,,,,,,,,,,,,,,20.5,,1,0.9997627314814815,25782.433333333334,17822.833333333336,20200.933333333334,15564.266666666668,23708.43333333333,15377.866666666667,11160.566666666666,19108.25,7446.716666666666,12724.5,12717.133333333331,11993.966666666669,17792.05,14854.516666666668,20335.51666666667,17934.1,22964.816666666673,12796.016666666666,15577.116666666667,20787.38333333333,0,0,0,0,0,0,0,0,0,0,0,0,C4-SKT-03,,,Macro
1227,SKT5140,SKT5140__S_GPO_MDSK1887,3,C4-SKT-03,20,Stand by,,,,484.5,,,,,,1406.083333333333,1439.983333333333,1439.983333333333,1875.1499999999996,1450.1499999999994,,,,,142.83333333333331,,,,,,,,,,,,,,8238.68333333333,,7,0.9046448688271604,25782.433333333334,17822.833333333336,20200.933333333334,15564.266666666668,23708.43333333333,15377.866666666667,11160.566666666666,19108.25,7446.716666666666,12724.5,12717.133333333331,11993.966666666669,17792.05,14854.516666666668,20335.51666666667,17934.1,22964.816666666673,12796.016666666666,15577.116666666667,20787.38333333333,0,0,0,0,0,0,0,0,0,0,0,0,C4-SKT-03,,,Macro
1228,SKT3813,SKT3813__AbdullahTown,3,C4-SKT-03,20,Stand by,,,,,,,,,,,,,,,,,,422.25,,14,,,,,,,,,,,,,436.25,,2,0.9949508101851852,25782.433333333334,17822.833333333336,20200.933333333334,15564.266666666668,23708.43333333333,15377.866666666667,11160.566666666666,19108.25,7446.716666666666,12724.5,12717.133333333331,11993.966666666669,17792.05,14854.516666666668,20335.51666666667,17934.1,22964.816666666673,12796.016666666666,15577.116666666667,20787.38333333333,0,0,0,0,0,0,0,0,0,0,0,0,C4-SKT-03,,,Macro
1229,SKT9481,SKT9481__S_Ghausia Street Muslim colony_MDSK4265,3,C4-SKT-03,20,Stand by,,,,,,,,,,,,,,843.75,750.8333333333331,,,,1.916666666666667,,,,,,,,,,,,,,1596.4999999999998,,3,0.9815219907407408,25782.433333333334,17822.833333333336,20200.933333333334,15564.266666666668,23708.43333333333,15377.866666666667,11160.566666666666,19108.25,7446.716666666666,12724.5,12717.133333333331,11993.966666666669,17792.05,14854.516666666668,20335.51666666667,17934.1,22964.816666666673,12796.016666666666,15577.116666666667,20787.38333333333,0,0,0,0,0,0,0,0,0,0,0,0,C4-SKT-03,,,Macro
1230,SKT8132,SKT8132__T_PansarianBazar,2,C4-SKT-03,,Jazz CP Prime,,,,,187.76666666666668,,,,,,,,1148,2258.3666666666663,2187.850000000001,2205.050000000002,2348.383333333334,1902.0333333333335,1416.616666666666,,,,,,,,,,,,,,13654.06666666667,,8,0.7629502314814814,25782.433333333334,17822.833333333336,20200.933333333334,15564.266666666668,23708.43333333333,15377.866666666667,11160.566666666666,19108.25,7446.716666666666,12724.5,12717.133333333331,11993.966666666669,17792.05,14854.516666666668,20335.51666666667,17934.1,22964.816666666673,12796.016666666666,15577.116666666667,20787.38333333333,0,0,0,0,0,0,0,0,0,0,0,0,C4-SKT-03,,,Micro
1231,HWY3950,HWY3950__SKTAwanSports,3,C4-SKT-03,30,Stand by,,271.5833333333333,130.24999999999997,,,26.333333333333336,21.833333333333332,,,,18.5,,,,,107.49999999999999,29.45,,,,590.7500000000001,,,,,,,,,,,,1196.2,,8,0.9861550925925926,25782.433333333334,17822.833333333336,20200.933333333334,15564.266666666668,23708.43333333333,15377.866666666667,11160.566666666666,19108.25,7446.716666666666,12724.5,12717.133333333331,11993.966666666669,17792.05,14854.516666666668,20335.51666666667,17934.1,22964.816666666673,12796.016666666666,15577.116666666667,20787.38333333333,0,0,0,0,0,0,0,0,0,0,0,0,C4-SKT-03,,,Macro
1232,DHW6981,DHW6981__ChakralaSialkot,3,C4-SKT-03,27,Stand by,,356.08333333333337,,,,175,,284.75,98.65,215.91666666666666,85.19999999999999,,,,,413.8166666666667,,,,66.9,,,,,,,,,,,,,1696.316666666667,,8,0.9803667052469136,25782.433333333334,17822.833333333336,20200.933333333334,15564.266666666668,23708.43333333333,15377.866666666667,11160.566666666666,19108.25,7446.716666666666,12724.5,12717.133333333331,11993.966666666669,17792.05,14854.516666666668,20335.51666666667,17934.1,22964.816666666673,12796.016666666666,15577.116666666667,20787.38333333333,0,0,0,0,0,0,0,0,0,0,0,0,C4-SKT-03,,,Macro
1233,RUR9688,RUR9688__S_BHUDAL_PIND_MR2I3758,3,C4-SKT-03,20,Stand by,,279.1666666666667,739.0333333333334,319.3833333333333,764.2833333333333,951.4333333333334,664.3833333333333,689.8833333333333,229.63333333333333,620.9833333333332,1017.3833333333333,542.35,1083.9833333333333,646.2666666666667,,,,,,,,,,,,,,,,,,,8548.166666666668,,13,0.9010628858024691,25782.433333333334,17822.833333333336,20200.933333333334,15564.266666666668,23708.43333333333,15377.866666666667,11160.566666666666,19108.25,7446.716666666666,12724.5,12717.133333333331,11993.966666666669,17792.05,14854.516666666668,20335.51666666667,17934.1,22964.816666666673,12796.016666666666,15577.116666666667,20787.38333333333,0,0,0,0,0,0,0,0,0,0,0,0,C4-SKT-03,,,Macro
1234,SKT4629,SKT4629__FGBoysSchoolSKTCantt,3,C4-SKT-03,30,Stand by,,,,,,,,,,,,,,,,15.666666666666668,111.33333333333331,,,,,,,,,,,,,,,,126.99999999999999,,2,0.9985300925925925,25782.433333333334,17822.833333333336,20200.933333333334,15564.266666666668,23708.43333333333,15377.866666666667,11160.566666666666,19108.25,7446.716666666666,12724.5,12717.133333333331,11993.966666666669,17792.05,14854.516666666668,20335.51666666667,17934.1,22964.816666666673,12796.016666666666,15577.116666666667,20787.38333333333,0,0,0,0,0,0,0,0,0,0,0,0,C4-SKT-03,,,Macro
1235,SKT3812,SKT3812__GhausPura,3,C4-SKT-03,27,Stand by,,,,,,,,60.83333333333333,,,,,,,,,,122.50000000000004,378.58333333333337,,,,,,,,,,,,,,561.9166666666667,,3,0.9934963348765432,25782.433333333334,17822.833333333336,20200.933333333334,15564.266666666668,23708.43333333333,15377.866666666667,11160.566666666666,19108.25,7446.716666666666,12724.5,12717.133333333331,11993.966666666669,17792.05,14854.516666666668,20335.51666666667,17934.1,22964.816666666673,12796.016666666666,15577.116666666667,20787.38333333333,0,0,0,0,0,0,0,0,0,0,0,0,C4-SKT-03,,,Macro
1236,SKT5487,SKT5487__S_AkbarAbad,3,C4-SKT-03,,Enfrashare,EC1-SKT-02173,,,,980.8166666666665,,,,96.89999999999999,,,,,34.16666666666666,876.4166666666666,707.5500000000001,738.75,13.5,,1.666666666666667,530.25,,,,,,,,,,,,3980.0166666666664,,9,0.9539349922839506,25782.433333333334,17822.833333333336,20200.933333333334,15564.266666666668,23708.43333333333,15377.866666666667,11160.566666666666,19108.25,7446.716666666666,12724.5,12717.133333333331,11993.966666666669,17792.05,14854.516666666668,20335.51666666667,17934.1,22964.816666666673,12796.016666666666,15577.116666666667,20787.38333333333,0,0,0,0,0,0,0,0,0,0,0,0,C4-SKT-03,Enfra,,Macro
1237,RUR5311,RUR5311__S_KakhanWali,3,C4-SKT-03,,Enfrashare,EC1-SKT-03062,,,,,,,,,,,,,,,,,,,,,,,,,,,,,,,,0,,0,1,25782.433333333334,17822.833333333336,20200.933333333334,15564.266666666668,23708.43333333333,15377.866666666667,11160.566666666666,19108.25,7446.716666666666,12724.5,12717.133333333331,11993.966666666669,17792.05,14854.516666666668,20335.51666666667,17934.1,22964.816666666673,12796.016666666666,15577.116666666667,20787.38333333333,0,0,0,0,0,0,0,0,0,0,0,0,,,,Macro
1238,RUR9471,RUR9471__S_Hir_MDSK4518,3,C4-SKT-03,,GLO,,,29.5,,,,,,,,,,,,,,,,,288.29999999999995,,,,,,,,,,,,,317.79999999999995,,2,0.9963217592592593,25782.433333333334,17822.833333333336,20200.933333333334,15564.266666666668,23708.43333333333,15377.866666666667,11160.566666666666,19108.25,7446.716666666666,12724.5,12717.133333333331,11993.966666666669,17792.05,14854.516666666668,20335.51666666667,17934.1,22964.816666666673,12796.016666666666,15577.116666666667,20787.38333333333,0,0,0,0,0,0,0,0,0,0,0,0,C4-SKT-03,,,Macro
1239,SKT9948,SKT9948__Barhat,3,C4-SKT-03,27,Stand by,,,,,,,,,,,,25.75,,,,635.3333333333335,389.00000000000006,117.83333333333334,,,,,,,,,,,,,,,1167.9166666666667,,4,0.9864824459876543,25782.433333333334,17822.833333333336,20200.933333333334,15564.266666666668,23708.43333333333,15377.866666666667,11160.566666666666,19108.25,7446.716666666666,12724.5,12717.133333333331,11993.966666666669,17792.05,14854.516666666668,20335.51666666667,17934.1,22964.816666666673,12796.016666666666,15577.116666666667,20787.38333333333,0,0,0,0,0,0,0,0,0,0,0,0,C4-SKT-03,,,Macro
1240,SKT3888,SKT3888__amgarhAimanaba,3,C4-SKT-03,9,Stand by,,,,,,13.25,,,22.75,20.75,,13.150000000000002,20.5,,,,158.74999999999997,,,,671.7333333333332,,,,,,,,,,,,920.8833333333332,,7,0.9893416280864197,25782.433333333334,17822.833333333336,20200.933333333334,15564.266666666668,23708.43333333333,15377.866666666667,11160.566666666666,19108.25,7446.716666666666,12724.5,12717.133333333331,11993.966666666669,17792.05,14854.516666666668,20335.51666666667,17934.1,22964.816666666673,12796.016666666666,15577.116666666667,20787.38333333333,0,0,0,0,0,0,0,0,0,0,0,0,C4-SKT-03,,,Macro
1241,RUR6547,RUR6547__S_Daluwali,3,C4-SKT-03,,Enfrashare,EC1-SKT-04954,,1121.9166666666667,,,,,,,,69.75,,,,382.5833333333333,175.24999999999997,1404.7000000000005,38.25,603.6666666666665,282.24999999999994,,,,,,,,,,,,,4078.3666666666672,,8,0.9527966820987654,25782.433333333334,17822.833333333336,20200.933333333334,15564.266666666668,23708.43333333333,15377.866666666667,11160.566666666666,19108.25,7446.716666666666,12724.5,12717.133333333331,11993.966666666669,17792.05,14854.516666666668,20335.51666666667,17934.1,22964.816666666673,12796.016666666666,15577.116666666667,20787.38333333333,0,0,0,0,0,0,0,0,0,0,0,0,,,,Macro
1242,SKT1617,SKT1617__S_Haji_Pura_MDSK4272,3,C4-SKT-03,30,Stand by,,,,,,,,,104.74999999999997,,,,,,4,2,,,2.25,249.4166666666666,228.25,,,,,,,,,,,,590.6666666666665,,6,0.9931635802469135,25782.433333333334,17822.833333333336,20200.933333333334,15564.266666666668,23708.43333333333,15377.866666666667,11160.566666666666,19108.25,7446.716666666666,12724.5,12717.133333333331,11993.966666666669,17792.05,14854.516666666668,20335.51666666667,17934.1,22964.816666666673,12796.016666666666,15577.116666666667,20787.38333333333,0,0,0,0,0,0,0,0,0,0,0,0,C4-SKT-03,,,Macro
1243,RUR2752,RUR2752__Bularwali,3,C4-SKT-03,20,Stand by,,,,,,,,,,,,,,,,,,22.333333333333332,,305.0000000000001,,,,,,,,,,,,,327.3333333333334,,2,0.9962114197530865,25782.433333333334,17822.833333333336,20200.933333333334,15564.266666666668,23708.43333333333,15377.866666666667,11160.566666666666,19108.25,7446.716666666666,12724.5,12717.133333333331,11993.966666666669,17792.05,14854.516666666668,20335.51666666667,17934.1,22964.816666666673,12796.016666666666,15577.116666666667,20787.38333333333,0,0,0,0,0,0,0,0,0,0,0,0,C4-SKT-03,,,Macro
1244,SKT9848,SKT9848__ShahKharasanMasjid,4,C4-SKT-03,27,Stand by,,,,,,,,,,,,,,,,,,,,,,,,,,,,,,,,,0,,0,1,25782.433333333334,17822.833333333336,20200.933333333334,15564.266666666668,23708.43333333333,15377.866666666667,11160.566666666666,19108.25,7446.716666666666,12724.5,12717.133333333331,11993.966666666669,17792.05,14854.516666666668,20335.51666666667,17934.1,22964.816666666673,12796.016666666666,15577.116666666667,20787.38333333333,0,0,0,0,0,0,0,0,0,0,0,0,C4-SKT-03,,,Macro
1245,SKT3020,SKT3020__SehroshPublicSchool,3,C4-SKT-03,,GLO,,,,,,244.16666666666666,187.24999999999997,,,,,,,386.0833333333333,,,,117.25000000000001,15.5,,,,,,,,,,,,,,950.25,,5,0.9890017361111112,25782.433333333334,17822.833333333336,20200.933333333334,15564.266666666668,23708.43333333333,15377.866666666667,11160.566666666666,19108.25,7446.716666666666,12724.5,12717.133333333331,11993.966666666669,17792.05,14854.516666666668,20335.51666666667,17934.1,22964.816666666673,12796.016666666666,15577.116666666667,20787.38333333333,0,0,0,0,0,0,0,0,0,0,0,0,C4-SKT-03,,,Macro
1246,SKT1618,SKT1618__S_Rang Pura Green Town_MDSK4275,4,C4-SKT-03,30,Stand by,,575.4333333333334,,23,,17.666666666666668,,,,,,,,,,,,,,,,,,,,,,,,,,,616.1,,3,0.9946519097222222,25782.433333333334,17822.833333333336,20200.933333333334,15564.266666666668,23708.43333333333,15377.866666666667,11160.566666666666,19108.25,7446.716666666666,12724.5,12717.133333333331,11993.966666666669,17792.05,14854.516666666668,20335.51666666667,17934.1,22964.816666666673,12796.016666666666,15577.116666666667,20787.38333333333,0,0,0,0,0,0,0,0,0,0,0,0,C4-SKT-03,,,Macro
1247,RUR6564,RUR6564__S_Bilola,3,C4-SKT-03,,Enfrashare,EC1-SKT-06526,2159.116666666667,2117.5666666666675,1916.0000000000002,1980.066666666667,2125.716666666666,1736.7666666666669,1204.4499999999998,,,,,,145.99999999999997,,,,,,,,,,,,,,,,,,,13385.683333333334,,8,0.8450731095679012,25782.433333333334,17822.833333333336,20200.933333333334,15564.266666666668,23708.43333333333,15377.866666666667,11160.566666666666,19108.25,7446.716666666666,12724.5,12717.133333333331,11993.966666666669,17792.05,14854.516666666668,20335.51666666667,17934.1,22964.816666666673,12796.016666666666,15577.116666666667,20787.38333333333,0,0,0,0,0,0,0,0,0,0,0,0,,,,Macro
1248,MDW5146,MDW5146__S_Model town Warid_MR525364,3,C4-SKT-03,,GLO,,140.16666666666666,,,,222.25,,,611.6666666666669,,,,,,,,,,,,,,,,,,,,,,,,974.0833333333335,,3,0.988725887345679,25782.433333333334,17822.833333333336,20200.933333333334,15564.266666666668,23708.43333333333,15377.866666666667,11160.566666666666,19108.25,7446.716666666666,12724.5,12717.133333333331,11993.966666666669,17792.05,14854.516666666668,20335.51666666667,17934.1,22964.816666666673,12796.016666666666,15577.116666666667,20787.38333333333,0,0,0,0,0,0,0,0,0,0,0,0,C4-SKT-03,,,Macro
1249,MDW8986,MDW8986__SohWaliChicharSKT,3,C4-SKT-03,,CP Prime,,413.0833333333334,,,,560.0000000000001,27.5,,1031.4166666666665,,,,,,,,,53.499999999999986,,56.33333333333333,,,,,,,,,,,,,2141.8333333333335,,6,0.975210262345679,25782.433333333334,17822.833333333336,20200.933333333334,15564.266666666668,23708.43333333333,15377.866666666667,11160.566666666666,19108.25,7446.716666666666,12724.5,12717.133333333331,11993.966666666669,17792.05,14854.516666666668,20335.51666666667,17934.1,22964.816666666673,12796.016666666666,15577.116666666667,20787.38333333333,0,0,0,0,0,0,0,0,0,0,0,0,C4-SKT-03,,,Macro
1250,RUR9467,RUR9467__S_MACHI_KHOKAR_MR1R3580,3,C4-SKT-03,20,Stand by,,,,,,,,,,,,,,,,,,37.75,,,,,,,,,,,,,,,37.75,,1,0.9995630787037036,25782.433333333334,17822.833333333336,20200.933333333334,15564.266666666668,23708.43333333333,15377.866666666667,11160.566666666666,19108.25,7446.716666666666,12724.5,12717.133333333331,11993.966666666669,17792.05,14854.516666666668,20335.51666666667,17934.1,22964.816666666673,12796.016666666666,15577.116666666667,20787.38333333333,0,0,0,0,0,0,0,0,0,0,0,0,C4-SKT-03,,,Macro
1251,SKT5149,SKT5149__S_Nazimabad Warid_MDSK4276,3,C4-SKT-03,30,Stand by,,,,,,,,,23.75,,,,,,,,219.16666666666669,292.8333333333333,,,,,,,,,,,,,,,535.75,,3,0.9937991898148149,25782.433333333334,17822.833333333336,20200.933333333334,15564.266666666668,23708.43333333333,15377.866666666667,11160.566666666666,19108.25,7446.716666666666,12724.5,12717.133333333331,11993.966666666669,17792.05,14854.516666666668,20335.51666666667,17934.1,22964.816666666673,12796.016666666666,15577.116666666667,20787.38333333333,0,0,0,0,0,0,0,0,0,0,0,0,C4-SKT-03,,,Macro
1252,DHW6980,DHW6980__KotehraKotiLaharan,3,C4-SKT-03,27,Stand by,,,,,,,,,,,,,,,,,,89.00000000000001,,,,,,,,,,,,,,,89.00000000000001,,1,0.9989699074074074,25782.433333333334,17822.833333333336,20200.933333333334,15564.266666666668,23708.43333333333,15377.866666666667,11160.566666666666,19108.25,7446.716666666666,12724.5,12717.133333333331,11993.966666666669,17792.05,14854.516666666668,20335.51666666667,17934.1,22964.816666666673,12796.016666666666,15577.116666666667,20787.38333333333,0,0,0,0,0,0,0,0,0,0,0,0,C4-SKT-03,,,Macro
1253,SKT9468,SKT9468__S_Langri_wala_Ranger_road_MDSK4284,3,C4-SKT-03,20,Stand by,,,,,,,,,,,,,,,,,,,,,391.9999999999999,,,,,,,,,,,,391.9999999999999,,1,0.9954629629629629,25782.433333333334,17822.833333333336,20200.933333333334,15564.266666666668,23708.43333333333,15377.866666666667,11160.566666666666,19108.25,7446.716666666666,12724.5,12717.133333333331,11993.966666666669,17792.05,14854.516666666668,20335.51666666667,17934.1,22964.816666666673,12796.016666666666,15577.116666666667,20787.38333333333,0,0,0,0,0,0,0,0,0,0,0,0,C4-SKT-03,,,Macro
1254,PMD9666,PMD9666__RomalJuttanSKT,3,C4-SKT-03,31,Stand by,,,,,,,7.5,,,,,,,,21.75,22.333333333333336,,11.583333333333332,,,,,,,,,,,,,,,63.16666666666667,,4,0.9992689043209876,25782.433333333334,17822.833333333336,20200.933333333334,15564.266666666668,23708.43333333333,15377.866666666667,11160.566666666666,19108.25,7446.716666666666,12724.5,12717.133333333331,11993.966666666669,17792.05,14854.516666666668,20335.51666666667,17934.1,22964.816666666673,12796.016666666666,15577.116666666667,20787.38333333333,0,0,0,0,0,0,0,0,0,0,0,0,C4-SKT-03,,,Macro
1255,SKT3773,SKT3773__S_Hadi_Town_Stop_garah_MDSK4270,3,C4-SKT-03,20,Stand by,,2879.966666666666,,,42.99999999999999,,,43.91666666666667,,20.416666666666664,44.00000000000001,41.25,40.41666666666667,59.08333333333333,,,42.99999999999999,1042.25,,,480.1666666666668,,,,,,,,,,,,4737.466666666666,,11,0.9451682098765433,25782.433333333334,17822.833333333336,20200.933333333334,15564.266666666668,23708.43333333333,15377.866666666667,11160.566666666666,19108.25,7446.716666666666,12724.5,12717.133333333331,11993.966666666669,17792.05,14854.516666666668,20335.51666666667,17934.1,22964.816666666673,12796.016666666666,15577.116666666667,20787.38333333333,0,0,0,0,0,0,0,0,0,0,0,0,C4-SKT-03,,,Macro
1256,SKT6400,SKT6400__S_HamzaGhaus,3,C4-SKT-03,,ATL,ATSLK11,,,,94.83333333333334,,,,,18.5,102.83333333333333,23.083333333333336,93.75,,,,,47.25,,,218.58333333333334,,,,,,,,,,,,598.8333333333334,,7,0.9930690586419754,25782.433333333334,17822.833333333336,20200.933333333334,15564.266666666668,23708.43333333333,15377.866666666667,11160.566666666666,19108.25,7446.716666666666,12724.5,12717.133333333331,11993.966666666669,17792.05,14854.516666666668,20335.51666666667,17934.1,22964.816666666673,12796.016666666666,15577.116666666667,20787.38333333333,0,0,0,0,0,0,0,0,0,0,0,0,,,,Macro
1257,SKT9474,SKT9474__S_Pakistan_Chowk_Sialkot_Cantt_MDSK1891,3,C4-SKT-03,20,Stand by,,721.4666666666667,,,,,,17,169.5,,,,,,,,510.2499999999999,477.9166666666668,819.4166666666665,,,,,,,,,,,,,,2715.55,,6,0.9685700231481482,25782.433333333334,17822.833333333336,20200.933333333334,15564.266666666668,23708.43333333333,15377.866666666667,11160.566666666666,19108.25,7446.716666666666,12724.5,12717.133333333331,11993.966666666669,17792.05,14854.516666666668,20335.51666666667,17934.1,22964.816666666673,12796.016666666666,15577.116666666667,20787.38333333333,0,0,0,0,0,0,0,0,0,0,0,0,C4-SKT-03,,,Macro
1258,SKT9480,SKT9480__S_Gohadpur_MDSK4281,3,C4-SKT-03,30,Stand by,,,,,,,,,29.249999999999993,,,,,,,,,,,,,,,,,,,,,,,,29.249999999999993,,1,0.9996614583333333,25782.433333333334,17822.833333333336,20200.933333333334,15564.266666666668,23708.43333333333,15377.866666666667,11160.566666666666,19108.25,7446.716666666666,12724.5,12717.133333333331,11993.966666666669,17792.05,14854.516666666668,20335.51666666667,17934.1,22964.816666666673,12796.016666666666,15577.116666666667,20787.38333333333,0,0,0,0,0,0,0,0,0,0,0,0,C4-SKT-03,,,Macro
1259,SKT5528,SKT5528_H_Sialkot Sankhatra Rd Kishnaywali Kothey Sialkot,3,C4-SKT-03,,Enfrashare,EC1-SKT-06418,798.5000000000001,,,,309.6500000000001,,,,,220.25,,,78.99999999999999,306.05000000000007,,458.7500000000001,,,,256.5,,,,,,,,,,,,2428.7000000000003,,7,0.9718900462962964,25782.433333333334,17822.833333333336,20200.933333333334,15564.266666666668,23708.43333333333,15377.866666666667,11160.566666666666,19108.25,7446.716666666666,12724.5,12717.133333333331,11993.966666666669,17792.05,14854.516666666668,20335.51666666667,17934.1,22964.816666666673,12796.016666666666,15577.116666666667,20787.38333333333,0,0,0,0,0,0,0,0,0,0,0,0,,,,Macro
1260,RUR9470,RUR9470__S_Village_Kamonwala_MDSK4289,3,C4-SKT-03,30,Stand by,,,19.416666666666668,,,,,,,,,45.91666666666666,,,,,,8.25,,,,,,,,,,,,,,,73.58333333333333,,3,0.9991483410493827,25782.433333333334,17822.833333333336,20200.933333333334,15564.266666666668,23708.43333333333,15377.866666666667,11160.566666666666,19108.25,7446.716666666666,12724.5,12717.133333333331,11993.966666666669,17792.05,14854.516666666668,20335.51666666667,17934.1,22964.816666666673,12796.016666666666,15577.116666666667,20787.38333333333,0,0,0,0,0,0,0,0,0,0,0,0,C4-SKT-03,,,Macro
1261,MDW8987,MDW8987__BhagowalSialkot,4,C4-SKT-03,27,Stand by,,,,,,,,,206.5,,,,,,,,,,,,,,,,,,,,,,,,206.5,,1,0.9982074652777777,25782.433333333334,17822.833333333336,20200.933333333334,15564.266666666668,23708.43333333333,15377.866666666667,11160.566666666666,19108.25,7446.716666666666,12724.5,12717.133333333331,11993.966666666669,17792.05,14854.516666666668,20335.51666666667,17934.1,22964.816666666673,12796.016666666666,15577.116666666667,20787.38333333333,0,0,0,0,0,0,0,0,0,0,0,0,C4-SKT-03,,,Macro
1262,SKT8758,SKT8758__S_QabrastanShaheedan_CMPak7163,3,C4-SKT-03,,CM Pak,7163,714.6166666666664,2279.8999999999996,306.7500000000001,279.25,200.25,130.66666666666669,112.41666666666666,,,,,,,,,,,,,,,,,,,,,,,,,4023.849999999999,,7,0.953427662037037,25782.433333333334,17822.833333333336,20200.933333333334,15564.266666666668,23708.43333333333,15377.866666666667,11160.566666666666,19108.25,7446.716666666666,12724.5,12717.133333333331,11993.966666666669,17792.05,14854.516666666668,20335.51666666667,17934.1,22964.816666666673,12796.016666666666,15577.116666666667,20787.38333333333,0,0,0,0,0,0,0,0,0,0,0,0,C4-SKT-03,CMPak,7163,Macro
1263,SKT1620,SKT1620__S_Pasrur_Road_Shamas_Pura_MDSK4277,3,C4-SKT-03,30,Stand by,,,,,,,,,22.583333333333336,,,,,,,226.08333333333331,123.8333333333333,,,,,,,,,,,,,,,,372.49999999999994,,3,0.9956886574074075,25782.433333333334,17822.833333333336,20200.933333333334,15564.266666666668,23708.43333333333,15377.866666666667,11160.566666666666,19108.25,7446.716666666666,12724.5,12717.133333333331,11993.966666666669,17792.05,14854.516666666668,20335.51666666667,17934.1,22964.816666666673,12796.016666666666,15577.116666666667,20787.38333333333,0,0,0,0,0,0,0,0,0,0,0,0,C4-SKT-03,,,Macro
1264,PMD6138,PMD6138__S_Kotli_Said_MeerWarid_MDSK1889,3,C4-SKT-03,20,Stand by,,,,,,,,,,,,,,,,,,,,,,,,,,,,,,,,,0,,0,1,25782.433333333334,17822.833333333336,20200.933333333334,15564.266666666668,23708.43333333333,15377.866666666667,11160.566666666666,19108.25,7446.716666666666,12724.5,12717.133333333331,11993.966666666669,17792.05,14854.516666666668,20335.51666666667,17934.1,22964.816666666673,12796.016666666666,15577.116666666667,20787.38333333333,0,0,0,0,0,0,0,0,0,0,0,0,C4-SKT-03,,,Macro
1265,KLW9890,KLW9890__RangKhukhran,3,C4-SKT-03,20,Stand by,,,,,,,90.58333333333333,,,,,,,472.4166666666667,,,,,,326.6500000000001,,,,,,,,,,,,,889.6500000000001,,3,0.989703125,25782.433333333334,17822.833333333336,20200.933333333334,15564.266666666668,23708.43333333333,15377.866666666667,11160.566666666666,19108.25,7446.716666666666,12724.5,12717.133333333331,11993.966666666669,17792.05,14854.516666666668,20335.51666666667,17934.1,22964.816666666673,12796.016666666666,15577.116666666667,20787.38333333333,0,0,0,0,0,0,0,0,0,0,0,0,C4-SKT-03,,,Macro
1266,SKT5152,SKT5152__S_Rauf Plaza Warid_MDSK4176,3,C4-SKT-03,27,Stand by,,33.50000000000001,,,,44.25,,,,,,,,346.05000000000007,,33.08333333333333,,,,,,,,,,,,,,,,,456.8833333333334,,4,0.9947119984567901,25782.433333333334,17822.833333333336,20200.933333333334,15564.266666666668,23708.43333333333,15377.866666666667,11160.566666666666,19108.25,7446.716666666666,12724.5,12717.133333333331,11993.966666666669,17792.05,14854.516666666668,20335.51666666667,17934.1,22964.816666666673,12796.016666666666,15577.116666666667,20787.38333333333,0,0,0,0,0,0,0,0,0,0,0,0,C4-SKT-03,,,Macro
1267,SKT6408,SKT6408__S_MeharStGohadpur,3,C4-SKT-03,,E.Co,e.coPK019031PU,,,,,,,,,,,,,,,,,,,,,,,,,,,,,,,,0,,0,1,25782.433333333334,17822.833333333336,20200.933333333334,15564.266666666668,23708.43333333333,15377.866666666667,11160.566666666666,19108.25,7446.716666666666,12724.5,12717.133333333331,11993.966666666669,17792.05,14854.516666666668,20335.51666666667,17934.1,22964.816666666673,12796.016666666666,15577.116666666667,20787.38333333333,0,0,0,0,0,0,0,0,0,0,0,0,,,,Macro
1268,SKT9483,SKT9483__S_Ghazi Pur_MDSK4188,3,C4-SKT-03,30,Stand by,,,,,,,,,,,,,,,,112.75,,,,,,,,,,,,,,,,,112.75,,1,0.9986950231481481,25782.433333333334,17822.833333333336,20200.933333333334,15564.266666666668,23708.43333333333,15377.866666666667,11160.566666666666,19108.25,7446.716666666666,12724.5,12717.133333333331,11993.966666666669,17792.05,14854.516666666668,20335.51666666667,17934.1,22964.816666666673,12796.016666666666,15577.116666666667,20787.38333333333,0,0,0,0,0,0,0,0,0,0,0,0,C4-SKT-03,,,Macro
1269,SKT9482,SKT9482__S_Model Town SKT_MDSK4179,3,C4-SKT-03,27,Stand by,,213.66666666666663,,,1455.45,643.2666666666667,,,,154.99999999999997,529.2500000000001,,,,,,,533.4166666666667,,311.25,,,,,,,,,,,,,3841.3,,7,0.9555405092592593,25782.433333333334,17822.833333333336,20200.933333333334,15564.266666666668,23708.43333333333,15377.866666666667,11160.566666666666,19108.25,7446.716666666666,12724.5,12717.133333333331,11993.966666666669,17792.05,14854.516666666668,20335.51666666667,17934.1,22964.816666666673,12796.016666666666,15577.116666666667,20787.38333333333,0,0,0,0,0,0,0,0,0,0,0,0,C4-SKT-03,,,Macro
1270,SKT8131,SKT8131__T_SarafaBazar,2,C4-SKT-03,,Jazz CP Prime,,,,,,,,,,,,,,19.5,,,,,,11.833333333333334,,,,,,,,,,,,,31.333333333333336,,2,0.9994560185185185,25782.433333333334,17822.833333333336,20200.933333333334,15564.266666666668,23708.43333333333,15377.866666666667,11160.566666666666,19108.25,7446.716666666666,12724.5,12717.133333333331,11993.966666666669,17792.05,14854.516666666668,20335.51666666667,17934.1,22964.816666666673,12796.016666666666,15577.116666666667,20787.38333333333,0,0,0,0,0,0,0,0,0,0,0,0,C4-SKT-03,,,Micro
1271,SKT2117,SKT2117__AdalatGarh,3,C4-SKT-03,,UFONE,7757,,,,,,,,,,,,,,,,,,8.916666666666668,,,,,,,,,,,,,,8.916666666666668,,1,0.9998967978395062,25782.433333333334,17822.833333333336,20200.933333333334,15564.266666666668,23708.43333333333,15377.866666666667,11160.566666666666,19108.25,7446.716666666666,12724.5,12717.133333333331,11993.966666666669,17792.05,14854.516666666668,20335.51666666667,17934.1,22964.816666666673,12796.016666666666,15577.116666666667,20787.38333333333,0,0,0,0,0,0,0,0,0,0,0,0,C4-SKT-03,UFone,7757,Macro
1272,SKT3800,SKT3800__ShahabRoad,3,C4-SKT-03,27,Stand by,,51.75,126.80000000000001,,,201.49999999999994,112.75000000000003,58.16666666666667,67.33333333333334,97.99999999999997,32.25,64.75,52.29999999999999,69,,,,,,85.74999999999999,69.5,,,,,,,,,,,,1089.85,,13,0.9873859953703703,25782.433333333334,17822.833333333336,20200.933333333334,15564.266666666668,23708.43333333333,15377.866666666667,11160.566666666666,19108.25,7446.716666666666,12724.5,12717.133333333331,11993.966666666669,17792.05,14854.516666666668,20335.51666666667,17934.1,22964.816666666673,12796.016666666666,15577.116666666667,20787.38333333333,0,0,0,0,0,0,0,0,0,0,0,0,C4-SKT-03,,,Macro
1273,SKT4186,SKT4186__S_Doburji_Malian_Pasroor_Road_MDSK4271,3,C4-SKT-03,30,Stand by,,210,,,,,,,,,,,,,,,,,320.19999999999993,829.5833333333333,,,,,,,,,,,,,1359.7833333333333,,3,0.9842617669753086,25782.433333333334,17822.833333333336,20200.933333333334,15564.266666666668,23708.43333333333,15377.866666666667,11160.566666666666,19108.25,7446.716666666666,12724.5,12717.133333333331,11993.966666666669,17792.05,14854.516666666668,20335.51666666667,17934.1,22964.816666666673,12796.016666666666,15577.116666666667,20787.38333333333,0,0,0,0,0,0,0,0,0,0,0,0,C4-SKT-03,,,Macro
1274,RUR5259,RUR5259__S_ThathaManak_CMPak41245,3,C4-SKT-03,,CM Pak,40850,,99.49999999999997,633.5000000000001,,,505.83333333333326,,360,,,,,,,,,,,,,,,,,,,,,,,,1598.8333333333335,,4,0.9814949845679013,25782.433333333334,17822.833333333336,20200.933333333334,15564.266666666668,23708.43333333333,15377.866666666667,11160.566666666666,19108.25,7446.716666666666,12724.5,12717.133333333331,11993.966666666669,17792.05,14854.516666666668,20335.51666666667,17934.1,22964.816666666673,12796.016666666666,15577.116666666667,20787.38333333333,0,0,0,0,0,0,0,0,0,0,0,0,C4-SKT-03,CMPak,40850,Macro
1275,SKT4628,SKT4628__HolyTrinitySKT_Cantt,4,C4-SKT-03,31,Stand by,,,40,,,,,,15.333333333333332,,,501.66666666666663,,,,,,518.7500000000001,,,,,,,,,,,,,,,1075.75,,4,0.9906618923611111,25782.433333333334,17822.833333333336,20200.933333333334,15564.266666666668,23708.43333333333,15377.866666666667,11160.566666666666,19108.25,7446.716666666666,12724.5,12717.133333333331,11993.966666666669,17792.05,14854.516666666668,20335.51666666667,17934.1,22964.816666666673,12796.016666666666,15577.116666666667,20787.38333333333,0,0,0,0,0,0,0,0,0,0,0,0,C4-SKT-03,,,Macro
1276,SKT0572,SKT0572__P_BohriMohalla,3,C4-SKT-03,27,Stand by,,,,,,,,,127.4166666666667,,,,,,,,,45,,,194,,,,,,,,,,,,366.4166666666667,,3,0.9957590663580247,25782.433333333334,17822.833333333336,20200.933333333334,15564.266666666668,23708.43333333333,15377.866666666667,11160.566666666666,19108.25,7446.716666666666,12724.5,12717.133333333331,11993.966666666669,17792.05,14854.516666666668,20335.51666666667,17934.1,22964.816666666673,12796.016666666666,15577.116666666667,20787.38333333333,0,0,0,0,0,0,0,0,0,0,0,0,C4-SKT-03,,,Macro
1277,SKT3424,SKT3424__MohallaBijliGhar,3,C4-SKT-03,27,Stand by,,,,,335.0000000000001,,203.33333333333334,5.083333333333333,,,7.5,,,,,,,24.5,,,,,,,,,,,,,,,575.4166666666669,,5,0.9933400848765431,25782.433333333334,17822.833333333336,20200.933333333334,15564.266666666668,23708.43333333333,15377.866666666667,11160.566666666666,19108.25,7446.716666666666,12724.5,12717.133333333331,11993.966666666669,17792.05,14854.516666666668,20335.51666666667,17934.1,22964.816666666673,12796.016666666666,15577.116666666667,20787.38333333333,0,0,0,0,0,0,0,0,0,0,0,0,C4-SKT-03,,,Macro
1278,KTL6094,KTL6094__S_NokhwalWarid_MDSK1984,3,C4-SKT-03,30,Stand by,,,,,,,,,,,,,,,,,,,,,,,,,,,,,,,,,0,,0,1,25782.433333333334,17822.833333333336,20200.933333333334,15564.266666666668,23708.43333333333,15377.866666666667,11160.566666666666,19108.25,7446.716666666666,12724.5,12717.133333333331,11993.966666666669,17792.05,14854.516666666668,20335.51666666667,17934.1,22964.816666666673,12796.016666666666,15577.116666666667,20787.38333333333,0,0,0,0,0,0,0,0,0,0,0,0,C4-SKT-03,,,Macro
1279,SKT0020,SKT0020__QilaSialkot,3,C4-SKT-03,27,Stand by,,,,,,,,,,,,,,,,,,,,495.5499999999999,,,,,,,,,,,,,495.5499999999999,,1,0.9942644675925927,25782.433333333334,17822.833333333336,20200.933333333334,15564.266666666668,23708.43333333333,15377.866666666667,11160.566666666666,19108.25,7446.716666666666,12724.5,12717.133333333331,11993.966666666669,17792.05,14854.516666666668,20335.51666666667,17934.1,22964.816666666673,12796.016666666666,15577.116666666667,20787.38333333333,0,0,0,0,0,0,0,0,0,0,0,0,C4-SKT-03,,,Macro
1280,SKT9473,SKT9473__S_Darbar_Sarwar_Shah_MDSK4288,3,C4-SKT-03,27,Stand by,,278.66666666666674,199.58333333333334,251.49999999999991,32.33333333333333,44.25,43.5,44.25,273.3833333333334,89.08333333333333,73.41666666666667,73.91666666666666,43.166666666666664,89.08333333333331,214.8166666666667,75.58333333333334,109.08333333333333,87.33333333333333,,43.333333333333336,177.16666666666663,,,,,,,,,,,,2243.45,,19,0.9740341435185185,25782.433333333334,17822.833333333336,20200.933333333334,15564.266666666668,23708.43333333333,15377.866666666667,11160.566666666666,19108.25,7446.716666666666,12724.5,12717.133333333331,11993.966666666669,17792.05,14854.516666666668,20335.51666666667,17934.1,22964.816666666673,12796.016666666666,15577.116666666667,20787.38333333333,0,0,0,0,0,0,0,0,0,0,0,0,C4-SKT-03,,,Macro
1281,SKT9472,SKT9472__S_Muslim Town SKT_MDSK4175,3,C4-SKT-03,27,Stand by,,1111.0833333333335,,,,64.16666666666667,,,,,20.25,63.249999999999986,,128.41666666666669,,1444.5,,,,,,,,,,,,,,,,,2831.666666666667,,6,0.9672260802469136,25782.433333333334,17822.833333333336,20200.933333333334,15564.266666666668,23708.43333333333,15377.866666666667,11160.566666666666,19108.25,7446.716666666666,12724.5,12717.133333333331,11993.966666666669,17792.05,14854.516666666668,20335.51666666667,17934.1,22964.816666666673,12796.016666666666,15577.116666666667,20787.38333333333,0,0,0,0,0,0,0,0,0,0,0,0,C4-SKT-03,,,Macro
1282,RUR0879,RUR0879__Chaprar,3,C4-SKT-03,27,Stand by,,,,,,,,,,,,,54.500000000000014,,,,,,,,,,,,,,,,,,,,54.500000000000014,,1,0.9993692129629629,25782.433333333334,17822.833333333336,20200.933333333334,15564.266666666668,23708.43333333333,15377.866666666667,11160.566666666666,19108.25,7446.716666666666,12724.5,12717.133333333331,11993.966666666669,17792.05,14854.516666666668,20335.51666666667,17934.1,22964.816666666673,12796.016666666666,15577.116666666667,20787.38333333333,0,0,0,0,0,0,0,0,0,0,0,0,C4-SKT-03,,,Macro
1283,SKT9484,SKT9484__S_Hotel Taj Mahal_MDSK4283,3,C4-SKT-03,30,Stand by,,,,,,,,,,,,,,,,,,,,,,,,,,,,,,,,,0,,0,1,25782.433333333334,17822.833333333336,20200.933333333334,15564.266666666668,23708.43333333333,15377.866666666667,11160.566666666666,19108.25,7446.716666666666,12724.5,12717.133333333331,11993.966666666669,17792.05,14854.516666666668,20335.51666666667,17934.1,22964.816666666673,12796.016666666666,15577.116666666667,20787.38333333333,0,0,0,0,0,0,0,0,0,0,0,0,C4-SKT-03,,,Macro
1284,SKT5848,SKT5848__S_AlRehmatSuperStore,3,C4-SKT-03,,Enfrashare,EC1-SKT-01917,,,,,,,,,,,,,,,,,,,,,,,,,,,,,,,,0,,0,1,25782.433333333334,17822.833333333336,20200.933333333334,15564.266666666668,23708.43333333333,15377.866666666667,11160.566666666666,19108.25,7446.716666666666,12724.5,12717.133333333331,11993.966666666669,17792.05,14854.516666666668,20335.51666666667,17934.1,22964.816666666673,12796.016666666666,15577.116666666667,20787.38333333333,0,0,0,0,0,0,0,0,0,0,0,0,,,,Macro
1285,SKT5834,SKT5834 LTE_SKT5834_H_Rehman Road Sahowali Sialkot,3,C4-SKT-03,,Enfrashare,EC1-SKT-07863,,,,,,,,,,,,,,,131.91666666666666,,46.24999999999999,,,,,,,,,,,,,,,178.16666666666666,,2,0.9979378858024691,25782.433333333334,17822.833333333336,20200.933333333334,15564.266666666668,23708.43333333333,15377.866666666667,11160.566666666666,19108.25,7446.716666666666,12724.5,12717.133333333331,11993.966666666669,17792.05,14854.516666666668,20335.51666666667,17934.1,22964.816666666673,12796.016666666666,15577.116666666667,20787.38333333333,0,0,0,0,0,0,0,0,0,0,0,0,,,,Macro
1286,SKT5699,SKT5699__S_BijliMohalla,3,C4-SKT-03,,Enfrashare,EC1-SKT-02541,,,,,,,,,,,,,,,,,,,,,,,,,,,,,,,,0,,0,1,25782.433333333334,17822.833333333336,20200.933333333334,15564.266666666668,23708.43333333333,15377.866666666667,11160.566666666666,19108.25,7446.716666666666,12724.5,12717.133333333331,11993.966666666669,17792.05,14854.516666666668,20335.51666666667,17934.1,22964.816666666673,12796.016666666666,15577.116666666667,20787.38333333333,0,0,0,0,0,0,0,0,0,0,0,0,,,,Macro
1287,RUR0764,RUR0764_SandraKhurd_NEW,3,C4-SKT-03,,UFONE,3442,638.1499999999997,193.58333333333331,252.13333333333335,171.83333333333334,991.6666666666667,,15,1816.3833333333337,40.25,,823.9,1643.366666666668,216.6666666666667,,310.9666666666667,2168.7999999999997,124.6333333333333,,1976.5166666666657,320.3333333333333,,,,,,,,,,,,11704.183333333334,,16,0.8645349151234568,25782.433333333334,17822.833333333336,20200.933333333334,15564.266666666668,23708.43333333333,15377.866666666667,11160.566666666666,19108.25,7446.716666666666,12724.5,12717.133333333331,11993.966666666669,17792.05,14854.516666666668,20335.51666666667,17934.1,22964.816666666673,12796.016666666666,15577.116666666667,20787.38333333333,0,0,0,0,0,0,0,0,0,0,0,0,C4-SKT-03,UFone,3442,Macro
1288,SKT9479,SKT9479__S_Mohalla_Bhankan_Sharif_MDSK4287,3,C4-SKT-03,30,Stand by,,,,,,,,134.33333333333331,,,,,,,,,,,296.0833333333333,,244.5,,,,,,,,,,,,674.9166666666666,,3,0.9921884645061728,25782.433333333334,17822.833333333336,20200.933333333334,15564.266666666668,23708.43333333333,15377.866666666667,11160.566666666666,19108.25,7446.716666666666,12724.5,12717.133333333331,11993.966666666669,17792.05,14854.516666666668,20335.51666666667,17934.1,22964.816666666673,12796.016666666666,15577.116666666667,20787.38333333333,0,0,0,0,0,0,0,0,0,0,0,0,C4-SKT-03,,,Macro
1289,RUR6131,RUR6131__S_DingayWarid_MR1R3579,3,C4-SKT-03,20,Stand by,,,,,,,16,,,,,,,,,7.583333333333333,,510.5000000000001,,,92.00000000000001,,,,,,,,,,,,626.0833333333335,,4,0.9927536651234569,25782.433333333334,17822.833333333336,20200.933333333334,15564.266666666668,23708.43333333333,15377.866666666667,11160.566666666666,19108.25,7446.716666666666,12724.5,12717.133333333331,11993.966666666669,17792.05,14854.516666666668,20335.51666666667,17934.1,22964.816666666673,12796.016666666666,15577.116666666667,20787.38333333333,0,0,0,0,0,0,0,0,0,0,0,0,C4-SKT-03,,,Macro
1290,SKT9693,SKT9693,3,C4-SKT-03,,CP Prime,,,,13.333333333333334,,,,,,,,,,,,,,538.5,,,80.00000000000001,,,,,,,,,,,,631.8333333333334,,3,0.9926871141975309,25782.433333333334,17822.833333333336,0,7329.083333333333,0,0,0,0,0,0,0,0,0,0,0,0,0,0,0,0,0,0,0,0,0,0,0,0,0,0,0,0,,,,
1291,RUR0866,RUR0866__KhojeChakBajwatRD,3,C4-SKT-03,27,Stand by,,,,,,,24.75,,,,,,118.71666666666667,,,,928.7499999999997,350.33333333333337,383.98333333333335,,,,,,,,,,,,,,1806.533333333333,,5,0.9790910493827161,25782.433333333334,17822.833333333336,20200.933333333334,15564.266666666668,23708.43333333333,15377.866666666667,11160.566666666666,19108.25,7446.716666666666,12724.5,12717.133333333331,11993.966666666669,17792.05,14854.516666666668,20335.51666666667,17934.1,22964.816666666673,12796.016666666666,15577.116666666667,20787.38333333333,0,0,0,0,0,0,0,0,0,0,0,0,C4-SKT-03,,,Macro
1292,Skt3422,Skt3422__Hammad_Arcade,3,C4-SKT-03,20,Stand by,,,,,321,,,,,,,,,,293.50000000000006,,,,,,,,,,,,,,,,,,614.5,,2,0.9928877314814816,25782.433333333334,17822.833333333336,20200.933333333334,15564.266666666668,23708.43333333333,15377.866666666667,11160.566666666666,19108.25,7446.716666666666,12724.5,12717.133333333331,11993.966666666669,17792.05,14854.516666666668,20335.51666666667,17934.1,22964.816666666673,12796.016666666666,15577.116666666667,20787.38333333333,0,0,0,0,0,0,0,0,0,0,0,0,C4-SKT-03,,,Macro
1293,RUR5880,RUR5880_H_Paropi Arayian Sialkot,3,C4-SKT-03,,Enfrashare,EC1-SKT-08180,,,,,,,,,,,27.75,,,,644.4999999999998,413.24999999999994,117.75,,,,,,,,,,,,,,,1203.2499999999998,,4,0.9860734953703704,25782.433333333334,17822.833333333336,20200.933333333334,15564.266666666668,23708.43333333333,15377.866666666667,11160.566666666666,19108.25,7446.716666666666,12724.5,12717.133333333331,11993.966666666669,17792.05,14854.516666666668,20335.51666666667,17934.1,22964.816666666673,12796.016666666666,15577.116666666667,20787.38333333333,0,0,0,0,0,0,0,0,0,0,0,0,,,,Macro
1294,SKT4148,SKT4148__AirportRd,3,C4-SKT-03,30,Stand by,,,,,,,,,,,,,,,,,,,,,,,,,,,,,,,,,0,,0,1,25782.433333333334,17822.833333333336,20200.933333333334,15564.266666666668,23708.43333333333,15377.866666666667,11160.566666666666,19108.25,7446.716666666666,12724.5,12717.133333333331,11993.966666666669,17792.05,14854.516666666668,20335.51666666667,17934.1,22964.816666666673,12796.016666666666,15577.116666666667,20787.38333333333,0,0,0,0,0,0,0,0,0,0,0,0,C4-SKT-03,,,Macro
1295,SKT3223,SKT3223__Rangpur2,4,C4-SKT-03,30,Stand by,,,,,,564.7499999999998,,,,,,,,,,98.33333333333331,,,,,,,,,,,,,,,,,663.083333333333,,2,0.994244068287037,25782.433333333334,17822.833333333336,20200.933333333334,15564.266666666668,23708.43333333333,15377.866666666667,11160.566666666666,19108.25,7446.716666666666,12724.5,12717.133333333331,11993.966666666669,17792.05,14854.516666666668,20335.51666666667,17934.1,22964.816666666673,12796.016666666666,15577.116666666667,20787.38333333333,0,0,0,0,0,0,0,0,0,0,0,0,C4-SKT-03,,,Macro
1296,SKT0816,SKT0816__RangPura,3,C4-SKT-03,27,Stand by,,,,,,,,,,,,,,,,,,,,,,,,,,,,,,,,,0,,0,1,25782.433333333334,17822.833333333336,20200.933333333334,15564.266666666668,23708.43333333333,15377.866666666667,11160.566666666666,19108.25,7446.716666666666,12724.5,12717.133333333331,11993.966666666669,17792.05,14854.516666666668,20335.51666666667,17934.1,22964.816666666673,12796.016666666666,15577.116666666667,20787.38333333333,0,0,0,0,0,0,0,0,0,0,0,0,C4-SKT-03,,,Macro
1297,SKT4194,SKT4194__S_Sethi Plaza Sialkot_IESK0032,1,C4-SKT-03,,Jazz CP Prime,,,,,,,,,,,,,,5.083333333333333,,,,,,,,,,,,,,,,,,,5.083333333333333,,1,0.9998234953703704,25782.433333333334,17822.833333333336,20200.933333333334,15564.266666666668,23708.43333333333,15377.866666666667,11160.566666666666,19108.25,7446.716666666666,12724.5,12717.133333333331,11993.966666666669,17792.05,14854.516666666668,20335.51666666667,17934.1,22964.816666666673,12796.016666666666,15577.116666666667,20787.38333333333,0,0,0,0,0,0,0,0,0,0,0,0,C4-SKT-03,,,Micro
1298,RUR5764,RUR5764_H_Miani Madharian Wala Kalar Sialkot,3,C4-SKT-03,,Enfrashare,EC1-SKT-03413,,,,,,,,,,,,,,,,100.99999999999997,604.8833333333333,,,186.46666666666667,,,,,,,,,,,,892.35,,3,0.989671875,25782.433333333334,17822.833333333336,20200.933333333334,15564.266666666668,23708.43333333333,15377.866666666667,11160.566666666666,19108.25,7446.716666666666,12724.5,12717.133333333331,11993.966666666669,17792.05,14854.516666666668,20335.51666666667,17934.1,22964.816666666673,12796.016666666666,15577.116666666667,20787.38333333333,0,0,0,0,0,0,0,0,0,0,0,0,,,,Macro
1299,RUR8069,RUR8069_Hundal,3,C4-SKT-03,,CP Prime,,,,,,,,,,,,,,,,47.08333333333334,,,,,,,,,,,,,,,,,47.08333333333334,,1,0.9994550540123457,25782.433333333334,17822.833333333336,20200.933333333334,15564.266666666668,23708.43333333333,15377.866666666667,11160.566666666666,19108.25,7446.716666666666,12724.5,12717.133333333331,11993.966666666669,17792.05,14854.516666666668,20335.51666666667,17934.1,22964.816666666673,12796.016666666666,15577.116666666667,20787.38333333333,0,0,0,0,0,0,0,0,0,0,0,0,C4-SKT-03,,,Macro
1300,KLW9891,KLW9891__Kuluwal,3,C4-SKT-03,20Kva,Stand by,,,,,,,,,,,312.6666666666667,,,,1005.4166666666667,,,,,,,,,,,,,,,,,,1318.0833333333335,,2,0.9847444058641974,25782.433333333334,17822.833333333336,20200.933333333334,15564.266666666668,23708.43333333333,15377.866666666667,11160.566666666666,19108.25,7446.716666666666,12724.5,12717.133333333331,11993.966666666669,17792.05,14854.516666666668,20335.51666666667,17934.1,22964.816666666673,12796.016666666666,15577.116666666667,20787.38333333333,0,0,0,0,0,0,0,0,0,0,0,0,C4-SKT-03,,,Macro
1301,SKT3406,SKT3406__ZohralHospitalChwk,3,C4-SKT-03,31,Stand by,,,45.99999999999999,40.74999999999999,719.9499999999997,,,,,,,,,59.499999999999986,,,,,,,,,,,,,,,,,,,866.1999999999997,,4,0.989974537037037,25782.433333333334,17822.833333333336,20200.933333333334,15564.266666666668,23708.43333333333,15377.866666666667,11160.566666666666,19108.25,7446.716666666666,12724.5,12717.133333333331,11993.966666666669,17792.05,14854.516666666668,20335.51666666667,17934.1,22964.816666666673,12796.016666666666,15577.116666666667,20787.38333333333,0,0,0,0,0,0,0,0,0,0,0,0,C4-SKT-03,,,Macro
1302,SKT3809,SKT3809__RailwayStationSKT,3,C4-SKT-03,27,Stand by,,,,,,,,,,,,,373.33333333333337,73.08333333333333,,,,,,,685.4166666666667,,,,,,,,,,,,1131.8333333333335,,3,0.9869000771604938,25782.433333333334,17822.833333333336,20200.933333333334,15564.266666666668,23708.43333333333,15377.866666666667,11160.566666666666,19108.25,7446.716666666666,12724.5,12717.133333333331,11993.966666666669,17792.05,14854.516666666668,20335.51666666667,17934.1,22964.816666666673,12796.016666666666,15577.116666666667,20787.38333333333,0,0,0,0,0,0,0,0,0,0,0,0,C4-SKT-03,,,Macro
1303,SKT3091,SKT3091__S_Mubarak Pura_MDSK4184,3,C4-SKT-03,,GLO,,,,,,141.50000000000003,591.4833333333333,23.583333333333336,,,,,,,,464.33333333333326,279,24.75,187.38333333333335,,,,,,,,,,,,,,1712.0333333333335,,7,0.9801847993827161,25782.433333333334,17822.833333333336,20200.933333333334,15564.266666666668,23708.43333333333,15377.866666666667,11160.566666666666,19108.25,7446.716666666666,12724.5,12717.133333333331,11993.966666666669,17792.05,14854.516666666668,20335.51666666667,17934.1,22964.816666666673,12796.016666666666,15577.116666666667,20787.38333333333,0,0,0,0,0,0,0,0,0,0,0,0,C4-SKT-03,,,Macro
1304,SKT3605,SKT3605__BansanWalaBazar_WP,3,C4-SKT-03,30,Stand by,,,,,,,,,,,,,,,,,,,,,,,,,,,,,,,,,0,,0,1,25782.433333333334,17822.833333333336,20200.933333333334,15564.266666666668,23708.43333333333,15377.866666666667,11160.566666666666,19108.25,7446.716666666666,12724.5,12717.133333333331,11993.966666666669,17792.05,14854.516666666668,20335.51666666667,17934.1,22964.816666666673,12796.016666666666,15577.116666666667,20787.38333333333,0,0,0,0,0,0,0,0,0,0,0,0,C4-SKT-03,,,Macro
1305,SKT1603,SKT1603__S_Haji Pura_MDSK4180,3,C4-SKT-03,27,Stand by,,,,407.54999999999995,,,,,,,,,,,,,,,,,,,,,,,,,,,,,407.54999999999995,,1,0.9952829861111111,25782.433333333334,17822.833333333336,20200.933333333334,15564.266666666668,23708.43333333333,15377.866666666667,11160.566666666666,19108.25,7446.716666666666,12724.5,12717.133333333331,11993.966666666669,17792.05,14854.516666666668,20335.51666666667,17934.1,22964.816666666673,12796.016666666666,15577.116666666667,20787.38333333333,0,0,0,0,0,0,0,0,0,0,0,0,C4-SKT-03,,,Macro
1306,SKT4630,SKT4630__AbikRoad,4,C4-SKT-03,20,Stand by,,,,,,,,,,,,34.333333333333336,,,,865.3333333333333,544.5833333333333,157.33333333333337,,,,,,,,,,,,,,,1601.5833333333335,,4,0.9860973668981481,25782.433333333334,17822.833333333336,20200.933333333334,15564.266666666668,23708.43333333333,15377.866666666667,11160.566666666666,19108.25,7446.716666666666,12724.5,12717.133333333331,11993.966666666669,17792.05,14854.516666666668,20335.51666666667,17934.1,22964.816666666673,12796.016666666666,15577.116666666667,20787.38333333333,0,0,0,0,0,0,0,0,0,0,0,0,C4-SKT-03,,,Macro
1307,RUR8070,RUR8070__KharanayMoreBazzar,3,C4-SKT-03,27,Stand by,,,,,,,,,,,,,,,,15.5,,,,,,,,,,,,,,,,,15.5,,1,0.999820601851852,25782.433333333334,17822.833333333336,20200.933333333334,15564.266666666668,23708.43333333333,15377.866666666667,11160.566666666666,19108.25,7446.716666666666,12724.5,12717.133333333331,11993.966666666669,17792.05,14854.516666666668,20335.51666666667,17934.1,22964.816666666673,12796.016666666666,15577.116666666667,20787.38333333333,0,0,0,0,0,0,0,0,0,0,0,0,C4-SKT-03,,,Macro
1308,SKT5806,SKT5806__S_Kharkana,3,C4-SKT-03,,Enfrashare,EC1-SKT-03282,,,,,,159.6333333333333,849.8166666666665,1761.4833333333343,1044.4166666666667,672.9833333333338,613.1999999999998,644.0833333333329,157.24999999999997,630.9000000000001,,,,,,,,,,,,,,,,,,6533.766666666668,,9,0.9243777006172839,25782.433333333334,17822.833333333336,20200.933333333334,15564.266666666668,23708.43333333333,15377.866666666667,11160.566666666666,19108.25,7446.716666666666,12724.5,12717.133333333331,11993.966666666669,17792.05,14854.516666666668,20335.51666666667,17934.1,22964.816666666673,12796.016666666666,15577.116666666667,20787.38333333333,0,0,0,0,0,0,0,0,0,0,0,0,,,,Macro
1309,RUR6099,RUR6099__S_SaidPur(NikkaSidhra)Warid_MDSK4000,3,C4-SKT-03,,CM Pak,5844,,,,5.499999999999999,,,,,,,,,,,5.000000000000001,,12.583333333333336,361.7499999999999,,,,,,,,,,,,,,384.8333333333332,,4,0.9955459104938272,25782.433333333334,17822.833333333336,20200.933333333334,15564.266666666668,23708.43333333333,15377.866666666667,11160.566666666666,19108.25,7446.716666666666,12724.5,12717.133333333331,11993.966666666669,17792.05,14854.516666666668,20335.51666666667,17934.1,22964.816666666673,12796.016666666666,15577.116666666667,20787.38333333333,0,0,0,0,0,0,0,0,0,0,0,0,C4-SKT-03,CMPAK,C-RUR-5844,Macro
1310,SKT6122,SKT6122_S_Pakkikotli,3,C4-SKT-03,,Enfrashare,EC1-SKT-03565,,,2130.5499999999997,,330,,405.15000000000003,,,,,,,,,,,,,,,,,,,,,,,,,2865.7,,3,0.966832175925926,25782.433333333334,17822.833333333336,20200.933333333334,15564.266666666668,23708.43333333333,15377.866666666667,11160.566666666666,19108.25,7446.716666666666,12724.5,12717.133333333331,11993.966666666669,17792.05,14854.516666666668,20335.51666666667,17934.1,22964.816666666673,12796.016666666666,15577.116666666667,20787.38333333333,0,0,0,0,0,0,0,0,0,0,0,0,,,,Macro
1311,SKT5255,SKT5255__S_KotlaAmbanwalaVillage_CMPak42756,3,C4-SKT-03,,CM Pak,,,,,,,,,,,,,,,,,,,,,,,,,,,,,,,,,0,,0,1,25782.433333333334,17822.833333333336,0,17063.61666666666,0,0,0,0,0,0,0,0,0,0,0,0,0,0,0,0,0,0,0,0,0,0,0,0,0,0,0,,,,,
1312,SKT6137,SKT6137__S_AzamTower_TPLSK116,3,C4-SKT-03,,Telenor,LSK116,428.45000000000005,2274.7333333333336,,,1153.8000000000002,2595.866666666667,,,,,,,,,,,,,,183.33333333333331,,,,,,,,,,,,6636.183333333333,,5,0.9231923225308643,25782.433333333334,17822.833333333336,20200.933333333334,15564.266666666668,23708.43333333333,15377.866666666667,11160.566666666666,19108.25,7446.716666666666,12724.5,12717.133333333331,11993.966666666669,17792.05,14854.516666666668,20335.51666666667,17934.1,22964.816666666673,12796.016666666666,15577.116666666667,20787.38333333333,0,0,0,0,0,0,0,0,0,0,0,0,,,,Macro
1313,RUR5722,RUR5722__S_ChittiSheikhan_CMPak4992,3,C4-SKT-03,,CM Pak,4992,,,,,,,,,,,,,,,,,,,,,,,,,,,,,,,,0,,0,1,25782.433333333334,17822.833333333336,20200.933333333334,15564.266666666668,23708.43333333333,15377.866666666667,11160.566666666666,19108.25,7446.716666666666,12724.5,12717.133333333331,11993.966666666669,17792.05,14854.516666666668,20335.51666666667,17934.1,22964.816666666673,12796.016666666666,15577.116666666667,20787.38333333333,0,0,0,0,0,0,0,0,0,0,0,0,,,,Macro
1314,SKT3405,SKT3405__Silver_Star_RD,3,C4-SKT-03,30,Stand by,,,,,,,,,,,,,,,,,7.749999999999999,,,,,,,,,,,,,,,,7.749999999999999,,1,0.9999103009259259,25782.433333333334,17822.833333333336,20200.933333333334,15564.266666666668,23708.43333333333,15377.866666666667,11160.566666666666,19108.25,7446.716666666666,12724.5,12717.133333333331,11993.966666666669,17792.05,14854.516666666668,20335.51666666667,17934.1,22964.816666666673,12796.016666666666,15577.116666666667,20787.38333333333,0,0,0,0,0,0,0,0,0,0,0,0,C4-SKT-03,,,Macro
1315,RUR5143,RUR5143__S_Kalahrawan Warid_MDSK7567,3,C4-SKT-03,,PTCL,GTRP2085,,,,,,,,,,,,,,,,,25.999999999999996,,,,,,,,,,,,,,,25.999999999999996,,1,0.9996990740740741,25782.433333333334,17822.833333333336,20200.933333333334,15564.266666666668,23708.43333333333,15377.866666666667,11160.566666666666,19108.25,7446.716666666666,12724.5,12717.133333333331,11993.966666666669,17792.05,14854.516666666668,20335.51666666667,17934.1,22964.816666666673,12796.016666666666,15577.116666666667,20787.38333333333,0,0,0,0,0,0,0,0,0,0,0,0,C4-SKT-03,PTCL,GTRP2085,Macro
1316,SKT4627,SKT4627__OHWT_GojraJAIL,4,C4-SKT-03,30,Stand by,,,40,,,,,,,,,,,,,,,,,,,,,,,,,,,,,,40,,1,0.9996527777777777,25782.433333333334,17822.833333333336,20200.933333333334,15564.266666666668,23708.43333333333,15377.866666666667,11160.566666666666,19108.25,7446.716666666666,12724.5,12717.133333333331,11993.966666666669,17792.05,14854.516666666668,20335.51666666667,17934.1,22964.816666666673,12796.016666666666,15577.116666666667,20787.38333333333,0,0,0,0,0,0,0,0,0,0,0,0,C4-SKT-03,,,Macro
1317,HWY5734,HWY35734__S_Ghuinke,3,C4-SKT-03,,Enfrashare,EC1-SMB-02849,,,,,,,,,,,,,,,,,,,310.3333333333333,,,,,,,,,,,,,310.3333333333333,,1,0.9964081790123457,25782.433333333334,17822.833333333336,20200.933333333334,15564.266666666668,23708.43333333333,15377.866666666667,11160.566666666666,19108.25,7446.716666666666,12724.5,12717.133333333331,11993.966666666669,17792.05,14854.516666666668,20335.51666666667,17934.1,22964.816666666673,12796.016666666666,15577.116666666667,20787.38333333333,0,0,0,0,0,0,0,0,0,0,0,0,,,,Macro
1318,RUR8072,RUR8072__KharotaSyedan,3,C4-SKT-03,,CP Prime,,,,,,,674.7500000000001,,,,,,,,,,,,,,,,,,,,,,,,,,674.7500000000001,,1,0.9921903935185185,25782.433333333334,17822.833333333336,20200.933333333334,15564.266666666668,23708.43333333333,15377.866666666667,11160.566666666666,19108.25,7446.716666666666,12724.5,12717.133333333331,11993.966666666669,17792.05,14854.516666666668,20335.51666666667,17934.1,22964.816666666673,12796.016666666666,15577.116666666667,20787.38333333333,0,0,0,0,0,0,0,0,0,0,0,0,C4-SKT-03,,,Macro
1319,SKT3811,SKT3811__FazilChwkGulshan,3,C4-SKT-03,30,Stand by,,,,1366.3333333333335,776.3833333333333,,,,,,,,1077.3333333333333,452.16666666666663,,591.8333333333333,,,,,,,,,,,,,,,,,4264.05,,5,0.9506475694444444,25782.433333333334,17822.833333333336,20200.933333333334,15564.266666666668,23708.43333333333,15377.866666666667,11160.566666666666,19108.25,7446.716666666666,12724.5,12717.133333333331,11993.966666666669,17792.05,14854.516666666668,20335.51666666667,17934.1,22964.816666666673,12796.016666666666,15577.116666666667,20787.38333333333,0,0,0,0,0,0,0,0,0,0,0,0,C4-SKT-03,,,Macro
1320,SKT3357,SKT3357_UhallahShahabuddin,3,C4-SKT-03,20,Stand by,,,,,,,,,,,,,,,,,258.55,354.08333333333337,27.4,421.6833333333334,318.9999999999999,,,,,,,,,,,,1380.7166666666667,,5,0.9840194830246913,25782.433333333334,17822.833333333336,20200.933333333334,15564.266666666668,23708.43333333333,15377.866666666667,11160.566666666666,19108.25,7446.716666666666,12724.5,12717.133333333331,11993.966666666669,17792.05,14854.516666666668,20335.51666666667,17934.1,22964.816666666673,12796.016666666666,15577.116666666667,20787.38333333333,0,0,0,0,0,0,0,0,0,0,0,0,C4-SKT-03,,,Macro
1321,RUR0832,RUR0832_SagaSports,4,C4-SKT-03,30,Stand by,,,,68.91666666666667,,,,,,,,,,,,,,,,,98.33333333333331,,,,,,,,,,,,167.25,,2,0.9985481770833333,25782.433333333334,17822.833333333336,20200.933333333334,15564.266666666668,23708.43333333333,15377.866666666667,11160.566666666666,19108.25,7446.716666666666,12724.5,12717.133333333331,11993.966666666669,17792.05,14854.516666666668,20335.51666666667,17934.1,22964.816666666673,12796.016666666666,15577.116666666667,20787.38333333333,0,0,0,0,0,0,0,0,0,0,0,0,C4-SKT-03,,,Macro
1322,SKT0315,SKT0315__IndustrialEstateSkt,3,C4-SKT-03,27,Stand by,,,,,,,,,,,,,,,,,,321.91666666666663,,,422.4333333333334,,,,,,,,,,,,744.35,,2,0.991384837962963,25782.433333333334,17822.833333333336,20200.933333333334,15564.266666666668,23708.43333333333,15377.866666666667,11160.566666666666,19108.25,7446.716666666666,12724.5,12717.133333333331,11993.966666666669,17792.05,14854.516666666668,20335.51666666667,17934.1,22964.816666666673,12796.016666666666,15577.116666666667,20787.38333333333,0,0,0,0,0,0,0,0,0,0,0,0,C4-SKT-03,,,Macro
1323,SKT1182,SKT1182__S_Abbot Road_MDSK4174,4,C4-SKT-03,,CP Prime,,,,,,,,,,170,94.46666666666668,,,,,,,,,,,,,,,,,,,,,,264.4666666666667,,2,0.9977042824074074,25782.433333333334,17822.833333333336,20200.933333333334,15564.266666666668,23708.43333333333,15377.866666666667,11160.566666666666,19108.25,7446.716666666666,12724.5,12717.133333333331,11993.966666666669,17792.05,14854.516666666668,20335.51666666667,17934.1,22964.816666666673,12796.016666666666,15577.116666666667,20787.38333333333,0,0,0,0,0,0,0,0,0,0,0,0,C4-SKT-03,,,Macro
1324,SKT3200,SKT3200__GaudPur,3,C4-SKT-03,27,Stand by,,86.25,,,,,,,,,,,,,,,,,,21.75,26.333333333333336,,,,,,,,,,,,134.33333333333334,,3,0.9984452160493826,25782.433333333334,17822.833333333336,20200.933333333334,15564.266666666668,23708.43333333333,15377.866666666667,11160.566666666666,19108.25,7446.716666666666,12724.5,12717.133333333331,11993.966666666669,17792.05,14854.516666666668,20335.51666666667,17934.1,22964.816666666673,12796.016666666666,15577.116666666667,20787.38333333333,0,0,0,0,0,0,0,0,0,0,0,0,C4-SKT-03,,,Macro
1325,SKT4635,SKT4635__IslmiacollegeSKT,4,C4-SKT-03,,CP Prime,,,,,216.25000000000003,,,,,,,,,20.666666666666668,,,,,,,,,,,,,,,,,,,236.91666666666669,,2,0.997943431712963,25782.433333333334,17822.833333333336,20200.933333333334,15564.266666666668,23708.43333333333,15377.866666666667,11160.566666666666,19108.25,7446.716666666666,12724.5,12717.133333333331,11993.966666666669,17792.05,14854.516666666668,20335.51666666667,17934.1,22964.816666666673,12796.016666666666,15577.116666666667,20787.38333333333,0,0,0,0,0,0,0,0,0,0,0,0,C4-SKT-03,,,Macro
1326,SKT2115,SKT2115__S_DaskaRoad,3,C4-SKT-03,,UFONE,3435,,,,,,,,,,,,,,,,,,,,,,,,,,,,,,,,0,,0,1,25782.433333333334,17822.833333333336,20200.933333333334,15564.266666666668,23708.43333333333,15377.866666666667,11160.566666666666,19108.25,7446.716666666666,12724.5,12717.133333333331,11993.966666666669,17792.05,14854.516666666668,20335.51666666667,17934.1,22964.816666666673,12796.016666666666,15577.116666666667,20787.38333333333,0,0,0,0,0,0,0,0,0,0,0,0,C4-SKT-03,UFone,3435,Macro
1327,SKT8946,SKT8946__ShabazClnyMhmdPur,3,C4-SKT-03,20,Stand by,,,,13.75,13.75,71.00000000000001,194.71666666666664,475.5666666666667,,,,,,15.5,,,316.4166666666667,,,,,,,,,,,,,,,,1100.7,,7,0.9872604166666666,25782.433333333334,17822.833333333336,20200.933333333334,15564.266666666668,23708.43333333333,15377.866666666667,11160.566666666666,19108.25,7446.716666666666,12724.5,12717.133333333331,11993.966666666669,17792.05,14854.516666666668,20335.51666666667,17934.1,22964.816666666673,12796.016666666666,15577.116666666667,20787.38333333333,0,0,0,0,0,0,0,0,0,0,0,0,C4-SKT-03,,,Macro
1328,SKT0721,SKT0721__HajiPura,3,C4-SKT-03,27,Stand by,,,,,,,,,,,,,,,,,13.25,261.09999999999997,,,,,,,,,,,,,,,274.34999999999997,,2,0.9968246527777778,25782.433333333334,17822.833333333336,20200.933333333334,15564.266666666668,23708.43333333333,15377.866666666667,11160.566666666666,19108.25,7446.716666666666,12724.5,12717.133333333331,11993.966666666669,17792.05,14854.516666666668,20335.51666666667,17934.1,22964.816666666673,12796.016666666666,15577.116666666667,20787.38333333333,0,0,0,0,0,0,0,0,0,0,0,0,C4-SKT-03,,,Macro
1329,SKT9850,SKT9850__MohallIslamPura,3,C4-SKT-03,,GLO,,,,,,290.25,,,,,,,,,,,,,,,,,,,,,,,,,,,290.25,,1,0.996640625,25782.433333333334,17822.833333333336,20200.933333333334,15564.266666666668,23708.43333333333,15377.866666666667,11160.566666666666,19108.25,7446.716666666666,12724.5,12717.133333333331,11993.966666666669,17792.05,14854.516666666668,20335.51666666667,17934.1,22964.816666666673,12796.016666666666,15577.116666666667,20787.38333333333,0,0,0,0,0,0,0,0,0,0,0,0,C4-SKT-03,,,Macro
1330,SKT8756,SKT8756__S_BabaUmarShaheedGraveyard_CMPak43342,3,C4-SKT-03,,CM Pak,43342,282.83333333333337,221.16666666666669,233.45,239.5,203.75,133.75000000000003,121.5,266.83333333333337,213.25,201.08333333333334,275.74999999999994,118.5,431.5833333333333,80.5,474.2500000000001,441.91666666666663,102.75,776.5000000000002,201.89999999999998,570.5,,,,,,,,,,,,5591.266666666666,,20,0.9352862654320988,25782.433333333334,17822.833333333336,20200.933333333334,15564.266666666668,23708.43333333333,15377.866666666667,11160.566666666666,19108.25,7446.716666666666,12724.5,12717.133333333331,11993.966666666669,17792.05,14854.516666666668,20335.51666666667,17934.1,22964.816666666673,12796.016666666666,15577.116666666667,20787.38333333333,0,0,0,0,0,0,0,0,0,0,0,0,C4-SKT-03,CMPak,43342,Macro
1331,SKT5805,SKT5805__S_AdalatGarh,3,C4-SKT-03,,Enfrashare,EC1-SKT-03279,,525.8000000000002,986.1999999999998,524.8333333333335,330.0833333333333,,400.7499999999999,,,,,,,,,,,,,,,,,,,,,,,,,2767.666666666667,,5,0.9679668209876543,25782.433333333334,17822.833333333336,20200.933333333334,15564.266666666668,23708.43333333333,15377.866666666667,11160.566666666666,19108.25,7446.716666666666,12724.5,12717.133333333331,11993.966666666669,17792.05,14854.516666666668,20335.51666666667,17934.1,22964.816666666673,12796.016666666666,15577.116666666667,20787.38333333333,0,0,0,0,0,0,0,0,0,0,0,0,,,,Macro
1332,SKT5746,SKT5746__S_Rangpura,3,C4-SKT-03,,Enfrashare,EC1-SKT-02135,1211.9999999999998,,,,419.7500000000001,,,,,,1506.8000000000002,,,,,,,,,,,,,,,,,,,,,3138.55,,3,0.9636741898148148,25782.433333333334,17822.833333333336,20200.933333333334,15564.266666666668,23708.43333333333,15377.866666666667,11160.566666666666,19108.25,7446.716666666666,12724.5,12717.133333333331,11993.966666666669,17792.05,14854.516666666668,20335.51666666667,17934.1,22964.816666666673,12796.016666666666,15577.116666666667,20787.38333333333,0,0,0,0,0,0,0,0,0,0,0,0,,,,Macro
1333,SKT6487,SKT6487__S_MahalKingra,3,C4-SKT-03,,ATL,ATSLK14,,,,,449.58333333333326,,,,,,,,,145.58333333333334,,,,,335.1166666666667,1439.983333333333,,,,,,,,,,,,2370.2666666666664,,4,0.9725663580246914,25782.433333333334,17822.833333333336,20200.933333333334,15564.266666666668,23708.43333333333,15377.866666666667,11160.566666666666,19108.25,7446.716666666666,12724.5,12717.133333333331,11993.966666666669,17792.05,14854.516666666668,20335.51666666667,17934.1,22964.816666666673,12796.016666666666,15577.116666666667,20787.38333333333,0,0,0,0,0,0,0,0,0,0,0,0,,,,Macro
1334,SKT5831,SKT5831 LTE_SKT5831_H_Chenab Rangers Rd Saidanwali Sialkot,3,C4-SKT-03,,Enfrashare,EC1-SKT-07862,277.55,,,,408.9999999999999,,17.75,,,,,,,,,,,,,,,,,,,,,,,,,704.3,,3,0.9918483796296296,25782.433333333334,17822.833333333336,20200.933333333334,15564.266666666668,23708.43333333333,15377.866666666667,11160.566666666666,19108.25,7446.716666666666,12724.5,12717.133333333331,11993.966666666669,17792.05,14854.516666666668,20335.51666666667,17934.1,22964.816666666673,12796.016666666666,15577.116666666667,20787.38333333333,0,0,0,0,0,0,0,0,0,0,0,0,,,,Macro
1335,SKT6057,SKT6057__S_Buttar,3,C4-SKT-03,,Enfrashare,EC1-SKT-04024,,,,,,,,,,,,,,,,,551,,72.99999999999999,504.5000000000001,,,,,,,,,,,,1128.5,,3,0.9869386574074075,25782.433333333334,17822.833333333336,20200.933333333334,15564.266666666668,23708.43333333333,15377.866666666667,11160.566666666666,19108.25,7446.716666666666,12724.5,12717.133333333331,11993.966666666669,17792.05,14854.516666666668,20335.51666666667,17934.1,22964.816666666673,12796.016666666666,15577.116666666667,20787.38333333333,0,0,0,0,0,0,0,0,0,0,0,0,,,,Macro
1336,SKT6066,SKT6066__S_AFDenimIndustries,3,C4-SKT-03,,Enfrashare,EC1-SKT-07153,,,,,,,,,,,,,,,,,,,,,,,,,,,,,,,,0,,0,1,25782.433333333334,17822.833333333336,20200.933333333334,15564.266666666668,23708.43333333333,15377.866666666667,11160.566666666666,19108.25,7446.716666666666,12724.5,12717.133333333331,11993.966666666669,17792.05,14854.516666666668,20335.51666666667,17934.1,22964.816666666673,12796.016666666666,15577.116666666667,20787.38333333333,0,0,0,0,0,0,0,0,0,0,0,0,,,,Macro
1337,RUR9039,RUR9039__S_CitiHousingSociety,3,C4-SKT-03,,ATL,ATSLK17,,,,,,,,,,,,,,19.833333333333332,43.25000000000001,,,,,28.33333333333333,,,,,,,,,,,,91.41666666666667,,3,0.998941936728395,25782.433333333334,17822.833333333336,20200.933333333334,15564.266666666668,23708.43333333333,15377.866666666667,11160.566666666666,19108.25,7446.716666666666,12724.5,12717.133333333331,11993.966666666669,17792.05,14854.516666666668,20335.51666666667,17934.1,22964.816666666673,12796.016666666666,15577.116666666667,20787.38333333333,0,0,0,0,0,0,0,0,0,0,0,0,C4-SKT-03,ATL,ATSLK17,Macro
1338,SKT6551,SKT6551__S_TheGreenFieldSchool_RL_SKT3232,3,C4-SKT-03,,Tawal,TWPSKT0002,,,,,,,,,,,,,,,,,,,,,,,,,,,,,,,,0,,0,1,25782.433333333334,17822.833333333336,20200.933333333334,15564.266666666668,23708.43333333333,15377.866666666667,11160.566666666666,19108.25,7446.716666666666,12724.5,12717.133333333331,11993.966666666669,17792.05,14854.516666666668,20335.51666666667,17934.1,22964.816666666673,12796.016666666666,15577.116666666667,20787.38333333333,0,0,0,0,0,0,0,0,0,0,0,0,C4-SKT-03,TAWAL,TWPSKT0002,Macro
1339,SKT9366,SKT9366__S_Bhabrianwala,3,C4-SKT-03,,E.Co,E.coPK019468PU,62.750000000000014,,,,428.7500000000001,36.24999999999999,80.25,,,,,,,156.85,125.39999999999998,102.25000000000003,,,,201.65,,,,,,,,,,,,1194.15,,8,0.9861788194444445,25782.433333333334,17822.833333333336,20200.933333333334,15564.266666666668,23708.43333333333,15377.866666666667,11160.566666666666,19108.25,7446.716666666666,12724.5,12717.133333333331,11993.966666666669,17792.05,14854.516666666668,20335.51666666667,17934.1,22964.816666666673,12796.016666666666,15577.116666666667,20787.38333333333,0,0,0,0,0,0,0,0,0,0,0,0,C4-SKT-03,E.co,e.coPK019468PU,Macro
1340,RUR9375,RUR9375__S_Maluchit,3,C4-SKT-03,,Enfrashare,EC1-SKT-07397,129.25000000000003,61.91666666666667,132.24999999999997,,397.2500000000001,,,,,,,,167.66666666666666,,,,10.25,,,,,,,,,,,,,,,898.5833333333334,,6,0.9895997299382716,25782.433333333334,17822.833333333336,20200.933333333334,15564.266666666668,23708.43333333333,15377.866666666667,11160.566666666666,19108.25,7446.716666666666,12724.5,12717.133333333331,11993.966666666669,17792.05,14854.516666666668,20335.51666666667,17934.1,22964.816666666673,12796.016666666666,15577.116666666667,20787.38333333333,0,0,0,0,0,0,0,0,0,0,0,0,C4-SKT-03,Enfra,EC1-SKT-07397,Macro
1341,SKT9279,SKT9279__S_KalmaChowkBusStop,3,C4-SKT-03,,ATL,ATSLK7,,,,,,,,,,,,,,,,,,,,,,,,,,,,,,,,0,,0,1,25782.433333333334,17822.833333333336,20200.933333333334,15564.266666666668,23708.43333333333,15377.866666666667,11160.566666666666,19108.25,7446.716666666666,12724.5,12717.133333333331,11993.966666666669,17792.05,14854.516666666668,20335.51666666667,17934.1,22964.816666666673,12796.016666666666,15577.116666666667,20787.38333333333,0,0,0,0,0,0,0,0,0,0,0,0,C4-SKT-03,ATL,ATSLK7,Macro
1342,SKT9365,SKT9365__S_Charind,3,C4-SKT-03,,E.Co,e.coPK015619PU,,,,,,,,110.25,,,,,,,,8.25,,,,,,,,,,,,,,,,118.5,,2,0.9986284722222223,25782.433333333334,17822.833333333336,20200.933333333334,15564.266666666668,23708.43333333333,15377.866666666667,11160.566666666666,19108.25,7446.716666666666,12724.5,12717.133333333331,11993.966666666669,17792.05,14854.516666666668,20335.51666666667,17934.1,22964.816666666673,12796.016666666666,15577.116666666667,20787.38333333333,0,0,0,0,0,0,0,0,0,0,0,0,C4-SKT-03,E.co,e.coPK015619PU,Macro
1343,SKT9543,SKT9543__S_Fatehgarh,3,C4-SKT-03,,ATL,ATSLK8,1439.983333333333,1439.983333333333,1439.983333333333,1439.983333333333,1439.983333333333,1439.983333333333,1439.983333333333,1439.983333333333,1439.983333333333,1439.983333333333,8.5,,,,,,,,,,,,,,,,,,,,,14408.333333333332,,11,0.8332368827160493,25782.433333333334,17822.833333333336,20200.933333333334,15564.266666666668,23708.43333333333,15377.866666666667,11160.566666666666,19108.25,7446.716666666666,12724.5,12717.133333333331,11993.966666666669,17792.05,14854.516666666668,20335.51666666667,17934.1,22964.816666666673,12796.016666666666,15577.116666666667,20787.38333333333,0,0,0,0,0,0,0,0,0,0,0,0,C4-SKT-03,ATL,ATSLK8,Macro
1344,SKT4633,SKT4633__RorasRoad,3,C4-SKT-03,31,Stand by,,,185.3,,,,,,,,,,,60.249999999999986,,,,360.4166666666667,,,,,,,,,,,,,,,605.9666666666667,,3,0.9929864969135802,25782.433333333334,17822.833333333336,20200.933333333334,15564.266666666668,23708.43333333333,15377.866666666667,11160.566666666666,19108.25,7446.716666666666,12724.5,12717.133333333331,11993.966666666669,17792.05,14854.516666666668,20335.51666666667,17934.1,22964.816666666673,12796.016666666666,15577.116666666667,20787.38333333333,0,0,0,0,0,0,0,0,0,0,0,0,C4-SKT-03,,,Macro
1345,SKT8499,SKT8499__S_ChMuhammadBootaRd,3,C4-SKT-03,,Enfrashare,EC1-SKT-06985,,,,,,,,,,,,,,,,,352.2500000000001,311.2666666666666,,,,,,,,,,,,,,663.5166666666667,,2,0.9923204089506172,25782.433333333334,17822.833333333336,20200.933333333334,15564.266666666668,23708.43333333333,15377.866666666667,11160.566666666666,19108.25,7446.716666666666,12724.5,12717.133333333331,11993.966666666669,17792.05,14854.516666666668,20335.51666666667,17934.1,22964.816666666673,12796.016666666666,15577.116666666667,20787.38333333333,0,0,0,0,0,0,0,0,0,0,0,0,C4-SKT-03,Enfra,EC1-SKT-06985,Macro
1346,SKT8496,SKT8496__S_NawanPindAraian,3,C4-SKT-03,,Enfrashare,EC1-SKT-07398,,,,,,,,,,,,,,,,,,,,,,,,,,,,,,,,0,,0,1,25782.433333333334,17822.833333333336,20200.933333333334,15564.266666666668,23708.43333333333,15377.866666666667,11160.566666666666,19108.25,7446.716666666666,12724.5,12717.133333333331,11993.966666666669,17792.05,14854.516666666668,20335.51666666667,17934.1,22964.816666666673,12796.016666666666,15577.116666666667,20787.38333333333,0,0,0,0,0,0,0,0,0,0,0,0,C4-SKT-03,Enfra,EC1-SKT-07398,Macro
1347,SKT8133,SKT8133__Q_GhalaMandi,2,C4-SKT-03,,Jazz CP Prime,,,,,214.6666666666666,,,,,,,,,,,,,,,,,,,,,,,,,,,,214.6666666666666,,1,0.996273148148148,25782.433333333334,17822.833333333336,20200.933333333334,15564.266666666668,23708.43333333333,15377.866666666667,11160.566666666666,19108.25,7446.716666666666,12724.5,12717.133333333331,11993.966666666669,17792.05,14854.516666666668,20335.51666666667,17934.1,22964.816666666673,12796.016666666666,15577.116666666667,20787.38333333333,0,0,0,0,0,0,0,0,0,0,0,0,C4-SKT-03,,,Micro
1348,RUR8539,RUR8539__S_SaddaRd,3,C4-SKT-03,,Enfrashare,EC1-SKT-03820,,,,,,,,,281.6666666666667,,,,,,,,,,1333.9833333333333,1668.1,,,,,,,,,,,,3283.75,,3,0.9619936342592592,25782.433333333334,17822.833333333336,20200.933333333334,15564.266666666668,23708.43333333333,15377.866666666667,11160.566666666666,19108.25,7446.716666666666,12724.5,12717.133333333331,11993.966666666669,17792.05,14854.516666666668,20335.51666666667,17934.1,22964.816666666673,12796.016666666666,15577.116666666667,20787.38333333333,0,0,0,0,0,0,0,0,0,0,0,0,C4-SKT-03,Enfra,EC1-SKT-03820,Macro
1349,RUR8519,RUR8519__S_SaidraKalan,3,C4-SKT-03,,E.Co,e.coPK014343PU,,,,,,,,,,,,,,,,927.8,336.5,886.3333333333334,,,,,,,,,,,,,,2150.633333333333,,3,0.9751084104938272,25782.433333333334,17822.833333333336,20200.933333333334,15564.266666666668,23708.43333333333,15377.866666666667,11160.566666666666,19108.25,7446.716666666666,12724.5,12717.133333333331,11993.966666666669,17792.05,14854.516666666668,20335.51666666667,17934.1,22964.816666666673,12796.016666666666,15577.116666666667,20787.38333333333,0,0,0,0,0,0,0,0,0,0,0,0,C4-SKT-03,E.co,e.coPK014343PU,Macro
1350,RUR8725,RUR8725__S_Jura,3,C4-SKT-03,,ATL,ATSLK23,,,,,,,,,,,,,,,,,,,,,,,,,,,,,,,,0,,0,1,25782.433333333334,17822.833333333336,20200.933333333334,15564.266666666668,23708.43333333333,15377.866666666667,11160.566666666666,19108.25,7446.716666666666,12724.5,12717.133333333331,11993.966666666669,17792.05,14854.516666666668,20335.51666666667,17934.1,22964.816666666673,12796.016666666666,15577.116666666667,20787.38333333333,0,0,0,0,0,0,0,0,0,0,0,0,C4-SKT-03,ATL,ATSLK23,Macro
1351,SKT0416,SKT0416__NaikaPura,3,C4-SKT-03,27,Stand by,,,,,,,,,,,,,,,,,,,,,,,,,,,,,,,,,0,,0,1,25782.433333333334,17822.833333333336,20200.933333333334,15564.266666666668,23708.43333333333,15377.866666666667,11160.566666666666,19108.25,7446.716666666666,12724.5,12717.133333333331,11993.966666666669,17792.05,14854.516666666668,20335.51666666667,17934.1,22964.816666666673,12796.016666666666,15577.116666666667,20787.38333333333,0,0,0,0,0,0,0,0,0,0,0,0,C4-SKT-03,,,Macro
1352,KTL8796,KTL8796__S_KotliLoharan,3,C4-SKT-03,,ATL,ATSLK21,,,,,,,,21.5,,1495.5,,,23.5,,,,,,,,,,,,,,,,,,,1540.5,,3,0.9821701388888888,25782.433333333334,17822.833333333336,20200.933333333334,15564.266666666668,23708.43333333333,15377.866666666667,11160.566666666666,19108.25,7446.716666666666,12724.5,12717.133333333331,11993.966666666669,17792.05,14854.516666666668,20335.51666666667,17934.1,22964.816666666673,12796.016666666666,15577.116666666667,20787.38333333333,0,0,0,0,0,0,0,0,0,0,0,0,C4-SKT-03,ATL,ATSLK21,Macro
1353,RUR8584,RUR8584__S_Chhabilpur,3,C4-SKT-03,,ATL,ATDSK5,,,,,,,,,,,,,,,,,,,,,,,,,,,,,,,,0,,0,1,25782.433333333334,17822.833333333336,20200.933333333334,15564.266666666668,23708.43333333333,15377.866666666667,11160.566666666666,19108.25,7446.716666666666,12724.5,12717.133333333331,11993.966666666669,17792.05,14854.516666666668,20335.51666666667,17934.1,22964.816666666673,12796.016666666666,15577.116666666667,20787.38333333333,0,0,0,0,0,0,0,0,0,0,0,0,C4-SKT-03,ATL,ATDSK5,Macro
1354,SKT5620,SKT5620_H_Cantt View Colony Sialkot,3,C4-SKT-03,,CM Pak,40229,,,,,,,,,,,,,,,,,,,339,,,,,,,,,,,,,339,,1,0.9960763888888888,25782.433333333334,17822.833333333336,20200.933333333334,15564.266666666668,23708.43333333333,15377.866666666667,11160.566666666666,19108.25,7446.716666666666,12724.5,12717.133333333331,11993.966666666669,17792.05,14854.516666666668,20335.51666666667,17934.1,22964.816666666673,12796.016666666666,15577.116666666667,20787.38333333333,0,0,0,0,0,0,0,0,0,0,0,0,,,,Macro
1355,SKT8935,SKT8935__S_DiamondCity,3,C4-SKT-03,,E.Co,e.coPK019915PU,282.25,176.75,252.5,31.5,45.25,43.75,47.75,284.25000000000006,94.74999999999999,75.80000000000001,75.24999999999999,47,89.75,222.74999999999997,76.25,115.25000000000001,250.41666666666663,,168.08333333333337,183.33333333333337,,,,,,,,,,,,2562.6333333333337,,19,0.9703398919753086,25782.433333333334,17822.833333333336,20200.933333333334,15564.266666666668,23708.43333333333,15377.866666666667,11160.566666666666,19108.25,7446.716666666666,12724.5,12717.133333333331,11993.966666666669,17792.05,14854.516666666668,20335.51666666667,17934.1,22964.816666666673,12796.016666666666,15577.116666666667,20787.38333333333,0,0,0,0,0,0,0,0,0,0,0,0,C4-SKT-03,E.Co,e.coPK019915PU,Macro
1356,RUR8859,RUR8859__S_NearKotliLala,3,C4-SKT-03,30,Stand by,,,221.58333333333331,,,,,,,,,,,,,,,,,,,,,,,,,,,,,,221.58333333333331,,1,0.9974353780864198,25782.433333333334,17822.833333333336,20200.933333333334,15564.266666666668,23708.43333333333,15377.866666666667,11160.566666666666,19108.25,7446.716666666666,12724.5,12717.133333333331,11993.966666666669,17792.05,14854.516666666668,20335.51666666667,17934.1,22964.816666666673,12796.016666666666,15577.116666666667,20787.38333333333,0,0,0,0,0,0,0,0,0,0,0,0,C4-SKT-03,,,Macro
1357,RUR2720,RUR2720__S_Beerh,3,C4-SKT-03,,ATL,ATDSK6,,,,,,,,,,,,,,,,,,,,,,,,,,,,,,,,0,,0,1,25782.433333333334,17822.833333333336,20200.933333333334,15564.266666666668,23708.43333333333,15377.866666666667,11160.566666666666,19108.25,7446.716666666666,12724.5,12717.133333333331,11993.966666666669,17792.05,14854.516666666668,20335.51666666667,17934.1,22964.816666666673,12796.016666666666,15577.116666666667,20787.38333333333,0,0,0,0,0,0,0,0,0,0,0,0,C4-SKT-03,,,Macro
1358,SKT3810,SKT3810__PremnagarSialKt,3,C4-SKT-03,,GLO,,,,,,,,,167.25,,,,,,,1410.3333333333333,,,,,,,,,,,,,,,,,1577.5833333333333,,2,0.9817409336419753,25782.433333333334,17822.833333333336,20200.933333333334,15564.266666666668,23708.43333333333,15377.866666666667,11160.566666666666,19108.25,7446.716666666666,12724.5,12717.133333333331,11993.966666666669,17792.05,14854.516666666668,20335.51666666667,17934.1,22964.816666666673,12796.016666666666,15577.116666666667,20787.38333333333,0,0,0,0,0,0,0,0,0,0,0,0,C4-SKT-03,,,Macro
1359,SKT9963,SKT19963__S_QabristanJodhayWaliKhurd,3,C4-SKT-03,,Tawal,,406.5,,,,542.1666666666667,,,,,,,,,,,,,,,,,,,,,,,,,,,948.6666666666667,,2,0.9890200617283951,25782.433333333334,17822.833333333336,0,0,0,0,0,0,0,0,0,0,0,0,0,0,0,0,0,0,0,0,0,0,0,0,0,0,0,0,0,,,,,
1360,SKT8138,SKT8138__MadniRestRlyRd,2,C4-SKT-03,,Jazz CP Prime,,,,13.666666666666666,12.5,64.19999999999999,51.16666666666666,29.5,,,,,,,,,127.16666666666669,,,12,,,,,,,,,,,,,310.2,,7,0.9946145833333334,25782.433333333334,17822.833333333336,20200.933333333334,15564.266666666668,23708.43333333333,15377.866666666667,11160.566666666666,19108.25,7446.716666666666,12724.5,12717.133333333331,11993.966666666669,17792.05,14854.516666666668,20335.51666666667,17934.1,22964.816666666673,12796.016666666666,15577.116666666667,20787.38333333333,0,0,0,0,0,0,0,0,0,0,0,0,C4-SKT-03,,,Micro
1361,SKT8137,SKT8137__BankAlHabibParsRd,2,C4-SKT-03,,Jazz CP Prime,,,,12.833333333333334,12.833333333333334,66.16666666666667,52.50000000000001,30.266666666666666,,,,,,,,,127.16666666666669,,,12.5,,,,,,,,,,,,,314.2666666666667,,7,0.9945439814814815,25782.433333333334,17822.833333333336,20200.933333333334,15564.266666666668,23708.43333333333,15377.866666666667,11160.566666666666,19108.25,7446.716666666666,12724.5,12717.133333333331,11993.966666666669,17792.05,14854.516666666668,20335.51666666667,17934.1,22964.816666666673,12796.016666666666,15577.116666666667,20787.38333333333,0,0,0,0,0,0,0,0,0,0,0,0,C4-SKT-03,,,Micro
1362,SKT3399,SKT3399__ishatParkParisRd,3,C4-SKT-03,20,Stand by,,,,,,123.49999999999997,413.16666666666674,,41.41666666666667,,,362.66666666666663,11.95,182.41666666666663,,,,,,,,,,,,,,,,,,,1135.1166666666668,,6,0.9868620756172839,25782.433333333334,17822.833333333336,20200.933333333334,15564.266666666668,23708.43333333333,15377.866666666667,11160.566666666666,19108.25,7446.716666666666,12724.5,12717.133333333331,11993.966666666669,17792.05,14854.516666666668,20335.51666666667,17934.1,22964.816666666673,12796.016666666666,15577.116666666667,20787.38333333333,0,0,0,0,0,0,0,0,0,0,0,0,C4-SKT-03,,,Macro
1363,SKT9594,SKT9594__S_UBLBhoth_,3,C4-SKT-03,,CM Pak,CMPak42641,,,,,,,,,,,26.916666666666664,,,,668.7500000000001,458.03333333333336,118.41666666666666,,,,,,,,,,,,,,,1272.1166666666668,,4,0.9852764274691359,25782.433333333334,17822.833333333336,20200.933333333334,15564.266666666668,23708.43333333333,15377.866666666667,11160.566666666666,19108.25,7446.716666666666,12724.5,12717.133333333331,11993.966666666669,17792.05,14854.516666666668,20335.51666666667,17934.1,22964.816666666673,12796.016666666666,15577.116666666667,20787.38333333333,0,0,0,0,0,0,0,0,0,0,0,0,C4-SKT-03,,,
1364,SKT9950,SKT9950 S TalwaraMughlan CMPak42636,3,C4-SKT-03,,CM Pak,42636,319.5,,,,722.1666666666667,,,,,,,,329.4999999999999,,,,,,,,,,,,,,,,,,,1371.1666666666665,,3,0.9841300154320988,25782.433333333334,17822.833333333336,20200.933333333334,15564.266666666668,23708.43333333333,15377.866666666667,11160.566666666666,19108.25,7446.716666666666,12724.5,12717.133333333331,11993.966666666669,17792.05,14854.516666666668,20335.51666666667,17934.1,22964.816666666673,12796.016666666666,15577.116666666667,20787.38333333333,0,0,0,0,0,0,0,0,0,0,0,0,C4-SKT-03,,,
1365,SKT8135,SKT8135__Q_ChowkLorryAdda,2,C4-SKT-03,,Jazz CP Prime,,,,8.666666666666666,,,,,348.58333333333337,,,,,,,,6.333333333333334,7.25,8.583333333333332,117.25000000000001,631.25,,,,,,,,,,,,1127.9166666666667,,7,0.980418113425926,25782.433333333334,17822.833333333336,20200.933333333334,15564.266666666668,23708.43333333333,15377.866666666667,11160.566666666666,19108.25,7446.716666666666,12724.5,12717.133333333331,11993.966666666669,17792.05,14854.516666666668,20335.51666666667,17934.1,22964.816666666673,12796.016666666666,15577.116666666667,20787.38333333333,0,0,0,0,0,0,0,0,0,0,0,0,C4-SKT-03,,,Micro
1366,RUR9559,RUR9559__S_JurianKalan,3,C4-SKT-03,,ATL,ATSLK4,,,191.91666666666666,,,,,,,,,,,,,,,,,,,,,,,,,,,,,191.91666666666666,,1,0.9977787422839506,25782.433333333334,17822.833333333336,20200.933333333334,15564.266666666668,23708.43333333333,15377.866666666667,11160.566666666666,19108.25,7446.716666666666,12724.5,12717.133333333331,11993.966666666669,17792.05,14854.516666666668,20335.51666666667,17934.1,22964.816666666673,12796.016666666666,15577.116666666667,20787.38333333333,0,0,0,0,0,0,0,0,0,0,0,0,C4-SKT-03,ATL,ATSLK4,Macro
1367,RUR8506,RUR8506__S_GoloPhalaUgoki,3,C4-SKT-03,,Enfrashare,EC1-SKT-07416,,,,,,,,,,,,,,,,,,,,,,,,,,,,,,,,0,,0,1,25782.433333333334,17822.833333333336,20200.933333333334,15564.266666666668,23708.43333333333,15377.866666666667,11160.566666666666,19108.25,7446.716666666666,12724.5,12717.133333333331,11993.966666666669,17792.05,14854.516666666668,20335.51666666667,17934.1,22964.816666666673,12796.016666666666,15577.116666666667,20787.38333333333,0,0,0,0,0,0,0,0,0,0,0,0,C4-SKT-03,Enfra,EC1-SKT-07416,Macro
1368,RUR8733,RUR8733__S_GulbaharNikki,3,C4-SKT-03,,ATL,ATSLK22,,,,,,,,,,,,,,,,,8,,,,,,,,,,,,,,,8,,1,0.9999074074074075,25782.433333333334,17822.833333333336,20200.933333333334,15564.266666666668,23708.43333333333,15377.866666666667,11160.566666666666,19108.25,7446.716666666666,12724.5,12717.133333333331,11993.966666666669,17792.05,14854.516666666668,20335.51666666667,17934.1,22964.816666666673,12796.016666666666,15577.116666666667,20787.38333333333,0,0,0,0,0,0,0,0,0,0,0,0,C4-SKT-03,ATL,ATSLK22,Macro
1369,SKT8312,SKT8312__S_JamiyaMAsjisMuqadas,3,C4-SKT-03,,CM Pak,,680.65,419.7333333333333,217.41666666666663,,,,,,,,,,,,,,,,,,,,,,,,,,,,,1317.7999999999997,,3,0.9847476851851852,25782.433333333334,17822.833333333336,20200.933333333334,15564.266666666668,23708.43333333333,15377.866666666667,11160.566666666666,19108.25,7446.716666666666,12724.5,12717.133333333331,11993.966666666669,17792.05,14854.516666666668,20335.51666666667,17934.1,22964.816666666673,12796.016666666666,15577.116666666667,20787.38333333333,0,0,0,0,0,0,0,0,0,0,0,0,C4-SKT-03,,,
1370,SKT8295,SKT8295__S_Harrar_CMPak42561,3,C4-SKT-03,,CM Pak,42561,,,,,,,,,,,,,,,,,,,,,,,,,,,,,,,,0,,0,1,25782.433333333334,17822.833333333336,20200.933333333334,15564.266666666668,23708.43333333333,15377.866666666667,11160.566666666666,19108.25,7446.716666666666,12724.5,12717.133333333331,11993.966666666669,17792.05,14854.516666666668,20335.51666666667,17934.1,22964.816666666673,12796.016666666666,15577.116666666667,20787.38333333333,0,0,0,0,0,0,0,0,0,0,0,0,C4-SKT-03,CM-PAK,42561,
1371,SKT9953,SKT9953__S_GulshanEIqbalPark_CMPak7175,3,C4-SKT-03,,CM Pak,7175,3367.9500000000003,1601.3833333333332,4313.700000000001,2304.1166666666663,1557.4499999999998,255.83333333333337,266.0833333333333,1845.8,609.4166666666667,391.8833333333332,,,,,,,,,,,,,,,,,,,,,,16513.61666666667,,10,0.8088701774691358,25782.433333333334,17822.833333333336,20200.933333333334,15564.266666666668,23708.43333333333,15377.866666666667,11160.566666666666,19108.25,7446.716666666666,12724.5,12717.133333333331,11993.966666666669,17792.05,14854.516666666668,20335.51666666667,17934.1,22964.816666666673,12796.016666666666,15577.116666666667,20787.38333333333,0,0,0,0,0,0,0,0,0,0,0,0,C4-SKT-03,CM-PAK,7175,
1372,SKT9995,SKT9995__S_RiazStEminabadRd,3,C4-SKT-03,,E.Co,e.coPK020179PU,,,,,,,,,,,,,,,,,,,,,,,,,,,,,,,,0,,0,1,25782.433333333334,17822.833333333336,20200.933333333334,15564.266666666668,23708.43333333333,15377.866666666667,11160.566666666666,19108.25,7446.716666666666,12724.5,12717.133333333331,11993.966666666669,17792.05,14854.516666666668,20335.51666666667,17934.1,22964.816666666673,12796.016666666666,15577.116666666667,20787.38333333333,0,0,0,0,0,0,0,0,0,0,0,0,C4-SKT-03,E.Co,e.coPK020179PU,
1373,DHW9861,DHW9861 S_Kaimpura,3,C4-SKT-03,,ATL,ATSLK10,,,1075,,,,,,,,,,,,7.5,,12.5,,,,,,,,,,,,,,,1095,,3,0.9873263888888889,25782.433333333334,17822.833333333336,20200.933333333334,15564.266666666668,23708.43333333333,15377.866666666667,11160.566666666666,19108.25,7446.716666666666,12724.5,12717.133333333331,11993.966666666669,17792.05,14854.516666666668,20335.51666666667,17934.1,22964.816666666673,12796.016666666666,15577.116666666667,20787.38333333333,0,0,0,0,0,0,0,0,0,0,0,0,C4-SKT-03,ATL-,ATSLK10,
1374,SKT9812,SKT9812__S_HunterPura,3,C4-SKT-03,,Tawal,TWPSKT0005,,,,,,,,,,,,,,,,,,,,,,,,,,,,,,,,0,,0,1,25782.433333333334,17822.833333333336,20200.933333333334,15564.266666666668,23708.43333333333,15377.866666666667,11160.566666666666,19108.25,7446.716666666666,12724.5,12717.133333333331,11993.966666666669,17792.05,14854.516666666668,20335.51666666667,17934.1,22964.816666666673,12796.016666666666,15577.116666666667,20787.38333333333,0,0,0,0,0,0,0,0,0,0,0,0,C4-SKT-03,Tawal,TWPSKT0005,Macro
1375,RUR7431,RUR7431__S_AddaLadharGhumman,3,C4-SKT-03,,Enfrashare,EC1-SKT-06359,,,,81.99999999999999,,,,,,,,,,8,36.50000000000001,,,,,30.999999999999993,,,,,,,,,,,,157.5,,4,0.9981770833333333,25782.433333333334,17822.833333333336,20200.933333333334,15564.266666666668,23708.43333333333,15377.866666666667,11160.566666666666,19108.25,7446.716666666666,12724.5,12717.133333333331,11993.966666666669,17792.05,14854.516666666668,20335.51666666667,17934.1,22964.816666666673,12796.016666666666,15577.116666666667,20787.38333333333,0,0,0,0,0,0,0,0,0,0,0,0,C4-SKT-03,ENFRA-,EC1-SKT-06359,Macro
1376,RRC0021,RRC0021__S_KothaRahmatKhan,3,C4-SKT-03,,Enfrashare,EC1-SKT-06554,,,,,,,,,,,,,,,,,,,,,,,,,,,,,,,,0,,0,1,25782.433333333334,17822.833333333336,20200.933333333334,15564.266666666668,23708.43333333333,15377.866666666667,11160.566666666666,19108.25,7446.716666666666,12724.5,12717.133333333331,11993.966666666669,17792.05,14854.516666666668,20335.51666666667,17934.1,22964.816666666673,12796.016666666666,15577.116666666667,20787.38333333333,0,0,0,0,0,0,0,0,0,0,0,,,,,
1377,RRC0054,RRC0054__S_KotHarrar,3,C4-SKT-03,,Enfrashare,EC1-SKT-10110,,,,,,,390.5000000000001,,,,,,,,,,1003.3999999999997,,,,,,,,,,,,,,,1393.8999999999999,,2,0.9838668981481482,25782.433333333334,17822.833333333336,20200.933333333334,15564.266666666668,23708.43333333333,15377.866666666667,11160.566666666666,19108.25,7446.716666666666,12724.5,12717.133333333331,11993.966666666669,17792.05,14854.516666666668,20335.51666666667,17934.1,22964.816666666673,12796.016666666666,15577.116666666667,20787.38333333333,0,0,0,0,0,0,0,0,0,0,0,0,,,,
1378,SKT9593,SKT9593__S_AllahMalakFamilyRestaurant_Ufone3420,3,C4-SKT-03,,Ufone-,3420,,,,,,749.7499999999998,,,,763.6166666666666,2361.7,,,,,1.583333333333333,342.9999999999999,,,,,,,,,,,,,,,4219.65,,5,0.9511614583333333,25782.433333333334,17822.833333333336,20200.933333333334,15564.266666666668,23708.43333333333,15377.866666666667,11160.566666666666,19108.25,7446.716666666666,12724.5,12717.133333333331,11993.966666666669,17792.05,14854.516666666668,20335.51666666667,17934.1,22964.816666666673,12796.016666666666,15577.116666666667,20787.38333333333,0,0,0,0,0,0,0,0,0,0,0,0,,,,
1379,SKT9535,SKT9535__S_SulemanSweetsAndBakers,3,C4-SKT-03,,ENFRA-,EC1-SKT-1035,,,,,,,,,,,,,,,,,,,,,,,,,,,,,,,,0,,0,1,25782.433333333334,17822.833333333336,20200.933333333334,15564.266666666668,23708.43333333333,15377.866666666667,11160.566666666666,19108.25,7446.716666666666,12724.5,12717.133333333331,11993.966666666669,17792.05,14854.516666666668,20335.51666666667,17934.1,22964.816666666673,12796.016666666666,15577.116666666667,20787.38333333333,0,0,0,0,0,0,0,0,0,0,0,0,,,,
1380,WZB9967,WZB9967__Barkat_Town,3,C4-WZD-07,,CP Prime,,,,,,,,,,,,,,,,,,,,,252.66666666666669,,,,,,,,,,,,252.66666666666669,,1,0.9970756172839507,9838.366666666667,9178.75,15511.7,16719.733333333337,12128.300000000001,18843.983333333337,8254.149999999998,7068.450000000001,13899.916666666668,8570.016666666666,9493.466666666664,7153.833333333332,9032.133333333333,3650.666666666668,2994.866666666667,15043.25,11506.1,12096.966666666667,12098.7,25335.283333333336,0,0,0,0,0,0,0,0,0,0,0,0,C4-WZD-07,,,Macro
1381,DSK5985,DSK5985__S_Circular RD Warid_DK5757,3,C4-WZD-07,27,Stand by,,,,446.33333333333326,,,,,,50.24999999999999,,,,,,,32.00000000000001,,,,60,,,,,,,,,,,,588.5833333333333,,4,0.9931876929012345,9838.366666666667,9178.75,15511.7,16719.733333333337,12128.300000000001,18843.983333333337,8254.149999999998,7068.450000000001,13899.916666666668,8570.016666666666,9493.466666666664,7153.833333333332,9032.133333333333,3650.666666666668,2994.866666666667,15043.25,11506.1,12096.966666666667,12098.7,25335.283333333336,0,0,0,0,0,0,0,0,0,0,0,0,C4-WZD-07,,,Macro
1382,DSK5986,DSK5986__S_Moh Rajputan Warid_DK5527,3,C4-WZD-07,9,Stand by,,,,446.0000000000001,,137.25,,,,292.25,,,,,,,545.6333333333336,,13.666666666666666,,,,,,,,,,,,,,1434.8000000000004,,5,0.9833935185185184,9838.366666666667,9178.75,15511.7,16719.733333333337,12128.300000000001,18843.983333333337,8254.149999999998,7068.450000000001,13899.916666666668,8570.016666666666,9493.466666666664,7153.833333333332,9032.133333333333,3650.666666666668,2994.866666666667,15043.25,11506.1,12096.966666666667,12098.7,25335.283333333336,0,0,0,0,0,0,0,0,0,0,0,0,C4-WZD-07,,,Macro
1383,RUR5620,RUR25620__S_ChakSanatta,3,C4-WZD-07,,Enfrashare,EC1-WZD-02092,686.2500000000002,206.5,156.75,,,132.75,105.49999999999997,,,,,346.20000000000005,247,,,,,,30.08333333333333,,,,,,,,,,,,,1911.0333333333335,,8,0.9778815586419753,9838.366666666667,9178.75,15511.7,16719.733333333337,12128.300000000001,18843.983333333337,8254.149999999998,7068.450000000001,13899.916666666668,8570.016666666666,9493.466666666664,7153.833333333332,9032.133333333333,3650.666666666668,2994.866666666667,15043.25,11506.1,12096.966666666667,12098.7,25335.283333333336,0,0,0,0,0,0,0,0,0,0,0,0,,,,Macro
1384,RUR6503,RUR6503__S_Ranjhai_Ufone3702,3,C4-WZD-07,,Ufone,3702,,1097.5500000000004,17.5,,,,,,,677.6500000000001,,,,,,,,,626.4999999999999,,,,,,,,,,,,,2419.2000000000003,,4,0.972,9838.366666666667,9178.75,15511.7,16719.733333333337,12128.300000000001,18843.983333333337,8254.149999999998,7068.450000000001,13899.916666666668,8570.016666666666,9493.466666666664,7153.833333333332,9032.133333333333,3650.666666666668,2994.866666666667,15043.25,11506.1,12096.966666666667,12098.7,25335.283333333336,0,0,0,0,0,0,0,0,0,0,0,0,,,,Macro
1385,SMB1258,SMB1258__AddaBegowala,3,C4-WZD-07,,CM Pak,BGW5719,,13,,,,,,,,,13.5,1620.2166666666667,149.25,,,,21.5,23.75,,,,,,,,,,,,,,1841.2166666666667,,6,0.9786896219135802,9838.366666666667,9178.75,15511.7,16719.733333333337,12128.300000000001,18843.983333333337,8254.149999999998,7068.450000000001,13899.916666666668,8570.016666666666,9493.466666666664,7153.833333333332,9032.133333333333,3650.666666666668,2994.866666666667,15043.25,11506.1,12096.966666666667,12098.7,25335.283333333336,0,0,0,0,0,0,0,0,0,0,0,0,C4-WZD-07,CMPAK,5719,Macro
1386,WZB5520,WZB5520_H_Rasul Nagar Rd Ali Nagar Gujranwala,3,C4-WZD-07,,ATL,ATGJW21,,,42.58333333333332,,,106.58333333333331,,,,,,,,,,,,,,302.6,,,,,,,,,,,,451.76666666666665,,3,0.9947712191358025,9838.366666666667,9178.75,15511.7,16719.733333333337,12128.300000000001,18843.983333333337,8254.149999999998,7068.450000000001,13899.916666666668,8570.016666666666,9493.466666666664,7153.833333333332,9032.133333333333,3650.666666666668,2994.866666666667,15043.25,11506.1,12096.966666666667,12098.7,25335.283333333336,0,0,0,0,0,0,0,0,0,0,0,0,,,,Macro
1387,HWY9504,HWY9504__S_Jandiala_Dhabwala_Near_Gakhar_15251,4,C4-WZD-07,20,Stand by,,,,,52.66666666666668,,,,,,,,78.66666666666667,,,,,,,,655.25,,,,,,,,,,,,786.5833333333334,,3,0.9931720196759259,9838.366666666667,9178.75,15511.7,16719.733333333337,12128.300000000001,18843.983333333337,8254.149999999998,7068.450000000001,13899.916666666668,8570.016666666666,9493.466666666664,7153.833333333332,9032.133333333333,3650.666666666668,2994.866666666667,15043.25,11506.1,12096.966666666667,12098.7,25335.283333333336,0,0,0,0,0,0,0,0,0,0,0,0,C4-WZD-07,,,Macro
1388,DSK5295,DSK5295_S_islampura,4,C4-WZD-07,27,Stand by,,,389.0500000000001,246.16666666666669,411.8666666666667,,,,,151,,157.5,,,,,,,195.00000000000003,,,,,,,,,,,,,,1550.5833333333335,,6,0.9865400752314816,9838.366666666667,9178.75,15511.7,16719.733333333337,12128.300000000001,18843.983333333337,8254.149999999998,7068.450000000001,13899.916666666668,8570.016666666666,9493.466666666664,7153.833333333332,9032.133333333333,3650.666666666668,2994.866666666667,15043.25,11506.1,12096.966666666667,12098.7,25335.283333333336,0,0,0,0,0,0,0,0,0,0,0,0,C4-WZD-07,,,Macro
1389,RUR5648,RUR35648__S_Dogranwala,3,C4-WZD-07,,Enfrashare,EC1-SMB-02350,339.99999999999994,149,347,,222.75,405.49999999999994,234.58333333333331,221.5,378.24999999999994,410.29999999999995,275.83333333333337,264.99999999999994,270.1666666666667,326.0000000000001,119.41666666666666,118.75000000000003,1555.5833333333335,269.74999999999994,222,1025,,,,,,,,,,,,7156.383333333333,,19,0.9171714891975309,9838.366666666667,9178.75,15511.7,16719.733333333337,12128.300000000001,18843.983333333337,8254.149999999998,7068.450000000001,13899.916666666668,8570.016666666666,9493.466666666664,7153.833333333332,9032.133333333333,3650.666666666668,2994.866666666667,15043.25,11506.1,12096.966666666667,12098.7,25335.283333333336,0,0,0,0,0,0,0,0,0,0,0,0,,,,Macro
1390,SOH6444,SOH6444__S_Sohdra,3,C4-WZD-07,,E.Co,e.coPK018663PU,164.8166666666667,1356.2666666666655,1106.2333333333336,94.99999999999997,808.3333333333337,893.2166666666667,427.38333333333327,373.5,251,920.1666666666666,1281.1333333333337,1729.166666666667,1096.3000000000002,1045.3500000000006,562.5666666666666,307.5,2369.9666666666662,518.2000000000002,,,,,,,,,,,,,,15306.100000000002,,18,0.8228460648148147,9838.366666666667,9178.75,15511.7,16719.733333333337,12128.300000000001,18843.983333333337,8254.149999999998,7068.450000000001,13899.916666666668,8570.016666666666,9493.466666666664,7153.833333333332,9032.133333333333,3650.666666666668,2994.866666666667,15043.25,11506.1,12096.966666666667,12098.7,25335.283333333336,0,0,0,0,0,0,0,0,0,0,0,0,,,,Macro
1391,DSK3806,DSK3806__SohawDaska,3,C4-WZD-07,,CP Prime,,1201.8666666666672,,446.25,,,,,,49.999999999999986,,,,,,,,,226.25,,,,,,,,,,,,,,1924.3666666666672,,4,0.977727237654321,9838.366666666667,9178.75,15511.7,16719.733333333337,12128.300000000001,18843.983333333337,8254.149999999998,7068.450000000001,13899.916666666668,8570.016666666666,9493.466666666664,7153.833333333332,9032.133333333333,3650.666666666668,2994.866666666667,15043.25,11506.1,12096.966666666667,12098.7,25335.283333333336,0,0,0,0,0,0,0,0,0,0,0,0,C4-WZD-07,,,Macro
1392,RUR5977,RUR5977__S_Bhalowali Warid_2I3759,4,C4-WZD-07,20,Stand by,,,,,,,,7.666666666666667,79.33333333333331,,,,,,,,,,,,407.6666666666668,,,,,,,,,,,,494.6666666666668,,3,0.9957060185185185,9838.366666666667,9178.75,15511.7,16719.733333333337,12128.300000000001,18843.983333333337,8254.149999999998,7068.450000000001,13899.916666666668,8570.016666666666,9493.466666666664,7153.833333333332,9032.133333333333,3650.666666666668,2994.866666666667,15043.25,11506.1,12096.966666666667,12098.7,25335.283333333336,0,0,0,0,0,0,0,0,0,0,0,0,C4-WZD-07,,,Macro
1393,WZB4219,WZB4219__Janubi_Phatak,4,C4-WZD-07,20,Stand by,,,,813.0833333333333,827.0500000000001,,,,498.6666666666668,,,,,,,,,,,,652.6666666666669,,,,,,,,,,,,2791.466666666667,,4,0.9757685185185185,9838.366666666667,9178.75,15511.7,16719.733333333337,12128.300000000001,18843.983333333337,8254.149999999998,7068.450000000001,13899.916666666668,8570.016666666666,9493.466666666664,7153.833333333332,9032.133333333333,3650.666666666668,2994.866666666667,15043.25,11506.1,12096.966666666667,12098.7,25335.283333333336,0,0,0,0,0,0,0,0,0,0,0,0,C4-WZD-07,,,Macro
1394,DSK9027,DSK9027__S_HameedColony,3,C4-WZD-07,,Tawal,TWPSKT0006,,,,,,,,,,,,,,,,,,,,,,,,,,,,,,,,0,,0,1,9838.366666666667,9178.75,15511.7,16719.733333333337,12128.300000000001,18843.983333333337,8254.149999999998,7068.450000000001,13899.916666666668,8570.016666666666,9493.466666666664,7153.833333333332,9032.133333333333,3650.666666666668,2994.866666666667,15043.25,11506.1,12096.966666666667,12098.7,25335.283333333336,0,0,0,0,0,0,0,0,0,0,0,0,,,,
1395,RUR0266,RUR0266__GojrNEW,3,C4-WZD-07,9,Stand by,,,,27.25,,,,,,,13.5,,27.916666666666668,86.25,6.500000000000001,,,,,,1009.4999999999999,,,,,,,,,,,,1170.9166666666665,,6,0.9864477237654321,9838.366666666667,9178.75,15511.7,16719.733333333337,12128.300000000001,18843.983333333337,8254.149999999998,7068.450000000001,13899.916666666668,8570.016666666666,9493.466666666664,7153.833333333332,9032.133333333333,3650.666666666668,2994.866666666667,15043.25,11506.1,12096.966666666667,12098.7,25335.283333333336,0,0,0,0,0,0,0,0,0,0,0,0,C4-WZD-07,,,Macro
1396,RUR6405,RUR6405__S_AdamDaraz_CMPak42960,3,C4-WZD-07,,CM Pak,CMPak_42960,,,18.133333333333333,,,,,,,,,,,12.666666666666666,41.00000000000001,,,185.74999999999997,,9.666666666666668,,,,,,,,,,,,267.21666666666664,,5,0.9969072145061729,9838.366666666667,9178.75,15511.7,16719.733333333337,12128.300000000001,18843.983333333337,8254.149999999998,7068.450000000001,13899.916666666668,8570.016666666666,9493.466666666664,7153.833333333332,9032.133333333333,3650.666666666668,2994.866666666667,15043.25,11506.1,12096.966666666667,12098.7,25335.283333333336,0,0,0,0,0,0,0,0,0,0,0,0,,,,Macro
1397,HWY5981,HWY5981__S_Rajoki Warid_625368,4,C4-WZD-07,20,Stand by,,,,,,,,,,,,,163,,,,,,,,,,,,,,,,,,,,163,,1,0.9985850694444445,9838.366666666667,9178.75,15511.7,16719.733333333337,12128.300000000001,18843.983333333337,8254.149999999998,7068.450000000001,13899.916666666668,8570.016666666666,9493.466666666664,7153.833333333332,9032.133333333333,3650.666666666668,2994.866666666667,15043.25,11506.1,12096.966666666667,12098.7,25335.283333333336,0,0,0,0,0,0,0,0,0,0,0,0,C4-WZD-07,,,Macro
1398,HWY5982,HWY5982__S_Kot Bhukran Warid_365324,4,C4-WZD-07,27,Stand by,,,,,,,,,,,,,91.53333333333332,565.8166666666666,,,347.6666666666667,,,,,,,,,,,,,,,,1005.0166666666667,,3,0.9912758969907408,9838.366666666667,9178.75,15511.7,16719.733333333337,12128.300000000001,18843.983333333337,8254.149999999998,7068.450000000001,13899.916666666668,8570.016666666666,9493.466666666664,7153.833333333332,9032.133333333333,3650.666666666668,2994.866666666667,15043.25,11506.1,12096.966666666667,12098.7,25335.283333333336,0,0,0,0,0,0,0,0,0,0,0,0,C4-WZD-07,,,Macro
1399,SOH4009,SOH4009__AddaSodra,4,C4-WZD-07,27,Stand by,,,,,,,,121.91666666666667,,,156.74999999999997,66.66666666666669,64.24999999999999,,,,,,,,,,,,,,,,,,,,409.5833333333333,,4,0.9964445891203704,9838.366666666667,9178.75,15511.7,16719.733333333337,12128.300000000001,18843.983333333337,8254.149999999998,7068.450000000001,13899.916666666668,8570.016666666666,9493.466666666664,7153.833333333332,9032.133333333333,3650.666666666668,2994.866666666667,15043.25,11506.1,12096.966666666667,12098.7,25335.283333333336,0,0,0,0,0,0,0,0,0,0,0,0,C4-WZD-07,,,Macro
1400,DSK6921,DSK6921__FarooqiaMosque,3,C4-WZD-07,,GLO,,,,445.79999999999995,,,,,,49.33333333333333,,,,,,,,,,,,,,,,,,,,,,,495.13333333333327,,2,0.9942692901234568,9838.366666666667,9178.75,15511.7,16719.733333333337,12128.300000000001,18843.983333333337,8254.149999999998,7068.450000000001,13899.916666666668,8570.016666666666,9493.466666666664,7153.833333333332,9032.133333333333,3650.666666666668,2994.866666666667,15043.25,11506.1,12096.966666666667,12098.7,25335.283333333336,0,0,0,0,0,0,0,0,0,0,0,0,C4-WZD-07,,,Macro
1401,RUR5651,RUR5651__S_Goindke,3,C4-WZD-07,,Enfrashare,EC1-DSK-02507,,,38.099999999999994,94.35,,,,309.5,,,,,41.25,,,130.00000000000003,,,384.25,283.8333333333333,,,,,,,,,,,,1281.2833333333333,,7,0.9851703317901235,9838.366666666667,9178.75,15511.7,16719.733333333337,12128.300000000001,18843.983333333337,8254.149999999998,7068.450000000001,13899.916666666668,8570.016666666666,9493.466666666664,7153.833333333332,9032.133333333333,3650.666666666668,2994.866666666667,15043.25,11506.1,12096.966666666667,12098.7,25335.283333333336,0,0,0,0,0,0,0,0,0,0,0,0,,,,Macro
1402,RUR8325,RUR8325__S_Kotli_MughlanWarid_MR625370,3,C4-WZD-07,27,Stand by,,,,,,,,,,,,,29.333333333333336,,,,,,,,,,,,,,,,,,,,29.333333333333336,,1,0.9996604938271605,9838.366666666667,9178.75,15511.7,16719.733333333337,12128.300000000001,18843.983333333337,8254.149999999998,7068.450000000001,13899.916666666668,8570.016666666666,9493.466666666664,7153.833333333332,9032.133333333333,3650.666666666668,2994.866666666667,15043.25,11506.1,12096.966666666667,12098.7,25335.283333333336,0,0,0,0,0,0,0,0,0,0,0,0,C4-WZD-07,,,Macro
1403,RUR9197,RUR9197_AdamKay,4,C4-WZD-07,,UFONE,3350,16,4.916666666666666,2.333333333333333,15.833333333333332,15.5,8.5,5.666666666666667,24.166666666666668,11.083333333333332,56.75,,,,86.66666666666669,53.33333333333334,,,,,,,,,,,,,,,,,300.75,,12,0.9973893229166667,9838.366666666667,9178.75,15511.7,16719.733333333337,12128.300000000001,18843.983333333337,8254.149999999998,7068.450000000001,13899.916666666668,8570.016666666666,9493.466666666664,7153.833333333332,9032.133333333333,3650.666666666668,2994.866666666667,15043.25,11506.1,12096.966666666667,12098.7,25335.283333333336,0,0,0,0,0,0,0,0,0,0,0,0,C4-WZD-07,UFone,3350,Macro
1404,Rur4508,Rur4508__Wzbdharowalkang,4,C4-WZD-07,27,Stand by,,,,,,,,,,,,,,,,,,,,,,,,,,,,,,,,,0,,0,1,9838.366666666667,9178.75,15511.7,16719.733333333337,12128.300000000001,18843.983333333337,8254.149999999998,7068.450000000001,13899.916666666668,8570.016666666666,9493.466666666664,7153.833333333332,9032.133333333333,3650.666666666668,2994.866666666667,15043.25,11506.1,12096.966666666667,12098.7,25335.283333333336,0,0,0,0,0,0,0,0,0,0,0,0,C4-WZD-07,,,Macro
1405,RUR6554,RUR6554__S_RehmetMarriageHallUgoki,3,C4-WZD-07,,Enfrashare,EC1-SKT-04981,,,,,121.25,,,,,,,,169.41666666666663,,,,18.666666666666668,,,,,,,,,,,,,,,309.3333333333333,,3,0.9964197530864197,9838.366666666667,9178.75,15511.7,16719.733333333337,12128.300000000001,18843.983333333337,8254.149999999998,7068.450000000001,13899.916666666668,8570.016666666666,9493.466666666664,7153.833333333332,9032.133333333333,3650.666666666668,2994.866666666667,15043.25,11506.1,12096.966666666667,12098.7,25335.283333333336,0,0,0,0,0,0,0,0,0,0,0,0,,,,Macro
1406,DSK3494,DSK3494__GreenlandDaska,3,C4-WZD-07,,CP Prime,,,,445.5,552,,,,,49.999999999999986,,634.4833333333333,,,,,,,623.3333333333333,,,,,,,,,,,,,,2305.3166666666666,,5,0.9733180941358025,9838.366666666667,9178.75,15511.7,16719.733333333337,12128.300000000001,18843.983333333337,8254.149999999998,7068.450000000001,13899.916666666668,8570.016666666666,9493.466666666664,7153.833333333332,9032.133333333333,3650.666666666668,2994.866666666667,15043.25,11506.1,12096.966666666667,12098.7,25335.283333333336,0,0,0,0,0,0,0,0,0,0,0,0,C4-WZD-07,,,Macro
1407,WZB9858,WZB9858__S_WazirabadWarid_MDWA4193,3,C4-WZD-07,30,Stand by,,,,,,,,,,,,,,,,,,,,14.5,,,,,,,,,,,,,14.5,,1,0.999832175925926,9838.366666666667,9178.75,15511.7,16719.733333333337,12128.300000000001,18843.983333333337,8254.149999999998,7068.450000000001,13899.916666666668,8570.016666666666,9493.466666666664,7153.833333333332,9032.133333333333,3650.666666666668,2994.866666666667,15043.25,11506.1,12096.966666666667,12098.7,25335.283333333336,0,0,0,0,0,0,0,0,0,0,0,0,C4-WZD-07,,,Macro
1408,RUR5364,RUR5364__S_Balgan_NEW,3,C4-WZD-07,,Enfrashare,EC1-SKT-01515,,,,,,,,,,,,,,,,,,,,,,,,,,,,,,,,0,,0,1,9838.366666666667,9178.75,15511.7,16719.733333333337,12128.300000000001,18843.983333333337,8254.149999999998,7068.450000000001,13899.916666666668,8570.016666666666,9493.466666666664,7153.833333333332,9032.133333333333,3650.666666666668,2994.866666666667,15043.25,11506.1,12096.966666666667,12098.7,25335.283333333336,0,0,0,0,0,0,0,0,0,0,0,0,C4-WZD-07,,,Macro
1409,DMK6996,DMK6996__DhamonkayDaska,3,C4-WZD-07,20,Stand by,,,,,,112.24999999999997,,,,914.5833333333333,,,,,,,,,,641.1166666666667,16,,,,,,,,,,,,1683.9499999999998,,4,0.980509837962963,9838.366666666667,9178.75,15511.7,16719.733333333337,12128.300000000001,18843.983333333337,8254.149999999998,7068.450000000001,13899.916666666668,8570.016666666666,9493.466666666664,7153.833333333332,9032.133333333333,3650.666666666668,2994.866666666667,15043.25,11506.1,12096.966666666667,12098.7,25335.283333333336,0,0,0,0,0,0,0,0,0,0,0,0,C4-WZD-07,,,Macro
1410,RUR8753,RUR8753__SialkotAirport,4,C4-WZD-07,,GLO,,35.333333333333336,,,,,,25.416666666666664,,,963.6666666666669,595.3333333333331,,586.3333333333331,43.33333333333332,,,996.3333333333331,,88.66666666666669,2131.15,,,,,,,,,,,,5465.566666666666,,9,0.9525558449074074,9838.366666666667,9178.75,15511.7,16719.733333333337,12128.300000000001,18843.983333333337,8254.149999999998,7068.450000000001,13899.916666666668,8570.016666666666,9493.466666666664,7153.833333333332,9032.133333333333,3650.666666666668,2994.866666666667,15043.25,11506.1,12096.966666666667,12098.7,25335.283333333336,0,0,0,0,0,0,0,0,0,0,0,0,C4-WZD-07,,,Macro
1411,DSK9391,DSK9391__S_Mandranwala_CMPak40762,3,C4-WZD-07,,CM Pak,40762,,903.8500000000003,3943.4500000000003,4319.949999999999,2922.733333333332,3242.8999999999996,2451.7,,,,,,,,,,,347.25,,,,,,,,,,,,,,18131.833333333332,,7,0.7901408179012346,9838.366666666667,9178.75,15511.7,16719.733333333337,12128.300000000001,18843.983333333337,8254.149999999998,7068.450000000001,13899.916666666668,8570.016666666666,9493.466666666664,7153.833333333332,9032.133333333333,3650.666666666668,2994.866666666667,15043.25,11506.1,12096.966666666667,12098.7,25335.283333333336,0,0,0,0,0,0,0,0,0,0,0,0,C4-WZD-07,CM-PAK,40762,Macro
1412,HWY0700,HWY0700_BhiloMahar_NEW,4,C4-WZD-07,,CP Prime,,,,,,,,,,,,,,,,739.9166666666667,207.91666666666666,,,,,,,,,,,,,,,,947.8333333333334,,2,0.9917722800925926,9838.366666666667,9178.75,15511.7,16719.733333333337,12128.300000000001,18843.983333333337,8254.149999999998,7068.450000000001,13899.916666666668,8570.016666666666,9493.466666666664,7153.833333333332,9032.133333333333,3650.666666666668,2994.866666666667,15043.25,11506.1,12096.966666666667,12098.7,25335.283333333336,0,0,0,0,0,0,0,0,0,0,0,0,C4-WZD-07,,,Macro
1413,RUR5666,RUR5666_H_Ghalotian Khurd Sialkot,3,C4-WZD-07,,Enfrashare,EC1-DSK-06454,,,,,,,,,,,,,,,,,,,,,,,,,,,,,,,,0,,0,1,9838.366666666667,9178.75,15511.7,16719.733333333337,12128.300000000001,18843.983333333337,8254.149999999998,7068.450000000001,13899.916666666668,8570.016666666666,9493.466666666664,7153.833333333332,9032.133333333333,3650.666666666668,2994.866666666667,15043.25,11506.1,12096.966666666667,12098.7,25335.283333333336,0,0,0,0,0,0,0,0,0,0,0,0,,,,Macro
1414,DSK3893,DSK3893__JamkeRd,3,C4-WZD-07,27,Stand by,,,89.66666666666667,,266.05,,188.58333333333337,192.66666666666663,481.8,,,,1128.6999999999998,,,,359.7500000000001,,,328.25000000000006,,,,,,,,,,,,,3035.4666666666662,,8,0.9648672839506173,9838.366666666667,9178.75,15511.7,16719.733333333337,12128.300000000001,18843.983333333337,8254.149999999998,7068.450000000001,13899.916666666668,8570.016666666666,9493.466666666664,7153.833333333332,9032.133333333333,3650.666666666668,2994.866666666667,15043.25,11506.1,12096.966666666667,12098.7,25335.283333333336,0,0,0,0,0,0,0,0,0,0,0,0,C4-WZD-07,,,Macro
1415,RUR4415,RUR4415__GHKKotlikhano,3,C4-WZD-07,31,Stand by,,,,,,,,,,,27.25,,,,,,,,,,,,,,,,,,,,,,27.25,,1,0.9996846064814815,9838.366666666667,9178.75,15511.7,16719.733333333337,12128.300000000001,18843.983333333337,8254.149999999998,7068.450000000001,13899.916666666668,8570.016666666666,9493.466666666664,7153.833333333332,9032.133333333333,3650.666666666668,2994.866666666667,15043.25,11506.1,12096.966666666667,12098.7,25335.283333333336,0,0,0,0,0,0,0,0,0,0,0,0,C4-WZD-07,,,Macro
1416,DSK9637,DSK9637__Gali_College,3,C4-WZD-07,,CP Prime,,,,,389.25,,,,,1058.2833333333333,360.58333333333337,502.6666666666665,,,,,630.75,466.5833333333333,497.66666666666674,,,,,,,,,,,,,,3905.7833333333338,,7,0.9547941743827161,9838.366666666667,9178.75,15511.7,16719.733333333337,12128.300000000001,18843.983333333337,8254.149999999998,7068.450000000001,13899.916666666668,8570.016666666666,9493.466666666664,7153.833333333332,9032.133333333333,3650.666666666668,2994.866666666667,15043.25,11506.1,12096.966666666667,12098.7,25335.283333333336,0,0,0,0,0,0,0,0,0,0,0,0,C4-WZD-07,,,Macro
1417,RUR8984,RUR8984__QadirTownUgokiSKT,3,C4-WZD-07,30,Stand by,,,,,,,,,,,,,,,,,,450.16666666666646,,167,493.0833333333332,,,,,,,,,,,,1110.2499999999998,,3,0.9871498842592592,9838.366666666667,9178.75,15511.7,16719.733333333337,12128.300000000001,18843.983333333337,8254.149999999998,7068.450000000001,13899.916666666668,8570.016666666666,9493.466666666664,7153.833333333332,9032.133333333333,3650.666666666668,2994.866666666667,15043.25,11506.1,12096.966666666667,12098.7,25335.283333333336,0,0,0,0,0,0,0,0,0,0,0,0,C4-WZD-07,,,Macro
1418,RUR6296,RUR6296__S_Baddoke,3,C4-WZD-07,,E.Co,e.coPK018441PU,345.3333333333334,389.36666666666656,,,,,,,,,,,,,43.74999999999999,,,,32.083333333333336,509.0000000000001,,,,,,,,,,,,1319.5333333333335,,5,0.9847276234567901,9838.366666666667,9178.75,15511.7,16719.733333333337,12128.300000000001,18843.983333333337,8254.149999999998,7068.450000000001,13899.916666666668,8570.016666666666,9493.466666666664,7153.833333333332,9032.133333333333,3650.666666666668,2994.866666666667,15043.25,11506.1,12096.966666666667,12098.7,25335.283333333336,0,0,0,0,0,0,0,0,0,0,0,0,,,,Macro
1419,SMB5779,SMB5779__S_MohallaSherabad,3,C4-WZD-07,,Enfrashare,EC1-SMB-02329,406.0833333333333,697.2833333333332,243.75000000000003,248.83333333333334,308,251.49999999999997,252.49999999999997,303.55,210.66666666666663,283.6666666666667,265.83333333333337,191.08333333333334,221.8333333333333,,123.46666666666667,268.7166666666667,538.6666666666666,233.58333333333334,882.5,1265.9666666666665,,,,,,,,,,,,7197.483333333333,,19,0.9166957947530864,9838.366666666667,9178.75,15511.7,16719.733333333337,12128.300000000001,18843.983333333337,8254.149999999998,7068.450000000001,13899.916666666668,8570.016666666666,9493.466666666664,7153.833333333332,9032.133333333333,3650.666666666668,2994.866666666667,15043.25,11506.1,12096.966666666667,12098.7,25335.283333333336,0,0,0,0,0,0,0,0,0,0,0,0,,,,Macro
1420,WZB4220,WZB4220__WazirabadBypas,3,C4-WZD-07,,GLO,,,,1186.0333333333333,1967.4000000000005,1300.55,,,836.0000000000001,873.9333333333334,885.75,,,24.41666666666667,,,,,,,223.08333333333331,,,,,,,,,,,,7297.166666666667,,8,0.9155420524691358,9838.366666666667,9178.75,15511.7,16719.733333333337,12128.300000000001,18843.983333333337,8254.149999999998,7068.450000000001,13899.916666666668,8570.016666666666,9493.466666666664,7153.833333333332,9032.133333333333,3650.666666666668,2994.866666666667,15043.25,11506.1,12096.966666666667,12098.7,25335.283333333336,0,0,0,0,0,0,0,0,0,0,0,0,C4-WZD-07,,,Macro
1421,RUR0513,RUR0513__BuddaGuraya,3,C4-WZD-07,,Enfrashare,EC1-GUJ-08633,606.8500000000001,224.85000000000005,,,,,,,905.9166666666665,992.0499999999987,,,661.4166666666666,502.9166666666667,99,972.7500000000005,,419.83333333333337,970.733333333335,1117.0666666666668,,,,,,,,,,,,7473.383333333334,,11,0.9135025077160494,9838.366666666667,9178.75,15511.7,16719.733333333337,12128.300000000001,18843.983333333337,8254.149999999998,7068.450000000001,13899.916666666668,8570.016666666666,9493.466666666664,7153.833333333332,9032.133333333333,3650.666666666668,2994.866666666667,15043.25,11506.1,12096.966666666667,12098.7,25335.283333333336,0,0,0,0,0,0,0,0,0,0,0,0,C4-WZD-07,UFone,3479,Macro
1422,BPW9697,BPW9697__S_Baga Chowk_Sahuwal_MDSK1584,3,C4-WZD-07,30,Stand by,,,,5.750000000000001,,,,,,,,,,,9,21.25,,566.5833333333335,,,,,,,,,,,,,,,602.5833333333335,,4,0.9930256558641974,9838.366666666667,9178.75,15511.7,16719.733333333337,12128.300000000001,18843.983333333337,8254.149999999998,7068.450000000001,13899.916666666668,8570.016666666666,9493.466666666664,7153.833333333332,9032.133333333333,3650.666666666668,2994.866666666667,15043.25,11506.1,12096.966666666667,12098.7,25335.283333333336,0,0,0,0,0,0,0,0,0,0,0,0,C4-WZD-07,,,Macro
1423,RUR3268,RUR3268__PropiNagra,3,C4-WZD-07,9,Stand by,,,,,,,,,87.75,,,,,,,,,,302.2999999999999,40.5,56.25,,,,,,,,,,,,486.7999999999999,,4,0.9943657407407407,9838.366666666667,9178.75,15511.7,16719.733333333337,12128.300000000001,18843.983333333337,8254.149999999998,7068.450000000001,13899.916666666668,8570.016666666666,9493.466666666664,7153.833333333332,9032.133333333333,3650.666666666668,2994.866666666667,15043.25,11506.1,12096.966666666667,12098.7,25335.283333333336,0,0,0,0,0,0,0,0,0,0,0,0,C4-WZD-07,,,Macro
1424,DSK9945,DSK9945__Gulistan_Colony,3,C4-WZD-07,27,Stand by,,,,,265.5,,,,,,,,,,,,,,,,,,,,,,,,,,,,265.5,,1,0.9969270833333332,9838.366666666667,9178.75,15511.7,16719.733333333337,12128.300000000001,18843.983333333337,8254.149999999998,7068.450000000001,13899.916666666668,8570.016666666666,9493.466666666664,7153.833333333332,9032.133333333333,3650.666666666668,2994.866666666667,15043.25,11506.1,12096.966666666667,12098.7,25335.283333333336,0,0,0,0,0,0,0,0,0,0,0,0,C4-WZD-07,,,Macro
1425,RUR0795,RUR0795__S_BegowalWarid_MDWA1952,3,C4-WZD-07,20,Stand by,,,16.916666666666664,,,,,,709.2500000000001,,,,,74.49999999999999,,,400.7499999999999,,,5.416666666666667,53.66666666666668,,,,,,,,,,,,1260.5,,6,0.9854108796296296,9838.366666666667,9178.75,15511.7,16719.733333333337,12128.300000000001,18843.983333333337,8254.149999999998,7068.450000000001,13899.916666666668,8570.016666666666,9493.466666666664,7153.833333333332,9032.133333333333,3650.666666666668,2994.866666666667,15043.25,11506.1,12096.966666666667,12098.7,25335.283333333336,0,0,0,0,0,0,0,0,0,0,0,0,C4-WZD-07,,,Macro
1426,WZB0571,WZB0571__S_ChemaColonyWarid_MDWA1512,3,C4-WZD-07,,CP Prime,,,,,,,,,,,,,,,,,,,,,,,,,,,,,,,,,0,,0,1,9838.366666666667,9178.75,15511.7,16719.733333333337,12128.300000000001,18843.983333333337,8254.149999999998,7068.450000000001,13899.916666666668,8570.016666666666,9493.466666666664,7153.833333333332,9032.133333333333,3650.666666666668,2994.866666666667,15043.25,11506.1,12096.966666666667,12098.7,25335.283333333336,0,0,0,0,0,0,0,0,0,0,0,0,C4-WZD-07,,,Macro
1427,SMB5436,SMB5436__S_RasoolPura,3,C4-WZD-07,,Enfrashare,EC1-SKT-01513,,,18.75,335.16666666666674,161.15,175.58333333333334,,56.750000000000014,131.08333333333331,38.00000000000001,,,,,,,,,,,,,,,,,,,,,,916.4833333333333,,7,0.9893925540123456,9838.366666666667,9178.75,15511.7,16719.733333333337,12128.300000000001,18843.983333333337,8254.149999999998,7068.450000000001,13899.916666666668,8570.016666666666,9493.466666666664,7153.833333333332,9032.133333333333,3650.666666666668,2994.866666666667,15043.25,11506.1,12096.966666666667,12098.7,25335.283333333336,0,0,0,0,0,0,0,0,0,0,0,0,C4-WZD-07,Enfra,,Macro
1428,DSK5984,DSK5984__S_Shadpura Warid_DK5730,3,C4-WZD-07,30,Stand by,,500.7,121.58333333333333,,671.4666666666667,778.8333333333331,101.74999999999997,,,1262.8,,929.2333333333335,,,48.999999999999986,,86.91666666666667,10,236.3333333333333,109.99999999999997,,,,,,,,,,,,,4858.616666666667,,12,0.9437660108024691,9838.366666666667,9178.75,15511.7,16719.733333333337,12128.300000000001,18843.983333333337,8254.149999999998,7068.450000000001,13899.916666666668,8570.016666666666,9493.466666666664,7153.833333333332,9032.133333333333,3650.666666666668,2994.866666666667,15043.25,11506.1,12096.966666666667,12098.7,25335.283333333336,0,0,0,0,0,0,0,0,0,0,0,0,C4-WZD-07,,,Macro
1429,RUR9508,RUR9508__S_Guliyan_Wali_Pulli_Amjad_Nagar_Rd_2J3776,3,C4-WZD-07,20,Stand by,,,,,,481.75000000000006,,,,,,,432.1166666666667,265.00000000000006,,,839.4166666666666,118.41666666666666,,370.66666666666663,,,,,,,,,,,,,2507.3666666666663,,6,0.9709795524691358,9838.366666666667,9178.75,15511.7,16719.733333333337,12128.300000000001,18843.983333333337,8254.149999999998,7068.450000000001,13899.916666666668,8570.016666666666,9493.466666666664,7153.833333333332,9032.133333333333,3650.666666666668,2994.866666666667,15043.25,11506.1,12096.966666666667,12098.7,25335.283333333336,0,0,0,0,0,0,0,0,0,0,0,0,C4-WZD-07,,,Macro
1430,RUR0720,RUR0720__Khambranwala_New,3,C4-WZD-07,27,Stand by,,,,,,,,,,,,,,,15.333333333333336,,,,,,,,,,,,,,,,,,15.333333333333336,,1,0.9998225308641975,9838.366666666667,9178.75,15511.7,16719.733333333337,12128.300000000001,18843.983333333337,8254.149999999998,7068.450000000001,13899.916666666668,8570.016666666666,9493.466666666664,7153.833333333332,9032.133333333333,3650.666666666668,2994.866666666667,15043.25,11506.1,12096.966666666667,12098.7,25335.283333333336,0,0,0,0,0,0,0,0,0,0,0,0,C4-WZD-07,,,Macro
1431,BPW3014,BPW3014__S_Bhopal_1,3,C4-WZD-07,20,Stand by,,,,,,,,,,,165.49999999999997,,,,,,246.83333333333331,,,,,,,,,,,,,,,,412.33333333333326,,2,0.9952276234567902,9838.366666666667,9178.75,15511.7,16719.733333333337,12128.300000000001,18843.983333333337,8254.149999999998,7068.450000000001,13899.916666666668,8570.016666666666,9493.466666666664,7153.833333333332,9032.133333333333,3650.666666666668,2994.866666666667,15043.25,11506.1,12096.966666666667,12098.7,25335.283333333336,0,0,0,0,0,0,0,0,0,0,0,0,C4-WZD-07,,,Macro
1432,SRW9971,SRW9971__MozqKhussar,3,C4-WZD-07,13,Stand by,,,,1.583333333333333,,,,,,,,,,441.5000000000001,,,,,,,387.2499999999999,,,,,,,,,,,,830.3333333333333,,3,0.9903896604938273,9838.366666666667,9178.75,15511.7,16719.733333333337,12128.300000000001,18843.983333333337,8254.149999999998,7068.450000000001,13899.916666666668,8570.016666666666,9493.466666666664,7153.833333333332,9032.133333333333,3650.666666666668,2994.866666666667,15043.25,11506.1,12096.966666666667,12098.7,25335.283333333336,0,0,0,0,0,0,0,0,0,0,0,0,C4-WZD-07,,,Macro
1433,SMB4742,SMB4742__S_TheEducators,3,C4-WZD-07,,E.Co,e.coPK016469PU,,,,,,,,,,,,,,,,,,,,,,,,,,,,,,,,0,,0,1,9838.366666666667,9178.75,15511.7,16719.733333333337,12128.300000000001,18843.983333333337,8254.149999999998,7068.450000000001,13899.916666666668,8570.016666666666,9493.466666666664,7153.833333333332,9032.133333333333,3650.666666666668,2994.866666666667,15043.25,11506.1,12096.966666666667,12098.7,25335.283333333336,0,0,0,0,0,0,0,0,0,0,0,0,,,,Macro
1434,RUR9489,RUR9489__S_Jamkey_Chatta_Main_Bazar_WA1971,3,C4-WZD-07,20,Stand by,,,,19.25,,,443.5,10.333333333333334,,142.99999999999997,,,,,,,259.5,,,477.5000000000001,,,,,,,,,,,,,1353.0833333333335,,6,0.984339313271605,9838.366666666667,9178.75,15511.7,16719.733333333337,12128.300000000001,18843.983333333337,8254.149999999998,7068.450000000001,13899.916666666668,8570.016666666666,9493.466666666664,7153.833333333332,9032.133333333333,3650.666666666668,2994.866666666667,15043.25,11506.1,12096.966666666667,12098.7,25335.283333333336,0,0,0,0,0,0,0,0,0,0,0,0,C4-WZD-07,,,Macro
1435,WZB0364,WZB0364_MainBazar_NEW,3,C4-WZD-07,9,Stand by,,,,572.6166666666667,17.85,,4.75,,,,,,,,,,35.33333333333333,,,149.33333333333334,930.616666666667,,,,,,,,,,,,1710.5000000000005,,6,0.9802025462962963,9838.366666666667,9178.75,15511.7,16719.733333333337,12128.300000000001,18843.983333333337,8254.149999999998,7068.450000000001,13899.916666666668,8570.016666666666,9493.466666666664,7153.833333333332,9032.133333333333,3650.666666666668,2994.866666666667,15043.25,11506.1,12096.966666666667,12098.7,25335.283333333336,0,0,0,0,0,0,0,0,0,0,0,0,C4-WZD-07,,,Macro
1436,RUR9764,RUR9764__S_Kot_SanaullahWarid_MR2K3780,3,C4-WZD-07,20,Stand by,,,,,,,,,,,,,,,,,,,,572.9666666666667,1304.3833333333334,,,,,,,,,,,,1877.3500000000001,,2,0.978271412037037,9838.366666666667,9178.75,15511.7,16719.733333333337,12128.300000000001,18843.983333333337,8254.149999999998,7068.450000000001,13899.916666666668,8570.016666666666,9493.466666666664,7153.833333333332,9032.133333333333,3650.666666666668,2994.866666666667,15043.25,11506.1,12096.966666666667,12098.7,25335.283333333336,0,0,0,0,0,0,0,0,0,0,0,0,C4-WZD-07,,,Macro
1437,DMK6995,DMK6995__LorrikkeDaska,3,C4-WZD-07,,GLO,,,,,,,,,15.5,,,,,,,,,,,631.0166666666668,16.099999999999998,,,,,,,,,,,,662.6166666666668,,3,0.9923308256172839,9838.366666666667,9178.75,15511.7,16719.733333333337,12128.300000000001,18843.983333333337,8254.149999999998,7068.450000000001,13899.916666666668,8570.016666666666,9493.466666666664,7153.833333333332,9032.133333333333,3650.666666666668,2994.866666666667,15043.25,11506.1,12096.966666666667,12098.7,25335.283333333336,0,0,0,0,0,0,0,0,0,0,0,0,C4-WZD-07,,,Macro
1438,RUR5289,RUR5289__T_ForwardSports_PvtLtd,2,C4-WZD-07,,Jazz CP Prime,,,,,,,,,13.533333333333333,,,,,,,,,,,,,,,,,,,,,,,,13.533333333333333,,1,0.9997650462962963,9838.366666666667,9178.75,15511.7,16719.733333333337,12128.300000000001,18843.983333333337,8254.149999999998,7068.450000000001,13899.916666666668,8570.016666666666,9493.466666666664,7153.833333333332,9032.133333333333,3650.666666666668,2994.866666666667,15043.25,11506.1,12096.966666666667,12098.7,25335.283333333336,0,0,0,0,0,0,0,0,0,0,0,0,C4-WZD-07,,,Micro
1439,WZB0060,WZB0060__DhonkalRdWazir_B,3,C4-WZD-07,30,Stand by,,,,,,232.31666666666672,,,100.24999999999997,,,,,,,,,138.49999999999997,81.95000000000002,,,,,,,,,,,,,,553.0166666666668,,4,0.9935993441358025,9838.366666666667,9178.75,15511.7,16719.733333333337,12128.300000000001,18843.983333333337,8254.149999999998,7068.450000000001,13899.916666666668,8570.016666666666,9493.466666666664,7153.833333333332,9032.133333333333,3650.666666666668,2994.866666666667,15043.25,11506.1,12096.966666666667,12098.7,25335.283333333336,0,0,0,0,0,0,0,0,0,0,0,0,C4-WZD-07,,,Macro
1440,RUR0363,RUR0363__MansoorWaliPI_NEW,3,C4-WZD-07,,GLO,,,,,,,,,,,,,,,,,,,,,,,,,,,,,,,,,0,,0,1,9838.366666666667,9178.75,15511.7,16719.733333333337,12128.300000000001,18843.983333333337,8254.149999999998,7068.450000000001,13899.916666666668,8570.016666666666,9493.466666666664,7153.833333333332,9032.133333333333,3650.666666666668,2994.866666666667,15043.25,11506.1,12096.966666666667,12098.7,25335.283333333336,0,0,0,0,0,0,0,0,0,0,0,0,C4-WZD-07,,,Macro
1441,SMB3356,SMB3356__SKTRailwaySambrial,4,C4-WZD-07,20,Stand by,,,,56.91666666666667,,,21.583333333333336,3.833333333333333,,,,,,,,,,,,3.666666666666667,,,,,,,,,,,,,86,,4,0.9992534722222223,9838.366666666667,9178.75,15511.7,16719.733333333337,12128.300000000001,18843.983333333337,8254.149999999998,7068.450000000001,13899.916666666668,8570.016666666666,9493.466666666664,7153.833333333332,9032.133333333333,3650.666666666668,2994.866666666667,15043.25,11506.1,12096.966666666667,12098.7,25335.283333333336,0,0,0,0,0,0,0,0,0,0,0,0,C4-WZD-07,,,Macro
1442,RUR2762,RUR2762__Jatheke,3,C4-WZD-07,20,Stand by,,,,237.08333333333331,,,506.33333333333326,,,,,,,,,117.33333333333334,,,,,,,,,,,,,,,,,860.7499999999999,,3,0.9900376157407408,9838.366666666667,9178.75,15511.7,16719.733333333337,12128.300000000001,18843.983333333337,8254.149999999998,7068.450000000001,13899.916666666668,8570.016666666666,9493.466666666664,7153.833333333332,9032.133333333333,3650.666666666668,2994.866666666667,15043.25,11506.1,12096.966666666667,12098.7,25335.283333333336,0,0,0,0,0,0,0,0,0,0,0,0,C4-WZD-07,,,Macro
1443,RUR5972,RUR5972__S_Mundikay chowk Warid_475349,4,C4-WZD-07,27,Stand by,,,,,152.86666666666667,,115.93333333333332,203.66666666666663,,312.16666666666674,,34.666666666666664,,,,,52,,50,,,,,,,,,,,,,,921.3000000000001,,7,0.9920026041666666,9838.366666666667,9178.75,15511.7,16719.733333333337,12128.300000000001,18843.983333333337,8254.149999999998,7068.450000000001,13899.916666666668,8570.016666666666,9493.466666666664,7153.833333333332,9032.133333333333,3650.666666666668,2994.866666666667,15043.25,11506.1,12096.966666666667,12098.7,25335.283333333336,0,0,0,0,0,0,0,0,0,0,0,0,C4-WZD-07,,,Macro
1444,RUR9170,RUR9170_RorasVillage,3,C4-WZD-07,20,Stand by,,,,,,,,,,,,710.5833333333333,,,252.40000000000003,,,,,,,,,,,,,,,,,,962.9833333333333,,2,0.9888543595679011,9838.366666666667,9178.75,15511.7,16719.733333333337,12128.300000000001,18843.983333333337,8254.149999999998,7068.450000000001,13899.916666666668,8570.016666666666,9493.466666666664,7153.833333333332,9032.133333333333,3650.666666666668,2994.866666666667,15043.25,11506.1,12096.966666666667,12098.7,25335.283333333336,0,0,0,0,0,0,0,0,0,0,0,0,C4-WZD-07,,,Macro
1445,RUR5489,RUR5489__S_Dhaunkal_CMPak7703,3,C4-WZD-07,,CM Pak,7703,,,40.83333333333333,385.96666666666664,450.2499999999999,1667,377.15,147,,,,,983,,,,,190.75000000000003,,1729,,,,,,,,,,,,5970.95,,9,0.9308917824074073,9838.366666666667,9178.75,15511.7,16719.733333333337,12128.300000000001,18843.983333333337,8254.149999999998,7068.450000000001,13899.916666666668,8570.016666666666,9493.466666666664,7153.833333333332,9032.133333333333,3650.666666666668,2994.866666666667,15043.25,11506.1,12096.966666666667,12098.7,25335.283333333336,0,0,0,0,0,0,0,0,0,0,0,0,C4-WZD-07,CMPak,7703,Macro
1446,WZB9816,WZB9816__MohahlaAllbad,4,C4-WZD-07,20,Stand by,,,,,,98.16666666666669,661.4333333333333,,94.83333333333333,,,,75.46666666666668,15.55,,205.75,45.68333333333334,,39.25,,507.5,,,,,,,,,,,,1743.6333333333332,,9,0.9848642939814815,9838.366666666667,9178.75,15511.7,16719.733333333337,12128.300000000001,18843.983333333337,8254.149999999998,7068.450000000001,13899.916666666668,8570.016666666666,9493.466666666664,7153.833333333332,9032.133333333333,3650.666666666668,2994.866666666667,15043.25,11506.1,12096.966666666667,12098.7,25335.283333333336,0,0,0,0,0,0,0,0,0,0,0,0,C4-WZD-07,,,Macro
1447,RUR0714,RUR0714_LoharanWallNEW,3,C4-WZD-07,9,Stand by,,,,,195.08333333333331,,,461.40000000000003,309.5000000000001,238.25,,173.75000000000006,,,,,318.9999999999999,,85.83333333333333,,177.35,,,,,,,,,,,,1960.1666666666667,,8,0.9773128858024691,9838.366666666667,9178.75,15511.7,16719.733333333337,12128.300000000001,18843.983333333337,8254.149999999998,7068.450000000001,13899.916666666668,8570.016666666666,9493.466666666664,7153.833333333332,9032.133333333333,3650.666666666668,2994.866666666667,15043.25,11506.1,12096.966666666667,12098.7,25335.283333333336,0,0,0,0,0,0,0,0,0,0,0,0,C4-WZD-07,,,Macro
1448,DSK5669,DSK5669_H_Gaga Daska Sialkot,3,C4-WZD-07,,Enfrashare,EC1-DSK-06497,,,,,,,,,,,,,,,,,,58.5,,,,,,,,,,,,,,58.5,,1,0.9993229166666667,9838.366666666667,9178.75,15511.7,16719.733333333337,12128.300000000001,18843.983333333337,8254.149999999998,7068.450000000001,13899.916666666668,8570.016666666666,9493.466666666664,7153.833333333332,9032.133333333333,3650.666666666668,2994.866666666667,15043.25,11506.1,12096.966666666667,12098.7,25335.283333333336,0,0,0,0,0,0,0,0,0,0,0,0,,,,Macro
1449,WZB9742,WZB9742__S_WazirabadWarid_MDWA4191,3,C4-WZD-07,27,Stand by,,,,511.15000000000003,63.54999999999999,,,,,,,,,,,,,,,,399.66666666666674,,,,,,,,,,,,974.3666666666668,,3,0.9887226080246915,9838.366666666667,9178.75,15511.7,16719.733333333337,12128.300000000001,18843.983333333337,8254.149999999998,7068.450000000001,13899.916666666668,8570.016666666666,9493.466666666664,7153.833333333332,9032.133333333333,3650.666666666668,2994.866666666667,15043.25,11506.1,12096.966666666667,12098.7,25335.283333333336,0,0,0,0,0,0,0,0,0,0,0,0,C4-WZD-07,,,Macro
1450,DMK6997,DMK6997__TalharaDaska,3,C4-WZD-07,30,Stand by,,,,11.75,,,18,,,,193.16666666666669,,,,,,,,,,,,,,,,,,,,,,222.91666666666669,,3,0.9974199459876543,9838.366666666667,9178.75,15511.7,16719.733333333337,12128.300000000001,18843.983333333337,8254.149999999998,7068.450000000001,13899.916666666668,8570.016666666666,9493.466666666664,7153.833333333332,9032.133333333333,3650.666666666668,2994.866666666667,15043.25,11506.1,12096.966666666667,12098.7,25335.283333333336,0,0,0,0,0,0,0,0,0,0,0,0,C4-WZD-07,,,Macro
1451,RUR4032,RUR4032__SKTWellRiseFactory,3,C4-WZD-07,30,Stand by,,,,,,,1256.8833333333337,,448.5,,,,,,32.33333333333333,,,141.99999999999997,117.16666666666667,14.75,,,,,,,,,,,,,2011.6333333333337,,6,0.9767172067901234,9838.366666666667,9178.75,15511.7,16719.733333333337,12128.300000000001,18843.983333333337,8254.149999999998,7068.450000000001,13899.916666666668,8570.016666666666,9493.466666666664,7153.833333333332,9032.133333333333,3650.666666666668,2994.866666666667,15043.25,11506.1,12096.966666666667,12098.7,25335.283333333336,0,0,0,0,0,0,0,0,0,0,0,0,C4-WZD-07,,,Macro
1452,RUR3411,RUR3411__SKTUggoki,4,C4-WZD-07,30,Stand by,,,,,,,,,,,,,,,,,,,,,,,,,,,,,,,,,0,,0,1,9838.366666666667,9178.75,15511.7,16719.733333333337,12128.300000000001,18843.983333333337,8254.149999999998,7068.450000000001,13899.916666666668,8570.016666666666,9493.466666666664,7153.833333333332,9032.133333333333,3650.666666666668,2994.866666666667,15043.25,11506.1,12096.966666666667,12098.7,25335.283333333336,0,0,0,0,0,0,0,0,0,0,0,0,C4-WZD-07,,,Macro
1453,RUR5412,RUR5412__S_ModelTownUgoke,3,C4-WZD-07,,Enfrashare,EC1-SKT-02972,,,,,,,,,,,,,,,39.50000000000001,,,,,,,,,,,,,,,,,39.50000000000001,,1,0.999542824074074,9838.366666666667,9178.75,15511.7,16719.733333333337,12128.300000000001,18843.983333333337,8254.149999999998,7068.450000000001,13899.916666666668,8570.016666666666,9493.466666666664,7153.833333333332,9032.133333333333,3650.666666666668,2994.866666666667,15043.25,11506.1,12096.966666666667,12098.7,25335.283333333336,0,0,0,0,0,0,0,0,0,0,0,0,,,,Macro
1454,RUR5470,RUR5470__S_Dulchike,3,C4-WZD-07,,E.Co,e.coPK016942PU,623.5333333333331,768.25,204.7,86.5,642.3333333333333,214.33333333333334,,,,2.166666666666667,,,,,,,,,,,,,,,,,,,,,,2541.8166666666666,,7,0.970580825617284,9838.366666666667,9178.75,15511.7,16719.733333333337,12128.300000000001,18843.983333333337,8254.149999999998,7068.450000000001,13899.916666666668,8570.016666666666,9493.466666666664,7153.833333333332,9032.133333333333,3650.666666666668,2994.866666666667,15043.25,11506.1,12096.966666666667,12098.7,25335.283333333336,0,0,0,0,0,0,0,0,0,0,0,0,C4-WZD-07,E.Co,,Macro
1455,WZB0029,WZB0029__S_SuiGasTower_AhmedNasarRoadWarid_MDWA1510,3,C4-WZD-07,13,Stand by,,,,,13.5,,1053.7500000000002,,,,,,,244.08333333333337,,,1895.2499999999998,,,,702.1666666666666,,,,,,,,,,,,3908.7499999999995,,5,0.9547598379629629,9838.366666666667,9178.75,15511.7,16719.733333333337,12128.300000000001,18843.983333333337,8254.149999999998,7068.450000000001,13899.916666666668,8570.016666666666,9493.466666666664,7153.833333333332,9032.133333333333,3650.666666666668,2994.866666666667,15043.25,11506.1,12096.966666666667,12098.7,25335.283333333336,0,0,0,0,0,0,0,0,0,0,0,0,C4-WZD-07,,,Macro
1456,DSK1138,DSK1138__Offload DSK0321C,3,C4-WZD-07,31,Stand by,,,,,,,,,,,,,,,163.5,,,,,,,,,,,,,,,,,,163.5,,1,0.9981076388888889,9838.366666666667,9178.75,15511.7,16719.733333333337,12128.300000000001,18843.983333333337,8254.149999999998,7068.450000000001,13899.916666666668,8570.016666666666,9493.466666666664,7153.833333333332,9032.133333333333,3650.666666666668,2994.866666666667,15043.25,11506.1,12096.966666666667,12098.7,25335.283333333336,0,0,0,0,0,0,0,0,0,0,0,0,C4-WZD-07,,,Macro
1457,RUR5979,RUR5979__S_Ghalotian Kalan Warid_GJ3993,3,C4-WZD-07,,Ufone,7712,,,38.04999999999999,94.23333333333333,,,,78.16666666666667,,,,,52.250000000000014,,,130.24999999999997,,,,281,,,,,,,,,,,,673.9499999999999,,6,0.9921996527777778,9838.366666666667,9178.75,15511.7,16719.733333333337,12128.300000000001,18843.983333333337,8254.149999999998,7068.450000000001,13899.916666666668,8570.016666666666,9493.466666666664,7153.833333333332,9032.133333333333,3650.666666666668,2994.866666666667,15043.25,11506.1,12096.966666666667,12098.7,25335.283333333336,0,0,0,0,0,0,0,0,0,0,0,0,C4-WZD-07,UFone,7712,Macro
1458,RUR0370,RUR0370__HeadKhanki_NEW,4,C4-WZD-07,,CP Prime,,1351.566666666667,,28.999999999999996,,,,,,,,,,,,,587.9166666666667,,1152.266666666667,2301.083333333331,397.75000000000006,,,,,,,,,,,,5819.583333333332,,6,0.9494827835648149,9838.366666666667,9178.75,15511.7,16719.733333333337,12128.300000000001,18843.983333333337,8254.149999999998,7068.450000000001,13899.916666666668,8570.016666666666,9493.466666666664,7153.833333333332,9032.133333333333,3650.666666666668,2994.866666666667,15043.25,11506.1,12096.966666666667,12098.7,25335.283333333336,0,0,0,0,0,0,0,0,0,0,0,0,C4-WZD-07,,,Macro
1459,RUR0713,RUR0713_Watalian,3,C4-WZD-07,9,Stand by,,,93.99999999999999,,350.58333333333337,,,,,1016.6666666666684,93.41666666666666,413.4999999999997,26.833333333333336,594.333333333333,737,,244.50000000000017,,56.66666666666667,,,,,,,,,,,,,,3627.5000000000014,,10,0.9580150462962963,9838.366666666667,9178.75,15511.7,16719.733333333337,12128.300000000001,18843.983333333337,8254.149999999998,7068.450000000001,13899.916666666668,8570.016666666666,9493.466666666664,7153.833333333332,9032.133333333333,3650.666666666668,2994.866666666667,15043.25,11506.1,12096.966666666667,12098.7,25335.283333333336,0,0,0,0,0,0,0,0,0,0,0,0,C4-WZD-07,,,Macro
1460,DSK0321,DSK0321__Daska,3,C4-WZD-07,27+31,Stand by,,39.20000000000001,142.66666666666666,,,,,,,,,,,,,,,,,,,,,,,,,,,,,,181.86666666666667,,2,0.997895061728395,9838.366666666667,9178.75,15511.7,16719.733333333337,12128.300000000001,18843.983333333337,8254.149999999998,7068.450000000001,13899.916666666668,8570.016666666666,9493.466666666664,7153.833333333332,9032.133333333333,3650.666666666668,2994.866666666667,15043.25,11506.1,12096.966666666667,12098.7,25335.283333333336,0,0,0,0,0,0,0,0,0,0,0,0,C4-WZD-07,,,Macro
1461,DSK9833,DSK9833__MohallBanwala,3,C4-WZD-07,20,Stand by,7214,,,,,,,,,,,,,,,,,,,,,,,,,,,,,,,,0,,0,1,9838.366666666667,9178.75,15511.7,16719.733333333337,12128.300000000001,18843.983333333337,8254.149999999998,7068.450000000001,13899.916666666668,8570.016666666666,9493.466666666664,7153.833333333332,9032.133333333333,3650.666666666668,2994.866666666667,15043.25,11506.1,12096.966666666667,12098.7,25335.283333333336,0,0,0,0,0,0,0,0,0,0,0,0,C4-WZD-07,,,Macro
1462,DSK5782,DSK5782__S_FarooqiaStreetIslampura,3,C4-WZD-07,,Enfrashare,EC1-DSK-02395,,,,698.3333333333333,,,,,1030.9499999999998,,584.3333333333333,13.25,,53.74999999999999,220.83333333333331,822.8333333333331,225.5833333333334,1167.9666666666665,817.7333333333332,208.79999999999998,,,,,,,,,,,,5844.366666666667,,11,0.9323568672839506,9838.366666666667,9178.75,15511.7,16719.733333333337,12128.300000000001,18843.983333333337,8254.149999999998,7068.450000000001,13899.916666666668,8570.016666666666,9493.466666666664,7153.833333333332,9032.133333333333,3650.666666666668,2994.866666666667,15043.25,11506.1,12096.966666666667,12098.7,25335.283333333336,0,0,0,0,0,0,0,0,0,0,0,0,,,,Macro
1463,DSK5650,DSK5650__S_HaqPura,3,C4-WZD-07,,Enfrashare,EC1-DSK-02503,,,446.1500000000001,377.1166666666666,,,,,710.0833333333335,,484.58333333333314,,,,,589.6500000000001,,568.0333333333334,,,,,,,,,,,,,,3175.616666666667,,6,0.9632451774691358,9838.366666666667,9178.75,15511.7,16719.733333333337,12128.300000000001,18843.983333333337,8254.149999999998,7068.450000000001,13899.916666666668,8570.016666666666,9493.466666666664,7153.833333333332,9032.133333333333,3650.666666666668,2994.866666666667,15043.25,11506.1,12096.966666666667,12098.7,25335.283333333336,0,0,0,0,0,0,0,0,0,0,0,0,,,,Macro
1464,RUR0176,RUR0176__Jamkey_CheemNEW,3,C4-WZD-07,20,Stand by,,,,,,,34.74999999999999,,,285.91666666666663,312.5000000000001,,,,,22.916666666666668,,,,,,,,,,,,,,,,,656.0833333333334,,4,0.9924064429012346,9838.366666666667,9178.75,15511.7,16719.733333333337,12128.300000000001,18843.983333333337,8254.149999999998,7068.450000000001,13899.916666666668,8570.016666666666,9493.466666666664,7153.833333333332,9032.133333333333,3650.666666666668,2994.866666666667,15043.25,11506.1,12096.966666666667,12098.7,25335.283333333336,0,0,0,0,0,0,0,0,0,0,0,0,C4-WZD-07,,,Macro
1465,RUR0423,RUR0423__S_HabibpurWarid_MDSK5041,3,C4-WZD-07,,Ufone,7830,250.83333333333331,,,,,,,,,,,,,,,,,,,698.8333333333335,,,,,,,,,,,,949.6666666666667,,2,0.989008487654321,9838.366666666667,9178.75,15511.7,16719.733333333337,12128.300000000001,18843.983333333337,8254.149999999998,7068.450000000001,13899.916666666668,8570.016666666666,9493.466666666664,7153.833333333332,9032.133333333333,3650.666666666668,2994.866666666667,15043.25,11506.1,12096.966666666667,12098.7,25335.283333333336,0,0,0,0,0,0,0,0,0,0,0,0,C4-WZD-07,UFone,7830,Macro
1466,BPW8989,BPW8989_SBDKRD_BhopalwalACD,4,C4-WZD-07,27,Stand by,,,,,,,,,,,416,,,,,1.833333333333333,2.083333333333333,,67.41666666666667,,,,,,,,,,,,,,487.3333333333333,,4,0.9957696759259259,9838.366666666667,9178.75,15511.7,16719.733333333337,12128.300000000001,18843.983333333337,8254.149999999998,7068.450000000001,13899.916666666668,8570.016666666666,9493.466666666664,7153.833333333332,9032.133333333333,3650.666666666668,2994.866666666667,15043.25,11506.1,12096.966666666667,12098.7,25335.283333333336,0,0,0,0,0,0,0,0,0,0,0,0,C4-WZD-07,,,Macro
1467,RUR8752,RUR8752__RandirBaggaira,3,C4-WZD-07,13,Stand by,,655.7333333333332,756.5,,,,,,,,,,30.33333333333333,,,,,8.583333333333334,15,25.333333333333336,713.75,,,,,,,,,,,,2205.2333333333327,,7,0.9744764660493828,9838.366666666667,9178.75,15511.7,16719.733333333337,12128.300000000001,18843.983333333337,8254.149999999998,7068.450000000001,13899.916666666668,8570.016666666666,9493.466666666664,7153.833333333332,9032.133333333333,3650.666666666668,2994.866666666667,15043.25,11506.1,12096.966666666667,12098.7,25335.283333333336,0,0,0,0,0,0,0,0,0,0,0,0,C4-WZD-07,,,Macro
1468,SKY9499,SKY9499__S_Saroki_Chowk_2J3777,3,C4-WZD-07,30,Stand by,,,,,,,,,,,,,,,,,,,,,,,,,,,,,,,,,0,,0,1,9838.366666666667,9178.75,15511.7,16719.733333333337,12128.300000000001,18843.983333333337,8254.149999999998,7068.450000000001,13899.916666666668,8570.016666666666,9493.466666666664,7153.833333333332,9032.133333333333,3650.666666666668,2994.866666666667,15043.25,11506.1,12096.966666666667,12098.7,25335.283333333336,0,0,0,0,0,0,0,0,0,0,0,0,C4-WZD-07,,,Macro
1469,SMB8086,SMB8086__S_OpenplotMorSambrialmajraRoadWarid_MR325299,4,C4-WZD-07,30,Stand by,,,,,,,,,,,,,,,,207.5,248.78333333333345,143.40000000000006,110.33333333333331,301.25,,,,,,,,,,,,,1011.2666666666669,,5,0.9912216435185185,9838.366666666667,9178.75,15511.7,16719.733333333337,12128.300000000001,18843.983333333337,8254.149999999998,7068.450000000001,13899.916666666668,8570.016666666666,9493.466666666664,7153.833333333332,9032.133333333333,3650.666666666668,2994.866666666667,15043.25,11506.1,12096.966666666667,12098.7,25335.283333333336,0,0,0,0,0,0,0,0,0,0,0,0,C4-WZD-07,,,Macro
1470,RUR5556,RUR5556__S_Dhidowali,3,C4-WZD-07,,E.Co,e.coPK000061PU,,,,,,151.58333333333334,339.49999999999994,533.5,816.4166666666666,42.58333333333334,688.4833333333331,,126.75,,,961.7166666666667,,663.5000000000001,26.166666666666664,26.833333333333336,,,,,,,,,,,,4377.033333333334,,11,0.9493398919753087,9838.366666666667,9178.75,15511.7,16719.733333333337,12128.300000000001,18843.983333333337,8254.149999999998,7068.450000000001,13899.916666666668,8570.016666666666,9493.466666666664,7153.833333333332,9032.133333333333,3650.666666666668,2994.866666666667,15043.25,11506.1,12096.966666666667,12098.7,25335.283333333336,0,0,0,0,0,0,0,0,0,0,0,0,,,,Macro
1471,SMB6385,SMB6385__S_NadraOffice_TPLSM001,3,C4-WZD-07,,Telenor,LSM001,,,,,,,,,,,,,,,,,,,,,,,,,,,,,,,,0,,0,1,9838.366666666667,9178.75,15511.7,16719.733333333337,12128.300000000001,18843.983333333337,8254.149999999998,7068.450000000001,13899.916666666668,8570.016666666666,9493.466666666664,7153.833333333332,9032.133333333333,3650.666666666668,2994.866666666667,15043.25,11506.1,12096.966666666667,12098.7,25335.283333333336,0,0,0,0,0,0,0,0,0,0,0,0,,,,Macro
1472,RUR0510,RUR0510__S_MittranWaliWarid_MDDK1993,3,C4-WZD-07,20,Stand by,,,81.88333333333334,1439.983333333333,1439.983333333333,1439.983333333333,,,,,,,,,,,,,,,,,,,,,,,,,,,4401.833333333332,,4,0.9490528549382716,9838.366666666667,9178.75,15511.7,16719.733333333337,12128.300000000001,18843.983333333337,8254.149999999998,7068.450000000001,13899.916666666668,8570.016666666666,9493.466666666664,7153.833333333332,9032.133333333333,3650.666666666668,2994.866666666667,15043.25,11506.1,12096.966666666667,12098.7,25335.283333333336,0,0,0,0,0,0,0,0,0,0,0,0,C4-WZD-07,,,Macro
1473,HWY9507,HWY9507__S_Khattyan Wala Khoh_G.T.Road_WA1592,3,C4-WZD-07,20,Stand by,,,,36.99999999999999,,,104.83333333333334,,,,,,,,,,,,,,,,,,,,,,,,,,141.83333333333334,,2,0.9983584104938272,9838.366666666667,9178.75,15511.7,16719.733333333337,12128.300000000001,18843.983333333337,8254.149999999998,7068.450000000001,13899.916666666668,8570.016666666666,9493.466666666664,7153.833333333332,9032.133333333333,3650.666666666668,2994.866666666667,15043.25,11506.1,12096.966666666667,12098.7,25335.283333333336,0,0,0,0,0,0,0,0,0,0,0,0,C4-WZD-07,,,Macro
1474,RUR5983,RUR5983__S_Ghudiala kalan Warid_625369,3,C4-WZD-07,30,Stand by,,,,,,,,,,,,,,,,,,,,,,,,,,,,,,,,,0,,0,1,9838.366666666667,9178.75,15511.7,16719.733333333337,12128.300000000001,18843.983333333337,8254.149999999998,7068.450000000001,13899.916666666668,8570.016666666666,9493.466666666664,7153.833333333332,9032.133333333333,3650.666666666668,2994.866666666667,15043.25,11506.1,12096.966666666667,12098.7,25335.283333333336,0,0,0,0,0,0,0,0,0,0,0,0,C4-WZD-07,,,Macro
1475,RUR5976,RUR5976__S_Othian Warid_625367,3,C4-WZD-07,,CP Prime,,445.1833333333333,1079.5666666666666,38.04999999999999,94.48333333333333,,,,77.25,1060.883333333333,1139.85,,,310.16666666666674,5.000000000000001,,130.24999999999997,,,,281.16666666666663,,,,,,,,,,,,4661.849999999999,,11,0.9460434027777778,9838.366666666667,9178.75,15511.7,16719.733333333337,12128.300000000001,18843.983333333337,8254.149999999998,7068.450000000001,13899.916666666668,8570.016666666666,9493.466666666664,7153.833333333332,9032.133333333333,3650.666666666668,2994.866666666667,15043.25,11506.1,12096.966666666667,12098.7,25335.283333333336,0,0,0,0,0,0,0,0,0,0,0,0,C4-WZD-07,,,Macro
1476,RUR3419,RUR3419__SKTRohaila,3,C4-WZD-07,,CP Prime,,,,,,,,,,,,,,,,,,,,,450.75000000000006,,,,,,,,,,,,450.75000000000006,,1,0.9947829861111112,9838.366666666667,9178.75,15511.7,16719.733333333337,12128.300000000001,18843.983333333337,8254.149999999998,7068.450000000001,13899.916666666668,8570.016666666666,9493.466666666664,7153.833333333332,9032.133333333333,3650.666666666668,2994.866666666667,15043.25,11506.1,12096.966666666667,12098.7,25335.283333333336,0,0,0,0,0,0,0,0,0,0,0,0,C4-WZD-07,,,Macro
1477,WZB0817,WZB0817__NazimabadWazirabad,3,C4-WZD-07,27+30+31,Stand by,,,,,20.25,,87.21666666666667,,,,,,,,,,,,,,,,,,,,,,,,,,107.46666666666667,,2,0.9987561728395061,9838.366666666667,9178.75,15511.7,16719.733333333337,12128.300000000001,18843.983333333337,8254.149999999998,7068.450000000001,13899.916666666668,8570.016666666666,9493.466666666664,7153.833333333332,9032.133333333333,3650.666666666668,2994.866666666667,15043.25,11506.1,12096.966666666667,12098.7,25335.283333333336,0,0,0,0,0,0,0,0,0,0,0,0,C4-WZD-07,,,Macro
1478,RUR0373,RUR0373__Bharoki_New,3,C4-WZD-07,,GLO,,,,35.49999999999999,,,105.25000000000003,,,,,,,,,,,,,,,,,,,,,,,,,,140.75000000000003,,2,0.9983709490740741,9838.366666666667,9178.75,15511.7,16719.733333333337,12128.300000000001,18843.983333333337,8254.149999999998,7068.450000000001,13899.916666666668,8570.016666666666,9493.466666666664,7153.833333333332,9032.133333333333,3650.666666666668,2994.866666666667,15043.25,11506.1,12096.966666666667,12098.7,25335.283333333336,0,0,0,0,0,0,0,0,0,0,0,0,C4-WZD-07,,,Macro
1479,RUR1087,RUR1087_Majra,3,C4-WZD-07,,GLO,,3.75,,,,,,,,,,,,,,77.75000000000001,,,,,381.4166666666667,,,,,,,,,,,,462.9166666666667,,3,0.9946421682098766,9838.366666666667,9178.75,15511.7,16719.733333333337,12128.300000000001,18843.983333333337,8254.149999999998,7068.450000000001,13899.916666666668,8570.016666666666,9493.466666666664,7153.833333333332,9032.133333333333,3650.666666666668,2994.866666666667,15043.25,11506.1,12096.966666666667,12098.7,25335.283333333336,0,0,0,0,0,0,0,0,0,0,0,0,C4-WZD-07,,,Macro
1480,WZB9389,WZB9389__S_AnsariTown_CMPak43334,3,C4-WZD-07,,CM Pak,43334,,,,,,,,,544.2500000000001,,,,,,,1960.6499999999999,3490.4833333333336,1977.45,,641.0833333333333,,,,,,,,,,,,8613.916666666666,,5,0.9003018904320987,9838.366666666667,9178.75,15511.7,16719.733333333337,12128.300000000001,18843.983333333337,8254.149999999998,7068.450000000001,13899.916666666668,8570.016666666666,9493.466666666664,7153.833333333332,9032.133333333333,3650.666666666668,2994.866666666667,15043.25,11506.1,12096.966666666667,12098.7,25335.283333333336,0,0,0,0,0,0,0,0,0,0,0,0,C4-WZD-07,CM-PAK,43334,Macro
1481,WZB9635,WZB9635__Bagri_PlazaWazirabad,3,C4-WZD-07,,CP Prime,,,,,,,,,,,,,,,,,,,,,,,,,,,,,,,,,0,,0,1,9838.366666666667,9178.75,15511.7,16719.733333333337,12128.300000000001,18843.983333333337,8254.149999999998,7068.450000000001,13899.916666666668,8570.016666666666,9493.466666666664,7153.833333333332,9032.133333333333,3650.666666666668,2994.866666666667,15043.25,11506.1,12096.966666666667,12098.7,25335.283333333336,0,0,0,0,0,0,0,0,0,0,0,0,C4-WZD-07,,,Macro
1482,RUR5728,RUR5728__S_Karmabad,3,C4-WZD-07,,Enfrashare,EC1-WZD-02326,,,147.91666666666669,,,,,,,,597.55,142.1,,,11.75,58.666666666666664,,23.916666666666664,,558.0000000000001,,,,,,,,,,,,1539.9,,7,0.9821770833333333,9838.366666666667,9178.75,15511.7,16719.733333333337,12128.300000000001,18843.983333333337,8254.149999999998,7068.450000000001,13899.916666666668,8570.016666666666,9493.466666666664,7153.833333333332,9032.133333333333,3650.666666666668,2994.866666666667,15043.25,11506.1,12096.966666666667,12098.7,25335.283333333336,0,0,0,0,0,0,0,0,0,0,0,0,,,,Macro
1483,SMB9283,SMB9283__S_SambrialCinema,3,C4-WZD-07,,E.Co,e.coPK019733PU,,,,,,,,,,,,,,,,,,,,,,,,,,,,,,,,0,,0,1,9838.366666666667,9178.75,15511.7,16719.733333333337,12128.300000000001,18843.983333333337,8254.149999999998,7068.450000000001,13899.916666666668,8570.016666666666,9493.466666666664,7153.833333333332,9032.133333333333,3650.666666666668,2994.866666666667,15043.25,11506.1,12096.966666666667,12098.7,25335.283333333336,0,0,0,0,0,0,0,0,0,0,0,0,C4-WZD-07,E.co,e.coPK019733PU,Macro
1484,DSK9367,DSK9367__S_Younasabad,3,C4-WZD-07,,E.Co,E.coPK018309PU,,,,,63.33333333333333,514.5833333333333,,,,,,,,,,,,825,,,,,,,,,,,,,,1402.9166666666665,,3,0.983762538580247,9838.366666666667,9178.75,15511.7,16719.733333333337,12128.300000000001,18843.983333333337,8254.149999999998,7068.450000000001,13899.916666666668,8570.016666666666,9493.466666666664,7153.833333333332,9032.133333333333,3650.666666666668,2994.866666666667,15043.25,11506.1,12096.966666666667,12098.7,25335.283333333336,0,0,0,0,0,0,0,0,0,0,0,0,C4-WZD-07,E.co,e.coPK018309PU,Macro
1485,RUR8422,RUR8422__S_MaloMeh,3,C4-WZD-07,,E.Co,e.coPK000991PU,,392.8333333333335,,124.00000000000003,,,,,191.5,,34.74999999999999,,,,,34.74999999999999,,154,,,,,,,,,,,,,,931.8333333333335,,6,0.9892148919753087,9838.366666666667,9178.75,15511.7,16719.733333333337,12128.300000000001,18843.983333333337,8254.149999999998,7068.450000000001,13899.916666666668,8570.016666666666,9493.466666666664,7153.833333333332,9032.133333333333,3650.666666666668,2994.866666666667,15043.25,11506.1,12096.966666666667,12098.7,25335.283333333336,0,0,0,0,0,0,0,0,0,0,0,0,C4-WZD-07,E.co,e.coPK000991PU,Macro
1486,RUR8581,RUR8581__S_Kanwalit,3,C4-WZD-07,,ATL,ATSLK5,639.3333333333334,192,526.75,149.1,369.9333333333334,248.48333333333332,41.633333333333326,374.99999999999994,287.5833333333333,284.49999999999994,108.41666666666666,416.5833333333333,202.33333333333337,150.49999999999997,169.08333333333337,445.83333333333314,227.25,561.8000000000001,245.5,467.38333333333344,,,,,,,,,,,,6109,,20,0.9292939814814816,9838.366666666667,9178.75,15511.7,16719.733333333337,12128.300000000001,18843.983333333337,8254.149999999998,7068.450000000001,13899.916666666668,8570.016666666666,9493.466666666664,7153.833333333332,9032.133333333333,3650.666666666668,2994.866666666667,15043.25,11506.1,12096.966666666667,12098.7,25335.283333333336,0,0,0,0,0,0,0,0,0,0,0,0,C4-WZD-07,ATL,ATSLK5,Macro
1487,RUR1190,RUR1190__S_GhalotianMor,3,C4-WZD-07,,E.Co,e.coPK019950PU,,,,,,,,,,,,,,21.25,,,,,608.7500000000001,,,,,,,,,,,,,630.0000000000001,,2,0.9927083333333333,9838.366666666667,9178.75,15511.7,16719.733333333337,12128.300000000001,18843.983333333337,8254.149999999998,7068.450000000001,13899.916666666668,8570.016666666666,9493.466666666664,7153.833333333332,9032.133333333333,3650.666666666668,2994.866666666667,15043.25,11506.1,12096.966666666667,12098.7,25335.283333333336,0,0,0,0,0,0,0,0,0,0,0,0,C4-WZD-07,E.Co,e.coPK019950PU,Macro
1488,HWY1001,HWY1001__S_KotKhizri,3,C4-WZD-07,,Enfrashare,EC1-WZD-09617,,,45.58333333333334,,,,179.74999999999997,,362.25,134.25,,,1306.6333333333334,,,13.5,,,,908.75,,,,,,,,,,,,2950.7166666666667,,7,0.965848186728395,9838.366666666667,9178.75,15511.7,16719.733333333337,12128.300000000001,18843.983333333337,8254.149999999998,7068.450000000001,13899.916666666668,8570.016666666666,9493.466666666664,7153.833333333332,9032.133333333333,3650.666666666668,2994.866666666667,15043.25,11506.1,12096.966666666667,12098.7,25335.283333333336,0,0,0,0,0,0,0,0,0,0,0,0,C4-WZD-07,EnfraShare,EC1-WZD-09617,Macro
1489,RUR2886,RUR2886__S_Kheuewali,3,C4-WZD-07,,Enfrashare,EC1-WZD-09683,768.3333333333335,,,,,165.33333333333334,,,,,,,,,,,,,,,,,,,,,,,,,,933.6666666666669,,2,0.9891936728395062,9838.366666666667,9178.75,15511.7,16719.733333333337,12128.300000000001,18843.983333333337,8254.149999999998,7068.450000000001,13899.916666666668,8570.016666666666,9493.466666666664,7153.833333333332,9032.133333333333,3650.666666666668,2994.866666666667,15043.25,11506.1,12096.966666666667,12098.7,25335.283333333336,0,0,0,0,0,0,0,0,0,0,0,0,C4-WZD-07,Enfra,EC1-WZD-09683,Macro
1490,RUR3946,RUR3946__GhakharMandi3,3,C4-WZD-07,,GLO,,,,27.416666666666664,26.75,1106.283333333333,1769.0166666666673,1125.2833333333335,,,,,276.5,,6.833333333333333,,,,,121.30000000000003,386.4999999999999,,,,,,,,,,,,4845.883333333334,,9,0.943913387345679,9838.366666666667,9178.75,15511.7,16719.733333333337,12128.300000000001,18843.983333333337,8254.149999999998,7068.450000000001,13899.916666666668,8570.016666666666,9493.466666666664,7153.833333333332,9032.133333333333,3650.666666666668,2994.866666666667,15043.25,11506.1,12096.966666666667,12098.7,25335.283333333336,0,0,0,0,0,0,0,0,0,0,0,0,C4-WZD-07,,,Macro
1491,RUR0186,RUR0186__S_HEAD_BOMBANWALAWarid_MDDK1610,4,C4-WZD-07,,CP Prime,,,,,,,,,,,,,,,47.66666666666668,,,,,,,,,,,,,,,,,,47.66666666666668,,1,0.9995862268518519,9838.366666666667,9178.75,15511.7,16719.733333333337,12128.300000000001,18843.983333333337,8254.149999999998,7068.450000000001,13899.916666666668,8570.016666666666,9493.466666666664,7153.833333333332,9032.133333333333,3650.666666666668,2994.866666666667,15043.25,11506.1,12096.966666666667,12098.7,25335.283333333336,0,0,0,0,0,0,0,0,0,0,0,0,C4-WZD-07,,,Macro
1492,SMB2422,SMB2422__S_Opposite_DryportWarid_MDSK1583,3,C4-WZD-07,30,Stand by,,,,,,,8.333333333333332,,,,,,,,,,,8.75,,,,,,,,,,,,,,,17.083333333333332,,2,0.9998022762345679,9838.366666666667,9178.75,15511.7,16719.733333333337,12128.300000000001,18843.983333333337,8254.149999999998,7068.450000000001,13899.916666666668,8570.016666666666,9493.466666666664,7153.833333333332,9032.133333333333,3650.666666666668,2994.866666666667,15043.25,11506.1,12096.966666666667,12098.7,25335.283333333336,0,0,0,0,0,0,0,0,0,0,0,0,C4-WZD-07,,,Macro
1493,HWY0367,HWY0367__JasarwalNEW,4,C4-WZD-07,27,Stand by,,,,,,,,,20.6,,,,,,,,,,,,,,,,,,,,,,,,20.6,,1,0.9998211805555556,9838.366666666667,9178.75,15511.7,16719.733333333337,12128.300000000001,18843.983333333337,8254.149999999998,7068.450000000001,13899.916666666668,8570.016666666666,9493.466666666664,7153.833333333332,9032.133333333333,3650.666666666668,2994.866666666667,15043.25,11506.1,12096.966666666667,12098.7,25335.283333333336,0,0,0,0,0,0,0,0,0,0,0,0,C4-WZD-07,,,Macro
1494,SMB4149,SMB4149__S_MalkhanwalaWarid_MDSK5094,3,C4-WZD-07,,Telenor,LMH001,,,,,,,,,,,,,,,,,,,,,,,,,,,,,,,,0,,0,1,9838.366666666667,9178.75,15511.7,16719.733333333337,12128.300000000001,18843.983333333337,8254.149999999998,7068.450000000001,13899.916666666668,8570.016666666666,9493.466666666664,7153.833333333332,9032.133333333333,3650.666666666668,2994.866666666667,15043.25,11506.1,12096.966666666667,12098.7,25335.283333333336,0,0,0,0,0,0,0,0,0,0,0,0,C4-WZD-07,Telenor,LMH001,Macro
1495,RUR4494,RUR4494__WaraichRiceMillGlot,3,C4-WZD-07,20,Stand by,,,,215.13333333333335,113.15,,,,75.24999999999999,,,,5.583333333333333,199.58333333333331,,,701.5000000000001,,,,305,,,,,,,,,,,,1615.2000000000003,,7,0.9813055555555557,9838.366666666667,9178.75,15511.7,16719.733333333337,12128.300000000001,18843.983333333337,8254.149999999998,7068.450000000001,13899.916666666668,8570.016666666666,9493.466666666664,7153.833333333332,9032.133333333333,3650.666666666668,2994.866666666667,15043.25,11506.1,12096.966666666667,12098.7,25335.283333333336,0,0,0,0,0,0,0,0,0,0,0,0,C4-WZD-07,,,Macro
1496,WZB9803,WZB9803__FazalColony,3,C4-WZD-07,20,Stand by,,,,21.083333333333332,,,205,,,,,,,,,,8.25,,,,540.9499999999999,,,,,,,,,,,,775.2833333333333,,4,0.9910268132716049,9838.366666666667,9178.75,15511.7,16719.733333333337,12128.300000000001,18843.983333333337,8254.149999999998,7068.450000000001,13899.916666666668,8570.016666666666,9493.466666666664,7153.833333333332,9032.133333333333,3650.666666666668,2994.866666666667,15043.25,11506.1,12096.966666666667,12098.7,25335.283333333336,0,0,0,0,0,0,0,0,0,0,0,0,C4-WZD-07,,,Macro
1497,RUR0192,RUR0192__S_KandanSianWarid_MDDK7678,3,C4-WZD-07,,Telenor,LWZ004,,,,,,,,,,,,,,,,,,,,385.5,,,,,,,,,,,,385.5,,1,0.9955381944444445,9838.366666666667,9178.75,15511.7,16719.733333333337,12128.300000000001,18843.983333333337,8254.149999999998,7068.450000000001,13899.916666666668,8570.016666666666,9493.466666666664,7153.833333333332,9032.133333333333,3650.666666666668,2994.866666666667,15043.25,11506.1,12096.966666666667,12098.7,25335.283333333336,0,0,0,0,0,0,0,0,0,0,0,0,C4-WZD-07,Telenor,LWZ004,Macro
1498,RRC0004,RRC0004__S_Pindian_Bhanoke_Ufone7797,3,C4-WZD-07,,Ufone,7797,,,,,,3054.7333333333336,1188.683333333333,,,,,,,,,,,,,,,,,,,,,,,,,4243.416666666666,,2,0.9508863811728395,9838.366666666667,9178.75,15511.7,16719.733333333337,12128.300000000001,18843.983333333337,8254.149999999998,7068.450000000001,13899.916666666668,8570.016666666666,9493.466666666664,7153.833333333332,9032.133333333333,3650.666666666668,2994.866666666667,15043.25,11506.1,12096.966666666667,12098.7,25335.283333333336,0,0,0,0,0,0,0,0,0,0,0,0,C4-WZD-07,Ufone,7797,Macro
1499,WZB8294,WZB8294_S_Usmanmarriagehall,3,C4-WZD-07,,ATL,ATWZR01,,,,,,,,,,,,,,,,,,,,,,,,,,,,,,,,0,,0,1,9838.366666666667,9178.75,15511.7,16719.733333333337,12128.300000000001,18843.983333333337,8254.149999999998,7068.450000000001,13899.916666666668,8570.016666666666,9493.466666666664,7153.833333333332,9032.133333333333,3650.666666666668,2994.866666666667,15043.25,11506.1,12096.966666666667,12098.7,25335.283333333336,0,0,0,0,0,0,0,0,0,0,0,0,C4-WZD-07,,,Macro
1500,RUR7515,RUR7515__S_Raipur,3,C4-WZD-07,,E.Co,e.coPK016275PU,,,,,,,,,,,,,,83.66666666666667,,,,,19.5,944.4166666666665,,,,,,,,,,,,1047.5833333333333,,3,0.9878751929012346,9838.366666666667,9178.75,15511.7,16719.733333333337,12128.300000000001,18843.983333333337,8254.149999999998,7068.450000000001,13899.916666666668,8570.016666666666,9493.466666666664,7153.833333333332,9032.133333333333,3650.666666666668,2994.866666666667,15043.25,11506.1,12096.966666666667,12098.7,25335.283333333336,0,0,0,0,0,0,0,0,0,0,0,0,C4-WZD-07,,,Macro
1501,WZB8260,WZB8260__S_ThathaFaqirullah_CMPak7179,3,C4-WZD-07,,CM Pak,7179,,,,,,,,,,,,,,,,,,,,70.58333333333333,,,,,,,,,,,,70.58333333333333,,1,0.9991830632716049,9838.366666666667,9178.75,15511.7,16719.733333333337,12128.300000000001,18843.983333333337,8254.149999999998,7068.450000000001,13899.916666666668,8570.016666666666,9493.466666666664,7153.833333333332,9032.133333333333,3650.666666666668,2994.866666666667,15043.25,11506.1,12096.966666666667,12098.7,25335.283333333336,0,0,0,0,0,0,0,0,0,0,0,0,C4-WZD-07,CM-PAK,7179,Macro
1502,SMB8296,SMB8296__S_Amrikpura_CMPak44388,3,C4-WZD-07,,CM Pak,44388,,,,,,,,,,,,,,,,,,,,,,,,,,,,,,,,0,,0,1,9838.366666666667,9178.75,15511.7,16719.733333333337,12128.300000000001,18843.983333333337,8254.149999999998,7068.450000000001,13899.916666666668,8570.016666666666,9493.466666666664,7153.833333333332,9032.133333333333,3650.666666666668,2994.866666666667,15043.25,11506.1,12096.966666666667,12098.7,25335.283333333336,0,0,0,0,0,0,0,0,0,0,0,0,C4-WZD-07,CM-PAK,44388,Macro
1503,RUR7606,RUR7606_S_Kakakolo,3,C4-WZD-07,,Enfrashare,9977,,,,,,,,,,,,,,,,,,,,,,,,,,,,,,,,0,,0,1,9838.366666666667,9178.75,15511.7,16719.733333333337,12128.300000000001,18843.983333333337,8254.149999999998,7068.450000000001,13899.916666666668,8570.016666666666,9493.466666666664,7153.833333333332,9032.133333333333,3650.666666666668,2994.866666666667,15043.25,11506.1,12096.966666666667,12098.7,25335.283333333336,0,0,0,0,0,0,0,0,0,0,0,0,C4-WZD-07,ENFRA-,9977,Macro
1504,DSK7614,DSK7614__S_BarkatMarket,3,C4-WZD-07,,Enfrashare,EC1-DSK-09961,636.75,,,,,,,,,,,,,,,,,,868.5833333333333,,,,,,,,,,,,,1505.3333333333333,,2,0.9825771604938273,9838.366666666667,9178.75,15511.7,16719.733333333337,12128.300000000001,18843.983333333337,8254.149999999998,7068.450000000001,13899.916666666668,8570.016666666666,9493.466666666664,7153.833333333332,9032.133333333333,3650.666666666668,2994.866666666667,15043.25,11506.1,12096.966666666667,12098.7,25335.283333333336,0,0,0,0,0,0,0,0,0,0,0,0,C4-WZD-07,ENFRA-,EC1-DSK-09961,Macro
1505,SOH9575,SOH9575__S_Talwara,3,C4-WZD-07,,ATL-,ATWZR02,,,,,355.35,423.25000000000006,,,,,755.166666666667,,,,,,,,,8.666666666666668,,,,,,,,,,,,1542.4333333333338,,4,0.982147762345679,9838.366666666667,9178.75,15511.7,16719.733333333337,12128.300000000001,18843.983333333337,8254.149999999998,7068.450000000001,13899.916666666668,8570.016666666666,9493.466666666664,7153.833333333332,9032.133333333333,3650.666666666668,2994.866666666667,15043.25,11506.1,12096.966666666667,12098.7,25335.283333333336,0,0,0,0,0,0,0,0,0,0,0,0,C4-WZD-07,ATL-,ATWZR02,Macro
1506,RRC0074,RRC0074__S_Kopra,3,C4-WZD-07,,ATL-,ATSLK27,120.91666666666669,11.25,365.4500000000001,1804.0500000000002,,501.2499999999999,497.9166666666666,797.7999999999998,259.56666666666666,,185.50000000000003,,96.99999999999999,,116.91666666666666,,9.083333333333334,37.5,,,,,,,,,,,,,,4804.2,,13,0.9443958333333333,9838.366666666667,9178.75,15511.7,16719.733333333337,12128.300000000001,18843.983333333337,8254.149999999998,7068.450000000001,13899.916666666668,8570.016666666666,9493.466666666664,7153.833333333332,9032.133333333333,3650.666666666668,2994.866666666667,15043.25,11506.1,12096.966666666667,12098.7,25335.283333333336,0,0,0,0,0,0,0,0,0,0,0,0,C4-WZD-07,ATL-,ATSLK27,Macro
